dataset,path,error,tesla,manufacturer,model,subject,session,dim_x,dim_y,dim_z,voxel_x_mm,voxel_y_mm,voxel_z_mm,file_size_mb,n_voxels,n_nonzero,nonzero_frac,min,max,mean,median,std,mad,kurtosis,skewness,p01,p05,p95,p99,entropy,efc
HCP_YOUNG_bids,/run/media/falconnier/Elements/BIDS_datasets_selection/HCP_YOUNG_bids/sub-100307/ses-1/anat/sub-100307_ses-1_T1w.nii.gz,,,,,sub-100307,ses-1,260,311,260,0.7,0.7,0.7,67.55105686187744,21023600,19599130,0.9322442398066935,0.0,3596.564453125,295.3730410756124,42.8795166015625,403.6762197513195,28.148987293243408,1.9736453620467627,1.5323352615272205,0.14523591443896294,10.9507465839386,1124.5789794921875,1538.36572265625,0.6210228897851559,0.5487
HCP_YOUNG_bids,/run/media/falconnier/Elements/BIDS_datasets_selection/HCP_YOUNG_bids/sub-100206/ses-1/anat/sub-100206_ses-1_T1w.nii.gz,,,,,sub-100206,ses-1,260,311,260,0.7,0.7,0.7,67.97889423370361,21023600,19716200,0.9378127437736639,0.0,4034.6875,403.0075719891696,193.66989135742188,460.8269433066485,178.14015245437622,1.3975086462854787,1.2648551185113341,0.09059322051703929,12.335057878494265,1285.8011962890632,1862.5115002441448,0.6009242349577061,0.6189
HCP_YOUNG_bids,/run/media/falconnier/Elements/BIDS_datasets_selection/HCP_YOUNG_bids/sub-101107/ses-1/anat/sub-101107_ses-1_T1w.nii.gz,,,,,sub-101107,ses-1,260,311,260,0.7,0.7,0.7,68.17443180084229,21023600,19856263,0.9444749234193953,0.0,3414.06298828125,341.6301758263522,49.83378601074219,448.1727329243666,32.960147857666016,2.5005245760863124,1.5927363229686222,0.6328787636756896,17.310675621032715,1247.1975952148432,1855.2240454101498,0.6681588931906631,0.5694
HCP_YOUNG_bids,/run/media/falconnier/Elements/BIDS_datasets_selection/HCP_YOUNG_bids/sub-101006/ses-1/anat/sub-101006_ses-1_T1w.nii.gz,,,,,sub-101006,ses-1,260,311,260,0.7,0.7,0.7,67.45268821716309,21023600,19593278,0.9319658859567344,0.0,4524.95947265625,356.97640741849614,52.7381706237793,467.2093859491209,36.72763729095459,2.7223709842824837,1.5934328234847588,0.1691258500516415,17.10692596435547,1265.5796813964835,1921.2961352539105,0.5071672271105088,0.5658
HCP_YOUNG_bids,/run/media/falconnier/Elements/BIDS_datasets_selection/HCP_YOUNG_bids/sub-100610/ses-1/anat/sub-100610_ses-1_T1w.nii.gz,,,,,sub-100610,ses-1,260,311,260,0.7,0.7,0.7,67.56493091583252,21023600,19654786,0.9348915504480679,0.0,4084.811767578125,453.75761785113843,190.5211181640625,534.8412637415262,171.4329652786255,2.1724723464752804,1.41710149716588,0.6727991044521332,18.218802452087402,1483.6695251464844,2196.532531738276,0.5965913913467513,0.6068
HCP_YOUNG_bids,/run/media/falconnier/Elements/BIDS_datasets_selection/HCP_YOUNG_bids/sub-100408/ses-1/anat/sub-100408_ses-1_T1w.nii.gz,,,,,sub-100408,ses-1,260,311,260,0.7,0.7,0.7,69.23529148101807,21023600,20069738,0.9546289883749691,0.0,4321.02978515625,369.03177967406185,98.619873046875,446.71177095177177,89.94766330718994,1.6791401250401279,1.3650818276290915,0.0806671928614378,11.579409980773926,1240.3973754882809,1772.8385424804665,0.5504373589020028,0.6033
HCP_YOUNG_bids,/run/media/falconnier/Elements/BIDS_datasets_selection/HCP_YOUNG_bids/sub-101410/ses-1/anat/sub-101410_ses-1_T1w.nii.gz,,,,,sub-101410,ses-1,260,311,260,0.7,0.7,0.7,69.1339979171753,21023600,20127369,0.9573702410624251,0.0,3791.390869140625,352.26223280045105,70.04550170898438,435.3645464942263,56.28137683868408,2.2472238634576716,1.4747324469561909,0.4131315350532532,17.191000366210936,1196.7408447265611,1770.3141113281254,0.6135880886481192,0.5969
HCP_YOUNG_bids,/run/media/falconnier/Elements/BIDS_datasets_selection/HCP_YOUNG_bids/sub-101309/ses-1/anat/sub-101309_ses-1_T1w.nii.gz,,,,,sub-101309,ses-1,260,311,260,0.7,0.7,0.7,68.3185920715332,21023600,19826221,0.9430459578759108,0.0,3446.59326171875,338.95552981457655,59.865760803222656,427.7368563071347,48.59952354431152,1.3314504732554866,1.3667189162590072,0.16261601746082308,11.916463851928711,1193.193359375,1685.7040527343756,0.6754003338879603,0.5831
HCP_YOUNG_bids,/run/media/falconnier/Elements/BIDS_datasets_selection/HCP_YOUNG_bids/sub-102109/ses-1/anat/sub-102109_ses-1_T1w.nii.gz,,,,,sub-102109,ses-1,260,311,260,0.7,0.7,0.7,68.0840482711792,21023600,19785262,0.941097718754162,0.0,4468.21484375,437.7284181584509,110.18952560424805,550.6408913097202,96.2577133178711,3.0830172245570377,1.6233052866112656,0.9451041954755783,17.24884252548218,1520.967883300781,2318.1832470703157,0.5350658439871955,0.5845
HCP_YOUNG_bids,/run/media/falconnier/Elements/BIDS_datasets_selection/HCP_YOUNG_bids/sub-102311/ses-1/anat/sub-102311_ses-1_T1w.nii.gz,,,,,sub-102311,ses-1,260,311,260,0.7,0.7,0.7,66.11822891235352,21023600,19159807,0.9113475808139424,0.0,3018.125,287.1959727715886,52.0225830078125,364.52378345705756,39.7871618270874,2.073525804643979,1.472517745554305,0.568646730184555,12.046754837036133,993.7916137695311,1439.1309301757824,0.7524862100202956,0.5706
HCP_YOUNG_bids,/run/media/falconnier/Elements/BIDS_datasets_selection/HCP_YOUNG_bids/sub-102008/ses-1/anat/sub-102008_ses-1_T1w.nii.gz,,,,,sub-102008,ses-1,260,311,260,0.7,0.7,0.7,67.48766326904297,21023600,19580732,0.93136912802755,0.0,3480.056884765625,352.46031663277523,107.77935028076172,415.09478401596704,98.05500411987305,1.723994211134312,1.3365195989339942,0.2829097917675972,12.408895874023438,1141.222412109375,1672.6383056640625,0.6782106108491485,0.6056
HCP_YOUNG_bids,/run/media/falconnier/Elements/BIDS_datasets_selection/HCP_YOUNG_bids/sub-101915/ses-1/anat/sub-101915_ses-1_T1w.nii.gz,,,,,sub-101915,ses-1,260,311,260,0.7,0.7,0.7,66.61777305603027,21023600,19372788,0.9214781483665976,0.0,3186.17138671875,295.5613999098364,51.09400177001953,377.88377221887737,36.83359479904175,1.7961225842944746,1.4497465403432908,0.3317716208100318,15.342883634567261,1032.4816833496088,1498.849576416013,0.707646261438869,0.5712
HCP_YOUNG_bids,/run/media/falconnier/Elements/BIDS_datasets_selection/HCP_YOUNG_bids/sub-102513/ses-1/anat/sub-102513_ses-1_T1w.nii.gz,,,,,sub-102513,ses-1,260,311,260,0.7,0.7,0.7,68.06203365325928,21023600,19807826,0.9421709887935463,0.0,3095.512939453125,378.59050453247767,90.05233001708984,457.6945258223896,77.8407826423645,1.3799730648824093,1.3294735928466554,0.23178916424512863,16.86257266998291,1288.7948303222656,1826.866943359375,0.7577493582657193,0.5993
HCP_YOUNG_bids,/run/media/falconnier/Elements/BIDS_datasets_selection/HCP_YOUNG_bids/sub-102614/ses-1/anat/sub-102614_ses-1_T1w.nii.gz,,,,,sub-102614,ses-1,260,311,260,0.7,0.7,0.7,68.84728813171387,21023600,19995119,0.9510796913944329,0.0,3336.333740234375,368.05192900627446,78.05292510986328,453.498976449907,66.64452457427979,1.7543508567623496,1.4066183823519418,0.05593919605016705,16.249342727661134,1253.8773681640614,1857.37955810547,0.7009750979952803,0.5953
HCP_YOUNG_bids,/run/media/falconnier/Elements/BIDS_datasets_selection/HCP_YOUNG_bids/sub-102715/ses-1/anat/sub-102715_ses-1_T1w.nii.gz,,,,,sub-102715,ses-1,260,311,260,0.7,0.7,0.7,69.5647325515747,21023600,20224870,0.9620079339409046,0.0,4123.044921875,404.8816992417347,145.57003784179688,472.68985601913334,128.8955192565918,1.2196941288161005,1.2557471544439192,0.23107417911291123,17.701222324371336,1314.4685302734379,1896.5380017089842,0.5769436565958649,0.6196
HCP_YOUNG_bids,/run/media/falconnier/Elements/BIDS_datasets_selection/HCP_YOUNG_bids/sub-102816/ses-1/anat/sub-102816_ses-1_T1w.nii.gz,,,,,sub-102816,ses-1,260,311,260,0.7,0.7,0.7,66.17191696166992,21023600,19179679,0.9122928042770981,0.0,3227.408447265625,316.1406637288291,57.31119918823242,396.67278855233786,47.3481330871582,1.457698570845369,1.3652279782682317,0.06519894078373908,10.744715404510497,1089.5870483398435,1556.6311010742174,0.7141245830988053,0.5744
HCP_YOUNG_bids,/run/media/falconnier/Elements/BIDS_datasets_selection/HCP_YOUNG_bids/sub-103212/ses-1/anat/sub-103212_ses-1_T1w.nii.gz,,,,,sub-103212,ses-1,260,311,260,0.7,0.7,0.7,68.93382835388184,21023600,19919656,0.9474902490534447,0.0,4860.77392578125,413.2565530116766,182.48883819580078,490.0849765014112,167.21675443649292,2.9742792697552014,1.5393438887716506,0.08852152749896051,12.053876876831055,1349.9910583496094,2073.9876708984357,0.504626146093653,0.6098
HCP_YOUNG_bids,/run/media/falconnier/Elements/BIDS_datasets_selection/HCP_YOUNG_bids/sub-103111/ses-1/anat/sub-103111_ses-1_T1w.nii.gz,,,,,sub-103111,ses-1,260,311,260,0.7,0.7,0.7,68.84221649169922,21023600,19923400,0.9476683346334596,0.0,4760.8701171875,425.8611065057063,140.62088775634766,524.5383352126215,128.84654235839844,2.6268597565379466,1.5475663041270271,0.05260210998356342,12.46283588409424,1446.6485656738282,2205.53809326172,0.511968827003691,0.595
HCP_YOUNG_bids,/run/media/falconnier/Elements/BIDS_datasets_selection/HCP_YOUNG_bids/sub-103515/ses-1/anat/sub-103515_ses-1_T1w.nii.gz,,,,,sub-103515,ses-1,260,311,260,0.7,0.7,0.7,69.10408020019531,21023600,20021169,0.9523187750908503,0.0,3936.486328125,378.6216987245527,119.23077392578125,446.99605887227983,109.03178977966309,2.0173879968403083,1.3689332451304566,0.11097756564617157,11.522344970703125,1194.4255126953103,1859.8571679687502,0.6069853118392042,0.612
HCP_YOUNG_bids,/run/media/falconnier/Elements/BIDS_datasets_selection/HCP_YOUNG_bids/sub-103414/ses-1/anat/sub-103414_ses-1_T1w.nii.gz,,,,,sub-103414,ses-1,260,311,260,0.7,0.7,0.7,67.49004745483398,21023600,19577954,0.9312369908103274,0.0,2997.38037109375,233.38437313381883,36.61964416503906,324.371976628973,22.24154806137085,1.1749428180278745,1.4493889944271008,0.0919833655655384,9.471095895767213,903.9761383056637,1208.2219018554679,0.7154952117686474,0.5419
HCP_YOUNG_bids,/run/media/falconnier/Elements/BIDS_datasets_selection/HCP_YOUNG_bids/sub-103818/ses-1/anat/sub-103818_ses-1_T1w.nii.gz,,,,,sub-103818,ses-1,260,311,260,0.7,0.7,0.7,67.85887050628662,21023600,19748292,0.9393392187827013,0.0,4340.8720703125,317.7890764412535,41.81332015991211,417.27930049846583,25.747201919555664,1.7723117646356394,1.4437684487136977,0.08280763410031795,15.72181887626648,1148.9148498535155,1606.7882299804687,0.5134924574855741,0.5662
HCP_YOUNG_bids,/run/media/falconnier/Elements/BIDS_datasets_selection/HCP_YOUNG_bids/sub-104012/ses-1/anat/sub-104012_ses-1_T1w.nii.gz,,,,,sub-104012,ses-1,260,311,260,0.7,0.7,0.7,68.89385604858398,21023600,19962412,0.9495239635457295,0.0,3309.873291015625,282.5464165079366,48.85255432128906,365.6575178694967,35.952144145965576,1.6476168017146806,1.4250269463669434,0.09381930045783522,10.943762111663819,1004.1820678710938,1397.5928149414067,0.682076546612555,0.5759
HCP_YOUNG_bids,/run/media/falconnier/Elements/BIDS_datasets_selection/HCP_YOUNG_bids/sub-104416/ses-1/anat/sub-104416_ses-1_T1w.nii.gz,,,,,sub-104416,ses-1,260,311,260,0.7,0.7,0.7,67.33728790283203,21023600,19607441,0.9326395574497232,0.0,2962.538818359375,276.2006496814668,38.55351638793945,372.77690916699106,21.539220809936523,1.4333907740345655,1.4491653473364632,0.3061974465847015,15.26259994506836,1025.3125,1438.5639892578129,0.7359839081857623,0.5537
HCP_YOUNG_bids,/run/media/falconnier/Elements/BIDS_datasets_selection/HCP_YOUNG_bids/sub-104820/ses-1/anat/sub-104820_ses-1_T1w.nii.gz,,,,,sub-104820,ses-1,260,311,260,0.7,0.7,0.7,68.09055614471436,21023600,19742325,0.9390553948895527,0.0,3507.6748046875,319.96191829546495,63.34914016723633,401.0906773161007,51.362704277038574,2.2367800295829925,1.4827016646970135,0.23653432428836813,12.342137718200684,1085.7974853515625,1630.3100146484403,0.6618580969585697,0.5851
HCP_YOUNG_bids,/run/media/falconnier/Elements/BIDS_datasets_selection/HCP_YOUNG_bids/sub-105014/ses-1/anat/sub-105014_ses-1_T1w.nii.gz,,,,,sub-105014,ses-1,260,311,260,0.7,0.7,0.7,67.07714939117432,21023600,19490562,0.9270801385110067,0.0,4355.6171875,338.75706716920007,54.83071517944336,430.74059580832557,39.66050672531128,2.2914238260919486,1.4724372555065848,0.23813792407512668,16.81268310546875,1187.6323120117186,1669.6999182128911,0.525805623838506,0.575
HCP_YOUNG_bids,/run/media/falconnier/Elements/BIDS_datasets_selection/HCP_YOUNG_bids/sub-105115/ses-1/anat/sub-105115_ses-1_T1w.nii.gz,,,,,sub-105115,ses-1,260,311,260,0.7,0.7,0.7,67.77838706970215,21023600,19707434,0.9373957837858407,0.0,3461.78759765625,331.30470224627265,67.55688858032227,398.0804423565157,53.91584396362305,0.9441156354876186,1.240508377060436,0.34388621896505367,16.744693756103516,1107.0180297851557,1544.437744140625,0.663402151906128,0.5997
HCP_YOUNG_bids,/run/media/falconnier/Elements/BIDS_datasets_selection/HCP_YOUNG_bids/sub-105216/ses-1/anat/sub-105216_ses-1_T1w.nii.gz,,,,,sub-105216,ses-1,260,311,260,0.7,0.7,0.7,67.95617008209229,21023600,19736870,0.9387959245799958,0.0,4087.9912109375,413.5774199532346,165.6244888305664,486.4089798727973,148.02410888671875,1.322949786324445,1.288848105621837,0.046320448629558086,16.903977394104004,1369.870428466797,1930.8592102050757,0.5855059156569273,0.6085
HCP_YOUNG_bids,/run/media/falconnier/Elements/BIDS_datasets_selection/HCP_YOUNG_bids/sub-105620/ses-1/anat/sub-105620_ses-1_T1w.nii.gz,,,,,sub-105620,ses-1,260,311,260,0.7,0.7,0.7,67.10649585723877,21023600,19430924,0.9242434216784946,0.0,3840.630859375,275.701825835247,44.97592353820801,365.01716072496566,31.353479862213135,1.2691358239993349,1.4096698000959274,0.24593313038349152,11.124317598342895,1020.5792114257802,1374.1424096679684,0.5826543622673492,0.5584
HCP_YOUNG_bids,/run/media/falconnier/Elements/BIDS_datasets_selection/HCP_YOUNG_bids/sub-105923/ses-1/anat/sub-105923_ses-1_T1w.nii.gz,,,,,sub-105923,ses-1,260,311,260,0.7,0.7,0.7,67.27511024475098,21023600,19555487,0.9301683346334595,0.0,3364.760498046875,318.77533418245156,44.67658233642578,422.78499952094,27.51429557800293,2.3269755914615278,1.5656054122835596,0.24152888029813768,16.7646240234375,1166.9785644531248,1700.4354589843751,0.6683316086215401,0.5602
HCP_YOUNG_bids,/run/media/falconnier/Elements/BIDS_datasets_selection/HCP_YOUNG_bids/sub-106016/ses-1/anat/sub-106016_ses-1_T1w.nii.gz,,,,,sub-106016,ses-1,260,311,260,0.7,0.7,0.7,68.10313129425049,21023600,19754112,0.9396160505336859,0.0,3316.525390625,299.48243879016513,45.95770454406738,382.62976059213577,31.98044776916504,1.3651938509871089,1.3727067614329849,0.01746422618627549,14.853373289108276,1051.1980529785155,1484.053317871094,0.6768833255431214,0.5771
HCP_YOUNG_bids,/run/media/falconnier/Elements/BIDS_datasets_selection/HCP_YOUNG_bids/sub-106319/ses-1/anat/sub-106319_ses-1_T1w.nii.gz,,,,,sub-106319,ses-1,260,311,260,0.7,0.7,0.7,68.1670389175415,21023600,19822659,0.9428765292338134,0.0,2528.11328125,311.52878345385955,58.95927047729492,385.51968569330944,45.560669898986816,1.5870859926182064,1.395795958299582,0.15957864880561845,16.144168663024903,1073.4476562499995,1550.8392626953073,0.900801677228215,0.5912
HCP_YOUNG_bids,/run/media/falconnier/Elements/BIDS_datasets_selection/HCP_YOUNG_bids/sub-106521/ses-1/anat/sub-106521_ses-1_T1w.nii.gz,,,,,sub-106521,ses-1,260,311,260,0.7,0.7,0.7,69.14756202697754,21023600,20025886,0.9525431419928081,0.0,4285.08544921875,338.07303590522355,67.63373565673828,422.82677098375524,57.38807678222656,2.312666686096268,1.4821386671692898,0.06675908863544465,11.622838258743286,1153.9654541015625,1691.219506835936,0.5467333303264609,0.5904
HCP_YOUNG_bids,/run/media/falconnier/Elements/BIDS_datasets_selection/HCP_YOUNG_bids/sub-107018/ses-1/anat/sub-107018_ses-1_T1w.nii.gz,,,,,sub-107018,ses-1,260,311,260,0.7,0.7,0.7,67.72637271881104,21023600,19639214,0.9341508590346087,0.0,3507.5107421875,278.512168574015,44.298675537109375,362.82923768508164,32.342830181121826,1.4445940862626339,1.394916883224351,0.1028288582712412,10.083845329284667,987.8227142333983,1387.2331384277345,0.6377709576092303,0.5676
HCP_YOUNG_bids,/run/media/falconnier/Elements/BIDS_datasets_selection/HCP_YOUNG_bids/sub-106824/ses-1/anat/sub-106824_ses-1_T1w.nii.gz,,,,,sub-106824,ses-1,260,311,260,0.7,0.7,0.7,67.39118671417236,21023600,19617622,0.9331238227515745,0.0,3314.83154296875,354.0014486436448,63.30521583557129,445.57630935391757,49.420963287353516,2.2383287596337302,1.4940811780620764,0.6164816272258759,16.690851402282714,1212.7348571777343,1848.3747436523427,0.6976660778713418,0.5811
HCP_YOUNG_bids,/run/media/falconnier/Elements/BIDS_datasets_selection/HCP_YOUNG_bids/sub-107220/ses-1/anat/sub-107220_ses-1_T1w.nii.gz,,,,,sub-107220,ses-1,260,311,260,0.7,0.7,0.7,67.11745929718018,21023600,19457967,0.925529738008714,0.0,4678.724609375,309.3930898434294,67.99219512939453,372.23518559495017,59.674723625183105,1.1717120344016978,1.2573640046140024,0.08035260528326035,10.488080787658692,1017.7181640624999,1411.7911401367187,0.4945794249950855,0.5948
HCP_YOUNG_bids,/run/media/falconnier/Elements/BIDS_datasets_selection/HCP_YOUNG_bids/sub-107321/ses-1/anat/sub-107321_ses-1_T1w.nii.gz,,,,,sub-107321,ses-1,260,311,260,0.7,0.7,0.7,67.45669269561768,21023600,19541459,0.9295010844955193,0.0,3255.19921875,322.49623635831665,50.66928482055664,420.7292117059046,39.100565910339355,1.8559757189796766,1.4658642047566857,0.10228253826498988,10.961538791656494,1140.101086425781,1691.589406738281,0.7045774906679052,0.5656
HCP_YOUNG_bids,/run/media/falconnier/Elements/BIDS_datasets_selection/HCP_YOUNG_bids/sub-107422/ses-1/anat/sub-107422_ses-1_T1w.nii.gz,,,,,sub-107422,ses-1,260,311,260,0.7,0.7,0.7,68.76362800598145,21023600,20024037,0.9524551932114386,0.0,3253.290771484375,342.5442569880176,58.68342971801758,433.9285589322482,43.12369251251221,2.1953171845179407,1.5113179571370365,0.5248352408409119,18.06580924987793,1202.55712890625,1779.7871289062532,0.7070730211802113,0.5858
HCP_YOUNG_bids,/run/media/falconnier/Elements/BIDS_datasets_selection/HCP_YOUNG_bids/sub-107725/ses-1/anat/sub-107725_ses-1_T1w.nii.gz,,,,,sub-107725,ses-1,260,311,260,0.7,0.7,0.7,66.73499298095703,21023600,19401202,0.922829677124755,0.0,2835.217041015625,309.62926771654776,53.022634506225586,383.7789460592076,38.67089223861694,1.3279310961915831,1.3218498446312679,0.13696427732706073,15.770865440368652,1046.33447265625,1468.414648437496,0.7984158975762896,0.5829
HCP_YOUNG_bids,/run/media/falconnier/Elements/BIDS_datasets_selection/HCP_YOUNG_bids/sub-108020/ses-1/anat/sub-108020_ses-1_T1w.nii.gz,,,,,sub-108020,ses-1,260,311,260,0.7,0.7,0.7,69.0920934677124,21023600,20020646,0.9522938982857361,0.0,3492.05712890625,369.406760615708,78.72745513916016,450.3405395077483,71.2785336971283,1.7707688295090547,1.380637485317496,0.214191734045744,11.878921031951904,1232.1383056640625,1834.7513122558598,0.6763092840698514,0.5996
HCP_YOUNG_bids,/run/media/falconnier/Elements/BIDS_datasets_selection/HCP_YOUNG_bids/sub-108121/ses-1/anat/sub-108121_ses-1_T1w.nii.gz,,,,,sub-108121,ses-1,260,311,260,0.7,0.7,0.7,67.86460494995117,21023600,19795823,0.9416000589813353,0.0,2803.3583984375,285.806353414747,40.820743560791016,375.667273226456,24.74654769897461,1.5701117713533108,1.4327133692721143,0.502343751192093,15.236392879486084,1028.8156616210936,1452.9376928710954,0.7860034435805836,0.567
HCP_YOUNG_bids,/run/media/falconnier/Elements/BIDS_datasets_selection/HCP_YOUNG_bids/sub-108323/ses-1/anat/sub-108323_ses-1_T1w.nii.gz,,,,,sub-108323,ses-1,260,311,260,0.7,0.7,0.7,65.69906997680664,21023600,19144801,0.9106338115260945,0.0,2464.63427734375,298.48667092214583,42.777618408203125,383.1768924709144,27.154647827148438,1.0832048706086086,1.3365272174327085,0.19627928733825684,15.819887161254883,1060.15185546875,1464.65673828125,0.8999303228866945,0.565
HCP_YOUNG_bids,/run/media/falconnier/Elements/BIDS_datasets_selection/HCP_YOUNG_bids/sub-108222/ses-1/anat/sub-108222_ses-1_T1w.nii.gz,,,,,sub-108222,ses-1,260,311,260,0.7,0.7,0.7,68.73156452178955,21023600,19959598,0.9493901139671607,0.0,3935.309814453125,384.3733424986693,90.6318244934082,489.6455135450658,75.12005662918091,3.191443398488855,1.6707945740938777,0.21223503768444063,17.917256069183352,1347.6987487792967,2100.1943872070333,0.6015050557395689,0.5832
HCP_YOUNG_bids,/run/media/falconnier/Elements/BIDS_datasets_selection/HCP_YOUNG_bids/sub-108828/ses-1/anat/sub-108828_ses-1_T1w.nii.gz,,,,,sub-108828,ses-1,260,311,260,0.7,0.7,0.7,67.69782161712646,21023600,19683891,0.9362759470309557,0.0,4475.40869140625,432.28761407088365,165.244140625,510.16370315980913,146.35858345031738,1.8720595444077892,1.367346588247067,0.3315486133098602,18.987387657165527,1408.7305908203125,2090.7080078125036,0.5363619572396922,0.6066
HCP_YOUNG_bids,/run/media/falconnier/Elements/BIDS_datasets_selection/HCP_YOUNG_bids/sub-108525/ses-1/anat/sub-108525_ses-1_T1w.nii.gz,,,,,sub-108525,ses-1,260,311,260,0.7,0.7,0.7,66.85689449310303,21023600,19408268,0.9231657756045587,0.0,3932.330322265625,413.0308529098741,136.96141052246094,489.63903037748025,120.29112529754639,1.854569221897897,1.380620262561689,0.22311720341444022,18.478384017944336,1349.4691528320309,2021.8805334472654,0.6091148730592086,0.6003
HCP_YOUNG_bids,/run/media/falconnier/Elements/BIDS_datasets_selection/HCP_YOUNG_bids/sub-109123/ses-1/anat/sub-109123_ses-1_T1w.nii.gz,,,,,sub-109123,ses-1,260,311,260,0.7,0.7,0.7,69.70007228851318,21023600,20263723,0.963855999923895,0.0,4247.40966796875,402.7990095470864,195.80343627929688,474.61805437633626,174.89977645874023,3.1230461046208937,1.5669779139597544,1.7144134759902954,18.30863151550293,1299.5741943359371,2018.8039160156259,0.5654496936713115,0.6185
HCP_YOUNG_bids,/run/media/falconnier/Elements/BIDS_datasets_selection/HCP_YOUNG_bids/sub-109325/ses-1/anat/sub-109325_ses-1_T1w.nii.gz,,,,,sub-109325,ses-1,260,311,260,0.7,0.7,0.7,69.1108865737915,21023600,20076727,0.9549614243041153,0.0,4549.43701171875,469.0335821225027,261.2320556640625,541.6009355813173,237.05208587646484,2.76353109956741,1.5006881988483693,0.6528258395195008,19.32986068725586,1502.0197143554683,2300.5468017578105,0.543237247406259,0.6228
HCP_YOUNG_bids,/run/media/falconnier/Elements/BIDS_datasets_selection/HCP_YOUNG_bids/sub-109830/ses-1/anat/sub-109830_ses-1_T1w.nii.gz,,,,,sub-109830,ses-1,260,311,260,0.7,0.7,0.7,67.87085056304932,21023600,19739772,0.9389339599307445,0.0,2887.450439453125,263.10233338207297,37.89356994628906,380.073128875457,18.877500534057617,2.7700279362481286,1.7295119715343727,0.20868987441062925,16.300582599639892,1051.3585205078125,1497.779769287109,0.7467733014368046,0.5308
HCP_YOUNG_bids,/run/media/falconnier/Elements/BIDS_datasets_selection/HCP_YOUNG_bids/sub-110007/ses-1/anat/sub-110007_ses-1_T1w.nii.gz,,,,,sub-110007,ses-1,260,311,260,0.7,0.7,0.7,67.40654754638672,21023600,19536402,0.9292605452919576,0.0,2814.509765625,307.6190799472409,51.19480895996094,385.1493642124504,40.794865131378174,1.0229884799358429,1.2865518182630904,0.1044268246740103,10.543899536132812,1051.7451171875,1494.7808728027326,0.8098961435753929,0.5807
HCP_YOUNG_bids,/run/media/falconnier/Elements/BIDS_datasets_selection/HCP_YOUNG_bids/sub-110411/ses-1/anat/sub-110411_ses-1_T1w.nii.gz,,,,,sub-110411,ses-1,260,311,260,0.7,0.7,0.7,67.77130699157715,21023600,19641927,0.9342799044882893,0.0,3788.627197265625,344.3945637341335,57.91571807861328,445.4890364910133,46.59239673614502,1.3687440896677883,1.4088730764447746,0.18570456534624105,11.607902431488037,1251.1916137695312,1745.9715209960927,0.6154098854788771,0.5705
HCP_YOUNG_bids,/run/media/falconnier/Elements/BIDS_datasets_selection/HCP_YOUNG_bids/sub-110613/ses-1/anat/sub-110613_ses-1_T1w.nii.gz,,,,,sub-110613,ses-1,260,311,260,0.7,0.7,0.7,68.07192611694336,21023600,19783248,0.9410019216499553,0.0,3765.08984375,394.1350621912809,91.69480514526367,480.16368281358325,79.110830783844,1.7806077639247793,1.3879658254958813,0.14255870059132578,17.023341083526613,1326.3891967773434,1942.1255322265642,0.6276212730283629,0.596
HCP_YOUNG_bids,/run/media/falconnier/Elements/BIDS_datasets_selection/HCP_YOUNG_bids/sub-111009/ses-1/anat/sub-111009_ses-1_T1w.nii.gz,,,,,sub-111009,ses-1,260,311,260,0.7,0.7,0.7,68.04248332977295,21023600,19794126,0.9415193401700945,0.0,4606.1689453125,333.7434483085364,62.44749641418457,404.7360305443929,50.874598026275635,1.989113452716392,1.3328422360459085,0.08074330911040306,16.015408039093018,1115.4280090332031,1514.3558349609375,0.49761561166472595,0.5977
HCP_YOUNG_bids,/run/media/falconnier/Elements/BIDS_datasets_selection/HCP_YOUNG_bids/sub-111211/ses-1/anat/sub-111211_ses-1_T1w.nii.gz,,,,,sub-111211,ses-1,260,311,260,0.7,0.7,0.7,67.06776714324951,21023600,19516580,0.9283177001084496,0.0,3231.071044921875,319.0207359293698,54.26753234863281,396.34556103416935,40.414855003356934,1.8184046761165442,1.4050147446291477,0.19730469316244129,16.080964279174808,1073.3449951171879,1601.2590905761726,0.7034349764177099,0.5842
HCP_YOUNG_bids,/run/media/falconnier/Elements/BIDS_datasets_selection/HCP_YOUNG_bids/sub-111413/ses-1/anat/sub-111413_ses-1_T1w.nii.gz,,,,,sub-111413,ses-1,260,311,260,0.7,0.7,0.7,67.62714767456055,21023600,19645710,0.9344598451264293,0.0,3705.76123046875,321.972661413898,41.737436294555664,437.4464850949623,25.24976634979248,2.5277639920276496,1.6009056382270446,0.27897597044706346,15.762124395370483,1213.4438598632814,1709.9315429687504,0.6042601309657929,0.552
HCP_YOUNG_bids,/run/media/falconnier/Elements/BIDS_datasets_selection/HCP_YOUNG_bids/sub-111312/ses-1/anat/sub-111312_ses-1_T1w.nii.gz,,,,,sub-111312,ses-1,260,311,260,0.7,0.7,0.7,66.73024654388428,21023600,19440836,0.9247148918358417,0.0,3796.40673828125,254.017712532103,37.332448959350586,347.1816842944748,19.83591365814209,2.0314045787680515,1.5625710230983882,0.22395694106817246,15.328818559646606,950.7518310546875,1378.0492431640596,0.5681983073615835,0.5471
HCP_YOUNG_bids,/run/media/falconnier/Elements/BIDS_datasets_selection/HCP_YOUNG_bids/sub-111514/ses-1/anat/sub-111514_ses-1_T1w.nii.gz,,,,,sub-111514,ses-1,260,311,260,0.7,0.7,0.7,67.3196325302124,21023600,19540072,0.929435111018094,0.0,4015.753173828125,382.6334980239358,187.0348892211914,432.3004280105158,167.7060432434082,1.114625245826291,1.1991797210419117,0.08961655490100381,16.523521423339844,1208.2351623535155,1707.1928039550776,0.5939448812211869,0.6202
HCP_YOUNG_bids,/run/media/falconnier/Elements/BIDS_datasets_selection/HCP_YOUNG_bids/sub-111716/ses-1/anat/sub-111716_ses-1_T1w.nii.gz,,,,,sub-111716,ses-1,260,311,260,0.7,0.7,0.7,67.23283386230469,21023600,19565293,0.9306347628379535,0.0,3287.34375,267.2441732041546,39.71456527709961,357.5452563569663,23.158679962158203,2.2459305875018307,1.5745282866290078,0.24960345268249512,15.593851661682129,981.2688598632812,1437.4229833984373,0.6669793585210938,0.5575
HCP_YOUNG_bids,/run/media/falconnier/Elements/BIDS_datasets_selection/HCP_YOUNG_bids/sub-112112/ses-1/anat/sub-112112_ses-1_T1w.nii.gz,,,,,sub-112112,ses-1,260,311,260,0.7,0.7,0.7,68.41321182250977,21023600,19801349,0.9418629064479918,0.0,2764.862548828125,291.4833255503775,53.06764602661133,361.4306089948642,42.58662700653076,0.5488089694937393,1.2115408410549022,0.027930002957582478,10.07918872833252,1007.1481445312497,1335.815673828125,0.8231167102306964,0.5889
HCP_YOUNG_bids,/run/media/falconnier/Elements/BIDS_datasets_selection/HCP_YOUNG_bids/sub-112314/ses-1/anat/sub-112314_ses-1_T1w.nii.gz,,,,,sub-112314,ses-1,260,311,260,0.7,0.7,0.7,68.949875831604,21023600,20036827,0.9530635571453033,0.0,3497.315673828125,295.3363319815228,49.72693634033203,368.01099904036715,38.9451322555542,1.0714839854381575,1.2868807316937307,0.2129669639468193,10.97266664505005,1015.1556396484375,1397.5447363281246,0.6481781850798188,0.591
HCP_YOUNG_bids,/run/media/falconnier/Elements/BIDS_datasets_selection/HCP_YOUNG_bids/sub-112819/ses-1/anat/sub-112819_ses-1_T1w.nii.gz,,,,,sub-112819,ses-1,260,311,260,0.7,0.7,0.7,68.09599113464355,21023600,19741882,0.9390343233318746,0.0,3148.9208984375,266.00389021974195,39.075822830200195,372.3382585559943,24.61207151412964,1.7586725519769901,1.5457608052315537,0.1380590867996216,10.056398391723633,1045.46923828125,1432.0973413085967,0.6961020268410109,0.5418
HCP_YOUNG_bids,/run/media/falconnier/Elements/BIDS_datasets_selection/HCP_YOUNG_bids/sub-112516/ses-1/anat/sub-112516_ses-1_T1w.nii.gz,,,,,sub-112516,ses-1,260,311,260,0.7,0.7,0.7,67.0536298751831,21023600,19539892,0.9294265492113625,0.0,2623.603759765625,249.23863996979176,36.770742416381836,340.9043471369088,18.50108814239502,1.637434950477262,1.514509011637254,2.2104351115226746,15.393630123138427,948.8396423339841,1332.748790283203,0.8133420845620539,0.5483
HCP_YOUNG_bids,/run/media/falconnier/Elements/BIDS_datasets_selection/HCP_YOUNG_bids/sub-112920/ses-1/anat/sub-112920_ses-1_T1w.nii.gz,,,,,sub-112920,ses-1,260,311,260,0.7,0.7,0.7,68.84097576141357,21023600,20011759,0.9518711828611656,0.0,3999.258056640625,453.20375129573654,231.4239044189453,516.2921950126236,209.63290786743164,1.5772656555426394,1.303599846417215,0.31284542858600634,18.63452911376953,1439.0602416992174,2133.403242187498,0.6132283875065075,0.6259
HCP_YOUNG_bids,/run/media/falconnier/Elements/BIDS_datasets_selection/HCP_YOUNG_bids/sub-113215/ses-1/anat/sub-113215_ses-1_T1w.nii.gz,,,,,sub-113215,ses-1,260,311,260,0.7,0.7,0.7,67.26822853088379,21023600,19492842,0.9271885880629388,0.0,3545.33154296875,360.0257879693776,114.71124649047852,421.81463591330595,103.89107036590576,1.083757326723216,1.23345179995536,0.06258885473012925,11.492082977294922,1163.051092529296,1688.828078613281,0.6703304311443088,0.6055
HCP_YOUNG_bids,/run/media/falconnier/Elements/BIDS_datasets_selection/HCP_YOUNG_bids/sub-113316/ses-1/anat/sub-113316_ses-1_T1w.nii.gz,,,,,sub-113316,ses-1,260,311,260,0.7,0.7,0.7,68.65725326538086,21023600,19975919,0.9501664320097414,0.0,3939.732177734375,379.26412663448383,126.52056884765625,446.0325673521827,111.63837051391602,1.5997372761693018,1.3167115887317145,0.11436865299940106,16.722636604309084,1229.9754882812495,1796.9916918945319,0.5985425943264473,0.6127
HCP_YOUNG_bids,/run/media/falconnier/Elements/BIDS_datasets_selection/HCP_YOUNG_bids/sub-113619/ses-1/anat/sub-113619_ses-1_T1w.nii.gz,,,,,sub-113619,ses-1,260,311,260,0.7,0.7,0.7,66.91885089874268,21023600,19469984,0.9261013337392264,0.0,3172.79150390625,296.10502246860415,50.198509216308594,364.9426317384772,36.155691146850586,0.877999885812605,1.2533113046971442,0.08772856488823891,15.705711364746094,1010.0232879638668,1372.4511218261655,0.7076984671449468,0.586
HCP_YOUNG_bids,/run/media/falconnier/Elements/BIDS_datasets_selection/HCP_YOUNG_bids/sub-113922/ses-1/anat/sub-113922_ses-1_T1w.nii.gz,,,,,sub-113922,ses-1,260,311,260,0.7,0.7,0.7,68.18195056915283,21023600,19752068,0.9395188264616907,0.0,4506.0732421875,462.9527960574457,200.67102813720703,558.9198313476109,181.55764293670654,3.002641482040686,1.5832529351089397,0.04015965789556506,17.42926788330078,1535.4191406249993,2409.3997338867157,0.5420377321304934,0.5999
HCP_YOUNG_bids,/run/media/falconnier/Elements/BIDS_datasets_selection/HCP_YOUNG_bids/sub-113821/ses-1/anat/sub-113821_ses-1_T1w.nii.gz,,,,,sub-113821,ses-1,260,311,260,0.7,0.7,0.7,67.94414710998535,21023600,19753378,0.9395811373884587,0.0,2849.154541015625,296.521603885974,49.05002021789551,364.193498773094,34.26165246963501,0.7042514710248686,1.2245447951390114,0.05749825377017269,15.884651041030883,1013.2445617675776,1368.9940649414066,0.7869566003467279,0.592
HCP_YOUNG_bids,/run/media/falconnier/Elements/BIDS_datasets_selection/HCP_YOUNG_bids/sub-114116/ses-1/anat/sub-114116_ses-1_T1w.nii.gz,,,,,sub-114116,ses-1,260,311,260,0.7,0.7,0.7,64.08279418945312,21023600,18656573,0.8874109572099926,0.0,2872.583984375,265.67060338684814,37.242095947265625,367.0569907246857,20.10358238220215,1.959002265878838,1.5598969338615158,1.0026962375640869,15.225273323059083,1001.2510009765624,1460.4979003906265,0.7530990522551362,0.5302
HCP_YOUNG_bids,/run/media/falconnier/Elements/BIDS_datasets_selection/HCP_YOUNG_bids/sub-114217/ses-1/anat/sub-114217_ses-1_T1w.nii.gz,,,,,sub-114217,ses-1,260,311,260,0.7,0.7,0.7,66.9014368057251,21023600,19454916,0.9253846153846154,0.0,3045.333740234375,277.05555011642394,40.72460174560547,354.9668733237016,23.923086166381836,0.8786085755849946,1.298502224689466,0.11472173631191253,16.07202672958374,979.4209747314453,1323.0507446289066,0.7200782058849968,0.571
HCP_YOUNG_bids,/run/media/falconnier/Elements/BIDS_datasets_selection/HCP_YOUNG_bids/sub-114318/ses-1/anat/sub-114318_ses-1_T1w.nii.gz,,,,,sub-114318,ses-1,260,311,260,0.7,0.7,0.7,67.13363742828369,21023600,19478777,0.9265195779980593,0.0,3194.127685546875,288.7441102209818,40.17893600463867,407.48425155082396,25.567724227905273,2.336466696405772,1.6310536453621514,0.7326640629768373,11.078934478759766,1124.2601318359375,1625.404282226545,0.6932837938254719,0.5347
HCP_YOUNG_bids,/run/media/falconnier/Elements/BIDS_datasets_selection/HCP_YOUNG_bids/sub-114419/ses-1/anat/sub-114419_ses-1_T1w.nii.gz,,,,,sub-114419,ses-1,260,311,260,0.7,0.7,0.7,66.88719654083252,21023600,19387107,0.9221592400920869,0.0,4941.23095703125,519.148030342222,371.07769775390625,565.3308270299834,341.7880039215088,2.5569626639938168,1.397914297120958,0.5310426497459411,15.097033214569093,1579.7254028320308,2359.9376123046904,0.5153349828134286,0.6322
HCP_YOUNG_bids,/run/media/falconnier/Elements/BIDS_datasets_selection/HCP_YOUNG_bids/sub-114823/ses-1/anat/sub-114823_ses-1_T1w.nii.gz,,,,,sub-114823,ses-1,260,311,260,0.7,0.7,0.7,67.67536926269531,21023600,19608714,0.932700108449552,0.0,3074.550537109375,268.90781385946644,43.46043586730957,352.067626267893,29.79066228866577,0.8701645710117636,1.3330828892193125,0.07256210431456567,10.60389575958252,986.8711975097654,1316.0291113281255,0.7218757961961639,0.5652
HCP_YOUNG_bids,/run/media/falconnier/Elements/BIDS_datasets_selection/HCP_YOUNG_bids/sub-114621/ses-1/anat/sub-114621_ses-1_T1w.nii.gz,,,,,sub-114621,ses-1,260,311,260,0.7,0.7,0.7,67.57283782958984,21023600,19672203,0.9357200003805247,0.0,3365.718994140625,346.38614476802053,60.1099967956543,431.6807199378467,46.009952545166016,1.6433928879632553,1.3856428257771993,0.36136130154132845,16.597203063964844,1181.6220336914057,1710.2555761718759,0.6842853575301128,0.5854
HCP_YOUNG_bids,/run/media/falconnier/Elements/BIDS_datasets_selection/HCP_YOUNG_bids/sub-114924/ses-1/anat/sub-114924_ses-1_T1w.nii.gz,,,,,sub-114924,ses-1,260,311,260,0.7,0.7,0.7,67.82639503479004,21023600,19750065,0.9394235525790064,0.0,4133.7333984375,413.9276173579561,256.5682678222656,452.8956881977844,229.90545082092285,2.7735854961006456,1.4741993462803502,0.4206964945793158,18.790958404541016,1287.136083984375,1918.084047851562,0.6031775342981565,0.6385
HCP_YOUNG_bids,/run/media/falconnier/Elements/BIDS_datasets_selection/HCP_YOUNG_bids/sub-115017/ses-1/anat/sub-115017_ses-1_T1w.nii.gz,,,,,sub-115017,ses-1,260,311,260,0.7,0.7,0.7,68.37246131896973,21023600,19833558,0.9433949466314047,0.0,3635.149658203125,302.08646511795956,52.85357856750488,376.6656916906337,41.89010810852051,0.9486566835107841,1.2699953679718679,0.04068258166313171,10.673747968673707,1036.0433349609375,1418.1704626464843,0.6281263080844134,0.5874
HCP_YOUNG_bids,/run/media/falconnier/Elements/BIDS_datasets_selection/HCP_YOUNG_bids/sub-115320/ses-1/anat/sub-115320_ses-1_T1w.nii.gz,,,,,sub-115320,ses-1,260,311,260,0.7,0.7,0.7,68.08116626739502,21023600,19837981,0.9436053292490344,0.0,3416.335205078125,286.98861929028055,46.837310791015625,363.75312014463947,30.882308959960938,1.9413189564526183,1.4429582149111806,1.12033121585846,16.576019287109375,990.1258544921875,1426.5763916015612,0.6525130367824672,0.5823
HCP_YOUNG_bids,/run/media/falconnier/Elements/BIDS_datasets_selection/HCP_YOUNG_bids/sub-115219/ses-1/anat/sub-115219_ses-1_T1w.nii.gz,,,,,sub-115219,ses-1,260,311,260,0.7,0.7,0.7,70.78421401977539,21023600,20570446,0.9784454612911204,0.0,4461.79736328125,404.0060657216374,183.2749786376953,449.77806699809577,167.67369270324707,0.6422206055281419,1.1036167979014657,0.675037181377411,13.793291091918945,1268.9296264648438,1731.6575073242193,0.5462160815267171,0.6437
HCP_YOUNG_bids,/run/media/falconnier/Elements/BIDS_datasets_selection/HCP_YOUNG_bids/sub-115724/ses-1/anat/sub-115724_ses-1_T1w.nii.gz,,,,,sub-115724,ses-1,260,311,260,0.7,0.7,0.7,68.5927381515503,21023600,19937856,0.9483559428451835,0.0,3051.831298828125,282.83822966386083,45.61920738220215,358.3302156244688,33.2205023765564,0.5049882398340237,1.2126005664623913,0.10592991672456267,10.545146226882935,994.2624816894531,1311.7052856445307,0.7329740647827924,0.5825
HCP_YOUNG_bids,/run/media/falconnier/Elements/BIDS_datasets_selection/HCP_YOUNG_bids/sub-115825/ses-1/anat/sub-115825_ses-1_T1w.nii.gz,,,,,sub-115825,ses-1,260,311,260,0.7,0.7,0.7,70.28170013427734,21023600,20416970,0.9711452843471147,0.0,4563.05517578125,465.60734935235723,221.3016815185547,549.7884859568021,198.05811309814453,2.3880911758426917,1.5188453532090946,0.5858257663249969,19.95369701385498,1568.232489013672,2337.261557617183,0.5460667085886427,0.6206
HCP_YOUNG_bids,/run/media/falconnier/Elements/BIDS_datasets_selection/HCP_YOUNG_bids/sub-116120/ses-1/anat/sub-116120_ses-1_T1w.nii.gz,,,,,sub-116120,ses-1,260,311,260,0.7,0.7,0.7,67.2992753982544,21023600,19622120,0.9333377727886756,0.0,2849.7626953125,271.74818334914187,36.05708122253418,387.10827077614937,18.24201774597168,2.125074430622279,1.626977720943345,0.31802272468805315,15.456756734848023,1085.3487609863282,1521.3165344238273,0.7570062960466785,0.5337
HCP_YOUNG_bids,/run/media/falconnier/Elements/BIDS_datasets_selection/HCP_YOUNG_bids/sub-116221/ses-1/anat/sub-116221_ses-1_T1w.nii.gz,,,,,sub-116221,ses-1,260,311,260,0.7,0.7,0.7,64.05554103851318,21023600,18582491,0.883887202952872,0.0,4424.62158203125,433.7088009336748,255.22303771972656,490.11908644100254,231.3083381652832,2.4260578348373247,1.4066196523092849,0.7488525748252869,19.331850051879883,1348.5651245117188,2057.3083496093786,0.5480206079658956,0.6038
HCP_YOUNG_bids,/run/media/falconnier/Elements/BIDS_datasets_selection/HCP_YOUNG_bids/sub-116726/ses-1/anat/sub-116726_ses-1_T1w.nii.gz,,,,,sub-116726,ses-1,260,311,260,0.7,0.7,0.7,67.62448978424072,21023600,19610340,0.932777450103693,0.0,3470.0390625,348.46710019156643,89.89433288574219,426.391662798018,75.88454961776733,2.5266482633348595,1.5219722157960731,0.04704655632376671,17.455373764038086,1165.7444396972664,1785.5276098632785,0.6745253296694022,0.5926
HCP_YOUNG_bids,/run/media/falconnier/Elements/BIDS_datasets_selection/HCP_YOUNG_bids/sub-116524/ses-1/anat/sub-116524_ses-1_T1w.nii.gz,,,,,sub-116524,ses-1,260,311,260,0.7,0.7,0.7,68.60389995574951,21023600,19899281,0.9465211000970338,0.0,4354.814453125,450.87624764446565,250.2013702392578,519.2130979331699,227.3335304260254,2.6445451667844617,1.5232041095589188,0.7981186389923097,15.646516799926758,1475.439697265625,2216.3229492187493,0.5763406530805317,0.6215
HCP_YOUNG_bids,/run/media/falconnier/Elements/BIDS_datasets_selection/HCP_YOUNG_bids/sub-117021/ses-1/anat/sub-117021_ses-1_T1w.nii.gz,,,,,sub-117021,ses-1,260,311,260,0.7,0.7,0.7,67.70779991149902,21023600,19620644,0.9332675659734774,0.0,2921.031494140625,289.5746311948559,46.102102279663086,377.55635214740886,33.92469501495361,1.9356432104283279,1.4745881775294496,0.19474884331226344,10.83889036178589,1020.986395263671,1496.6416870117191,0.7709882441158699,0.5674
HCP_YOUNG_bids,/run/media/falconnier/Elements/BIDS_datasets_selection/HCP_YOUNG_bids/sub-117122/ses-1/anat/sub-117122_ses-1_T1w.nii.gz,,,,,sub-117122,ses-1,260,311,260,0.7,0.7,0.7,66.39596462249756,21023600,19324281,0.9191708841492418,0.0,2934.393310546875,277.00361647425746,38.000831604003906,383.3463770831276,21.248674392700195,1.9484039240579927,1.5571307461030952,0.1438673347234726,14.767284393310547,1057.3292236328125,1492.5992431640625,0.7442827869640365,0.54
HCP_YOUNG_bids,/run/media/falconnier/Elements/BIDS_datasets_selection/HCP_YOUNG_bids/sub-117324/ses-1/anat/sub-117324_ses-1_T1w.nii.gz,,,,,sub-117324,ses-1,260,311,260,0.7,0.7,0.7,68.13823795318604,21023600,19714318,0.9377232253277269,0.0,4433.9091796875,310.318526045826,49.71128463745117,418.0071442126751,38.50541687011719,3.30402627118751,1.6876633971782473,0.0048002966074273,9.087363958358766,1126.8055114746085,1689.7344738769516,0.5168134112338468,0.5569
HCP_YOUNG_bids,/run/media/falconnier/Elements/BIDS_datasets_selection/HCP_YOUNG_bids/sub-117728/ses-1/anat/sub-117728_ses-1_T1w.nii.gz,,,,,sub-117728,ses-1,260,311,260,0.7,0.7,0.7,67.22149467468262,21023600,19575297,0.9311106090298522,0.0,3723.619384765625,360.0145129409353,93.57943725585938,423.3791209502285,79.43494701385498,1.0895722899459885,1.2315286965586751,0.3301728463172912,17.10497055053711,1170.00087890625,1643.7317041015622,0.6293212870348964,0.6056
HCP_YOUNG_bids,/run/media/falconnier/Elements/BIDS_datasets_selection/HCP_YOUNG_bids/sub-117930/ses-1/anat/sub-117930_ses-1_T1w.nii.gz,,,,,sub-117930,ses-1,260,311,260,0.7,0.7,0.7,67.99792194366455,21023600,19742491,0.9390632907779828,0.0,4171.97216796875,303.7023184269686,49.79863739013672,380.5773019145684,39.26383972167969,1.29861810729268,1.3237153757640683,0.270879453420639,10.926717758178711,1036.8987426757812,1464.9823608398447,0.5454968037560824,0.584
HCP_YOUNG_bids,/run/media/falconnier/Elements/BIDS_datasets_selection/HCP_YOUNG_bids/sub-118023/ses-1/anat/sub-118023_ses-1_T1w.nii.gz,,,,,sub-118023,ses-1,260,311,260,0.7,0.7,0.7,66.96610450744629,21023600,19511283,0.9280657451625792,0.0,3283.39453125,284.5823402960165,39.49134063720703,387.32394289850765,21.764713287353516,2.5561106530955753,1.6246004307681359,0.2716943901777268,16.247652435302733,1059.9470092773436,1559.8765185546872,0.6688124563008744,0.5498
HCP_YOUNG_bids,/run/media/falconnier/Elements/BIDS_datasets_selection/HCP_YOUNG_bids/sub-118124/ses-1/anat/sub-118124_ses-1_T1w.nii.gz,,,,,sub-118124,ses-1,260,311,260,0.7,0.7,0.7,66.81492710113525,21023600,19356297,0.9206937441732148,0.0,3780.90087890625,278.3345984038487,50.849308013916016,351.8644761335803,39.878360748291016,1.848018081631805,1.397884208707109,0.008523860089480875,9.47334270477295,948.4311401367181,1344.1225927734367,0.5982128472197275,0.5748
HCP_YOUNG_bids,/run/media/falconnier/Elements/BIDS_datasets_selection/HCP_YOUNG_bids/sub-118225/ses-1/anat/sub-118225_ses-1_T1w.nii.gz,,,,,sub-118225,ses-1,260,311,260,0.7,0.7,0.7,66.934250831604,21023600,19450407,0.9251701421259917,0.0,4087.178955078125,390.55706200727724,106.30147552490234,462.5589431120436,91.53824234008789,1.1442079355251105,1.2434505321761287,0.065374945551157,17.55095844268799,1276.8162231445308,1794.5239038085942,0.5785304506586701,0.6006
HCP_YOUNG_bids,/run/media/falconnier/Elements/BIDS_datasets_selection/HCP_YOUNG_bids/sub-118528/ses-1/anat/sub-118528_ses-1_T1w.nii.gz,,,,,sub-118528,ses-1,260,311,260,0.7,0.7,0.7,67.35563373565674,21023600,19613168,0.9329119656005632,0.0,2834.189697265625,282.0668515927891,38.40467834472656,364.6709708084802,22.596723079681396,0.8751381076322899,1.2998352321562026,0.05110357746481896,14.703964233398438,1008.0058349609371,1368.998370361327,0.7711153048655301,0.5696
HCP_YOUNG_bids,/run/media/falconnier/Elements/BIDS_datasets_selection/HCP_YOUNG_bids/sub-118730/ses-1/anat/sub-118730_ses-1_T1w.nii.gz,,,,,sub-118730,ses-1,260,311,260,0.7,0.7,0.7,67.91186428070068,21023600,19759715,0.9398825605509998,0.0,3321.255615234375,386.2177352226144,131.9185028076172,454.6845059043684,116.1971492767334,1.4674261100284918,1.3179749462043926,0.5136267149448396,17.115633010864258,1271.76025390625,1843.0711547851552,0.7150843335580155,0.6089
HCP_YOUNG_bids,/run/media/falconnier/Elements/BIDS_datasets_selection/HCP_YOUNG_bids/sub-118932/ses-1/anat/sub-118932_ses-1_T1w.nii.gz,,,,,sub-118932,ses-1,260,311,260,0.7,0.7,0.7,67.99356269836426,21023600,19733156,0.9386192659677696,0.0,3484.305419921875,331.455329949325,62.20258140563965,406.3079464916092,52.44939041137695,0.9203773129198436,1.254581243732918,0.17657721117138864,11.494232654571533,1126.7410583496094,1562.7964660644498,0.6659738950142946,0.5922
HCP_YOUNG_bids,/run/media/falconnier/Elements/BIDS_datasets_selection/HCP_YOUNG_bids/sub-118831/ses-1/anat/sub-118831_ses-1_T1w.nii.gz,,,,,sub-118831,ses-1,260,311,260,0.7,0.7,0.7,67.71118640899658,21023600,19674726,0.9358400083715444,0.0,3837.344970703125,368.64559942621344,61.80887031555176,467.83374825580995,48.03073787689209,2.3746751214183615,1.5291151276125066,0.4057726562023163,17.021326065063477,1276.363525390625,1961.5049133300781,0.6050281475999524,0.579
HCP_YOUNG_bids,/run/media/falconnier/Elements/BIDS_datasets_selection/HCP_YOUNG_bids/sub-119025/ses-1/anat/sub-119025_ses-1_T1w.nii.gz,,,,,sub-119025,ses-1,260,311,260,0.7,0.7,0.7,68.12873554229736,21023600,19781375,0.9409128312943549,0.0,3923.7861328125,415.77614755431597,124.1573257446289,494.1482940121444,115.3877944946289,1.759911609726398,1.3490055906624023,0.24480844616889952,12.502972984313965,1367.7831542968752,2010.8699414062512,0.6125496811162642,0.6051
HCP_YOUNG_bids,/run/media/falconnier/Elements/BIDS_datasets_selection/HCP_YOUNG_bids/sub-119126/ses-1/anat/sub-119126_ses-1_T1w.nii.gz,,,,,sub-119126,ses-1,260,311,260,0.7,0.7,0.7,68.07861042022705,21023600,19774960,0.9406076980155634,0.0,5733.318359375,300.2223326496643,51.58102798461914,387.6432191858595,40.38287401199341,2.0989051961508913,1.484171587520304,0.21383199155330657,10.951918363571167,1045.8512329101568,1576.4600170898439,0.40020653222888164,0.5738
HCP_YOUNG_bids,/run/media/falconnier/Elements/BIDS_datasets_selection/HCP_YOUNG_bids/sub-119732/ses-1/anat/sub-119732_ses-1_T1w.nii.gz,,,,,sub-119732,ses-1,260,311,260,0.7,0.7,0.7,66.9544506072998,21023600,19396601,0.9226108278315798,0.0,4727.9267578125,329.9636832540833,42.62767791748047,478.9222529325336,28.415664672851562,3.4180304665134456,1.786367361910075,0.11719980835914612,10.527530670166016,1337.4111328125,1885.36083984375,0.47966967374709013,0.5228
HCP_YOUNG_bids,/run/media/falconnier/Elements/BIDS_datasets_selection/HCP_YOUNG_bids/sub-119833/ses-1/anat/sub-119833_ses-1_T1w.nii.gz,,,,,sub-119833,ses-1,260,311,260,0.7,0.7,0.7,68.30825233459473,21023600,19897018,0.9464134591601819,0.0,2643.1083984375,301.56240253320453,46.58031463623047,372.1927212752768,31.30589246749878,0.8412389150472124,1.2370287231802968,0.05552619971334934,15.88875427246094,1031.1646911621092,1395.8123571777342,0.8438332643136869,0.5923
HCP_YOUNG_bids,/run/media/falconnier/Elements/BIDS_datasets_selection/HCP_YOUNG_bids/sub-120111/ses-1/anat/sub-120111_ses-1_T1w.nii.gz,,,,,sub-120111,ses-1,260,311,260,0.7,0.7,0.7,67.46638679504395,21023600,19648001,0.9345688178998839,0.0,3433.666748046875,310.88450206411574,39.50695037841797,426.9140405037811,22.55520248413086,1.7998919427088849,1.5206840418789849,0.20864605903625488,15.402891159057617,1195.5771484375,1648.2799072265625,0.6455958937054451,0.5475
HCP_YOUNG_bids,/run/media/falconnier/Elements/BIDS_datasets_selection/HCP_YOUNG_bids/sub-120212/ses-1/anat/sub-120212_ses-1_T1w.nii.gz,,,,,sub-120212,ses-1,260,311,260,0.7,0.7,0.7,67.22219276428223,21023600,19476984,0.9264342928898952,0.0,3045.949462890625,255.2686517413416,40.69749069213867,354.4282906819392,26.436641693115234,2.195687036186891,1.606564631000247,0.17240919247269634,10.415120124816895,974.0656433105455,1407.0936096191394,0.7216911548469267,0.5415
HCP_YOUNG_bids,/run/media/falconnier/Elements/BIDS_datasets_selection/HCP_YOUNG_bids/sub-120414/ses-1/anat/sub-120414_ses-1_T1w.nii.gz,,,,,sub-120414,ses-1,260,311,260,0.7,0.7,0.7,66.74753665924072,21023600,19372737,0.9214757225213569,0.0,2645.336181640625,239.02239997226226,35.787044525146484,353.45258269142965,20.08471393585205,2.138190376368943,1.663305026459956,0.3878204107284548,10.121455955505372,979.156201171875,1382.5597412109382,0.8052848013135703,0.5154
HCP_YOUNG_bids,/run/media/falconnier/Elements/BIDS_datasets_selection/HCP_YOUNG_bids/sub-120515/ses-1/anat/sub-120515_ses-1_T1w.nii.gz,,,,,sub-120515,ses-1,260,311,260,0.7,0.7,0.7,68.01614570617676,21023600,19794017,0.9415141555204627,0.0,4420.24267578125,325.04364562305517,39.04381561279297,463.1215081290134,21.295690536499023,4.113857035677848,1.838523739887612,0.40715118765830993,16.182448959350587,1244.86708984375,1869.5242529296875,0.5009568455937268,0.5364
HCP_YOUNG_bids,/run/media/falconnier/Elements/BIDS_datasets_selection/HCP_YOUNG_bids/sub-121315/ses-1/anat/sub-121315_ses-1_T1w.nii.gz,,,,,sub-121315,ses-1,260,311,260,0.7,0.7,0.7,65.88037967681885,21023600,19103832,0.908685096748416,0.0,3226.683349609375,347.8836867414178,97.42215347290039,410.8660544782851,86.80592966079712,1.3158756688086797,1.2857317800783894,0.1739610831439495,12.531586503982544,1131.970147705078,1645.525079345704,0.733377736283678,0.5962
HCP_YOUNG_bids,/run/media/falconnier/Elements/BIDS_datasets_selection/HCP_YOUNG_bids/sub-120717/ses-1/anat/sub-120717_ses-1_T1w.nii.gz,,,,,sub-120717,ses-1,260,311,260,0.7,0.7,0.7,67.48445415496826,21023600,19682159,0.9361935634239616,0.0,3673.9951171875,264.1233614082062,38.6619873046875,344.8076119168264,22.385190963745117,1.001869596494421,1.351902503826574,0.3327788591384888,15.132228565216064,956.5464050292965,1313.392255859373,0.5924977408626142,0.5677
HCP_YOUNG_bids,/run/media/falconnier/Elements/BIDS_datasets_selection/HCP_YOUNG_bids/sub-121416/ses-1/anat/sub-121416_ses-1_T1w.nii.gz,,,,,sub-121416,ses-1,260,311,260,0.7,0.7,0.7,67.1463212966919,21023600,19477197,0.9264444243611941,0.0,4326.17919921875,393.7322129883233,134.5786590576172,466.24280815257623,122.36421012878418,1.5685212771235264,1.3309043351099912,0.26390327692031856,12.949933052062988,1306.4665283203121,1849.1916406249975,0.556365602872575,0.6016
HCP_YOUNG_bids,/run/media/falconnier/Elements/BIDS_datasets_selection/HCP_YOUNG_bids/sub-121618/ses-1/anat/sub-121618_ses-1_T1w.nii.gz,,,,,sub-121618,ses-1,260,311,260,0.7,0.7,0.7,67.71787643432617,21023600,19673347,0.9357744154188626,0.0,4010.78857421875,370.3118836117811,107.92269897460938,443.27540043949324,92.62217998504639,2.388779103496522,1.4578452740916374,0.5708832633495331,17.853742599487305,1203.2289306640623,1845.9293872070311,0.5859399855163175,0.6016
HCP_YOUNG_bids,/run/media/falconnier/Elements/BIDS_datasets_selection/HCP_YOUNG_bids/sub-122418/ses-1/anat/sub-122418_ses-1_T1w.nii.gz,,,,,sub-122418,ses-1,260,311,260,0.7,0.7,0.7,66.03089904785156,21023600,19267212,0.9164563633250252,0.0,2508.317626953125,277.27015830565796,43.602121353149414,354.3920335541152,27.849886417388916,0.8592003727948683,1.2975681083177155,4.976570615768433,15.627016973495484,976.1787719726562,1323.2052697753916,0.877989045061927,0.569
HCP_YOUNG_bids,/run/media/falconnier/Elements/BIDS_datasets_selection/HCP_YOUNG_bids/sub-121820/ses-1/anat/sub-121820_ses-1_T1w.nii.gz,,,,,sub-121820,ses-1,260,311,260,0.7,0.7,0.7,66.9937801361084,21023600,19468205,0.9260167145493635,0.0,4286.16650390625,334.8708092126594,66.84110260009766,419.2519119149205,51.923614501953125,2.133727464762596,1.4460710348882235,0.03167888432741165,16.243778610229494,1146.090087890625,1647.0899072265638,0.5415644968043268,0.5808
HCP_YOUNG_bids,/run/media/falconnier/Elements/BIDS_datasets_selection/HCP_YOUNG_bids/sub-122317/ses-1/anat/sub-122317_ses-1_T1w.nii.gz,,,,,sub-122317,ses-1,260,311,260,0.7,0.7,0.7,66.33585929870605,21023600,19297500,0.9178970300043761,0.0,3204.41259765625,318.5960160248876,47.94622611999512,404.5188847732049,33.744226932525635,1.8452500216634808,1.4417986373152025,0.4206643038988113,16.189594078063966,1111.5373596191407,1634.1466149902358,0.7038446543796009,0.5722
HCP_YOUNG_bids,/run/media/falconnier/Elements/BIDS_datasets_selection/HCP_YOUNG_bids/sub-121921/ses-1/anat/sub-121921_ses-1_T1w.nii.gz,,,,,sub-121921,ses-1,260,311,260,0.7,0.7,0.7,67.84233856201172,21023600,19657355,0.9350137464563634,0.0,4797.0732421875,348.15216233900736,78.53245544433594,422.47781394335084,69.52623081207275,1.273839124573307,1.306466661159031,0.06558735474944118,11.808726501464845,1170.9826049804692,1665.1735449218759,0.49165334802710614,0.5953
HCP_YOUNG_bids,/run/media/falconnier/Elements/BIDS_datasets_selection/HCP_YOUNG_bids/sub-122620/ses-1/anat/sub-122620_ses-1_T1w.nii.gz,,,,,sub-122620,ses-1,260,311,260,0.7,0.7,0.7,66.38523864746094,21023600,19290644,0.9175709202990925,0.0,3016.512451171875,289.4530997142395,46.99337577819824,369.6905017849467,30.927783012390137,1.8480295950748316,1.4700644680195174,0.2242934101819992,16.781146240234374,1020.2371856689435,1486.9654016113282,0.7413919951184823,0.5706
HCP_YOUNG_bids,/run/media/falconnier/Elements/BIDS_datasets_selection/HCP_YOUNG_bids/sub-122822/ses-1/anat/sub-122822_ses-1_T1w.nii.gz,,,,,sub-122822,ses-1,260,311,260,0.7,0.7,0.7,68.55881690979004,21023600,19986496,0.9506695332864019,0.0,2337.740478515625,257.84394516947634,36.81081008911133,358.40548356209223,18.958489418029785,1.669730779587085,1.5309581586349192,0.2179533027112484,14.863597869873047,994.0026550292969,1391.5378540039064,0.9176546445205471,0.5487
HCP_YOUNG_bids,/run/media/falconnier/Elements/BIDS_datasets_selection/HCP_YOUNG_bids/sub-123117/ses-1/anat/sub-123117_ses-1_T1w.nii.gz,,,,,sub-123117,ses-1,260,311,260,0.7,0.7,0.7,69.15302848815918,21023600,20082173,0.9552204665233357,0.0,4735.35498046875,513.1430646814922,334.52996826171875,576.3360330680995,304.74855041503906,2.9634336248038613,1.5664896198188094,1.9380556964874267,16.907948684692382,1632.4469970703112,2556.6691113281267,0.5434571848376216,0.6347
HCP_YOUNG_bids,/run/media/falconnier/Elements/BIDS_datasets_selection/HCP_YOUNG_bids/sub-123420/ses-1/anat/sub-123420_ses-1_T1w.nii.gz,,,,,sub-123420,ses-1,260,311,260,0.7,0.7,0.7,67.07874870300293,21023600,19557433,0.9302608972773455,0.0,2966.86279296875,269.9894000398574,40.694480895996094,350.8985358410851,23.115036010742188,0.8242880280318738,1.3220639177558131,0.29015084624290466,16.09313850402832,986.2313964843747,1314.6009374999994,0.7361448059007591,0.5674
HCP_YOUNG_bids,/run/media/falconnier/Elements/BIDS_datasets_selection/HCP_YOUNG_bids/sub-123521/ses-1/anat/sub-123521_ses-1_T1w.nii.gz,,,,,sub-123521,ses-1,260,311,260,0.7,0.7,0.7,67.81086540222168,21023600,19670287,0.9356288647044274,0.0,3744.807373046875,381.2234429586386,144.6230926513672,440.2589317457584,130.6740026473999,1.1968174167596084,1.2575051265739836,0.1800800615549088,13.169315242767334,1242.6244384765623,1734.3779956054696,0.6470156481411508,0.6147
HCP_YOUNG_bids,/run/media/falconnier/Elements/BIDS_datasets_selection/HCP_YOUNG_bids/sub-123824/ses-1/anat/sub-123824_ses-1_T1w.nii.gz,,,,,sub-123824,ses-1,260,311,260,0.7,0.7,0.7,69.75948333740234,21023600,20225845,0.9620543103940333,0.0,3621.0205078125,355.88574945181057,92.1441879272461,442.2593303854618,79.33518314361572,2.258971779996715,1.5136803846872446,0.4664160227775574,13.178277015686035,1219.554321289063,1856.8918212890617,0.6570745792625314,0.5968
HCP_YOUNG_bids,/run/media/falconnier/Elements/BIDS_datasets_selection/HCP_YOUNG_bids/sub-123925/ses-1/anat/sub-123925_ses-1_T1w.nii.gz,,,,,sub-123925,ses-1,260,311,260,0.7,0.7,0.7,67.27803897857666,21023600,19533235,0.9291099050590764,0.0,4274.05078125,293.4209333569137,50.63188171386719,376.1689258740436,34.82766532897949,2.73563936988129,1.5034845586579522,0.02652347449213266,15.090215873718263,1032.1067260742188,1404.7455200195313,0.5266216366440744,0.5728
HCP_YOUNG_bids,/run/media/falconnier/Elements/BIDS_datasets_selection/HCP_YOUNG_bids/sub-123723/ses-1/anat/sub-123723_ses-1_T1w.nii.gz,,,,,sub-123723,ses-1,260,311,260,0.7,0.7,0.7,68.01766681671143,21023600,19708289,0.9374364523678153,0.0,4253.2822265625,355.80379783849133,79.40117645263672,447.3187193240581,68.81732654571533,2.7967216152442633,1.5679282344811794,0.37385939240455635,11.97336940765381,1212.4434570312492,1863.1025976562505,0.5555047804091855,0.5834
HCP_YOUNG_bids,/run/media/falconnier/Elements/BIDS_datasets_selection/HCP_YOUNG_bids/sub-124220/ses-1/anat/sub-124220_ses-1_T1w.nii.gz,,,,,sub-124220,ses-1,260,311,260,0.7,0.7,0.7,67.12805938720703,21023600,19486651,0.9268941094769687,0.0,3360.005859375,379.755437533737,216.11634826660156,418.253169317191,196.9936981201172,1.2853372518818071,1.209690323203537,0.3378927409648895,13.413584232330322,1173.28173828125,1676.5358276367188,0.7202291798628147,0.6291
HCP_YOUNG_bids,/run/media/falconnier/Elements/BIDS_datasets_selection/HCP_YOUNG_bids/sub-124422/ses-1/anat/sub-124422_ses-1_T1w.nii.gz,,,,,sub-124422,ses-1,260,311,260,0.7,0.7,0.7,67.45485019683838,21023600,19573674,0.93103341007249,0.0,4451.0595703125,341.48473224196925,48.82674598693848,455.8898716546494,33.957406997680664,2.6907174385407213,1.5883097890741895,0.01037560036405921,14.951499509811402,1244.769329833984,1796.8266992187491,0.5123980884476349,0.5575
HCP_YOUNG_bids,/run/media/falconnier/Elements/BIDS_datasets_selection/HCP_YOUNG_bids/sub-124624/ses-1/anat/sub-124624_ses-1_T1w.nii.gz,,,,,sub-124624,ses-1,260,311,260,0.7,0.7,0.7,67.80611038208008,21023600,19767991,0.9402762133982763,0.0,2746.785400390625,311.71015858909715,51.806541442871094,382.43714361544687,39.3704833984375,0.9180363762968349,1.2460493448168415,0.09957418888807296,14.959313869476318,1053.9029541015625,1445.5027099609379,0.8228397248222717,0.5925
HCP_YOUNG_bids,/run/media/falconnier/Elements/BIDS_datasets_selection/HCP_YOUNG_bids/sub-124826/ses-1/anat/sub-124826_ses-1_T1w.nii.gz,,,,,sub-124826,ses-1,260,311,260,0.7,0.7,0.7,67.45852756500244,21023600,19624385,0.9334455088567134,0.0,2762.747802734375,282.4209359386888,48.46115493774414,349.585271935081,33.777791023254395,0.7897690316416344,1.2460094954301741,0.03734652325510978,15.633952331542968,963.1767456054688,1307.45857421875,0.807170496353365,0.5871
HCP_YOUNG_bids,/run/media/falconnier/Elements/BIDS_datasets_selection/HCP_YOUNG_bids/sub-125222/ses-1/anat/sub-125222_ses-1_T1w.nii.gz,,,,,sub-125222,ses-1,260,311,260,0.7,0.7,0.7,68.95243549346924,21023600,20019444,0.9522367244430069,0.0,4027.5947265625,374.5905174762719,116.5875244140625,437.62755728268894,106.07103824615479,1.1871263642646879,1.2341081736179706,0.48947973430156705,12.475151872634887,1202.3434509277336,1724.1092871093751,0.5903203605363538,0.6156
HCP_YOUNG_bids,/run/media/falconnier/Elements/BIDS_datasets_selection/HCP_YOUNG_bids/sub-125424/ses-1/anat/sub-125424_ses-1_T1w.nii.gz,,,,,sub-125424,ses-1,260,311,260,0.7,0.7,0.7,67.70363712310791,21023600,19705915,0.9373235316501456,0.0,2777.43408203125,310.34572499489445,49.788002014160156,390.74286164528723,35.33700942993164,1.112067834446365,1.3103394488266469,1.0933314776420597,15.285323238372802,1068.2735107421877,1506.8558715820309,0.8104582211267229,0.5817
HCP_YOUNG_bids,/run/media/falconnier/Elements/BIDS_datasets_selection/HCP_YOUNG_bids/sub-125525/ses-1/anat/sub-125525_ses-1_T1w.nii.gz,,,,,sub-125525,ses-1,260,311,260,0.7,0.7,0.7,68.25400638580322,21023600,19782432,0.940963108126106,0.0,2344.73046875,248.9169974521856,40.07383155822754,331.24208812204375,26.417070865631104,0.7971331707683009,1.3338648803681883,0.05411393992602825,9.61620192527771,918.3349884033203,1219.5653918457033,0.9304667405743392,0.5615
HCP_YOUNG_bids,/run/media/falconnier/Elements/BIDS_datasets_selection/HCP_YOUNG_bids/sub-126325/ses-1/anat/sub-126325_ses-1_T1w.nii.gz,,,,,sub-126325,ses-1,260,311,260,0.7,0.7,0.7,67.49387836456299,21023600,19552561,0.93002915770848,0.0,2956.5068359375,267.84608288280765,43.51545333862305,342.2319700616199,31.291095733642578,0.826616508797307,1.2816466639128672,0.10233643501996995,10.198294639587402,943.2611083984375,1277.097436523437,0.7509937535139959,0.5733
HCP_YOUNG_bids,/run/media/falconnier/Elements/BIDS_datasets_selection/HCP_YOUNG_bids/sub-126426/ses-1/anat/sub-126426_ses-1_T1w.nii.gz,,,,,sub-126426,ses-1,260,311,260,0.7,0.7,0.7,67.53046035766602,21023600,19565003,0.9306209688159972,0.0,3339.986328125,283.3657381972393,40.15046691894531,392.90086673066037,26.398249626159668,1.711483436479372,1.510765045383502,0.1663969326019287,10.064647579193116,1084.84619140625,1497.071123046876,0.6629169693800738,0.5423
HCP_YOUNG_bids,/run/media/falconnier/Elements/BIDS_datasets_selection/HCP_YOUNG_bids/sub-126628/ses-1/anat/sub-126628_ses-1_T1w.nii.gz,,,,,sub-126628,ses-1,260,311,260,0.7,0.7,0.7,68.49867725372314,21023600,19859946,0.9446501074982401,0.0,4783.51708984375,390.96208622841544,62.11832809448242,514.7212071612009,51.6896276473999,2.6130669775257864,1.6039020606637684,0.16102743521332744,11.701919555664062,1420.2111206054688,2133.878833007815,0.4958202263809883,0.5676
HCP_YOUNG_bids,/run/media/falconnier/Elements/BIDS_datasets_selection/HCP_YOUNG_bids/sub-127327/ses-1/anat/sub-127327_ses-1_T1w.nii.gz,,,,,sub-127327,ses-1,260,311,260,0.7,0.7,0.7,67.74847793579102,21023600,19650259,0.9346762210087711,0.0,3980.970458984375,366.5541507383611,132.09478759765625,421.0949896688203,119.48698425292969,1.083638972949963,1.2078389615702656,0.08286347657442093,12.816385841369629,1167.458264160156,1658.4349414062472,0.6003086748957918,0.6159
HCP_YOUNG_bids,/run/media/falconnier/Elements/BIDS_datasets_selection/HCP_YOUNG_bids/sub-127630/ses-1/anat/sub-127630_ses-1_T1w.nii.gz,,,,,sub-127630,ses-1,260,311,260,0.7,0.7,0.7,67.44679260253906,21023600,19605616,0.9325527502425845,0.0,3363.97265625,337.3302466396343,49.7994327545166,428.16093644700743,34.423195362091064,1.7629933803713538,1.4090842997480104,0.07919054031372069,16.39872455596924,1154.5330810546875,1713.7863159179888,0.6760728300447902,0.577
HCP_YOUNG_bids,/run/media/falconnier/Elements/BIDS_datasets_selection/HCP_YOUNG_bids/sub-127731/ses-1/anat/sub-127731_ses-1_T1w.nii.gz,,,,,sub-127731,ses-1,260,311,260,0.7,0.7,0.7,66.67000102996826,21023600,19366559,0.9211818622880953,0.0,3246.3984375,316.2421956801957,47.12534713745117,401.1082781413486,32.955726623535156,1.1422720574440701,1.3138054026249255,0.014118435904383664,14.904220962524414,1100.0426147460935,1521.2605541992157,0.6949285169828986,0.5729
HCP_YOUNG_bids,/run/media/falconnier/Elements/BIDS_datasets_selection/HCP_YOUNG_bids/sub-127832/ses-1/anat/sub-127832_ses-1_T1w.nii.gz,,,,,sub-127832,ses-1,260,311,260,0.7,0.7,0.7,66.47370433807373,21023600,19369566,0.921324892026104,0.0,2618.489990234375,269.8002280299718,38.82367134094238,364.10705085179256,20.921785354614258,1.3501394272798128,1.4454334778665325,0.44010419249534605,15.949981689453125,1004.7105712890625,1404.3044616699235,0.8285332276183218,0.5502
HCP_YOUNG_bids,/run/media/falconnier/Elements/BIDS_datasets_selection/HCP_YOUNG_bids/sub-127933/ses-1/anat/sub-127933_ses-1_T1w.nii.gz,,,,,sub-127933,ses-1,260,311,260,0.7,0.7,0.7,68.65932941436768,21023600,19907659,0.9469196046347914,0.0,4591.23779296875,458.4784335998058,159.47227478027344,572.9058767329323,141.25881004333496,3.646546645556895,1.7095478024634936,0.4237809365987778,18.527873229980468,1574.540295410156,2479.007592773435,0.5284367259289643,0.5898
HCP_YOUNG_bids,/run/media/falconnier/Elements/BIDS_datasets_selection/HCP_YOUNG_bids/sub-128026/ses-1/anat/sub-128026_ses-1_T1w.nii.gz,,,,,sub-128026,ses-1,260,311,260,0.7,0.7,0.7,68.07865715026855,21023600,19735188,0.9387159192526494,0.0,3372.2666015625,315.29618629764207,53.28019142150879,400.6708195860899,42.29792356491089,1.8936495679683691,1.4330558749319184,0.26749391108751297,11.237464046478273,1085.18310546875,1593.1963781738255,0.6799115719133255,0.5789
HCP_YOUNG_bids,/run/media/falconnier/Elements/BIDS_datasets_selection/HCP_YOUNG_bids/sub-128127/ses-1/anat/sub-128127_ses-1_T1w.nii.gz,,,,,sub-128127,ses-1,260,311,260,0.7,0.7,0.7,66.3241138458252,21023600,19277685,0.9169545177800187,0.0,2352.718994140625,270.56921303687216,39.30996322631836,349.4606397822524,22.89854621887207,0.5966059654609799,1.2670256272136737,0.01552308440208435,14.765866470336915,983.0952880859377,1264.8813232421876,0.9256126906999587,0.5647
HCP_YOUNG_bids,/run/media/falconnier/Elements/BIDS_datasets_selection/HCP_YOUNG_bids/sub-128329/ses-1/anat/sub-128329_ses-1_T1w.nii.gz,,,,,sub-128329,ses-1,260,311,260,0.7,0.7,0.7,68.4550371170044,21023600,19906196,0.9468500161723016,0.0,3423.56591796875,359.8004024506445,86.50545120239258,433.7353102829228,71.7457218170166,1.5430896318240404,1.3342552745428184,0.10263827852904799,16.783586025238037,1192.4666137695312,1736.1923828125,0.6837874109271981,0.6022
HCP_YOUNG_bids,/run/media/falconnier/Elements/BIDS_datasets_selection/HCP_YOUNG_bids/sub-128632/ses-1/anat/sub-128632_ses-1_T1w.nii.gz,,,,,sub-128632,ses-1,260,311,260,0.7,0.7,0.7,67.36123466491699,21023600,19508205,0.9279193382674709,0.0,2841.429443359375,300.4205664553263,46.6624641418457,391.6412409387616,34.28181171417236,1.0048297935784545,1.3386267647434698,0.0715410378575325,10.435159492492676,1089.4269531250002,1488.1250976562505,0.7951760318636596,0.5648
HCP_YOUNG_bids,/run/media/falconnier/Elements/BIDS_datasets_selection/HCP_YOUNG_bids/sub-128935/ses-1/anat/sub-128935_ses-1_T1w.nii.gz,,,,,sub-128935,ses-1,260,311,260,0.7,0.7,0.7,68.58890342712402,21023600,19948779,0.9488755018170056,0.0,3507.902587890625,322.42873108406354,60.89153289794922,406.22664274962426,44.82215690612793,1.9783595077805582,1.4572980082311933,1.6215998458862304,17.241447067260744,1103.1239135742185,1641.2598046874991,0.652710997462709,0.5866
HCP_YOUNG_bids,/run/media/falconnier/Elements/BIDS_datasets_selection/HCP_YOUNG_bids/sub-129028/ses-1/anat/sub-129028_ses-1_T1w.nii.gz,,,,,sub-129028,ses-1,260,311,260,0.7,0.7,0.7,68.36708068847656,21023600,19870768,0.9451648623451739,0.0,3308.740966796875,346.57124880622536,55.27846717834473,433.16527504607745,41.32176160812378,1.3765907409300375,1.3513642701603514,0.2539948680996895,16.476820755004884,1195.5147216796868,1713.7998437499991,0.6930998014035678,0.5873
HCP_YOUNG_bids,/run/media/falconnier/Elements/BIDS_datasets_selection/HCP_YOUNG_bids/sub-129331/ses-1/anat/sub-129331_ses-1_T1w.nii.gz,,,,,sub-129331,ses-1,260,311,260,0.7,0.7,0.7,65.29626083374023,21023600,18997366,0.9036209783291158,0.0,3278.717041015625,294.64257060354225,49.50648880004883,373.61284965835995,36.7726936340332,1.2924291294431454,1.3639615594564078,0.4427531942725181,13.647841215133667,1036.7076721191406,1463.2688415527346,0.6873674318768306,0.5676
HCP_YOUNG_bids,/run/media/falconnier/Elements/BIDS_datasets_selection/HCP_YOUNG_bids/sub-129129/ses-1/anat/sub-129129_ses-1_T1w.nii.gz,,,,,sub-129129,ses-1,260,311,260,0.7,0.7,0.7,68.10097122192383,21023600,19793528,0.9414908959455088,0.0,4126.0966796875,299.5854848333624,46.61147689819336,387.38835436047793,30.574018478393555,1.5967380994834928,1.4274587292355219,0.16608029752969744,16.37961835861206,1070.830645751953,1509.7269360351575,0.5431528108856863,0.5735
HCP_YOUNG_bids,/run/media/falconnier/Elements/BIDS_datasets_selection/HCP_YOUNG_bids/sub-129533/ses-1/anat/sub-129533_ses-1_T1w.nii.gz,,,,,sub-129533,ses-1,260,311,260,0.7,0.7,0.7,67.6746473312378,21023600,19604294,0.9324898685287011,0.0,4265.84716796875,364.6347405588232,110.97623443603516,449.5789878276183,98.82185316085815,3.0317446087080278,1.58609875662638,0.3032510575652122,12.24020767211914,1231.1153320312478,1855.322603759766,0.5602385453426458,0.5896
HCP_YOUNG_bids,/run/media/falconnier/Elements/BIDS_datasets_selection/HCP_YOUNG_bids/sub-129634/ses-1/anat/sub-129634_ses-1_T1w.nii.gz,,,,,sub-129634,ses-1,260,311,260,0.7,0.7,0.7,68.9702558517456,21023600,20094371,0.9558006716261724,0.0,4149.32470703125,301.5821043963303,41.59580993652344,399.42497514304983,24.546247482299805,1.8983357280671447,1.5026261346846639,0.51137735247612,16.33305072784424,1102.1052856445312,1607.6422119140625,0.5340875922461288,0.569
HCP_YOUNG_bids,/run/media/falconnier/Elements/BIDS_datasets_selection/HCP_YOUNG_bids/sub-129937/ses-1/anat/sub-129937_ses-1_T1w.nii.gz,,,,,sub-129937,ses-1,260,311,260,0.7,0.7,0.7,67.21764183044434,21023600,19499806,0.9275198348522613,0.0,3455.13330078125,304.36734937001614,51.88333511352539,387.1014800327116,41.36300182342529,1.8056433456375016,1.4224446908526722,0.21371978148818016,10.716553211212158,1048.2249450683594,1526.6057067871093,0.6607906571552499,0.5747
HCP_YOUNG_bids,/run/media/falconnier/Elements/BIDS_datasets_selection/HCP_YOUNG_bids/sub-130013/ses-1/anat/sub-130013_ses-1_T1w.nii.gz,,,,,sub-130013,ses-1,260,311,260,0.7,0.7,0.7,66.08112144470215,21023600,19219404,0.9141823474571434,0.0,2839.246337890625,334.6495510565418,106.20985794067383,391.70112728908697,91.34970951080322,1.5230607510117213,1.3094844654867994,0.7315829670429229,16.661798763275147,1078.1310485839836,1576.0938281249983,0.8177945606708815,0.6019
HCP_YOUNG_bids,/run/media/falconnier/Elements/BIDS_datasets_selection/HCP_YOUNG_bids/sub-130316/ses-1/anat/sub-130316_ses-1_T1w.nii.gz,,,,,sub-130316,ses-1,260,311,260,0.7,0.7,0.7,68.37660598754883,21023600,19816592,0.9425879487813695,0.0,3581.365478515625,317.93992193645664,54.513309478759766,401.6906076717512,43.77044439315796,1.2242602786787327,1.326299429910461,0.053423333801329145,10.4453763961792,1091.791369628906,1559.2127331542965,0.641545849340952,0.582
HCP_YOUNG_bids,/run/media/falconnier/Elements/BIDS_datasets_selection/HCP_YOUNG_bids/sub-130417/ses-1/anat/sub-130417_ses-1_T1w.nii.gz,,,,,sub-130417,ses-1,260,311,260,0.7,0.7,0.7,67.59146690368652,21023600,19585404,0.9315913544778249,0.0,5284.31689453125,367.4659731549049,82.7780532836914,450.2518195718162,73.44023180007935,1.388698046893997,1.351481062466012,0.1098334962874651,12.346285390853883,1263.368347167966,1789.4926647949214,0.4510230495643602,0.5906
HCP_YOUNG_bids,/run/media/falconnier/Elements/BIDS_datasets_selection/HCP_YOUNG_bids/sub-130518/ses-1/anat/sub-130518_ses-1_T1w.nii.gz,,,,,sub-130518,ses-1,260,311,260,0.7,0.7,0.7,66.97958374023438,21023600,19423419,0.9238864419033848,0.0,3229.094970703125,310.0006076671613,60.246246337890625,392.8278224814335,47.619606018066406,1.768257844777552,1.436234200640041,0.1588514694571495,11.787607097625733,1076.2843139648435,1572.824367675782,0.7152750356374741,0.5754
HCP_YOUNG_bids,/run/media/falconnier/Elements/BIDS_datasets_selection/HCP_YOUNG_bids/sub-130619/ses-1/anat/sub-130619_ses-1_T1w.nii.gz,,,,,sub-130619,ses-1,260,311,260,0.7,0.7,0.7,67.44902324676514,21023600,19558906,0.9303309613957648,0.0,3685.76123046875,296.1851676717267,42.00498390197754,406.8847485146874,28.46682834625244,2.2842581289083492,1.5856434831135007,0.3177004516124727,10.670212030410767,1131.654052734375,1588.1697998046857,0.6072496593346205,0.5462
HCP_YOUNG_bids,/run/media/falconnier/Elements/BIDS_datasets_selection/HCP_YOUNG_bids/sub-130720/ses-1/anat/sub-130720_ses-1_T1w.nii.gz,,,,,sub-130720,ses-1,260,311,260,0.7,0.7,0.7,69.33627986907959,21023600,20104248,0.9562704769877661,0.0,3978.525634765625,374.21140832296044,117.10952377319336,449.70235481824636,104.88529968261719,2.025120771720009,1.419826781245051,0.5520915752649308,13.020039558410645,1239.8139221191404,1849.7488024902377,0.6015205241295648,0.6072
HCP_YOUNG_bids,/run/media/falconnier/Elements/BIDS_datasets_selection/HCP_YOUNG_bids/sub-130922/ses-1/anat/sub-130922_ses-1_T1w.nii.gz,,,,,sub-130922,ses-1,260,311,260,0.7,0.7,0.7,68.77451610565186,21023600,19999221,0.9512748054567248,0.0,4037.3662109375,299.92049435810213,41.83774948120117,395.1894171503631,27.001514434814453,1.5215962611287202,1.4290547657442176,0.016486483812332156,14.66727352142334,1104.6900634765625,1500.1558837890625,0.5520639042742277,0.5691
HCP_YOUNG_bids,/run/media/falconnier/Elements/BIDS_datasets_selection/HCP_YOUNG_bids/sub-130821/ses-1/anat/sub-130821_ses-1_T1w.nii.gz,,,,,sub-130821,ses-1,260,311,260,0.7,0.7,0.7,67.05900001525879,21023600,19411472,0.923318175764379,0.0,5274.337890625,362.68414618222477,59.91444778442383,471.4388145163405,50.59651327133179,3.22330570220874,1.6358998363670496,0.08182365529239176,10.98495693206787,1257.8691955566405,1953.5486962890573,0.44541162120924005,0.5653
HCP_YOUNG_bids,/run/media/falconnier/Elements/BIDS_datasets_selection/HCP_YOUNG_bids/sub-131217/ses-1/anat/sub-131217_ses-1_T1w.nii.gz,,,,,sub-131217,ses-1,260,311,260,0.7,0.7,0.7,66.40987396240234,21023600,19274483,0.9168022127513842,0.0,3374.961669921875,307.3510623970057,49.35601043701172,391.5613334843364,33.39858531951904,1.5199018702081037,1.3991947013009998,0.10118608325719834,16.511555099487303,1076.8586303710936,1534.9213452148424,0.668576189597014,0.5706
HCP_YOUNG_bids,/run/media/falconnier/Elements/BIDS_datasets_selection/HCP_YOUNG_bids/sub-131419/ses-1/anat/sub-131419_ses-1_T1w.nii.gz,,,,,sub-131419,ses-1,260,311,260,0.7,0.7,0.7,67.22192573547363,21023600,19598562,0.9322172225498963,0.0,3061.11279296875,272.2861463572287,34.88040733337402,388.48889194375545,17.252944946289062,2.1079817737963804,1.6146459351715359,0.3629252824187279,14.67815146446228,1078.9230834960936,1531.3580615234387,0.7010896555368871,0.5323
HCP_YOUNG_bids,/run/media/falconnier/Elements/BIDS_datasets_selection/HCP_YOUNG_bids/sub-131722/ses-1/anat/sub-131722_ses-1_T1w.nii.gz,,,,,sub-131722,ses-1,260,311,260,0.7,0.7,0.7,66.9331636428833,21023600,19395126,0.9225406685819746,0.0,4092.671875,345.74076654183517,51.10811424255371,452.69311443426415,39.66377353668213,2.342845074118725,1.5246039695633027,0.07585583440959454,11.08815312385559,1237.4822692871094,1774.7388000488281,0.5647476916280354,0.5618
HCP_YOUNG_bids,/run/media/falconnier/Elements/BIDS_datasets_selection/HCP_YOUNG_bids/sub-131823/ses-1/anat/sub-131823_ses-1_T1w.nii.gz,,,,,sub-131823,ses-1,260,311,260,0.7,0.7,0.7,67.914719581604,21023600,19737463,0.9388241309766168,0.0,3535.001220703125,396.9657117823671,99.50624084472656,477.1398153865845,86.21432399749756,1.2075518514290797,1.2809833391218202,0.1370756110548973,16.735048484802245,1320.447021484375,1893.271494140623,0.6690109779405901,0.5999
HCP_YOUNG_bids,/run/media/falconnier/Elements/BIDS_datasets_selection/HCP_YOUNG_bids/sub-131924/ses-1/anat/sub-131924_ses-1_T1w.nii.gz,,,,,sub-131924,ses-1,260,311,260,0.7,0.7,0.7,67.52204895019531,21023600,19641241,0.9342472744915238,0.0,3327.79638671875,372.1683462646531,185.18307495117188,421.8107296154116,164.45261573791504,1.620783699615961,1.304750412922185,3.115773153305054,18.108736038208008,1170.7396240234375,1730.7629150390658,0.7157718611251025,0.6217
HCP_YOUNG_bids,/run/media/falconnier/Elements/BIDS_datasets_selection/HCP_YOUNG_bids/sub-132017/ses-1/anat/sub-132017_ses-1_T1w.nii.gz,,,,,sub-132017,ses-1,260,311,260,0.7,0.7,0.7,66.98220348358154,21023600,19421076,0.9237749957190966,0.0,3542.093017578125,316.8279981234945,48.700082778930664,414.99603799954315,35.269105434417725,1.664310901706811,1.4476196210825176,0.1397920660674572,11.456874370574951,1154.6901245117188,1619.8468627929688,0.6433560191225662,0.5621
HCP_YOUNG_bids,/run/media/falconnier/Elements/BIDS_datasets_selection/HCP_YOUNG_bids/sub-132118/ses-1/anat/sub-132118_ses-1_T1w.nii.gz,,,,,sub-132118,ses-1,260,311,260,0.7,0.7,0.7,68.06285953521729,21023600,19857059,0.9445127856313856,0.0,2712.2138671875,272.00492758018174,37.2479248046875,374.3673521804071,19.73833465576172,1.5537568547909846,1.5000487594313667,0.22270257979631444,15.05697259902954,1044.656494140625,1455.1956909179676,0.7982551324698992,0.5502
HCP_YOUNG_bids,/run/media/falconnier/Elements/BIDS_datasets_selection/HCP_YOUNG_bids/sub-133019/ses-1/anat/sub-133019_ses-1_T1w.nii.gz,,,,,sub-133019,ses-1,260,311,260,0.7,0.7,0.7,65.49258613586426,21023600,19078005,0.9074566201792271,0.0,2814.26318359375,318.8677422942897,45.53245544433594,406.09940873929855,29.08131217956543,0.8135980845425879,1.2828795300540246,0.8881406354904176,16.571305084228516,1137.0373046875006,1532.8802343750003,0.7959947634692826,0.5667
HCP_YOUNG_bids,/run/media/falconnier/Elements/BIDS_datasets_selection/HCP_YOUNG_bids/sub-133625/ses-1/anat/sub-133625_ses-1_T1w.nii.gz,,,,,sub-133625,ses-1,260,311,260,0.7,0.7,0.7,68.2982530593872,21023600,19836779,0.9435481554063053,0.0,3889.319580078125,400.1490852567802,64.76107788085938,500.2746404178319,51.678497314453125,1.7728147741795341,1.4026350475538873,0.23702406376600266,17.31434783935547,1379.454626464843,1989.1587182617186,0.6022987624500686,0.5866
HCP_YOUNG_bids,/run/media/falconnier/Elements/BIDS_datasets_selection/HCP_YOUNG_bids/sub-133827/ses-1/anat/sub-133827_ses-1_T1w.nii.gz,,,,,sub-133827,ses-1,260,311,260,0.7,0.7,0.7,67.24840831756592,21023600,19471485,0.9261727296942484,0.0,4980.388671875,484.8476689443063,333.719970703125,543.343440244781,306.755802154541,2.8645861874932033,1.5102862293856827,0.3368731379508972,13.995023727416994,1526.5772216796877,2359.150302734375,0.5064709155530196,0.6237
HCP_YOUNG_bids,/run/media/falconnier/Elements/BIDS_datasets_selection/HCP_YOUNG_bids/sub-133928/ses-1/anat/sub-133928_ses-1_T1w.nii.gz,,,,,sub-133928,ses-1,260,311,260,0.7,0.7,0.7,67.81165409088135,21023600,19664622,0.9353594056203505,0.0,4496.3955078125,421.2254781704548,112.91353988647461,536.5164921674059,97.93014669418335,3.774189995892365,1.7325532240572572,0.02338294642046094,17.19586009979248,1454.514514160156,2296.1219824218715,0.5339222847557656,0.5784
HCP_YOUNG_bids,/run/media/falconnier/Elements/BIDS_datasets_selection/HCP_YOUNG_bids/sub-134021/ses-1/anat/sub-134021_ses-1_T1w.nii.gz,,,,,sub-134021,ses-1,260,311,260,0.7,0.7,0.7,68.0030927658081,21023600,19838047,0.9436084685781693,0.0,3547.603759765625,290.6152718948092,36.07747268676758,411.21541559647693,18.63079071044922,2.047050141324563,1.5865931970893064,0.8184147322177887,15.046877670288087,1132.2054931640623,1608.6307324218724,0.6124610079860769,0.5389
HCP_YOUNG_bids,/run/media/falconnier/Elements/BIDS_datasets_selection/HCP_YOUNG_bids/sub-134223/ses-1/anat/sub-134223_ses-1_T1w.nii.gz,,,,,sub-134223,ses-1,260,311,260,0.7,0.7,0.7,67.6295518875122,21023600,19672928,0.9357544854354154,0.0,2814.35986328125,299.8244092980848,46.846426010131836,374.83810050547265,32.581177711486816,1.0213086226856465,1.2948873624219053,0.34232107311487203,15.450941133499146,1034.2833251953125,1443.592678222657,0.7945932557166947,0.5839
HCP_YOUNG_bids,/run/media/falconnier/Elements/BIDS_datasets_selection/HCP_YOUNG_bids/sub-134324/ses-1/anat/sub-134324_ses-1_T1w.nii.gz,,,,,sub-134324,ses-1,260,311,260,0.7,0.7,0.7,67.82065391540527,21023600,19722862,0.9381296257539147,0.0,2658.120849609375,315.11751567667676,56.24417495727539,387.60056719186093,42.51218366622925,1.0213562942968473,1.2862625662579943,0.2835130447149277,15.901523876190186,1077.6598937988279,1522.0346618652347,0.8535785633508912,0.5911
HCP_YOUNG_bids,/run/media/falconnier/Elements/BIDS_datasets_selection/HCP_YOUNG_bids/sub-134627/ses-1/anat/sub-134627_ses-1_T1w.nii.gz,,,,,sub-134627,ses-1,260,311,260,0.7,0.7,0.7,67.912841796875,21023600,19656167,0.9349572385319356,0.0,3324.01220703125,365.4163254464321,102.4955825805664,448.5290036738403,91.11461067199707,2.082924151359059,1.4735036633038172,0.26583576142787935,12.431937122344971,1240.9930053710937,1884.662019042968,0.7165100840503348,0.5917
HCP_YOUNG_bids,/run/media/falconnier/Elements/BIDS_datasets_selection/HCP_YOUNG_bids/sub-134425/ses-1/anat/sub-134425_ses-1_T1w.nii.gz,,,,,sub-134425,ses-1,260,311,260,0.7,0.7,0.7,67.8689317703247,21023600,19681277,0.9361516105709774,0.0,2896.365966796875,280.05668009634496,47.781734466552734,371.89317342043773,34.67876720428467,2.2534533803074215,1.5709032935330096,0.28448692798614506,11.34616928100586,1024.3845947265622,1507.499023437495,0.7788491077056349,0.5621
HCP_YOUNG_bids,/run/media/falconnier/Elements/BIDS_datasets_selection/HCP_YOUNG_bids/sub-134728/ses-1/anat/sub-134728_ses-1_T1w.nii.gz,,,,,sub-134728,ses-1,260,311,260,0.7,0.7,0.7,68.2901258468628,21023600,19847163,0.9440420765235259,0.0,4137.337890625,402.5803344893024,200.6182098388672,456.96350370977234,178.54265975952148,1.4563856802932085,1.2982419415120565,0.2305297443270683,18.731047058105467,1296.1790527343746,1864.047426757812,0.587334796873371,0.6249
HCP_YOUNG_bids,/run/media/falconnier/Elements/BIDS_datasets_selection/HCP_YOUNG_bids/sub-135124/ses-1/anat/sub-135124_ses-1_T1w.nii.gz,,,,,sub-135124,ses-1,260,311,260,0.7,0.7,0.7,66.86391925811768,21023600,19417294,0.9235951026465495,0.0,3895.9970703125,355.8541915680154,50.31642723083496,468.6666980187619,35.82121229171753,2.477980630326801,1.572976267557375,0.10230431705713271,15.76532073020935,1284.6671997070307,1900.8895751953132,0.5893934400004163,0.5603
HCP_YOUNG_bids,/run/media/falconnier/Elements/BIDS_datasets_selection/HCP_YOUNG_bids/sub-134829/ses-1/anat/sub-134829_ses-1_T1w.nii.gz,,,,,sub-134829,ses-1,260,311,260,0.7,0.7,0.7,67.26760482788086,21023600,19454046,0.9253432333187466,0.0,3982.142578125,328.72226604231844,78.0652961730957,412.54879017282127,67.24657917022705,2.6933264539745085,1.5428193816017957,0.07617114670574666,10.982842206954956,1110.5097045898438,1686.4420532226586,0.5882038131013948,0.5799
HCP_YOUNG_bids,/run/media/falconnier/Elements/BIDS_datasets_selection/HCP_YOUNG_bids/sub-135225/ses-1/anat/sub-135225_ses-1_T1w.nii.gz,,,,,sub-135225,ses-1,260,311,260,0.7,0.7,0.7,66.89831447601318,21023600,19485763,0.9268518712304268,0.0,2948.113525390625,271.00424351901745,37.756439208984375,370.6258333211227,19.501466751098633,2.501016425602301,1.6208898293124514,2.1989062070846557,16.14266014099121,1007.3813903808591,1501.8765576171872,0.7328189173775729,0.5476
HCP_YOUNG_bids,/run/media/falconnier/Elements/BIDS_datasets_selection/HCP_YOUNG_bids/sub-135629/ses-1/anat/sub-135629_ses-1_T1w.nii.gz,,,,,sub-135629,ses-1,260,311,260,0.7,0.7,0.7,67.75102996826172,21023600,19634138,0.933909416084781,0.0,3996.338623046875,401.5927448291606,83.07592391967773,498.6779087116166,75.58350086212158,2.015140779732067,1.450047063809304,0.24863156840205192,12.29716148376465,1379.414306640625,2040.9062866210925,0.5984299341032397,0.5862
HCP_YOUNG_bids,/run/media/falconnier/Elements/BIDS_datasets_selection/HCP_YOUNG_bids/sub-135528/ses-1/anat/sub-135528_ses-1_T1w.nii.gz,,,,,sub-135528,ses-1,260,311,260,0.7,0.7,0.7,67.89453315734863,21023600,19689256,0.9365311364371468,0.0,3091.1298828125,262.38583180930823,38.45536804199219,385.9495876807106,21.981096267700195,2.675934336477524,1.732676621923891,0.3073328390717507,10.821142196655273,1077.0118713378906,1525.7619506835936,0.7019269675741416,0.5225
HCP_YOUNG_bids,/run/media/falconnier/Elements/BIDS_datasets_selection/HCP_YOUNG_bids/sub-135730/ses-1/anat/sub-135730_ses-1_T1w.nii.gz,,,,,sub-135730,ses-1,260,311,260,0.7,0.7,0.7,67.57691955566406,21023600,19579940,0.9313314560779314,0.0,3933.972412109375,393.3079313312514,133.0399169921875,472.19365890819097,119.96022891998291,1.8626866686514534,1.3957538284865487,0.13777957648038866,12.597103071212768,1290.108532714844,1951.6826293945305,0.6131981445647536,0.5985
HCP_YOUNG_bids,/run/media/falconnier/Elements/BIDS_datasets_selection/HCP_YOUNG_bids/sub-135932/ses-1/anat/sub-135932_ses-1_T1w.nii.gz,,,,,sub-135932,ses-1,260,311,260,0.7,0.7,0.7,67.46359825134277,21023600,19602331,0.932396497269735,0.0,4239.20361328125,302.1418139466125,58.597877502441406,363.03414312617554,45.33488082885742,0.9782891548336221,1.2040926975017094,0.0493498656898737,15.415863513946533,998.51416015625,1342.6154418945302,0.5333862327861879,0.5977
HCP_YOUNG_bids,/run/media/falconnier/Elements/BIDS_datasets_selection/HCP_YOUNG_bids/sub-136126/ses-1/anat/sub-136126_ses-1_T1w.nii.gz,,,,,sub-136126,ses-1,260,311,260,0.7,0.7,0.7,68.57880115509033,21023600,19903948,0.946743088719344,0.0,3878.38427734375,419.06254575428375,208.43712615966797,481.66250353696057,186.9140386581421,1.894577311885369,1.3650753848471078,0.12049627035856247,18.491285419464113,1335.1395263671875,2013.5262963867208,0.625318360298031,0.621
HCP_YOUNG_bids,/run/media/falconnier/Elements/BIDS_datasets_selection/HCP_YOUNG_bids/sub-136227/ses-1/anat/sub-136227_ses-1_T1w.nii.gz,,,,,sub-136227,ses-1,260,311,260,0.7,0.7,0.7,66.02859401702881,21023600,19176515,0.9121423067409958,0.0,3906.732421875,422.6910214708308,222.7415313720703,488.5025522190679,200.18540382385254,2.4710391114493726,1.470290443425445,0.5259460687637332,18.498563766479492,1367.3105834960938,2054.579272460931,0.6248322818257593,0.6068
HCP_YOUNG_bids,/run/media/falconnier/Elements/BIDS_datasets_selection/HCP_YOUNG_bids/sub-136631/ses-1/anat/sub-136631_ses-1_T1w.nii.gz,,,,,sub-136631,ses-1,260,311,260,0.7,0.7,0.7,67.34236907958984,21023600,19580633,0.9313644190338477,0.0,3682.118896484375,423.60022097016383,189.45111083984375,486.1145564449943,169.04491996765137,1.63034683657051,1.305903715652017,0.10941538810729981,18.615873718261717,1341.4910400390618,1991.66740234375,0.6601458456378405,0.6155
HCP_YOUNG_bids,/run/media/falconnier/Elements/BIDS_datasets_selection/HCP_YOUNG_bids/sub-136732/ses-1/anat/sub-136732_ses-1_T1w.nii.gz,,,,,sub-136732,ses-1,260,311,260,0.7,0.7,0.7,67.42573738098145,21023600,19560391,0.9304015963012995,0.0,5430.77783203125,293.2457258050262,52.51681900024414,362.62468270375877,41.23407745361328,0.895662912208762,1.2370315704902115,0.03944244049489496,10.567015647888184,992.9772644042969,1337.6213500976564,0.41992251752495335,0.5859
HCP_YOUNG_bids,/run/media/falconnier/Elements/BIDS_datasets_selection/HCP_YOUNG_bids/sub-136833/ses-1/anat/sub-136833_ses-1_T1w.nii.gz,,,,,sub-136833,ses-1,260,311,260,0.7,0.7,0.7,68.3954267501831,21023600,19861928,0.9447443825034723,0.0,3292.555419921875,312.2462641960732,48.960426330566406,413.2137038139008,36.42449474334717,2.146049467809406,1.5298427922809466,0.33533425271511097,11.049226903915406,1135.3587524414052,1660.3808203125009,0.6917657430215753,0.5655
HCP_YOUNG_bids,/run/media/falconnier/Elements/BIDS_datasets_selection/HCP_YOUNG_bids/sub-137027/ses-1/anat/sub-137027_ses-1_T1w.nii.gz,,,,,sub-137027,ses-1,260,311,260,0.7,0.7,0.7,67.39643955230713,21023600,19509357,0.9279741338305524,0.0,4628.0771484375,373.7398116870525,73.9556655883789,474.74804960455606,64.75940418243408,2.78561831344393,1.5932987211471523,0.1943626832962036,12.482658386230469,1288.023095703125,2027.9237500000154,0.5128204695336381,0.5762
HCP_YOUNG_bids,/run/media/falconnier/Elements/BIDS_datasets_selection/HCP_YOUNG_bids/sub-137128/ses-1/anat/sub-137128_ses-1_T1w.nii.gz,,,,,sub-137128,ses-1,260,311,260,0.7,0.7,0.7,67.19964694976807,21023600,19612820,0.9328954127742156,0.0,2649.294677734375,260.06825492512553,34.05951690673828,368.1412440355501,15.793455123901367,1.8935335475414377,1.5635817589224135,0.29856162399053576,15.082157850265503,1010.2381622314454,1435.1013940429684,0.7973436779314291,0.5354
HCP_YOUNG_bids,/run/media/falconnier/Elements/BIDS_datasets_selection/HCP_YOUNG_bids/sub-137229/ses-1/anat/sub-137229_ses-1_T1w.nii.gz,,,,,sub-137229,ses-1,260,311,260,0.7,0.7,0.7,69.2156286239624,21023600,20165112,0.9591655092372382,0.0,3333.978271484375,374.7566916056008,203.23694610595703,412.6609360977726,181.54717254638672,1.3101663100253873,1.2185542516657146,0.6335121315717698,18.008807277679445,1145.0021179199216,1674.9761157226567,0.7211575142943417,0.6418
HCP_YOUNG_bids,/run/media/falconnier/Elements/BIDS_datasets_selection/HCP_YOUNG_bids/sub-137431/ses-1/anat/sub-137431_ses-1_T1w.nii.gz,,,,,sub-137431,ses-1,260,311,260,0.7,0.7,0.7,67.92877960205078,21023600,19700557,0.9370686752031051,0.0,3021.228271484375,317.25365197911407,45.506778717041016,425.0755156122321,32.31091594696045,1.4488830141173672,1.4359976636732028,0.26771805763244627,11.010689163208008,1180.2407714843748,1636.5357617187515,0.7497994343466963,0.5574
HCP_YOUNG_bids,/run/media/falconnier/Elements/BIDS_datasets_selection/HCP_YOUNG_bids/sub-137532/ses-1/anat/sub-137532_ses-1_T1w.nii.gz,,,,,sub-137532,ses-1,260,311,260,0.7,0.7,0.7,67.49118995666504,21023600,19600204,0.9322953252535247,0.0,3172.697021484375,370.0579057714446,119.37286376953125,435.4801301428476,103.35648536682129,1.0330740906114988,1.2486714784830446,0.3211635544896126,17.181846714019777,1224.169812011717,1718.4931762695269,0.7425793081304638,0.606
HCP_YOUNG_bids,/run/media/falconnier/Elements/BIDS_datasets_selection/HCP_YOUNG_bids/sub-137633/ses-1/anat/sub-137633_ses-1_T1w.nii.gz,,,,,sub-137633,ses-1,260,311,260,0.7,0.7,0.7,66.59440994262695,21023600,19383736,0.9219988964782435,0.0,2320.246826171875,271.8697988658956,39.478750228881836,350.1802802750835,22.21198558807373,0.7278723139810661,1.281257171199833,0.20738192275166512,15.852748394012451,971.3336486816406,1296.0120727539052,0.9356702004916009,0.5676
HCP_YOUNG_bids,/run/media/falconnier/Elements/BIDS_datasets_selection/HCP_YOUNG_bids/sub-137936/ses-1/anat/sub-137936_ses-1_T1w.nii.gz,,,,,sub-137936,ses-1,260,311,260,0.7,0.7,0.7,68.26586818695068,21023600,19853749,0.9443553435187123,0.0,3680.54296875,331.8267598861849,72.46953582763672,409.29774251582865,58.95101261138916,2.634766827100739,1.5442666769864304,0.23649564743042,16.953245162963867,1121.2518554687495,1731.4094140624989,0.6286662458251906,0.5937
HCP_YOUNG_bids,/run/media/falconnier/Elements/BIDS_datasets_selection/HCP_YOUNG_bids/sub-138130/ses-1/anat/sub-138130_ses-1_T1w.nii.gz,,,,,sub-138130,ses-1,260,311,260,0.7,0.7,0.7,66.39722919464111,21023600,19317131,0.9188307901596301,0.0,2915.637939453125,324.5594381048683,44.74565505981445,413.9097276986483,27.905014038085938,1.1320598467964453,1.318256776503536,0.33429489433765414,16.7833833694458,1142.0120849609375,1569.6827514648426,0.7677480333268618,0.5701
HCP_YOUNG_bids,/run/media/falconnier/Elements/BIDS_datasets_selection/HCP_YOUNG_bids/sub-138231/ses-1/anat/sub-138231_ses-1_T1w.nii.gz,,,,,sub-138231,ses-1,260,311,260,0.7,0.7,0.7,67.21527671813965,21023600,19480735,0.9266127114290607,0.0,3830.501220703125,271.9058226164577,45.178993225097656,359.8446063267477,31.720497131347656,1.5656243776687768,1.4532971093718279,0.22920042037963864,10.977330684661865,990.0594665527344,1387.4853515625,0.5840148635469183,0.5596
HCP_YOUNG_bids,/run/media/falconnier/Elements/BIDS_datasets_selection/HCP_YOUNG_bids/sub-138332/ses-1/anat/sub-138332_ses-1_T1w.nii.gz,,,,,sub-138332,ses-1,260,311,260,0.7,0.7,0.7,67.89232349395752,21023600,19676906,0.9359437013641813,0.0,6368.32177734375,327.65922030129315,51.20175361633301,431.31148092116604,40.28884506225586,2.2607224279297258,1.5562453888090457,0.1841282024979592,11.079061269760132,1190.6200561523438,1787.202905273436,0.36451768031049275,0.5648
HCP_YOUNG_bids,/run/media/falconnier/Elements/BIDS_datasets_selection/HCP_YOUNG_bids/sub-138534/ses-1/anat/sub-138534_ses-1_T1w.nii.gz,,,,,sub-138534,ses-1,260,311,260,0.7,0.7,0.7,67.52112579345703,21023600,19615921,0.9330429136779619,0.0,3108.430419921875,329.400107785372,72.4540786743164,412.7617214956944,57.672945976257324,2.340150747112201,1.5474258646897354,0.6423111081123353,17.038660049438477,1155.21533203125,1752.6488769531302,0.7427806804699648,0.5838
HCP_YOUNG_bids,/run/media/falconnier/Elements/BIDS_datasets_selection/HCP_YOUNG_bids/sub-138837/ses-1/anat/sub-138837_ses-1_T1w.nii.gz,,,,,sub-138837,ses-1,260,311,260,0.7,0.7,0.7,69.19945812225342,21023600,20103360,0.9562282387412242,0.0,3689.35400390625,304.74368858247317,47.138601303100586,396.7941128927509,34.62295627593994,1.796335226995489,1.45540382291647,0.6459919655323028,11.594303369522097,1083.4555725097657,1587.1787109375,0.6142585154888281,0.5755
HCP_YOUNG_bids,/run/media/falconnier/Elements/BIDS_datasets_selection/HCP_YOUNG_bids/sub-139233/ses-1/anat/sub-139233_ses-1_T1w.nii.gz,,,,,sub-139233,ses-1,260,311,260,0.7,0.7,0.7,67.21370887756348,21023600,19567360,0.9307330809185868,0.0,2531.32373046875,285.31330157657663,49.71528244018555,359.121139871768,35.031198024749756,1.3870888408338287,1.3668127177556355,0.565485006570816,15.430170631408693,983.7489105224611,1403.9909729003907,0.8830710849548482,0.5802
HCP_YOUNG_bids,/run/media/falconnier/Elements/BIDS_datasets_selection/HCP_YOUNG_bids/sub-139435/ses-1/anat/sub-139435_ses-1_T1w.nii.gz,,,,,sub-139435,ses-1,260,311,260,0.7,0.7,0.7,66.77578735351562,21023600,19455337,0.9254046404992484,0.0,3656.6064453125,333.87254360328734,42.98124694824219,443.64805887272223,27.911423683166504,2.252914087705462,1.529175581443663,0.46482195615768435,14.709175300598146,1201.3668212890625,1769.6961425781283,0.6163788573462996,0.557
HCP_YOUNG_bids,/run/media/falconnier/Elements/BIDS_datasets_selection/HCP_YOUNG_bids/sub-139637/ses-1/anat/sub-139637_ses-1_T1w.nii.gz,,,,,sub-139637,ses-1,260,311,260,0.7,0.7,0.7,67.98297691345215,21023600,19688985,0.9365182461614566,0.0,3434.91943359375,254.16805803406908,43.392826080322266,329.4332219691258,30.72414493560791,0.8765947676029504,1.3210968243722383,0.08238564252853392,10.265734481811524,922.0330200195315,1215.2920654296877,0.6443311892556401,0.5705
HCP_YOUNG_bids,/run/media/falconnier/Elements/BIDS_datasets_selection/HCP_YOUNG_bids/sub-139839/ses-1/anat/sub-139839_ses-1_T1w.nii.gz,,,,,sub-139839,ses-1,260,311,260,0.7,0.7,0.7,68.1350269317627,21023600,19757870,0.9397948020320022,0.0,4456.943359375,422.64441621101,111.27503204345703,529.8058428872447,96.69932508468628,3.303545481202611,1.6380523253552401,0.04910981263965369,17.806400108337403,1446.4835876464845,2218.3652416992145,0.5361962991287285,0.5856
HCP_YOUNG_bids,/run/media/falconnier/Elements/BIDS_datasets_selection/HCP_YOUNG_bids/sub-140117/ses-1/anat/sub-140117_ses-1_T1w.nii.gz,,,,,sub-140117,ses-1,260,311,260,0.7,0.7,0.7,66.98586940765381,21023600,19506869,0.927855790635286,0.0,3386.067138671875,307.28225184326396,39.75809097290039,414.2587235595288,22.841562271118164,2.1955980043205052,1.556503190453756,0.30793123364448544,15.79507465362549,1153.8971191406245,1622.7807470703156,0.6543393313393231,0.5527
HCP_YOUNG_bids,/run/media/falconnier/Elements/BIDS_datasets_selection/HCP_YOUNG_bids/sub-140319/ses-1/anat/sub-140319_ses-1_T1w.nii.gz,,,,,sub-140319,ses-1,260,311,260,0.7,0.7,0.7,67.08564281463623,21023600,19520480,0.928503205920965,0.0,2850.01904296875,269.9836139957785,39.21365547180176,360.43413753626425,20.95294189453125,1.7531608215501544,1.4922023703879843,0.2802452713251114,16.41892805099487,997.0425598144534,1404.2013623046914,0.7623746038565833,0.5571
HCP_YOUNG_bids,/run/media/falconnier/Elements/BIDS_datasets_selection/HCP_YOUNG_bids/sub-140420/ses-1/anat/sub-140420_ses-1_T1w.nii.gz,,,,,sub-140420,ses-1,260,311,260,0.7,0.7,0.7,67.89924240112305,21023600,19732850,0.938604710896326,0.0,3533.523681640625,301.7282790405388,54.49795341491699,379.3765465314039,39.19044303894043,1.5665030661118733,1.3742218391833112,0.05965462170541284,15.512633562088013,1032.212957763672,1485.1902648925811,0.6412124716850706,0.5832
HCP_YOUNG_bids,/run/media/falconnier/Elements/BIDS_datasets_selection/HCP_YOUNG_bids/sub-140824/ses-1/anat/sub-140824_ses-1_T1w.nii.gz,,,,,sub-140824,ses-1,260,311,260,0.7,0.7,0.7,69.84752655029297,21023600,20325410,0.9667901786563672,0.0,3043.6865234375,392.50787352154805,220.51776885986328,430.475380343292,197.99912643432617,1.1130517432292537,1.198580847520109,2.343897199630737,18.328207969665527,1221.7689208984375,1722.0621228027344,0.797243189750606,0.6462
HCP_YOUNG_bids,/run/media/falconnier/Elements/BIDS_datasets_selection/HCP_YOUNG_bids/sub-140925/ses-1/anat/sub-140925_ses-1_T1w.nii.gz,,,,,sub-140925,ses-1,260,311,260,0.7,0.7,0.7,67.61569690704346,21023600,19611308,0.9328234935976711,0.0,4450.97216796875,408.7978768877938,171.45288848876953,477.9659291210381,154.78525161743164,3.0134426602429842,1.4808772589890107,0.009126559970900418,15.325506305694581,1266.285400390625,1989.543592529296,0.5412582163265719,0.6092
HCP_YOUNG_bids,/run/media/falconnier/Elements/BIDS_datasets_selection/HCP_YOUNG_bids/sub-141119/ses-1/anat/sub-141119_ses-1_T1w.nii.gz,,,,,sub-141119,ses-1,260,311,260,0.7,0.7,0.7,68.78187370300293,21023600,20007998,0.9516922886660705,0.0,3381.63916015625,354.1498404754359,86.79838943481445,428.97732013244405,74.21192407608032,1.8299534165643774,1.3993868759521189,0.7308645343780518,16.277502059936523,1183.8334472656243,1750.0406640625006,0.6898014092368296,0.6024
HCP_YOUNG_bids,/run/media/falconnier/Elements/BIDS_datasets_selection/HCP_YOUNG_bids/sub-141422/ses-1/anat/sub-141422_ses-1_T1w.nii.gz,,,,,sub-141422,ses-1,260,311,260,0.7,0.7,0.7,68.09190559387207,21023600,19774310,0.9405767803801443,0.0,2993.98095703125,277.562644321091,43.95650291442871,358.6172204285236,27.63651943206787,2.1232032872728404,1.5046963911478535,0.6040723460912704,16.265213012695312,970.1190917968752,1434.658981933594,0.7394271506675265,0.5742
HCP_YOUNG_bids,/run/media/falconnier/Elements/BIDS_datasets_selection/HCP_YOUNG_bids/sub-141826/ses-1/anat/sub-141826_ses-1_T1w.nii.gz,,,,,sub-141826,ses-1,260,311,260,0.7,0.7,0.7,66.67510318756104,21023600,19462356,0.9257385033961834,0.0,2700.17578125,279.14618743271996,38.779266357421875,374.86601314967623,22.020004272460938,1.347290006614287,1.4369393577648415,0.37240948528051376,15.403886318206787,1045.9267272949219,1448.7841796875,0.8088078480340392,0.5533
HCP_YOUNG_bids,/run/media/falconnier/Elements/BIDS_datasets_selection/HCP_YOUNG_bids/sub-142828/ses-1/anat/sub-142828_ses-1_T1w.nii.gz,,,,,sub-142828,ses-1,260,311,260,0.7,0.7,0.7,68.06060123443604,21023600,19734338,0.9386754884986396,0.0,4563.08447265625,416.8096998486613,195.43370819091797,479.68632165088485,179.83522748947144,1.8530092042186332,1.3458059985298418,0.13165187552571295,12.9635977268219,1335.285455322265,1969.079343261713,0.5354417926497131,0.6172
HCP_YOUNG_bids,/run/media/falconnier/Elements/BIDS_datasets_selection/HCP_YOUNG_bids/sub-143224/ses-1/anat/sub-143224_ses-1_T1w.nii.gz,,,,,sub-143224,ses-1,260,311,260,0.7,0.7,0.7,66.64294624328613,21023600,19318194,0.9188813523849388,0.0,2949.1845703125,321.9310228233745,47.391462326049805,411.8106929725071,35.70586538314819,1.4939546572566114,1.3752388077843625,0.27746058136224744,11.002922010421752,1127.3470092773432,1597.4835803222659,0.7707123166330658,0.5688
HCP_YOUNG_bids,/run/media/falconnier/Elements/BIDS_datasets_selection/HCP_YOUNG_bids/sub-142424/ses-1/anat/sub-142424_ses-1_T1w.nii.gz,,,,,sub-142424,ses-1,260,311,260,0.7,0.7,0.7,70.18613719940186,21023600,20326959,0.9668638577598508,0.0,4479.390625,352.8554491880109,124.36885070800781,428.873450082136,109.53575325012207,2.746301699262083,1.5595569268919767,0.4347069191932678,13.073830890655518,1179.884033203125,1801.1403735351428,0.5357099033153354,0.6077
HCP_YOUNG_bids,/run/media/falconnier/Elements/BIDS_datasets_selection/HCP_YOUNG_bids/sub-143426/ses-1/anat/sub-143426_ses-1_T1w.nii.gz,,,,,sub-143426,ses-1,260,311,260,0.7,0.7,0.7,67.92357349395752,21023600,19692532,0.9366869613196598,0.0,2909.32763671875,276.64132024949384,42.03788948059082,370.8382606386636,29.052425861358643,1.5922286318908112,1.4589810424561145,0.1292533801496029,10.204817867279052,1013.8692565917968,1436.9174938964875,0.7639915394195858,0.5575
HCP_YOUNG_bids,/run/media/falconnier/Elements/BIDS_datasets_selection/HCP_YOUNG_bids/sub-143325/ses-1/anat/sub-143325_ses-1_T1w.nii.gz,,,,,sub-143325,ses-1,260,311,260,0.7,0.7,0.7,68.40782070159912,21023600,19825369,0.9430054319907152,0.0,2993.850830078125,278.86681219543857,44.09001922607422,360.5023177638563,32.43868541717529,1.2948518808416676,1.3686534356231248,0.09433845192193985,9.904000663757325,981.3966430664061,1393.4211376953126,0.7466327752826972,0.5735
HCP_YOUNG_bids,/run/media/falconnier/Elements/BIDS_datasets_selection/HCP_YOUNG_bids/sub-144125/ses-1/anat/sub-144125_ses-1_T1w.nii.gz,,,,,sub-144125,ses-1,260,311,260,0.7,0.7,0.7,66.28629684448242,21023600,19211897,0.9138252725508477,0.0,3562.1904296875,304.95553937708263,45.34952163696289,414.7369594534,32.41501998901367,2.6796407271984215,1.639023836960042,0.5099620795249938,11.327780151367188,1134.3073242187497,1687.868920898437,0.6356992635831877,0.5451
HCP_YOUNG_bids,/run/media/falconnier/Elements/BIDS_datasets_selection/HCP_YOUNG_bids/sub-144226/ses-1/anat/sub-144226_ses-1_T1w.nii.gz,,,,,sub-144226,ses-1,260,311,260,0.7,0.7,0.7,67.15338706970215,21023600,19479745,0.9265656214920375,0.0,2820.15869140625,250.92560046163965,40.15656280517578,339.86922965135875,25.98181915283203,1.563331445405007,1.4859508591169754,0.1634311991930008,10.372203063964845,944.1073364257813,1322.7606494140618,0.7758537593328215,0.5507
HCP_YOUNG_bids,/run/media/falconnier/Elements/BIDS_datasets_selection/HCP_YOUNG_bids/sub-144731/ses-1/anat/sub-144731_ses-1_T1w.nii.gz,,,,,sub-144731,ses-1,260,311,260,0.7,0.7,0.7,68.0359468460083,21023600,19812953,0.9424148575886147,0.0,2943.65185546875,286.729654053455,41.042137145996094,374.6844350753077,24.671432495117188,1.478800741879283,1.410150643183098,0.23244233012199406,15.529057884216309,1034.5918945312496,1422.0006640625002,0.749239144009144,0.5694
HCP_YOUNG_bids,/run/media/falconnier/Elements/BIDS_datasets_selection/HCP_YOUNG_bids/sub-144428/ses-1/anat/sub-144428_ses-1_T1w.nii.gz,,,,,sub-144428,ses-1,260,311,260,0.7,0.7,0.7,68.60436248779297,21023600,19884907,0.9458373922639319,0.0,4231.8740234375,340.2548872439496,61.3297233581543,427.9217938091353,52.10212421417236,1.4374753976474999,1.3787709107318482,0.12529558658599854,11.17211275100708,1191.4346679687496,1698.4987133789077,0.5508479439458209,0.5853
HCP_YOUNG_bids,/run/media/falconnier/Elements/BIDS_datasets_selection/HCP_YOUNG_bids/sub-144832/ses-1/anat/sub-144832_ses-1_T1w.nii.gz,,,,,sub-144832,ses-1,260,311,260,0.7,0.7,0.7,67.45256423950195,21023600,19635498,0.9339741052911965,0.0,3155.2890625,275.0766184516869,41.98207664489746,345.3651544801826,25.667479515075684,0.6649215797791377,1.223316843428432,0.03484682627022266,15.420647430419923,953.8843475341796,1248.2004504394536,0.6961018089546792,0.5814
HCP_YOUNG_bids,/run/media/falconnier/Elements/BIDS_datasets_selection/HCP_YOUNG_bids/sub-145127/ses-1/anat/sub-145127_ses-1_T1w.nii.gz,,,,,sub-145127,ses-1,260,311,260,0.7,0.7,0.7,65.72772121429443,21023600,19023574,0.9048675773892197,0.0,3811.515380859375,389.44529070981616,128.16799926757812,460.2708151243018,116.28145837783813,2.0965670025043384,1.4060643256850782,0.5777928769588471,13.484534454345702,1270.7938232421875,1897.218105468748,0.631414499549732,0.5949
HCP_YOUNG_bids,/run/media/falconnier/Elements/BIDS_datasets_selection/HCP_YOUNG_bids/sub-144933/ses-1/anat/sub-144933_ses-1_T1w.nii.gz,,,,,sub-144933,ses-1,260,311,260,0.7,0.7,0.7,67.44611549377441,21023600,19635062,0.9339533666926692,0.0,3274.4443359375,367.10008925189305,81.56245803833008,445.45501209369263,69.33677911758423,1.5435325166098188,1.3491162325021147,0.3289856079220772,16.74428186416626,1238.597259521484,1785.5976770019533,0.7111232088968381,0.5949
HCP_YOUNG_bids,/run/media/falconnier/Elements/BIDS_datasets_selection/HCP_YOUNG_bids/sub-145531/ses-1/anat/sub-145531_ses-1_T1w.nii.gz,,,,,sub-145531,ses-1,260,311,260,0.7,0.7,0.7,68.78824520111084,21023600,20016592,0.9521010673719058,0.0,4415.89501953125,462.86858092747127,269.329345703125,521.1028627069852,243.32446098327637,2.4246497915474396,1.4530063604587096,1.992705374956131,20.724376678466797,1486.3078979492175,2172.436232910156,0.5657678582864178,0.6319
HCP_YOUNG_bids,/run/media/falconnier/Elements/BIDS_datasets_selection/HCP_YOUNG_bids/sub-145834/ses-1/anat/sub-145834_ses-1_T1w.nii.gz,,,,,sub-145834,ses-1,260,311,260,0.7,0.7,0.7,66.58924388885498,21023600,19350830,0.9204337030765426,0.0,3248.782958984375,323.275816032646,47.162527084350586,426.00848536974956,30.575246810913086,2.2289833923032107,1.544277515935175,0.2852596393227578,16.730655670166016,1181.1458740234375,1686.2692517089845,0.6960925570396396,0.5593
HCP_YOUNG_bids,/run/media/falconnier/Elements/BIDS_datasets_selection/HCP_YOUNG_bids/sub-145632/ses-1/anat/sub-145632_ses-1_T1w.nii.gz,,,,,sub-145632,ses-1,260,311,260,0.7,0.7,0.7,68.96429061889648,21023600,20072012,0.9547371525333435,0.0,3837.138916015625,318.3777511215203,50.48227882385254,404.11324020407284,32.51007652282715,1.1849317875690888,1.3379677750124073,0.3325266969203949,17.21081075668335,1121.8642333984371,1551.4976806640625,0.5896147224740804,0.5849
HCP_YOUNG_bids,/run/media/falconnier/Elements/BIDS_datasets_selection/HCP_YOUNG_bids/sub-146129/ses-1/anat/sub-146129_ses-1_T1w.nii.gz,,,,,sub-146129,ses-1,260,311,260,0.7,0.7,0.7,69.14330101013184,21023600,20081576,0.9551920698643429,0.0,4136.064453125,414.63145258545694,106.32921981811523,515.7878109117739,89.98275852203369,2.232202217970733,1.5097170142983798,0.13771400600671768,18.566494941711426,1431.8960876464844,2148.2755737304688,0.5787928549630073,0.5938
HCP_YOUNG_bids,/run/media/falconnier/Elements/BIDS_datasets_selection/HCP_YOUNG_bids/sub-146331/ses-1/anat/sub-146331_ses-1_T1w.nii.gz,,,,,sub-146331,ses-1,260,311,260,0.7,0.7,0.7,66.99435424804688,21023600,19453921,0.9253372876196274,0.0,3369.10205078125,313.27507187794976,44.442745208740234,414.8053166380133,28.18868637084961,2.272790240592909,1.5523069076182943,0.10994333028793336,15.95814037322998,1137.00732421875,1679.0604736328146,0.6669764049051063,0.5591
HCP_YOUNG_bids,/run/media/falconnier/Elements/BIDS_datasets_selection/HCP_YOUNG_bids/sub-146432/ses-1/anat/sub-146432_ses-1_T1w.nii.gz,,,,,sub-146432,ses-1,260,311,260,0.7,0.7,0.7,68.23004341125488,21023600,19825100,0.9429926368462109,0.0,4418.294921875,404.2222069366485,154.05209350585938,470.59456939175215,136.09574222564697,1.323631356759579,1.2679255972559285,0.26167222648859007,17.591295051574708,1308.177734375,1886.360986328129,0.5411848741609515,0.614
HCP_YOUNG_bids,/run/media/falconnier/Elements/BIDS_datasets_selection/HCP_YOUNG_bids/sub-146533/ses-1/anat/sub-146533_ses-1_T1w.nii.gz,,,,,sub-146533,ses-1,260,311,260,0.7,0.7,0.7,67.41374111175537,21023600,19548420,0.9298321885880629,0.0,4592.126953125,426.81312109219556,224.9327621459961,481.4592162707438,208.15355968475342,1.4515640930504707,1.246251772570916,0.13817412450909614,12.477039289474487,1333.2260864257814,1950.5217993164033,0.5323146486075492,0.6208
HCP_YOUNG_bids,/run/media/falconnier/Elements/BIDS_datasets_selection/HCP_YOUNG_bids/sub-146735/ses-1/anat/sub-146735_ses-1_T1w.nii.gz,,,,,sub-146735,ses-1,260,311,260,0.7,0.7,0.7,67.60558986663818,21023600,19607494,0.9326420784261497,0.0,3525.731201171875,266.4410115095082,40.049957275390625,363.2769154423186,25.854976654052734,1.6047282184496554,1.4818411509108829,0.6639617979526519,10.850472116470337,998.663717651367,1395.1528613281262,0.6236242445819252,0.5497
HCP_YOUNG_bids,/run/media/falconnier/Elements/BIDS_datasets_selection/HCP_YOUNG_bids/sub-146634/ses-1/anat/sub-146634_ses-1_T1w.nii.gz,,,,,sub-146634,ses-1,260,311,260,0.7,0.7,0.7,67.4769515991211,21023600,19552473,0.9300249719363002,0.0,3218.74755859375,335.70516853712985,59.77985763549805,422.31900829178136,49.44508743286133,1.4416805374626485,1.3699600589779855,0.2211745858192444,11.650286865234374,1174.5787597656245,1631.930307617189,0.7218016475608049,0.5797
HCP_YOUNG_bids,/run/media/falconnier/Elements/BIDS_datasets_selection/HCP_YOUNG_bids/sub-146836/ses-1/anat/sub-146836_ses-1_T1w.nii.gz,,,,,sub-146836,ses-1,260,311,260,0.7,0.7,0.7,67.17084789276123,21023600,19530767,0.9289925131756692,0.0,3875.836181640625,428.62643519416974,230.0523681640625,480.5381686330491,209.01187705993652,1.2112992530821787,1.201983132401793,0.5551538002490998,18.11338005065918,1343.1148315429687,1909.1747265625,0.622017958708011,0.6228
HCP_YOUNG_bids,/run/media/falconnier/Elements/BIDS_datasets_selection/HCP_YOUNG_bids/sub-147030/ses-1/anat/sub-147030_ses-1_T1w.nii.gz,,,,,sub-147030,ses-1,260,311,260,0.7,0.7,0.7,70.15434837341309,21023600,20394013,0.9700533210297,0.0,3875.44677734375,420.23908234355156,193.7052001953125,486.90198859975783,174.96565628051758,2.294237546222895,1.4533639616706786,0.8646503996849059,15.424357032775879,1365.5731201171866,2048.161503906249,0.6388392310001837,0.6273
HCP_YOUNG_bids,/run/media/falconnier/Elements/BIDS_datasets_selection/HCP_YOUNG_bids/sub-146937/ses-1/anat/sub-146937_ses-1_T1w.nii.gz,,,,,sub-146937,ses-1,260,311,260,0.7,0.7,0.7,67.22951412200928,21023600,19493027,0.927197387697635,0.0,3758.844482421875,268.59032303735864,45.16964340209961,365.16826901097204,30.86609172821045,2.2337233639038194,1.5927245225907762,0.2742385303974152,11.349544143676757,1007.7602294921862,1455.6118823242145,0.5946748818611193,0.5501
HCP_YOUNG_bids,/run/media/falconnier/Elements/BIDS_datasets_selection/HCP_YOUNG_bids/sub-147636/ses-1/anat/sub-147636_ses-1_T1w.nii.gz,,,,,sub-147636,ses-1,260,311,260,0.7,0.7,0.7,67.99427318572998,21023600,19708934,0.9374671321752697,0.0,3902.467041015625,302.02127411939756,50.58638000488281,385.1772448445471,38.53419208526611,1.2263216353317175,1.341245876912818,0.18080330848693854,11.241013193130494,1046.168994140624,1478.7393457031212,0.5834101409320437,0.5769
HCP_YOUNG_bids,/run/media/falconnier/Elements/BIDS_datasets_selection/HCP_YOUNG_bids/sub-147737/ses-1/anat/sub-147737_ses-1_T1w.nii.gz,,,,,sub-147737,ses-1,260,311,260,0.7,0.7,0.7,67.973952293396,21023600,19710960,0.9375635000665918,0.0,3470.06005859375,298.61193010885347,46.299978256225586,409.93773715827876,32.52794599533081,2.675900481150851,1.654723754267731,0.2817868676781654,11.106795740127565,1123.3306945800782,1668.4375305175786,0.6519946128668221,0.5495
HCP_YOUNG_bids,/run/media/falconnier/Elements/BIDS_datasets_selection/HCP_YOUNG_bids/sub-148032/ses-1/anat/sub-148032_ses-1_T1w.nii.gz,,,,,sub-148032,ses-1,260,311,260,0.7,0.7,0.7,68.29977893829346,21023600,19882229,0.9457100116060047,0.0,3808.90478515625,310.9379992407739,38.55876541137695,444.4092267076519,20.579730987548828,2.756670410277269,1.710501932790504,0.3910784709453583,16.048645782470704,1237.3295166015614,1784.7034082031241,0.5792378550260093,0.5363
HCP_YOUNG_bids,/run/media/falconnier/Elements/BIDS_datasets_selection/HCP_YOUNG_bids/sub-148133/ses-1/anat/sub-148133_ses-1_T1w.nii.gz,,,,,sub-148133,ses-1,260,311,260,0.7,0.7,0.7,67.38946437835693,21023600,19566499,0.9306921269430545,0.0,3263.679931640625,276.45055861101866,41.51953125,366.79476514196864,28.2662353515625,0.8175668244580772,1.3234917077641577,0.15101158916950227,10.183353996276855,1013.1403320312497,1361.966435546875,0.6783183157723708,0.5588
HCP_YOUNG_bids,/run/media/falconnier/Elements/BIDS_datasets_selection/HCP_YOUNG_bids/sub-148436/ses-1/anat/sub-148436_ses-1_T1w.nii.gz,,,,,sub-148436,ses-1,260,311,260,0.7,0.7,0.7,68.69495964050293,21023600,19952160,0.9490363210867787,0.0,4135.10107421875,367.9528201153224,135.37664031982422,427.0083190921027,120.86925601959229,1.1636441789113716,1.2535777141235835,1.1384738409519195,13.91999044418335,1198.1067504882822,1694.5733422851563,0.5789599227672888,0.6177
HCP_YOUNG_bids,/run/media/falconnier/Elements/BIDS_datasets_selection/HCP_YOUNG_bids/sub-148840/ses-1/anat/sub-148840_ses-1_T1w.nii.gz,,,,,sub-148840,ses-1,260,311,260,0.7,0.7,0.7,67.07892417907715,21023600,19533972,0.9291449609010826,0.0,3010.29736328125,296.59106396078715,48.20549964904785,380.8892589935874,33.00671052932739,2.2222111688577204,1.516358894189944,0.6646587473154068,16.194995594024657,1030.8840209960936,1558.3372644042965,0.7445290523972414,0.5724
HCP_YOUNG_bids,/run/media/falconnier/Elements/BIDS_datasets_selection/HCP_YOUNG_bids/sub-148335/ses-1/anat/sub-148335_ses-1_T1w.nii.gz,,,,,sub-148335,ses-1,260,311,260,0.7,0.7,0.7,66.63499641418457,21023600,19396804,0.9226204836469492,0.0,3649.06640625,352.68903627574133,108.77433395385742,413.502361986147,93.50010776519775,1.1270978114474781,1.2456120701653033,0.6893105101585388,16.513473796844483,1155.6517333984375,1611.8667993164054,0.6430099199974443,0.6039
HCP_YOUNG_bids,/run/media/falconnier/Elements/BIDS_datasets_selection/HCP_YOUNG_bids/sub-149236/ses-1/anat/sub-149236_ses-1_T1w.nii.gz,,,,,sub-149236,ses-1,260,311,260,0.7,0.7,0.7,67.66259765625,21023600,19608751,0.9327018683764912,0.0,4338.95751953125,353.11315508899605,77.25492095947266,435.96835454210253,64.11548614501953,2.8034397536711966,1.5182983314896812,0.0745859183371067,16.891684532165527,1177.0086059570312,1771.7437133789062,0.5367772607763334,0.5886
HCP_YOUNG_bids,/run/media/falconnier/Elements/BIDS_datasets_selection/HCP_YOUNG_bids/sub-148941/ses-1/anat/sub-148941_ses-1_T1w.nii.gz,,,,,sub-148941,ses-1,260,311,260,0.7,0.7,0.7,68.57991981506348,21023600,19892048,0.9461770581632071,0.0,3948.76708984375,297.5404005333441,46.70722579956055,393.5700270523887,32.8728141784668,2.336608191364216,1.5646851645314805,0.6734329009056091,12.027587938308717,1084.0135864257809,1590.0604614257827,0.5724134307138022,0.5667
HCP_YOUNG_bids,/run/media/falconnier/Elements/BIDS_datasets_selection/HCP_YOUNG_bids/sub-149337/ses-1/anat/sub-149337_ses-1_T1w.nii.gz,,,,,sub-149337,ses-1,260,311,260,0.7,0.7,0.7,67.63409423828125,21023600,19616627,0.9330764949865865,0.0,3217.462158203125,319.3929255957919,51.509952545166016,415.2357795262237,40.46794509887695,1.9652846437118345,1.4936185254854857,0.31025740861892703,11.165308570861816,1143.1002685546873,1677.884374999986,0.713454105447366,0.5684
HCP_YOUNG_bids,/run/media/falconnier/Elements/BIDS_datasets_selection/HCP_YOUNG_bids/sub-149539/ses-1/anat/sub-149539_ses-1_T1w.nii.gz,,,,,sub-149539,ses-1,260,311,260,0.7,0.7,0.7,68.68295574188232,21023600,19914052,0.9472236914705379,0.0,3821.283447265625,413.21797384739017,185.9228057861328,482.0116456319186,170.40240907669067,1.901706572528366,1.3698643609634056,0.14397014990448953,12.642003440856934,1328.146905517578,2004.5451037597654,0.636818701325102,0.6151
HCP_YOUNG_bids,/run/media/falconnier/Elements/BIDS_datasets_selection/HCP_YOUNG_bids/sub-149842/ses-1/anat/sub-149842_ses-1_T1w.nii.gz,,,,,sub-149842,ses-1,260,311,260,0.7,0.7,0.7,68.12558555603027,21023600,19835509,0.9434877471032553,0.0,2825.920166015625,284.0845640436651,38.315330505371094,388.6895804207166,21.054702758789062,1.696119025402445,1.5081705135553534,0.2537360548973084,15.427593994140626,1077.1466796874997,1524.6447460937493,0.7730108953884625,0.5521
HCP_YOUNG_bids,/run/media/falconnier/Elements/BIDS_datasets_selection/HCP_YOUNG_bids/sub-149741/ses-1/anat/sub-149741_ses-1_T1w.nii.gz,,,,,sub-149741,ses-1,260,311,260,0.7,0.7,0.7,68.14404392242432,21023600,19780019,0.9408483323503111,0.0,4018.4052734375,438.5869256786229,274.4400634765625,486.8159611211551,249.85518646240234,1.637403044384354,1.3068606415620243,0.5408253896236418,15.02142276763916,1380.4461791992185,2027.6193383789077,0.6183339498735586,0.6321
HCP_YOUNG_bids,/run/media/falconnier/Elements/BIDS_datasets_selection/HCP_YOUNG_bids/sub-150423/ses-1/anat/sub-150423_ses-1_T1w.nii.gz,,,,,sub-150423,ses-1,260,311,260,0.7,0.7,0.7,66.17142105102539,21023600,19288009,0.9174455849616622,0.0,3146.072021484375,263.4591288783228,39.067298889160156,356.5278847136195,22.655088424682617,2.5781556097751634,1.6299023659352532,3.0845707893371603,15.357258224487305,973.7182373046874,1441.6875732421863,0.6940462178514365,0.5488
HCP_YOUNG_bids,/run/media/falconnier/Elements/BIDS_datasets_selection/HCP_YOUNG_bids/sub-150019/ses-1/anat/sub-150019_ses-1_T1w.nii.gz,,,,,sub-150019,ses-1,260,311,260,0.7,0.7,0.7,67.55609798431396,21023600,19687055,0.9364264445670579,0.0,2763.345947265625,316.11042980529993,53.843727111816406,389.0656410529333,40.33055877685547,1.2936906316588113,1.3221453031375907,1.0476083397865295,16.067474365234375,1069.4927856445315,1548.8285473632814,0.818276879314522,0.5904
HCP_YOUNG_bids,/run/media/falconnier/Elements/BIDS_datasets_selection/HCP_YOUNG_bids/sub-150524/ses-1/anat/sub-150524_ses-1_T1w.nii.gz,,,,,sub-150524,ses-1,260,311,260,0.7,0.7,0.7,67.93006229400635,21023600,19696178,0.9368603854715652,0.0,3052.83544921875,270.29594390811485,43.6808967590332,353.63327881136433,31.09248447418213,1.3005531073535188,1.388767023492911,0.07685227379202844,10.190395212173462,973.2401397705075,1351.3982775878908,0.7290953131780746,0.567
HCP_YOUNG_bids,/run/media/falconnier/Elements/BIDS_datasets_selection/HCP_YOUNG_bids/sub-150625/ses-1/anat/sub-150625_ses-1_T1w.nii.gz,,,,,sub-150625,ses-1,260,311,260,0.7,0.7,0.7,66.53679370880127,21023600,19356918,0.9207232824064385,0.0,3718.397705078125,363.0851027127058,73.0431900024414,447.0278741719225,60.41869115829468,1.717024285163511,1.3927712664638994,0.3467243072390556,16.636072635650635,1241.4460815429684,1793.0167236328125,0.625467177644553,0.5848
HCP_YOUNG_bids,/run/media/falconnier/Elements/BIDS_datasets_selection/HCP_YOUNG_bids/sub-150726/ses-1/anat/sub-150726_ses-1_T1w.nii.gz,,,,,sub-150726,ses-1,260,311,260,0.7,0.7,0.7,68.03147983551025,21023600,19801930,0.9418905420574973,0.0,3500.921142578125,341.87872457328496,70.6772689819336,420.96293206252557,55.862544536590576,1.9647916142147333,1.4373464368554967,0.7079996269941331,17.675282192230224,1160.7304138183595,1717.4500341796884,0.6616975516253977,0.5929
HCP_YOUNG_bids,/run/media/falconnier/Elements/BIDS_datasets_selection/HCP_YOUNG_bids/sub-150928/ses-1/anat/sub-150928_ses-1_T1w.nii.gz,,,,,sub-150928,ses-1,260,311,260,0.7,0.7,0.7,68.29456424713135,21023600,19875800,0.9454042124089119,0.0,3459.215576171875,371.1233865711722,66.83987808227539,467.5909130547952,52.79324817657471,1.860417626467128,1.4460349616858974,0.19814525142312042,16.85384702682495,1293.3651550292975,1898.5676367187516,0.6747890387774368,0.5848
HCP_YOUNG_bids,/run/media/falconnier/Elements/BIDS_datasets_selection/HCP_YOUNG_bids/sub-151021/ses-1/anat/sub-151021_ses-1_T1w.nii.gz,,,,,sub-151021,ses-1,260,311,260,0.7,0.7,0.7,67.00709342956543,21023600,19454029,0.9253424247036663,0.0,4204.83740234375,395.0901790755216,113.18892669677734,469.2564209679655,102.84496974945068,1.2884196642646666,1.2685416884636722,0.2120659679174423,12.290972900390624,1295.5768066406245,1844.006704101561,0.5700415877109014,0.5995
HCP_YOUNG_bids,/run/media/falconnier/Elements/BIDS_datasets_selection/HCP_YOUNG_bids/sub-151324/ses-1/anat/sub-151324_ses-1_T1w.nii.gz,,,,,sub-151324,ses-1,260,311,260,0.7,0.7,0.7,69.69675064086914,21023600,20299883,0.965575971765064,0.0,3537.6279296875,359.89837753199544,169.13327026367188,420.34568639320605,148.19403457641602,2.554405236375623,1.49845127888069,1.3587682390213014,18.1472225189209,1168.8339721679686,1774.8290014648437,0.6746625809231562,0.6228
HCP_YOUNG_bids,/run/media/falconnier/Elements/BIDS_datasets_selection/HCP_YOUNG_bids/sub-151223/ses-1/anat/sub-151223_ses-1_T1w.nii.gz,,,,,sub-151223,ses-1,260,311,260,0.7,0.7,0.7,67.48483085632324,21023600,19561137,0.9304370802336422,0.0,3268.73681640625,292.12016266362184,44.82685089111328,380.08270635868126,32.94685077667236,1.0565681165817171,1.3332019933227417,0.05511473879218103,9.961572837829591,1050.0315673828122,1421.4116455078129,0.6874795587872942,0.5663
HCP_YOUNG_bids,/run/media/falconnier/Elements/BIDS_datasets_selection/HCP_YOUNG_bids/sub-151425/ses-1/anat/sub-151425_ses-1_T1w.nii.gz,,,,,sub-151425,ses-1,260,311,260,0.7,0.7,0.7,66.5247859954834,21023600,19357327,0.9207427367339561,0.0,3510.830078125,294.0313790777668,42.602027893066406,378.3553142419044,27.642873764038086,1.2212892511308633,1.3604430300059251,0.1939377650618554,15.048401927947998,1050.2872070312496,1442.2223120117173,0.6338457186414975,0.5677
HCP_YOUNG_bids,/run/media/falconnier/Elements/BIDS_datasets_selection/HCP_YOUNG_bids/sub-151526/ses-1/anat/sub-151526_ses-1_T1w.nii.gz,,,,,sub-151526,ses-1,260,311,260,0.7,0.7,0.7,68.78569507598877,21023600,19968529,0.9498149222778212,0.0,5396.48779296875,343.52512116290967,154.97747802734375,395.88455674801986,139.38245964050293,1.984889435468908,1.3682476211600207,0.15401386320590973,12.125617408752442,1098.639672851562,1618.3301367187487,0.44444125825952324,0.6214
HCP_YOUNG_bids,/run/media/falconnier/Elements/BIDS_datasets_selection/HCP_YOUNG_bids/sub-151627/ses-1/anat/sub-151627_ses-1_T1w.nii.gz,,,,,sub-151627,ses-1,260,311,260,0.7,0.7,0.7,67.72802925109863,21023600,19616285,0.9330602275537967,0.0,3647.3232421875,319.5582423988176,46.383766174316406,429.66112180131694,33.87812519073486,2.0991465320782074,1.5438426291464995,0.15246592819690702,10.911057662963868,1190.3306152343753,1714.485957031251,0.6246499275315842,0.5553
HCP_YOUNG_bids,/run/media/falconnier/Elements/BIDS_datasets_selection/HCP_YOUNG_bids/sub-151728/ses-1/anat/sub-151728_ses-1_T1w.nii.gz,,,,,sub-151728,ses-1,260,311,260,0.7,0.7,0.7,69.28608322143555,21023600,20209874,0.961294640308986,0.0,3704.65087890625,401.8417507402856,238.95247650146484,435.8369209802832,214.9373435974121,1.5236055937442403,1.2581932704989531,1.0061796391010285,18.052872276306154,1238.1637390136716,1775.0260363769517,0.666064855641909,0.6489
HCP_YOUNG_bids,/run/media/falconnier/Elements/BIDS_datasets_selection/HCP_YOUNG_bids/sub-151930/ses-1/anat/sub-151930_ses-1_T1w.nii.gz,,,,,sub-151930,ses-1,260,311,260,0.7,0.7,0.7,68.39453983306885,21023600,19832283,0.94333430050039,0.0,3519.130615234375,336.1016401994647,55.73408889770508,420.83732893492873,45.7264928817749,1.1963213033501319,1.3213710950454542,0.21541377156972885,11.530081939697265,1166.33349609375,1627.9180126953124,0.6573735659627716,0.5857
HCP_YOUNG_bids,/run/media/falconnier/Elements/BIDS_datasets_selection/HCP_YOUNG_bids/sub-151829/ses-1/anat/sub-151829_ses-1_T1w.nii.gz,,,,,sub-151829,ses-1,260,311,260,0.7,0.7,0.7,68.75666904449463,21023600,19994857,0.9510672292090793,0.0,3336.668212890625,245.5335024553976,39.35062026977539,332.83195650240555,24.724167823791504,1.2815294487542612,1.444228645896966,0.6986493635177612,11.042365455627442,933.0997558593745,1270.2101757812547,0.6521623707614597,0.5584
HCP_YOUNG_bids,/run/media/falconnier/Elements/BIDS_datasets_selection/HCP_YOUNG_bids/sub-152225/ses-1/anat/sub-152225_ses-1_T1w.nii.gz,,,,,sub-152225,ses-1,260,311,260,0.7,0.7,0.7,69.25092315673828,21023600,20068777,0.9545832778401415,0.0,4368.58544921875,379.6261150075917,131.28570556640625,447.37306398058877,119.65818977355957,1.4062795954784058,1.3008800100714533,0.28291028857231143,12.390852928161621,1252.5324462890621,1781.18846191406,0.5477601741566929,0.6136
HCP_YOUNG_bids,/run/media/falconnier/Elements/BIDS_datasets_selection/HCP_YOUNG_bids/sub-152427/ses-1/anat/sub-152427_ses-1_T1w.nii.gz,,,,,sub-152427,ses-1,260,311,260,0.7,0.7,0.7,67.88479042053223,21023600,19749277,0.9393860708917597,0.0,3535.439697265625,307.0007378352923,39.76153564453125,427.37251721491634,22.99555015563965,2.413979417067086,1.6278902555621344,0.9694683456420901,15.578224754333498,1171.711328125,1708.3143164062476,0.6275845805995836,0.5444
HCP_YOUNG_bids,/run/media/falconnier/Elements/BIDS_datasets_selection/HCP_YOUNG_bids/sub-152831/ses-1/anat/sub-152831_ses-1_T1w.nii.gz,,,,,sub-152831,ses-1,260,311,260,0.7,0.7,0.7,70.62374782562256,21023600,20540406,0.9770165908788219,0.0,3966.725341796875,388.0923638984016,146.0773468017578,467.0275459599972,126.81613540649414,2.7168935740276483,1.5408578383829554,0.3330825746059418,18.767187118530273,1300.7904968261719,1956.3167297363257,0.6032266501021272,0.615
HCP_YOUNG_bids,/run/media/falconnier/Elements/BIDS_datasets_selection/HCP_YOUNG_bids/sub-153025/ses-1/anat/sub-153025_ses-1_T1w.nii.gz,,,,,sub-153025,ses-1,260,311,260,0.7,0.7,0.7,68.0148868560791,21023600,19801844,0.9418864514165034,0.0,3606.034423828125,301.87872909967183,40.74505043029785,399.5860212188711,24.15631103515625,1.7801851425356032,1.462865725414711,0.3021122670173645,15.596715402603149,1095.2121398925779,1535.504898681641,0.6145206459448391,0.5642
HCP_YOUNG_bids,/run/media/falconnier/Elements/BIDS_datasets_selection/HCP_YOUNG_bids/sub-153126/ses-1/anat/sub-153126_ses-1_T1w.nii.gz,,,,,sub-153126,ses-1,260,311,260,0.7,0.7,0.7,67.69411182403564,21023600,19665323,0.9353927491010103,0.0,3846.601318359375,284.2474075537008,42.52463150024414,383.2044840159996,28.30304527282715,1.3366935162812421,1.4318330286701704,0.28706840813159945,10.837236976623537,1064.2758666992186,1478.41455078125,0.5784563678449322,0.5547
HCP_YOUNG_bids,/run/media/falconnier/Elements/BIDS_datasets_selection/HCP_YOUNG_bids/sub-153227/ses-1/anat/sub-153227_ses-1_T1w.nii.gz,,,,,sub-153227,ses-1,260,311,260,0.7,0.7,0.7,66.24554824829102,21023600,19207882,0.9136342966951426,0.0,3915.105224609375,283.8074165354224,45.78218650817871,375.8855464785275,33.32526731491089,1.5060806260455735,1.4496726924648864,0.18631237134337425,10.682691764831542,1039.4313659667964,1471.6493554687513,0.5753328233900472,0.5547
HCP_YOUNG_bids,/run/media/falconnier/Elements/BIDS_datasets_selection/HCP_YOUNG_bids/sub-153429/ses-1/anat/sub-153429_ses-1_T1w.nii.gz,,,,,sub-153429,ses-1,260,311,260,0.7,0.7,0.7,68.22826385498047,21023600,19851934,0.9442690119675032,0.0,3849.6904296875,379.8835617698107,91.77603912353516,458.20344403435325,80.3715090751648,1.1900324024102522,1.2884821513905198,0.07692368239164353,16.518388748168945,1288.247161865233,1792.3773315429617,0.6102873367483971,0.6006
HCP_YOUNG_bids,/run/media/falconnier/Elements/BIDS_datasets_selection/HCP_YOUNG_bids/sub-153631/ses-1/anat/sub-153631_ses-1_T1w.nii.gz,,,,,sub-153631,ses-1,260,311,260,0.7,0.7,0.7,68.12328338623047,21023600,19744709,0.9391687912631519,0.0,3829.523681640625,327.38377945963526,46.06244659423828,441.8231596159667,33.08604431152344,2.1096092149836077,1.5266371357136406,0.22661084592342381,10.982664680480957,1208.7892578124997,1725.2329296874946,0.5947511479441776,0.5555
HCP_YOUNG_bids,/run/media/falconnier/Elements/BIDS_datasets_selection/HCP_YOUNG_bids/sub-153732/ses-1/anat/sub-153732_ses-1_T1w.nii.gz,,,,,sub-153732,ses-1,260,311,260,0.7,0.7,0.7,68.64204692840576,21023600,19885410,0.9458613177571872,0.0,3335.423095703125,296.1329499331879,48.098175048828125,383.11600407091464,35.850342750549316,1.3810010286809762,1.389206217191329,0.06822026014328002,10.742343854904176,1051.7390258789064,1488.9104016113283,0.6791504949354958,0.5744
HCP_YOUNG_bids,/run/media/falconnier/Elements/BIDS_datasets_selection/HCP_YOUNG_bids/sub-153833/ses-1/anat/sub-153833_ses-1_T1w.nii.gz,,,,,sub-153833,ses-1,260,311,260,0.7,0.7,0.7,68.40763473510742,21023600,19917017,0.9473647234536425,0.0,3387.29345703125,342.2312512074847,158.4502716064453,386.081493330823,137.4049301147461,1.7025943088033761,1.3088014459344035,0.5028041625022889,18.66398811340332,1072.736474609375,1558.1853857421875,0.7000106851012178,0.6288
HCP_YOUNG_bids,/run/media/falconnier/Elements/BIDS_datasets_selection/HCP_YOUNG_bids/sub-153934/ses-1/anat/sub-153934_ses-1_T1w.nii.gz,,,,,sub-153934,ses-1,260,311,260,0.7,0.7,0.7,68.21207523345947,21023600,19861958,0.9447458094712609,0.0,3672.95458984375,349.866418506947,77.99628829956055,424.8172842658711,66.49663162231445,1.532716282306776,1.347493371202081,0.05190851412713528,16.217120838165282,1181.2254821777342,1681.9378173828118,0.6331207312124689,0.5986
HCP_YOUNG_bids,/run/media/falconnier/Elements/BIDS_datasets_selection/HCP_YOUNG_bids/sub-154229/ses-1/anat/sub-154229_ses-1_T1w.nii.gz,,,,,sub-154229,ses-1,260,311,260,0.7,0.7,0.7,66.31554985046387,21023600,19306775,0.9183382008790122,0.0,3723.080810546875,298.83303934290274,46.80012893676758,379.269851959318,31.9291410446167,1.4459462926051119,1.3768365181952256,0.3187396305799484,15.415008354187012,1035.040490722657,1479.644350585938,0.6023710678716658,0.5724
HCP_YOUNG_bids,/run/media/falconnier/Elements/BIDS_datasets_selection/HCP_YOUNG_bids/sub-154330/ses-1/anat/sub-154330_ses-1_T1w.nii.gz,,,,,sub-154330,ses-1,260,311,260,0.7,0.7,0.7,69.10805130004883,21023600,20054165,0.953888249395917,0.0,4440.7626953125,448.9024900438463,242.5074005126953,529.7494634869527,220.5328369140625,3.82789932961978,1.6759225555990724,0.1338234114646912,17.54255027770996,1435.2662109375,2362.123847656243,0.5525102723757732,0.6146
HCP_YOUNG_bids,/run/media/falconnier/Elements/BIDS_datasets_selection/HCP_YOUNG_bids/sub-154431/ses-1/anat/sub-154431_ses-1_T1w.nii.gz,,,,,sub-154431,ses-1,260,311,260,0.7,0.7,0.7,67.36203479766846,21023600,19587269,0.9316800643086817,0.0,3728.1240234375,302.09149849529274,50.33799362182617,373.67008942102655,36.06597709655762,1.2108088072256713,1.2842745215254885,0.14280486106872559,15.435156059265138,1032.5575683593747,1395.856342773438,0.6036322543989054,0.5865
HCP_YOUNG_bids,/run/media/falconnier/Elements/BIDS_datasets_selection/HCP_YOUNG_bids/sub-154532/ses-1/anat/sub-154532_ses-1_T1w.nii.gz,,,,,sub-154532,ses-1,260,311,260,0.7,0.7,0.7,67.4687032699585,21023600,19582855,0.9314701097813886,0.0,4588.91015625,399.70108479386863,218.12417602539062,443.4810882259034,196.94485092163086,1.412039619869181,1.2153830845704776,0.31492333531379707,17.56021213531494,1232.3265380859375,1758.086628417971,0.5244328128230927,0.628
HCP_YOUNG_bids,/run/media/falconnier/Elements/BIDS_datasets_selection/HCP_YOUNG_bids/sub-154734/ses-1/anat/sub-154734_ses-1_T1w.nii.gz,,,,,sub-154734,ses-1,260,311,260,0.7,0.7,0.7,67.53339004516602,21023600,19627745,0.9336053292490344,0.0,4000.645263671875,371.29591231699874,75.08932495117188,460.6266069419317,62.587318420410156,2.1439443833979404,1.4730800513248308,0.20761093318462373,17.390534591674804,1280.0607177734378,1882.5568749999989,0.5839636772232926,0.5869
HCP_YOUNG_bids,/run/media/falconnier/Elements/BIDS_datasets_selection/HCP_YOUNG_bids/sub-154835/ses-1/anat/sub-154835_ses-1_T1w.nii.gz,,,,,sub-154835,ses-1,260,311,260,0.7,0.7,0.7,67.30489826202393,21023600,19502634,0.9276543503491315,0.0,2774.237060546875,254.75953639876505,43.0413703918457,328.78159994512686,29.882752418518066,0.5623381000270058,1.2647263823487418,0.0496682258322835,9.954059886932374,922.796899414062,1179.0775146484375,0.7950287448267047,0.5689
HCP_YOUNG_bids,/run/media/falconnier/Elements/BIDS_datasets_selection/HCP_YOUNG_bids/sub-154936/ses-1/anat/sub-154936_ses-1_T1w.nii.gz,,,,,sub-154936,ses-1,260,311,260,0.7,0.7,0.7,68.13336563110352,21023600,19798474,0.9417261553682528,0.0,3241.0859375,375.5474321419292,118.55602264404297,450.5271968833157,103.36324644088745,1.8222125907121107,1.3962054755551543,0.05779771167784929,16.549348735809325,1250.9939819335932,1848.594775390624,0.73010222370916,0.6026
HCP_YOUNG_bids,/run/media/falconnier/Elements/BIDS_datasets_selection/HCP_YOUNG_bids/sub-155231/ses-1/anat/sub-155231_ses-1_T1w.nii.gz,,,,,sub-155231,ses-1,260,311,260,0.7,0.7,0.7,67.43249702453613,21023600,19591984,0.9319043360794536,0.0,3692.715087890625,304.46193468212465,55.284719467163086,369.77258173913475,41.97494840621948,0.8576211694982638,1.2259380406498823,0.03599743954837323,15.903111124038697,1023.6122253417966,1382.062873535152,0.6138103038732173,0.5936
HCP_YOUNG_bids,/run/media/falconnier/Elements/BIDS_datasets_selection/HCP_YOUNG_bids/sub-155938/ses-1/anat/sub-155938_ses-1_T1w.nii.gz,,,,,sub-155938,ses-1,260,311,260,0.7,0.7,0.7,67.64770698547363,21023600,19657905,0.9350399075324873,0.0,4420.1123046875,470.51024565402656,222.25582885742188,562.6032382583307,200.3281707763672,2.8392926389650626,1.5572659550063446,0.23361701250076294,19.43738784790039,1566.6174560546879,2401.4111132812504,0.5543011114164524,0.6022
HCP_YOUNG_bids,/run/media/falconnier/Elements/BIDS_datasets_selection/HCP_YOUNG_bids/sub-155635/ses-1/anat/sub-155635_ses-1_T1w.nii.gz,,,,,sub-155635,ses-1,260,311,260,0.7,0.7,0.7,67.38378238677979,21023600,19582971,0.9314756273901711,0.0,2796.308349609375,331.03463811810127,79.82647705078125,395.1652123479128,65.56127166748047,1.0299334900976032,1.2450245339008374,0.14446857720613482,16.212373733520508,1088.2097778320312,1543.4820068359377,0.8252724996911519,0.6002
HCP_YOUNG_bids,/run/media/falconnier/Elements/BIDS_datasets_selection/HCP_YOUNG_bids/sub-156031/ses-1/anat/sub-156031_ses-1_T1w.nii.gz,,,,,sub-156031,ses-1,260,311,260,0.7,0.7,0.7,66.71713352203369,21023600,19424667,0.9239458037633898,0.0,3564.630126953125,344.5362615315809,74.50048065185547,403.58954629734825,63.166707038879395,0.3239144481377272,1.075757582108376,0.14130749255418779,15.2138991355896,1112.6654541015623,1482.9672998046872,0.6464321942118231,0.6034
HCP_YOUNG_bids,/run/media/falconnier/Elements/BIDS_datasets_selection/HCP_YOUNG_bids/sub-156233/ses-1/anat/sub-156233_ses-1_T1w.nii.gz,,,,,sub-156233,ses-1,260,311,260,0.7,0.7,0.7,68.01900577545166,21023600,19774309,0.9405767328145512,0.0,3214.120361328125,329.2724664172258,71.61592864990234,406.8336075320382,57.04140663146973,2.21089118527546,1.4721087595858657,0.14734878122806555,16.25266227722168,1104.043603515623,1696.3217578124995,0.7181699986886938,0.5912
HCP_YOUNG_bids,/run/media/falconnier/Elements/BIDS_datasets_selection/HCP_YOUNG_bids/sub-156435/ses-1/anat/sub-156435_ses-1_T1w.nii.gz,,,,,sub-156435,ses-1,260,311,260,0.7,0.7,0.7,68.188232421875,21023600,19849564,0.9441562815122053,0.0,3877.411376953125,382.5789157704327,91.76348114013672,460.13809560030114,77.94752836227417,1.2666171555918186,1.2801643165328176,0.2948069453239442,16.671579933166505,1264.7174560546864,1799.7689208984375,0.6058638427591111,0.6016
HCP_YOUNG_bids,/run/media/falconnier/Elements/BIDS_datasets_selection/HCP_YOUNG_bids/sub-156334/ses-1/anat/sub-156334_ses-1_T1w.nii.gz,,,,,sub-156334,ses-1,260,311,260,0.7,0.7,0.7,68.44982528686523,21023600,19929014,0.9479353678722959,0.0,3525.5673828125,302.1872929099294,41.821556091308594,391.66821638350166,25.45966911315918,0.882031368931627,1.3029665668302866,0.0742302641272545,15.526606798171997,1097.8203125,1434.72802734375,0.6299632887147921,0.5738
HCP_YOUNG_bids,/run/media/falconnier/Elements/BIDS_datasets_selection/HCP_YOUNG_bids/sub-156637/ses-1/anat/sub-156637_ses-1_T1w.nii.gz,,,,,sub-156637,ses-1,260,311,260,0.7,0.7,0.7,69.22692489624023,21023600,20151351,0.9585109591126163,0.0,4254.89599609375,409.5831568745678,243.19732666015625,458.8002173705456,218.5134449005127,2.585121236856442,1.4332713956429166,0.669182151556015,19.148569107055664,1269.8829345703125,1897.8225708007812,0.5731987546403294,0.6359
HCP_YOUNG_bids,/run/media/falconnier/Elements/BIDS_datasets_selection/HCP_YOUNG_bids/sub-156536/ses-1/anat/sub-156536_ses-1_T1w.nii.gz,,,,,sub-156536,ses-1,260,311,260,0.7,0.7,0.7,68.06492137908936,21023600,19847418,0.9440542057497289,0.0,3451.50390625,331.9020550402284,62.07065773010254,405.68781388673005,48.98355674743652,1.6829959696690677,1.357618064771143,0.6810067921876908,16.173983669281007,1109.6673095703118,1592.1317712402324,0.6650953949309042,0.5959
HCP_YOUNG_bids,/run/media/falconnier/Elements/BIDS_datasets_selection/HCP_YOUNG_bids/sub-157336/ses-1/anat/sub-157336_ses-1_T1w.nii.gz,,,,,sub-157336,ses-1,260,311,260,0.7,0.7,0.7,67.11661148071289,21023600,19563527,0.9305507620007991,0.0,3116.3642578125,287.5057793667077,36.753326416015625,385.80396628157314,20.024320602416992,1.2118782612463255,1.4041696179715228,0.5221168220043183,15.13025131225586,1081.0306030273437,1445.0654418945282,0.6989795324319719,0.5548
HCP_YOUNG_bids,/run/media/falconnier/Elements/BIDS_datasets_selection/HCP_YOUNG_bids/sub-157437/ses-1/anat/sub-157437_ses-1_T1w.nii.gz,,,,,sub-157437,ses-1,260,311,260,0.7,0.7,0.7,66.61332416534424,21023600,19428299,0.9241185619969938,0.0,2817.260009765625,280.5998730774756,39.03923034667969,385.1636150298968,22.3855037689209,2.078189561503991,1.5747612310824386,0.7693841063976289,15.23214931488037,1067.1971679687495,1526.7644335937493,0.7784172374876969,0.545
HCP_YOUNG_bids,/run/media/falconnier/Elements/BIDS_datasets_selection/HCP_YOUNG_bids/sub-158035/ses-1/anat/sub-158035_ses-1_T1w.nii.gz,,,,,sub-158035,ses-1,260,311,260,0.7,0.7,0.7,66.50100040435791,21023600,19342893,0.9200561749652771,0.0,2900.911376953125,281.767440830774,37.20420837402344,393.02792284794697,19.668455123901367,1.9845293471568999,1.567294591033447,0.096359601020813,15.411871147155763,1083.1730224609373,1538.027587890625,0.7497012015883466,0.5371
HCP_YOUNG_bids,/run/media/falconnier/Elements/BIDS_datasets_selection/HCP_YOUNG_bids/sub-157942/ses-1/anat/sub-157942_ses-1_T1w.nii.gz,,,,,sub-157942,ses-1,260,311,260,0.7,0.7,0.7,67.1767692565918,21023600,19536040,0.9292433265473088,0.0,2948.5146484375,312.4502204338471,44.39929008483887,409.303621077119,27.826659202575684,1.9317668637883187,1.4976243935190696,0.18296245902776725,16.572635459899903,1136.5009826660157,1618.4709057617183,0.7599565826127754,0.5644
HCP_YOUNG_bids,/run/media/falconnier/Elements/BIDS_datasets_selection/HCP_YOUNG_bids/sub-158136/ses-1/anat/sub-158136_ses-1_T1w.nii.gz,,,,,sub-158136,ses-1,260,311,260,0.7,0.7,0.7,67.69020557403564,21023600,19626504,0.9335463003481801,0.0,3813.524169921875,347.7500917518289,98.89176559448242,425.5857854263464,84.06796932220459,2.1679580669357996,1.4793546136363682,0.11955046512186526,16.64223403930664,1171.3207824707029,1785.4618237304603,0.6138906304242161,0.5926
HCP_YOUNG_bids,/run/media/falconnier/Elements/BIDS_datasets_selection/HCP_YOUNG_bids/sub-158338/ses-1/anat/sub-158338_ses-1_T1w.nii.gz,,,,,sub-158338,ses-1,260,311,260,0.7,0.7,0.7,67.57783794403076,21023600,19600144,0.9322924713179475,0.0,3902.167724609375,395.65765887273676,138.25464630126953,479.5705203492438,120.32096195220947,2.676447958713852,1.5559700411177064,0.1281401388347149,18.663756847381592,1313.9178283691404,2076.8811279296897,0.6124942102701121,0.5962
HCP_YOUNG_bids,/run/media/falconnier/Elements/BIDS_datasets_selection/HCP_YOUNG_bids/sub-158540/ses-1/anat/sub-158540_ses-1_T1w.nii.gz,,,,,sub-158540,ses-1,260,311,260,0.7,0.7,0.7,68.49435138702393,21023600,19920674,0.9475386708270706,0.0,3408.97216796875,390.7119126137602,97.51742172241211,478.83883863128415,82.61935663223267,1.681640303254464,1.4036358440109675,0.3479155173897745,17.60344228744507,1338.4672912597648,1949.75780883789,0.6955860980331033,0.5964
HCP_YOUNG_bids,/run/media/falconnier/Elements/BIDS_datasets_selection/HCP_YOUNG_bids/sub-158843/ses-1/anat/sub-158843_ses-1_T1w.nii.gz,,,,,sub-158843,ses-1,260,311,260,0.7,0.7,0.7,67.47074127197266,21023600,19541527,0.9295043189558401,0.0,4493.6806640625,372.52722697515827,56.760616302490234,504.5903629314598,44.694156646728516,3.866913601297286,1.814064348520016,0.2790538179874421,12.522914505004882,1371.518579101562,2183.4004443359363,0.5230182362651686,0.5526
HCP_YOUNG_bids,/run/media/falconnier/Elements/BIDS_datasets_selection/HCP_YOUNG_bids/sub-159138/ses-1/anat/sub-159138_ses-1_T1w.nii.gz,,,,,sub-159138,ses-1,260,311,260,0.7,0.7,0.7,67.25234413146973,21023600,19545044,0.9296716071462546,0.0,3483.3984375,385.1020208183712,149.32164764404297,453.81607101533325,132.41220569610596,1.6944457859398963,1.3619394532799487,0.2823122960329056,16.928373622894288,1271.330212402342,1872.8277575683596,0.6818535920272253,0.605
HCP_YOUNG_bids,/run/media/falconnier/Elements/BIDS_datasets_selection/HCP_YOUNG_bids/sub-159239/ses-1/anat/sub-159239_ses-1_T1w.nii.gz,,,,,sub-159239,ses-1,260,311,260,0.7,0.7,0.7,65.70159530639648,21023600,19093379,0.9081878936052817,0.0,3124.58544921875,321.02468579837733,47.8355712890625,406.0347065105721,33.48994827270508,1.4210362438999296,1.3726854026246285,0.6850864493846893,15.668682670593261,1129.3294677734375,1576.3037646484372,0.7231629162795911,0.57
HCP_YOUNG_bids,/run/media/falconnier/Elements/BIDS_datasets_selection/HCP_YOUNG_bids/sub-159340/ses-1/anat/sub-159340_ses-1_T1w.nii.gz,,,,,sub-159340,ses-1,260,311,260,0.7,0.7,0.7,68.49245548248291,21023600,19874066,0.9453217336707319,0.0,3677.520263671875,398.39533095202665,157.16686248779297,473.7994103098415,139.34802436828613,2.2295598751988885,1.4635958100753232,0.1879053011536598,17.171146869659424,1311.5203857421875,1996.5272155761786,0.6551787521016772,0.6078
HCP_YOUNG_bids,/run/media/falconnier/Elements/BIDS_datasets_selection/HCP_YOUNG_bids/sub-159441/ses-1/anat/sub-159441_ses-1_T1w.nii.gz,,,,,sub-159441,ses-1,260,311,260,0.7,0.7,0.7,67.7692756652832,21023600,19677608,0.935977092410434,0.0,3377.706298828125,320.2683885901412,57.94229698181152,406.2653334998111,46.151018142700195,1.8209045156744157,1.4589738153546992,0.6793143892288208,12.633231210708619,1128.189532470703,1646.424307861328,0.6845216914721828,0.5793
HCP_YOUNG_bids,/run/media/falconnier/Elements/BIDS_datasets_selection/HCP_YOUNG_bids/sub-159744/ses-1/anat/sub-159744_ses-1_T1w.nii.gz,,,,,sub-159744,ses-1,260,311,260,0.7,0.7,0.7,68.6944751739502,21023600,19906856,0.9468814094636504,0.0,4087.06640625,400.9822733782984,129.26692962646484,483.53702812486125,116.57584714889526,1.9447175191503216,1.422143331995801,0.38040591776371,13.581291198730469,1351.9337463378906,1972.7326171874993,0.5911850641455108,0.6025
HCP_YOUNG_bids,/run/media/falconnier/Elements/BIDS_datasets_selection/HCP_YOUNG_bids/sub-159845/ses-1/anat/sub-159845_ses-1_T1w.nii.gz,,,,,sub-159845,ses-1,260,311,260,0.7,0.7,0.7,66.20541381835938,21023600,19199223,0.9132224262257653,0.0,3320.298828125,274.75072759514694,40.516414642333984,382.4905966538094,26.027525901794434,2.4760449919693377,1.6223824843126644,0.6522675609588624,10.930529022216797,1030.9169921875,1523.378757324219,0.6643835381152388,0.5357
HCP_YOUNG_bids,/run/media/falconnier/Elements/BIDS_datasets_selection/HCP_YOUNG_bids/sub-159946/ses-1/anat/sub-159946_ses-1_T1w.nii.gz,,,,,sub-159946,ses-1,260,311,260,0.7,0.7,0.7,67.58791542053223,21023600,19638701,0.934126457885424,0.0,4316.1552734375,456.4337647365679,243.036376953125,526.4067257569986,218.97020721435547,2.499656197864347,1.4640559384543435,0.18150873482227325,19.558595657348633,1467.9091796875,2212.692138671875,0.5722278015475953,0.6156
HCP_YOUNG_bids,/run/media/falconnier/Elements/BIDS_datasets_selection/HCP_YOUNG_bids/sub-160123/ses-1/anat/sub-160123_ses-1_T1w.nii.gz,,,,,sub-160123,ses-1,260,311,260,0.7,0.7,0.7,67.43336009979248,21023600,19539560,0.9294107574345022,0.0,3512.0947265625,380.9155746734587,91.36497116088867,473.1649853880784,81.47919082641602,1.790175697589901,1.4406265626037509,0.1436625452339649,12.100768089294434,1320.5554260253907,1963.4463671875,0.6799826845482184,0.5848
HCP_YOUNG_bids,/run/media/falconnier/Elements/BIDS_datasets_selection/HCP_YOUNG_bids/sub-160729/ses-1/anat/sub-160729_ses-1_T1w.nii.gz,,,,,sub-160729,ses-1,260,311,260,0.7,0.7,0.7,66.9965181350708,21023600,19515585,0.9282703723434617,0.0,2526.300048828125,263.90944449667927,39.30619812011719,350.51921934007976,21.107906341552734,1.2204895354664682,1.406477226918833,0.2832751131057739,16.07766342163086,971.2082275390626,1335.4405712890625,0.8568412354327057,0.5587
HCP_YOUNG_bids,/run/media/falconnier/Elements/BIDS_datasets_selection/HCP_YOUNG_bids/sub-160830/ses-1/anat/sub-160830_ses-1_T1w.nii.gz,,,,,sub-160830,ses-1,260,311,260,0.7,0.7,0.7,66.42068386077881,21023600,19221608,0.9142871820240112,0.0,4547.2412109375,319.46901404485845,53.82840347290039,408.85266086438565,43.306241035461426,1.9443692195649795,1.43952451841929,0.011663168072700502,9.979415941238404,1114.7543029785147,1597.4026757812499,0.5066680704837969,0.5677
HCP_YOUNG_bids,/run/media/falconnier/Elements/BIDS_datasets_selection/HCP_YOUNG_bids/sub-160931/ses-1/anat/sub-160931_ses-1_T1w.nii.gz,,,,,sub-160931,ses-1,260,311,260,0.7,0.7,0.7,66.68859481811523,21023600,19309782,0.9184812306170209,0.0,4239.35693359375,331.8825463727171,56.24529838562012,420.0609937191367,45.53284406661987,1.5288547886114277,1.3825590661513774,0.05437439028173685,11.418817567825318,1162.2598510742182,1612.4848278808608,0.5466648825064694,0.5733
HCP_YOUNG_bids,/run/media/falconnier/Elements/BIDS_datasets_selection/HCP_YOUNG_bids/sub-161327/ses-1/anat/sub-161327_ses-1_T1w.nii.gz,,,,,sub-161327,ses-1,260,311,260,0.7,0.7,0.7,64.35841751098633,21023600,18645056,0.8868631442759566,0.0,4354.0302734375,437.8041848518199,217.12022399902344,526.0775750915334,195.75646781921387,3.7237099737891413,1.7111530406816289,0.16203813925385488,17.762842655181885,1465.9850463867188,2312.7108642578114,0.5653216445195024,0.5838
HCP_YOUNG_bids,/run/media/falconnier/Elements/BIDS_datasets_selection/HCP_YOUNG_bids/sub-161630/ses-1/anat/sub-161630_ses-1_T1w.nii.gz,,,,,sub-161630,ses-1,260,311,260,0.7,0.7,0.7,68.36750793457031,21023600,19801081,0.9418501588690804,0.0,3471.1484375,365.4838170230037,87.46691131591797,450.0634617225758,78.07441139221191,1.966904000280798,1.4393701273010233,0.15759766399860392,11.83414363861084,1243.26904296875,1851.546874999999,0.6835496759722847,0.5925
HCP_YOUNG_bids,/run/media/falconnier/Elements/BIDS_datasets_selection/HCP_YOUNG_bids/sub-161731/ses-1/anat/sub-161731_ses-1_T1w.nii.gz,,,,,sub-161731,ses-1,260,311,260,0.7,0.7,0.7,66.04992389678955,21023600,19236268,0.9149844936166974,0.0,2620.287109375,262.9136854363354,38.47426223754883,351.09265829043545,20.95485210418701,1.3786739273436144,1.4380078670059828,0.218183320760727,15.488691997528075,969.9909820556636,1358.6901379394494,0.8261573367870877,0.5522
HCP_YOUNG_bids,/run/media/falconnier/Elements/BIDS_datasets_selection/HCP_YOUNG_bids/sub-161832/ses-1/anat/sub-161832_ses-1_T1w.nii.gz,,,,,sub-161832,ses-1,260,311,260,0.7,0.7,0.7,70.2133617401123,21023600,20432905,0.9719032420708157,0.0,3728.071044921875,381.1833219130154,96.59898376464844,473.8275501356964,81.96353149414062,2.3267726518029734,1.513840572064076,2.9900142860412604,17.12416343688965,1305.1825927734376,1998.152421875001,0.6326478317697648,0.5999
HCP_YOUNG_bids,/run/media/falconnier/Elements/BIDS_datasets_selection/HCP_YOUNG_bids/sub-162026/ses-1/anat/sub-162026_ses-1_T1w.nii.gz,,,,,sub-162026,ses-1,260,311,260,0.7,0.7,0.7,67.07351303100586,21023600,19430338,0.9242155482410244,0.0,2726.671142578125,274.7914995447733,47.47200393676758,358.3285115143266,35.030396938323975,1.7719561555893586,1.4737965023871589,0.09152188390493392,10.764955711364747,986.6993499755858,1410.6514355468735,0.8253461277769144,0.5647
HCP_YOUNG_bids,/run/media/falconnier/Elements/BIDS_datasets_selection/HCP_YOUNG_bids/sub-162228/ses-1/anat/sub-162228_ses-1_T1w.nii.gz,,,,,sub-162228,ses-1,260,311,260,0.7,0.7,0.7,68.86098098754883,21023600,19963593,0.9495801385110066,0.0,4537.1083984375,474.4217187009757,200.51776123046875,575.8549842214583,179.7500705718994,3.095216116166762,1.6028655258017162,0.15356043040752415,19.078973007202148,1589.4263183593748,2446.918310546862,0.5419515051541683,0.6017
HCP_YOUNG_bids,/run/media/falconnier/Elements/BIDS_datasets_selection/HCP_YOUNG_bids/sub-162329/ses-1/anat/sub-162329_ses-1_T1w.nii.gz,,,,,sub-162329,ses-1,260,311,260,0.7,0.7,0.7,66.69265460968018,21023600,19340941,0.9199633269278334,0.0,2934.71728515625,277.17968106934336,47.506385803222656,362.91898346811354,34.144925117492676,1.496670584589154,1.433689369867864,0.3038952171802521,11.234586715698242,996.7702026367188,1422.4862548828132,0.7657618819306687,0.5614
HCP_YOUNG_bids,/run/media/falconnier/Elements/BIDS_datasets_selection/HCP_YOUNG_bids/sub-162733/ses-1/anat/sub-162733_ses-1_T1w.nii.gz,,,,,sub-162733,ses-1,260,311,260,0.7,0.7,0.7,68.1553955078125,21023600,19874077,0.9453222568922545,0.0,3206.3984375,343.8319917280912,52.787933349609375,438.1121474672596,37.558112144470215,1.6969567783869106,1.428241103926985,0.8438087248802189,16.459494018554686,1211.7400146484374,1762.2326953124948,0.7134380157280744,0.5802
HCP_YOUNG_bids,/run/media/falconnier/Elements/BIDS_datasets_selection/HCP_YOUNG_bids/sub-162935/ses-1/anat/sub-162935_ses-1_T1w.nii.gz,,,,,sub-162935,ses-1,260,311,260,0.7,0.7,0.7,68.18688678741455,21023600,19844728,0.9439262543046861,0.0,3440.186279296875,374.3123484407416,85.78845596313477,450.02143067286477,73.80833625793457,1.4010064843719343,1.3168888916010337,0.42345766395330436,17.45182046890259,1249.668701171875,1801.4224462890634,0.6795403322038794,0.602
HCP_YOUNG_bids,/run/media/falconnier/Elements/BIDS_datasets_selection/HCP_YOUNG_bids/sub-163129/ses-1/anat/sub-163129_ses-1_T1w.nii.gz,,,,,sub-163129,ses-1,260,311,260,0.7,0.7,0.7,68.67688179016113,21023600,19939081,0.9484142106965505,0.0,3213.93017578125,301.75512865664604,45.166561126708984,400.3320396531468,32.02901077270508,1.797881158903654,1.4907522014922863,0.3443647563457489,11.312088966369629,1112.381591796875,1595.1811279296862,0.7019529492948394,0.5657
HCP_YOUNG_bids,/run/media/falconnier/Elements/BIDS_datasets_selection/HCP_YOUNG_bids/sub-163331/ses-1/anat/sub-163331_ses-1_T1w.nii.gz,,,,,sub-163331,ses-1,260,311,260,0.7,0.7,0.7,68.89981746673584,21023600,19960682,0.9494416750699214,0.0,4312.83935546875,418.85644018124805,194.80602264404297,494.0595983929677,175.18254280090332,2.965422917712294,1.5953579573173438,0.1392275497317314,14.0750066280365,1381.9262573242186,2145.8085913086006,0.5783781297758712,0.6137
HCP_YOUNG_bids,/run/media/falconnier/Elements/BIDS_datasets_selection/HCP_YOUNG_bids/sub-163432/ses-1/anat/sub-163432_ses-1_T1w.nii.gz,,,,,sub-163432,ses-1,260,311,260,0.7,0.7,0.7,64.75664710998535,21023600,18752425,0.891970214425693,0.0,3090.093017578125,286.23779820929195,46.8297233581543,367.2040467573448,35.04838562011719,1.1208106184415874,1.3476974026122348,0.2226704877614974,10.895926666259767,1024.8195556640626,1395.9827587890627,0.7294115930418422,0.5589
HCP_YOUNG_bids,/run/media/falconnier/Elements/BIDS_datasets_selection/HCP_YOUNG_bids/sub-163836/ses-1/anat/sub-163836_ses-1_T1w.nii.gz,,,,,sub-163836,ses-1,260,311,260,0.7,0.7,0.7,67.34616279602051,21023600,19506511,0.927838762153009,0.0,3651.455322265625,313.15430047229455,67.60353088378906,396.6519179736492,55.554656982421875,2.8821844986982867,1.5994595774673372,0.3312766879796983,12.035548210144043,1068.0770263671875,1672.1916381835936,0.6363790917747036,0.5778
HCP_YOUNG_bids,/run/media/falconnier/Elements/BIDS_datasets_selection/HCP_YOUNG_bids/sub-164030/ses-1/anat/sub-164030_ses-1_T1w.nii.gz,,,,,sub-164030,ses-1,260,311,260,0.7,0.7,0.7,66.71256446838379,21023600,19357611,0.9207562453623547,0.0,4169.52685546875,385.062771231289,106.75487518310547,466.50663052048486,90.02628135681152,1.6277409823693239,1.3762700623043895,0.2460533827543259,18.08888530731201,1299.0045166015625,1893.6788574218717,0.5676020381236359,0.5912
HCP_YOUNG_bids,/run/media/falconnier/Elements/BIDS_datasets_selection/HCP_YOUNG_bids/sub-164636/ses-1/anat/sub-164636_ses-1_T1w.nii.gz,,,,,sub-164636,ses-1,260,311,260,0.7,0.7,0.7,66.97881698608398,21023600,19451507,0.9252224642782397,0.0,3460.14404296875,330.7741341866652,64.3963851928711,399.22305019655056,53.760196685791016,1.1117019327830304,1.2698509660801014,0.0821329827606678,15.804804229736328,1097.7389038085935,1579.9961425781266,0.663052114355974,0.5936
HCP_YOUNG_bids,/run/media/falconnier/Elements/BIDS_datasets_selection/HCP_YOUNG_bids/sub-164131/ses-1/anat/sub-164131_ses-1_T1w.nii.gz,,,,,sub-164131,ses-1,260,311,260,0.7,0.7,0.7,67.0378189086914,21023600,19399395,0.9227437260982896,0.0,3617.06396484375,340.0599749377759,74.92689514160156,413.43474806140784,67.02058982849121,1.5417514465864093,1.3557481256414403,0.14141948670148852,11.261006259918213,1146.01953125,1676.8818432617186,0.6465595144784634,0.5902
HCP_YOUNG_bids,/run/media/falconnier/Elements/BIDS_datasets_selection/HCP_YOUNG_bids/sub-164939/ses-1/anat/sub-164939_ses-1_T1w.nii.gz,,,,,sub-164939,ses-1,260,311,260,0.7,0.7,0.7,68.40158653259277,21023600,19936104,0.9482726079263304,0.0,2611.181640625,263.8287323016981,42.86805534362793,323.3825772034894,26.885704517364502,0.45176164447380796,1.173087534274054,0.2903219553828239,15.613624048233032,892.4847656249995,1176.497703857418,0.8370268851526925,0.5959
HCP_YOUNG_bids,/run/media/falconnier/Elements/BIDS_datasets_selection/HCP_YOUNG_bids/sub-165032/ses-1/anat/sub-165032_ses-1_T1w.nii.gz,,,,,sub-165032,ses-1,260,311,260,0.7,0.7,0.7,67.60076999664307,21023600,19575824,0.9311356760973383,0.0,4235.61767578125,436.7648076009472,221.25015258789062,509.71317397221304,203.06697845458984,2.225073229246128,1.4459872792857236,0.17015989571809773,13.525484657287597,1435.5659301757796,2151.5925488281246,0.5810169211595249,0.6097
HCP_YOUNG_bids,/run/media/falconnier/Elements/BIDS_datasets_selection/HCP_YOUNG_bids/sub-165436/ses-1/anat/sub-165436_ses-1_T1w.nii.gz,,,,,sub-165436,ses-1,260,311,260,0.7,0.7,0.7,69.17923069000244,21023600,20067735,0.9545337144922849,0.0,3715.23583984375,350.51340633312714,59.99391555786133,430.1337843565824,51.81500244140625,0.8455748606113027,1.2344042298054743,0.0750152887403965,10.864342403411865,1190.5870727539063,1653.674099121094,0.6266948913902884,0.5969
HCP_YOUNG_bids,/run/media/falconnier/Elements/BIDS_datasets_selection/HCP_YOUNG_bids/sub-165234/ses-1/anat/sub-165234_ses-1_T1w.nii.gz,,,,,sub-165234,ses-1,260,311,260,0.7,0.7,0.7,67.79612636566162,21023600,19727568,0.9383534694343499,0.0,3590.354248046875,309.199981837941,41.29611396789551,411.96349103584885,24.88792324066162,1.789513484837336,1.486444347533605,0.060542352721095094,15.728247833251954,1147.1091186523427,1610.4942187499983,0.620613083880205,0.5605
HCP_YOUNG_bids,/run/media/falconnier/Elements/BIDS_datasets_selection/HCP_YOUNG_bids/sub-165638/ses-1/anat/sub-165638_ses-1_T1w.nii.gz,,,,,sub-165638,ses-1,260,311,260,0.7,0.7,0.7,68.10261631011963,21023600,19743249,0.939099345497441,0.0,4520.81298828125,280.1127442887336,48.035545349121094,360.13154919323273,35.26806926727295,1.752658258168596,1.446764993548968,0.2195926880836487,11.299981307983398,988.639843749999,1426.3219775390621,0.49914233295577076,0.5751
HCP_YOUNG_bids,/run/media/falconnier/Elements/BIDS_datasets_selection/HCP_YOUNG_bids/sub-165840/ses-1/anat/sub-165840_ses-1_T1w.nii.gz,,,,,sub-165840,ses-1,260,311,260,0.7,0.7,0.7,67.88371562957764,21023600,19696478,0.9368746551494511,0.0,4549.8564453125,528.6618440419062,239.47702026367188,649.2698213628065,217.37681770324707,3.600982653997474,1.7086645894158143,0.13670379057526588,19.388885974884033,1799.2637939453125,2832.1306518554693,0.5510644501469216,0.5932
HCP_YOUNG_bids,/run/media/falconnier/Elements/BIDS_datasets_selection/HCP_YOUNG_bids/sub-165941/ses-1/anat/sub-165941_ses-1_T1w.nii.gz,,,,,sub-165941,ses-1,260,311,260,0.7,0.7,0.7,67.7028169631958,21023600,19686398,0.936395193972488,0.0,2699.107421875,297.29497292422417,57.5380802154541,363.2136078318504,43.308287620544434,1.1573026060492264,1.2934590063672844,0.16002934083342552,16.419078540802,995.3882843017568,1399.110687255863,0.8379801219488597,0.5936
HCP_YOUNG_bids,/run/media/falconnier/Elements/BIDS_datasets_selection/HCP_YOUNG_bids/sub-166438/ses-1/anat/sub-166438_ses-1_T1w.nii.gz,,,,,sub-166438,ses-1,260,311,260,0.7,0.7,0.7,68.93618202209473,21023600,19996333,0.9511374360242775,0.0,3750.19482421875,407.6385613459895,166.73312377929688,478.72952589207864,148.5063934326172,1.7293781500059202,1.3616903979470911,0.03744986429810524,17.07558937072754,1328.1239746093743,1981.89978515625,0.6422939692146099,0.6141
HCP_YOUNG_bids,/run/media/falconnier/Elements/BIDS_datasets_selection/HCP_YOUNG_bids/sub-166640/ses-1/anat/sub-166640_ses-1_T1w.nii.gz,,,,,sub-166640,ses-1,260,311,260,0.7,0.7,0.7,68.7494306564331,21023600,19980199,0.9503700127475789,0.0,4120.32666015625,360.12490743423643,139.63819885253906,417.2533099121541,126.04666042327881,1.689510549222896,1.3166346542075344,0.5482212853431704,12.76244468688965,1147.383581542968,1682.8564501953124,0.5795897114226684,0.6189
HCP_YOUNG_bids,/run/media/falconnier/Elements/BIDS_datasets_selection/HCP_YOUNG_bids/sub-167036/ses-1/anat/sub-167036_ses-1_T1w.nii.gz,,,,,sub-167036,ses-1,260,311,260,0.7,0.7,0.7,67.12505435943604,21023600,19556743,0.9302280770182081,0.0,3556.8115234375,285.4713817798663,37.14949417114258,392.09760635857583,19.92825698852539,1.9631112476493788,1.5428533057491631,0.304201021194458,15.456376838684083,1078.0265991210936,1535.3061718749996,0.6130419719650659,0.5463
HCP_YOUNG_bids,/run/media/falconnier/Elements/BIDS_datasets_selection/HCP_YOUNG_bids/sub-167238/ses-1/anat/sub-167238_ses-1_T1w.nii.gz,,,,,sub-167238,ses-1,260,311,260,0.7,0.7,0.7,67.96024894714355,21023600,19704365,0.9372498049810689,0.0,3208.08837890625,303.85283393257913,53.95600128173828,384.2234600388748,42.69713020324707,1.7362045616129445,1.4198850256309052,0.21837069869041445,11.609765243530275,1048.0400634765629,1521.260009765625,0.7135089425216661,0.5807
HCP_YOUNG_bids,/run/media/falconnier/Elements/BIDS_datasets_selection/HCP_YOUNG_bids/sub-167440/ses-1/anat/sub-167440_ses-1_T1w.nii.gz,,,,,sub-167440,ses-1,260,311,260,0.7,0.7,0.7,67.50074005126953,21023600,19621098,0.933289160752678,0.0,3460.326904296875,334.8847688066858,46.55540084838867,452.1430207529367,30.62080955505371,2.2237912825170927,1.5791368722987535,0.31499238073825836,16.321431827545165,1259.017547607421,1812.6471459960958,0.6564564931915919,0.5542
HCP_YOUNG_bids,/run/media/falconnier/Elements/BIDS_datasets_selection/HCP_YOUNG_bids/sub-167743/ses-1/anat/sub-167743_ses-1_T1w.nii.gz,,,,,sub-167743,ses-1,260,311,260,0.7,0.7,0.7,67.56970977783203,21023600,19590949,0.9318551056907476,0.0,3904.774658203125,343.9157750566176,114.42413330078125,396.4837488388453,104.0242223739624,1.2638987979156315,1.2228522401977222,0.061553625166416194,11.26989860534668,1085.3436523437495,1538.341796875,0.6058421820523895,0.6134
HCP_YOUNG_bids,/run/media/falconnier/Elements/BIDS_datasets_selection/HCP_YOUNG_bids/sub-168139/ses-1/anat/sub-168139_ses-1_T1w.nii.gz,,,,,sub-168139,ses-1,260,311,260,0.7,0.7,0.7,68.24976539611816,21023600,19818544,0.9426807968188131,0.0,3176.471435546875,391.72209907843023,112.11967468261719,476.11675835805573,96.8079981803894,1.7271518379924569,1.4088414710149375,0.11521135710179804,18.227305316925047,1329.264959716796,1961.454447021485,0.7483202011735526,0.5981
HCP_YOUNG_bids,/run/media/falconnier/Elements/BIDS_datasets_selection/HCP_YOUNG_bids/sub-168341/ses-1/anat/sub-168341_ses-1_T1w.nii.gz,,,,,sub-168341,ses-1,260,311,260,0.7,0.7,0.7,67.56148624420166,21023600,19553701,0.930083382484446,0.0,4169.96044921875,347.7769401312942,125.5287857055664,410.35872844357743,112.00495147705078,2.2614070831590096,1.434193677554659,0.5170335173606873,13.079943656921387,1128.392822265625,1685.044677734375,0.5715475394636313,0.6052
HCP_YOUNG_bids,/run/media/falconnier/Elements/BIDS_datasets_selection/HCP_YOUNG_bids/sub-168240/ses-1/anat/sub-168240_ses-1_T1w.nii.gz,,,,,sub-168240,ses-1,260,311,260,0.7,0.7,0.7,68.76643466949463,21023600,19927552,0.9478658269753991,0.0,4146.00439453125,359.8214237330602,108.52237701416016,423.6434342141626,98.47026777267456,1.2726403956207974,1.283421516465712,0.13393785297870642,12.701158094406129,1186.4142272949216,1666.4723803710885,0.5741711050646262,0.6117
HCP_YOUNG_bids,/run/media/falconnier/Elements/BIDS_datasets_selection/HCP_YOUNG_bids/sub-168745/ses-1/anat/sub-168745_ses-1_T1w.nii.gz,,,,,sub-168745,ses-1,260,311,260,0.7,0.7,0.7,68.6009292602539,21023600,19905575,0.946820477939078,0.0,3257.29541015625,336.21511303390685,54.54008483886719,427.07161748029097,43.98247528076172,1.6165338965528866,1.4014483309628434,0.2687663465738296,11.482194805145264,1174.985815429688,1678.1744848632839,0.7097075555456145,0.5817
HCP_YOUNG_bids,/run/media/falconnier/Elements/BIDS_datasets_selection/HCP_YOUNG_bids/sub-168947/ses-1/anat/sub-168947_ses-1_T1w.nii.gz,,,,,sub-168947,ses-1,260,311,260,0.7,0.7,0.7,67.59063053131104,21023600,19603410,0.9324478205445309,0.0,3766.6044921875,277.49311173196276,39.65526580810547,391.95378698791353,25.025217533111572,2.500442216802427,1.6499236094624743,0.3929212087392807,10.58685760498047,1070.9841430664064,1569.5387854003907,0.5854251188166981,0.5364
HCP_YOUNG_bids,/run/media/falconnier/Elements/BIDS_datasets_selection/HCP_YOUNG_bids/sub-169343/ses-1/anat/sub-169343_ses-1_T1w.nii.gz,,,,,sub-169343,ses-1,260,311,260,0.7,0.7,0.7,66.9059886932373,21023600,19380400,0.9218402176601533,0.0,3721.395751953125,297.50357080593704,48.30010986328125,371.84506352499693,38.073710441589355,0.6987024642521509,1.2257267407887942,0.04137206707149744,10.094661664962768,1031.246826171875,1359.6685827636725,0.6086572765135057,0.5785
HCP_YOUNG_bids,/run/media/falconnier/Elements/BIDS_datasets_selection/HCP_YOUNG_bids/sub-169141/ses-1/anat/sub-169141_ses-1_T1w.nii.gz,,,,,sub-169141,ses-1,260,311,260,0.7,0.7,0.7,67.46182918548584,21023600,19638584,0.9341208927110486,0.0,3336.078857421875,313.0212200986361,46.171077728271484,402.017166547378,31.13656759262085,1.6210430881763882,1.4299141881663264,0.12111388519406323,15.940717840194703,1117.366033935546,1602.5225878906222,0.6751167723224673,0.5734
HCP_YOUNG_bids,/run/media/falconnier/Elements/BIDS_datasets_selection/HCP_YOUNG_bids/sub-169444/ses-1/anat/sub-169444_ses-1_T1w.nii.gz,,,,,sub-169444,ses-1,260,311,260,0.7,0.7,0.7,67.23235511779785,21023600,19583550,0.9315031678684906,0.0,3214.31201171875,287.0420060935368,37.72733497619629,412.9411157958431,18.84346866607666,3.164202956055181,1.7755908778086438,0.779408676624298,16.300791645050047,1134.6533325195314,1694.0733837890657,0.6766624667159912,0.5299
HCP_YOUNG_bids,/run/media/falconnier/Elements/BIDS_datasets_selection/HCP_YOUNG_bids/sub-169545/ses-1/anat/sub-169545_ses-1_T1w.nii.gz,,,,,sub-169545,ses-1,260,311,260,0.7,0.7,0.7,68.14677810668945,21023600,19814693,0.9424976217203523,0.0,3508.7001953125,428.1491498058505,160.31344604492188,497.66149339837716,144.03478813171387,1.159873572692507,1.2296127330441953,0.1642329984903336,17.281803131103516,1378.9454101562496,1975.5368066406209,0.6824715594661973,0.6138
HCP_YOUNG_bids,/run/media/falconnier/Elements/BIDS_datasets_selection/HCP_YOUNG_bids/sub-169747/ses-1/anat/sub-169747_ses-1_T1w.nii.gz,,,,,sub-169747,ses-1,260,311,260,0.7,0.7,0.7,66.5824031829834,21023600,19392090,0.9223962594417702,0.0,3275.377685546875,310.6877758232964,42.25850486755371,405.88573785846904,26.329291343688965,1.5809494684194112,1.4178007455357824,0.2801315528154374,15.5376690864563,1113.9700927734375,1569.039591064453,0.6807108376422809,0.5624
HCP_YOUNG_bids,/run/media/falconnier/Elements/BIDS_datasets_selection/HCP_YOUNG_bids/sub-169949/ses-1/anat/sub-169949_ses-1_T1w.nii.gz,,,,,sub-169949,ses-1,260,311,260,0.7,0.7,0.7,67.41408824920654,21023600,19612452,0.9328779086360091,0.0,3488.880615234375,365.5486360362033,56.662559509277344,460.31694321867064,43.358922481536865,1.7732875052875796,1.424324618153386,0.2292580570280552,16.825189781188964,1273.8650878906246,1853.5648767089838,0.6617370968451435,0.5803
HCP_YOUNG_bids,/run/media/falconnier/Elements/BIDS_datasets_selection/HCP_YOUNG_bids/sub-170631/ses-1/anat/sub-170631_ses-1_T1w.nii.gz,,,,,sub-170631,ses-1,260,311,260,0.7,0.7,0.7,68.19194889068604,21023600,19789891,0.94131789988394,0.0,4213.93408203125,357.366171885249,50.245872497558594,470.0425815613187,38.338138580322266,1.9772711302772663,1.4991266356657946,0.33750595450401305,11.717306137084961,1309.9322509765625,1880.292211914064,0.5491622992123164,0.5662
HCP_YOUNG_bids,/run/media/falconnier/Elements/BIDS_datasets_selection/HCP_YOUNG_bids/sub-170934/ses-1/anat/sub-170934_ses-1_T1w.nii.gz,,,,,sub-170934,ses-1,260,311,260,0.7,0.7,0.7,67.28943538665771,21023600,19552479,0.9300252573298579,0.0,3761.395751953125,374.09561441822035,70.53678894042969,464.8840884974212,56.931243896484375,1.7157196254640645,1.380478955216093,0.056753477454185484,16.298165702819823,1266.1783569335935,1830.3061474609349,0.621796979474347,0.5843
HCP_YOUNG_bids,/run/media/falconnier/Elements/BIDS_datasets_selection/HCP_YOUNG_bids/sub-171128/ses-1/anat/sub-171128_ses-1_T1w.nii.gz,,,,,sub-171128,ses-1,260,311,260,0.7,0.7,0.7,67.45922565460205,21023600,19519163,0.9284405620350463,0.0,3087.536376953125,302.3045664801572,61.99327850341797,375.2932425898995,51.50220489501953,0.9791800016762289,1.2819532795814788,0.037274210453033446,10.330836772918701,1037.9305053710932,1426.0612841796865,0.7456601545500025,0.5841
HCP_YOUNG_bids,/run/media/falconnier/Elements/BIDS_datasets_selection/HCP_YOUNG_bids/sub-171330/ses-1/anat/sub-171330_ses-1_T1w.nii.gz,,,,,sub-171330,ses-1,260,311,260,0.7,0.7,0.7,66.70746517181396,21023600,19310172,0.9184997811982725,0.0,3893.836669921875,398.94914176667993,83.78755950927734,494.37045171304,75.62096738815308,2.0484539740455583,1.4503485824567062,0.19322432234883305,12.26083655357361,1358.2123229980466,2048.095844726562,0.6124802025966862,0.5815
HCP_YOUNG_bids,/run/media/falconnier/Elements/BIDS_datasets_selection/HCP_YOUNG_bids/sub-171532/ses-1/anat/sub-171532_ses-1_T1w.nii.gz,,,,,sub-171532,ses-1,260,311,260,0.7,0.7,0.7,65.31501960754395,21023600,18966572,0.902156243459731,0.0,3547.653564453125,336.0431712670635,100.21866226196289,391.0966324576957,85.84468412399292,1.6508878906834292,1.2946961433258395,0.05377328477799892,16.407438468933105,1048.007080078125,1574.9616735839836,0.6566045682093072,0.5993
HCP_YOUNG_bids,/run/media/falconnier/Elements/BIDS_datasets_selection/HCP_YOUNG_bids/sub-171431/ses-1/anat/sub-171431_ses-1_T1w.nii.gz,,,,,sub-171431,ses-1,260,311,260,0.7,0.7,0.7,67.11580085754395,21023600,19494767,0.9272801518293727,0.0,2752.818359375,329.2601170115295,71.1264419555664,399.89999256446225,55.619462966918945,1.0063007242919975,1.2706258156327024,0.08425206393003465,16.865886688232422,1103.9970703125,1556.6097045898437,0.8387862563856937,0.5923
HCP_YOUNG_bids,/run/media/falconnier/Elements/BIDS_datasets_selection/HCP_YOUNG_bids/sub-171633/ses-1/anat/sub-171633_ses-1_T1w.nii.gz,,,,,sub-171633,ses-1,260,311,260,0.7,0.7,0.7,67.78317546844482,21023600,19712746,0.9376484522156053,0.0,3749.886962890625,337.1932998016998,55.988176345825195,429.20059757876913,41.22760057449341,2.3897587476011637,1.5383013433536203,0.4972811579704287,17.136818885803223,1170.6081237792969,1800.1750976562507,0.6117674923859634,0.5788
HCP_YOUNG_bids,/run/media/falconnier/Elements/BIDS_datasets_selection/HCP_YOUNG_bids/sub-171734/ses-1/anat/sub-171734_ses-1_T1w.nii.gz,,,,,sub-171734,ses-1,260,311,260,0.7,0.7,0.7,67.3856954574585,21023600,19637068,0.9340487832721323,0.0,3359.462890625,301.60948503197096,39.27397537231445,407.4299090908243,22.566567420959473,2.3662936139547215,1.5645760132648503,0.28200155556201933,15.495574331283569,1097.695556640625,1618.5961486816395,0.6570507369791372,0.5539
HCP_YOUNG_bids,/run/media/falconnier/Elements/BIDS_datasets_selection/HCP_YOUNG_bids/sub-172029/ses-1/anat/sub-172029_ses-1_T1w.nii.gz,,,,,sub-172029,ses-1,260,311,260,0.7,0.7,0.7,68.62903690338135,21023600,19953317,0.9490913544778249,0.0,4215.66796875,386.4081899120829,103.37408447265625,476.83950350920907,88.45447158813477,2.7868260939163463,1.5638338408120696,0.5537704277038574,18.006028366088866,1316.5532470703124,1990.6128222656243,0.5606744863668572,0.595
HCP_YOUNG_bids,/run/media/falconnier/Elements/BIDS_datasets_selection/HCP_YOUNG_bids/sub-172130/ses-1/anat/sub-172130_ses-1_T1w.nii.gz,,,,,sub-172130,ses-1,260,311,260,0.7,0.7,0.7,68.86769008636475,21023600,20060259,0.9541781141193706,0.0,2770.85009765625,289.0613659853472,40.732383728027344,381.2647942748795,23.283483505249023,1.64164593149198,1.4628945606945412,0.7953607320785528,16.275678443908692,1057.688012695312,1511.7681738281217,0.7934890032657221,0.5701
HCP_YOUNG_bids,/run/media/falconnier/Elements/BIDS_datasets_selection/HCP_YOUNG_bids/sub-172332/ses-1/anat/sub-172332_ses-1_T1w.nii.gz,,,,,sub-172332,ses-1,260,311,260,0.7,0.7,0.7,66.36058044433594,21023600,19286371,0.9173676725204056,0.0,3544.83740234375,300.6901310496466,41.933753967285156,398.2547363407424,25.88315773010254,1.7679105641191226,1.472254262023489,0.291820228099823,15.420140743255615,1087.3299560546875,1580.2912109375002,0.6275105604709752,0.5558
HCP_YOUNG_bids,/run/media/falconnier/Elements/BIDS_datasets_selection/HCP_YOUNG_bids/sub-172433/ses-1/anat/sub-172433_ses-1_T1w.nii.gz,,,,,sub-172433,ses-1,260,311,260,0.7,0.7,0.7,68.643310546875,21023600,19945154,0.9487030765425521,0.0,4284.11474609375,328.90134474047363,47.91507530212402,412.28109221708905,34.267040729522705,1.1107069643437528,1.3033427965792586,0.029496878460049628,15.531527090072633,1144.6913696289057,1582.9761169433586,0.5279319593565351,0.5871
HCP_YOUNG_bids,/run/media/falconnier/Elements/BIDS_datasets_selection/HCP_YOUNG_bids/sub-172534/ses-1/anat/sub-172534_ses-1_T1w.nii.gz,,,,,sub-172534,ses-1,260,311,260,0.7,0.7,0.7,67.06054401397705,21023600,19539189,0.9293931105995167,0.0,2762.42822265625,273.51391566257564,36.875396728515625,378.3706698652584,19.4089298248291,2.0621521897469774,1.57330124240921,0.2914782643318176,15.32672996520996,1037.332275390625,1494.084165039063,0.7836296970548546,0.5436
HCP_YOUNG_bids,/run/media/falconnier/Elements/BIDS_datasets_selection/HCP_YOUNG_bids/sub-172635/ses-1/anat/sub-172635_ses-1_T1w.nii.gz,,,,,sub-172635,ses-1,260,311,260,0.7,0.7,0.7,68.10575675964355,21023600,19795059,0.9415637188683195,0.0,3712.964599609375,370.45677923838946,67.9641342163086,464.54921244329995,55.56986618041992,2.343769448668538,1.506277817206651,0.2558426004648209,17.00159606933594,1277.211450195312,1903.1739477539018,0.6277595627463943,0.5855
HCP_YOUNG_bids,/run/media/falconnier/Elements/BIDS_datasets_selection/HCP_YOUNG_bids/sub-172938/ses-1/anat/sub-172938_ses-1_T1w.nii.gz,,,,,sub-172938,ses-1,260,311,260,0.7,0.7,0.7,67.71626377105713,21023600,19718729,0.9379330371582412,0.0,2691.908935546875,278.7677261541012,39.960235595703125,363.1012893252557,24.633146286010742,1.197360343550785,1.369689334042405,0.8236039590835571,14.808378219604492,996.1964111328125,1386.8770458984363,0.8154374734866336,0.5691
HCP_YOUNG_bids,/run/media/falconnier/Elements/BIDS_datasets_selection/HCP_YOUNG_bids/sub-173132/ses-1/anat/sub-173132_ses-1_T1w.nii.gz,,,,,sub-173132,ses-1,260,311,260,0.7,0.7,0.7,66.71656894683838,21023600,19346298,0.920218135809281,0.0,3708.75390625,341.366276300498,122.52608489990234,394.6706450712251,106.19316577911377,1.2991611859021255,1.2612193234538482,0.10242727160453796,16.762605094909667,1091.6452819824217,1567.6334851074243,0.6317041199618975,0.6086
HCP_YOUNG_bids,/run/media/falconnier/Elements/BIDS_datasets_selection/HCP_YOUNG_bids/sub-173233/ses-1/anat/sub-173233_ses-1_T1w.nii.gz,,,,,sub-173233,ses-1,260,311,260,0.7,0.7,0.7,69.27408790588379,21023600,20088886,0.9555397743488271,0.0,3939.770751953125,325.54726105935265,65.63525009155273,398.7794879411084,56.32938003540039,1.567493031611619,1.3634449828924002,0.2542143061757088,12.138842582702637,1098.3333435058594,1580.1933410644497,0.5901450838326083,0.5992
HCP_YOUNG_bids,/run/media/falconnier/Elements/BIDS_datasets_selection/HCP_YOUNG_bids/sub-173334/ses-1/anat/sub-173334_ses-1_T1w.nii.gz,,,,,sub-173334,ses-1,260,311,260,0.7,0.7,0.7,66.61764144897461,21023600,19340960,0.9199642306740996,0.0,4377.3583984375,383.69981142165506,146.0736541748047,454.616539775523,128.16278457641602,1.6028064897037924,1.3587347347019212,0.1000168965756893,17.41439609527588,1269.4698486328125,1882.3502978515626,0.542383496697925,0.5995
HCP_YOUNG_bids,/run/media/falconnier/Elements/BIDS_datasets_selection/HCP_YOUNG_bids/sub-173435/ses-1/anat/sub-173435_ses-1_T1w.nii.gz,,,,,sub-173435,ses-1,260,311,260,0.7,0.7,0.7,67.3712511062622,21023600,19595367,0.9320652504804124,0.0,3530.844970703125,335.60314516335217,44.96604537963867,453.9691260284046,27.651798248291016,2.534708663202946,1.6262457215173003,0.39507699489593506,17.037085723876952,1263.5502563476562,1838.3766381835935,0.6409598061227803,0.5533
HCP_YOUNG_bids,/run/media/falconnier/Elements/BIDS_datasets_selection/HCP_YOUNG_bids/sub-173536/ses-1/anat/sub-173536_ses-1_T1w.nii.gz,,,,,sub-173536,ses-1,260,311,260,0.7,0.7,0.7,67.13929748535156,21023600,19523503,0.928646996708461,0.0,2586.422119140625,279.82669548419364,39.03923797607422,378.71968908970945,20.787206649780273,1.2529510960694719,1.4301919330622246,0.083261559009552,16.015164375305176,1060.7799804687493,1426.893542480469,0.8415123558025727,0.5513
HCP_YOUNG_bids,/run/media/falconnier/Elements/BIDS_datasets_selection/HCP_YOUNG_bids/sub-173637/ses-1/anat/sub-173637_ses-1_T1w.nii.gz,,,,,sub-173637,ses-1,260,311,260,0.7,0.7,0.7,64.99805450439453,21023600,18900054,0.8989922753477045,0.0,4023.916015625,299.3470298246119,47.68745994567871,380.5014065881963,30.024609565734863,0.8677874408222026,1.2879549468207794,1.0252700853347778,17.3704927444458,1045.026660156249,1436.3409924316402,0.555762403513526,0.5649
HCP_YOUNG_bids,/run/media/falconnier/Elements/BIDS_datasets_selection/HCP_YOUNG_bids/sub-173738/ses-1/anat/sub-173738_ses-1_T1w.nii.gz,,,,,sub-173738,ses-1,260,311,260,0.7,0.7,0.7,68.07670307159424,21023600,19721273,0.9380540440267129,0.0,4365.912109375,342.7812391251878,55.188499450683594,445.27905603514506,44.886478424072266,2.6367319496130195,1.5922127303013214,0.3591053307056427,11.857126045227055,1220.8133300781246,1839.1433007812593,0.5325432340232586,0.5709
HCP_YOUNG_bids,/run/media/falconnier/Elements/BIDS_datasets_selection/HCP_YOUNG_bids/sub-173839/ses-1/anat/sub-173839_ses-1_T1w.nii.gz,,,,,sub-173839,ses-1,260,311,260,0.7,0.7,0.7,67.73597049713135,21023600,19634065,0.9339059437964954,0.0,3727.94287109375,234.2542327128586,37.54523468017578,316.73898766111205,23.3706111907959,1.0261243567922902,1.3692578546779757,0.06316901654005051,9.706428909301758,894.6778442382815,1114.1477832031233,0.5775153229667659,0.5531
HCP_YOUNG_bids,/run/media/falconnier/Elements/BIDS_datasets_selection/HCP_YOUNG_bids/sub-173940/ses-1/anat/sub-173940_ses-1_T1w.nii.gz,,,,,sub-173940,ses-1,260,311,260,0.7,0.7,0.7,67.94261169433594,21023600,19806310,0.94209887935463,0.0,3070.13671875,274.41520722734367,37.749624252319336,385.52528127191334,19.138351440429688,2.340721669518361,1.6444161041450995,0.577174362540245,16.00507164001465,1067.2188720703125,1563.0255908203126,0.7053970814202162,0.5422
HCP_YOUNG_bids,/run/media/falconnier/Elements/BIDS_datasets_selection/HCP_YOUNG_bids/sub-174437/ses-1/anat/sub-174437_ses-1_T1w.nii.gz,,,,,sub-174437,ses-1,260,311,260,0.7,0.7,0.7,68.13338661193848,21023600,19750670,0.9394523297627428,0.0,4067.85791015625,261.43012402421465,42.01739692687988,340.6485083486823,28.451846599578857,0.8625218653570927,1.3160843728436669,0.11986556030809879,10.372110319137574,938.2601776123049,1281.0970373535151,0.5423937553356174,0.5691
HCP_YOUNG_bids,/run/media/falconnier/Elements/BIDS_datasets_selection/HCP_YOUNG_bids/sub-174841/ses-1/anat/sub-174841_ses-1_T1w.nii.gz,,,,,sub-174841,ses-1,260,311,260,0.7,0.7,0.7,67.53027725219727,21023600,19619333,0.9332052074811165,0.0,3820.372314453125,378.76891084144484,107.54280090332031,465.5477276455197,92.40450763702393,2.3204678571532993,1.5018712939856442,0.34170971393585214,16.86277084350586,1280.060571289062,1970.016279296875,0.6183266137859219,0.5906
HCP_YOUNG_bids,/run/media/falconnier/Elements/BIDS_datasets_selection/HCP_YOUNG_bids/sub-175035/ses-1/anat/sub-175035_ses-1_T1w.nii.gz,,,,,sub-175035,ses-1,260,311,260,0.7,0.7,0.7,68.931715965271,21023600,19977939,0.9502625145075059,0.0,3529.5009765625,353.7874662814289,146.8719024658203,411.35868345950587,131.9334545135498,2.0347542957938325,1.3977213434529412,1.0486867761611938,13.74724292755127,1133.086950683593,1726.4365527343753,0.6745194127037661,0.6181
HCP_YOUNG_bids,/run/media/falconnier/Elements/BIDS_datasets_selection/HCP_YOUNG_bids/sub-175136/ses-1/anat/sub-175136_ses-1_T1w.nii.gz,,,,,sub-175136,ses-1,260,311,260,0.7,0.7,0.7,68.06558132171631,21023600,19780010,0.9408479042599746,0.0,3452.20947265625,256.9887313154407,38.35947608947754,367.18668782539527,23.169732093811035,2.0474195635999273,1.6122317511601245,0.26970411121845245,10.323247909545898,1016.5862426757812,1448.6062353515626,0.630009119718478,0.5347
HCP_YOUNG_bids,/run/media/falconnier/Elements/BIDS_datasets_selection/HCP_YOUNG_bids/sub-175237/ses-1/anat/sub-175237_ses-1_T1w.nii.gz,,,,,sub-175237,ses-1,260,311,260,0.7,0.7,0.7,67.50706481933594,21023600,19666668,0.9354567248235317,0.0,3141.416259765625,281.67506999228715,39.88860321044922,373.5802582842934,22.940279960632324,1.4300797538321044,1.432630683980432,0.21814564377069495,15.784589433670046,1036.7354675292963,1428.9234582519512,0.6992347464534391,0.5615
HCP_YOUNG_bids,/run/media/falconnier/Elements/BIDS_datasets_selection/HCP_YOUNG_bids/sub-175338/ses-1/anat/sub-175338_ses-1_T1w.nii.gz,,,,,sub-175338,ses-1,260,311,260,0.7,0.7,0.7,66.36829948425293,21023600,19256713,0.915956972164615,0.0,2781.45703125,283.37768982960006,47.17757797241211,369.99964716335467,34.62150192260742,1.609696447652845,1.4422808182568092,0.3777848327159881,11.21528835296631,1021.9770385742186,1442.1378027343717,0.8098590768921202,0.561
HCP_YOUNG_bids,/run/media/falconnier/Elements/BIDS_datasets_selection/HCP_YOUNG_bids/sub-175439/ses-1/anat/sub-175439_ses-1_T1w.nii.gz,,,,,sub-175439,ses-1,260,311,260,0.7,0.7,0.7,68.13751697540283,21023600,19773635,0.9405446736049011,0.0,3348.2490234375,255.7313842601991,40.10626983642578,350.14794583567954,26.274983406066895,2.024111650255903,1.5429347808496299,0.1965880450606346,10.263732528686525,962.7867431640625,1354.5605419921876,0.6554706473177765,0.5511
HCP_YOUNG_bids,/run/media/falconnier/Elements/BIDS_datasets_selection/HCP_YOUNG_bids/sub-175540/ses-1/anat/sub-175540_ses-1_T1w.nii.gz,,,,,sub-175540,ses-1,260,311,260,0.7,0.7,0.7,66.45082664489746,21023600,19248799,0.9155805380619875,0.0,3637.781494140625,376.1742959515412,104.2799072265625,457.17217828781895,94.05469226837158,2.3558096087329528,1.4836597428116776,0.2980924528837204,12.332519435882569,1249.934863281249,1941.90532470703,0.655631144567248,0.5884
HCP_YOUNG_bids,/run/media/falconnier/Elements/BIDS_datasets_selection/HCP_YOUNG_bids/sub-176037/ses-1/anat/sub-176037_ses-1_T1w.nii.gz,,,,,sub-176037,ses-1,260,311,260,0.7,0.7,0.7,67.80383205413818,21023600,19745667,0.9392143591012005,0.0,2933.985595703125,255.28820798243322,40.530311584472656,334.7349026427094,24.032331466674805,1.1273332205084028,1.3809324061518504,0.2846581184864045,15.147516250610352,933.7465698242186,1251.3319921875,0.7431875352344022,0.5675
HCP_YOUNG_bids,/run/media/falconnier/Elements/BIDS_datasets_selection/HCP_YOUNG_bids/sub-175742/ses-1/anat/sub-175742_ses-1_T1w.nii.gz,,,,,sub-175742,ses-1,260,311,260,0.7,0.7,0.7,65.8030252456665,21023600,19136214,0.9102253657794098,0.0,2909.381591796875,263.61975905567607,40.70416450500488,354.3690154853772,23.742857933044434,2.504915748700146,1.6085906977486042,0.5687644833326341,15.686537981033325,961.2918334960932,1424.67533569336,0.7524022648627842,0.549
HCP_YOUNG_bids,/run/media/falconnier/Elements/BIDS_datasets_selection/HCP_YOUNG_bids/sub-176239/ses-1/anat/sub-176239_ses-1_T1w.nii.gz,,,,,sub-176239,ses-1,260,311,260,0.7,0.7,0.7,69.96612644195557,21023600,20321162,0.9665881200175042,0.0,3433.18212890625,344.54917459278585,96.22038650512695,413.6827889065185,83.64287328720093,1.6012934401110126,1.3716422035830558,0.45541926234960556,13.46034345626831,1154.8000366210936,1666.1435632324228,0.6930949465791433,0.6116
HCP_YOUNG_bids,/run/media/falconnier/Elements/BIDS_datasets_selection/HCP_YOUNG_bids/sub-176441/ses-1/anat/sub-176441_ses-1_T1w.nii.gz,,,,,sub-176441,ses-1,260,311,260,0.7,0.7,0.7,68.38432598114014,21023600,19828345,0.9431469871953424,0.0,4596.0439453125,357.8525733911737,52.54044723510742,476.166488385879,41.81290912628174,2.810339007816527,1.6382247966792611,0.22602608859539033,11.371018028259279,1312.4141113281253,1955.680019531248,0.5069727610578716,0.5631
HCP_YOUNG_bids,/run/media/falconnier/Elements/BIDS_datasets_selection/HCP_YOUNG_bids/sub-176542/ses-1/anat/sub-176542_ses-1_T1w.nii.gz,,,,,sub-176542,ses-1,260,311,260,0.7,0.7,0.7,68.36325931549072,21023600,19840643,0.9437319488574745,0.0,3202.536376953125,265.217002294632,37.81418991088867,373.4491429011376,23.130772590637207,1.3143155314825545,1.4771619774693832,0.08808247983455658,9.631017684936523,1048.3583862304686,1402.254047851562,0.6793394071493907,0.5404
HCP_YOUNG_bids,/run/media/falconnier/Elements/BIDS_datasets_selection/HCP_YOUNG_bids/sub-176744/ses-1/anat/sub-176744_ses-1_T1w.nii.gz,,,,,sub-176744,ses-1,260,311,260,0.7,0.7,0.7,68.03537082672119,21023600,19741503,0.9390162959721456,0.0,3670.963623046875,345.8203881777826,107.48448181152344,408.31167342187416,95.55489730834961,1.4247754574006954,1.305457786709771,0.1955900746583941,12.623282623291015,1133.2892333984364,1621.5987451171877,0.6454217210095851,0.6076
HCP_YOUNG_bids,/run/media/falconnier/Elements/BIDS_datasets_selection/HCP_YOUNG_bids/sub-177140/ses-1/anat/sub-177140_ses-1_T1w.nii.gz,,,,,sub-177140,ses-1,260,311,260,0.7,0.7,0.7,68.01390361785889,21023600,19806442,0.9421051580128997,0.0,3412.570068359375,297.0227863333357,38.231821060180664,413.4766694587629,21.311742782592773,2.4158732503416642,1.6296832130911283,0.9303603047132493,15.40493016242981,1144.4551147460925,1648.2875292968747,0.6451441298340251,0.5453
HCP_YOUNG_bids,/run/media/falconnier/Elements/BIDS_datasets_selection/HCP_YOUNG_bids/sub-176845/ses-1/anat/sub-176845_ses-1_T1w.nii.gz,,,,,sub-176845,ses-1,260,311,260,0.7,0.7,0.7,69.74540424346924,21023600,20215403,0.9615576304724215,0.0,3368.834228515625,325.46025987755087,88.92015075683594,382.63166414629757,78.10248756408691,0.2821839915360176,1.1068380240834412,0.03636918805539608,10.540431499481201,1075.1160644531246,1404.0829907226566,0.6967305490617265,0.6164
HCP_YOUNG_bids,/run/media/falconnier/Elements/BIDS_datasets_selection/HCP_YOUNG_bids/sub-177241/ses-1/anat/sub-177241_ses-1_T1w.nii.gz,,,,,sub-177241,ses-1,260,311,260,0.7,0.7,0.7,67.62471771240234,21023600,19603376,0.9324462033143706,0.0,3601.9609375,361.4025787405769,66.04075622558594,449.9061322598591,57.9662823677063,1.8187746365203372,1.4208971578049976,0.12555812671780586,11.834345579147339,1255.3312377929688,1786.4542541503906,0.6529866147348453,0.5847
HCP_YOUNG_bids,/run/media/falconnier/Elements/BIDS_datasets_selection/HCP_YOUNG_bids/sub-177342/ses-1/anat/sub-177342_ses-1_T1w.nii.gz,,,,,sub-177342,ses-1,260,311,260,0.7,0.7,0.7,67.13770389556885,21023600,19463054,0.9257717041800643,0.0,4090.66552734375,352.044576788527,57.746049880981445,447.92490016626914,47.79531383514404,2.0521929392903537,1.4714329406552265,0.3336609461903572,11.64176321029663,1220.632128906249,1847.4368310546852,0.5693406730844474,0.5739
HCP_YOUNG_bids,/run/media/falconnier/Elements/BIDS_datasets_selection/HCP_YOUNG_bids/sub-177645/ses-1/anat/sub-177645_ses-1_T1w.nii.gz,,,,,sub-177645,ses-1,260,311,260,0.7,0.7,0.7,64.3512830734253,21023600,18705418,0.8897342985977663,0.0,3164.992431640625,314.7740121526445,40.49163055419922,421.1252163321684,22.800867080688477,1.794040561083409,1.4897777177183065,0.5502005153894425,16.676766777038573,1163.2661499023434,1655.7192773437491,0.7002610548841105,0.5425
HCP_YOUNG_bids,/run/media/falconnier/Elements/BIDS_datasets_selection/HCP_YOUNG_bids/sub-177746/ses-1/anat/sub-177746_ses-1_T1w.nii.gz,,,,,sub-177746,ses-1,260,311,260,0.7,0.7,0.7,65.96371364593506,21023600,19176955,0.912163235601895,0.0,3116.35791015625,286.5333481283159,37.39445877075195,395.95996265870417,20.342267990112305,1.9123696768064988,1.5435809986994204,0.08552006900310517,15.049250984191895,1097.1871704101563,1539.8336157226577,0.7008360176720496,0.5379
HCP_YOUNG_bids,/run/media/falconnier/Elements/BIDS_datasets_selection/HCP_YOUNG_bids/sub-178142/ses-1/anat/sub-178142_ses-1_T1w.nii.gz,,,,,sub-178142,ses-1,260,311,260,0.7,0.7,0.7,67.8051118850708,21023600,19628823,0.9336566049582374,0.0,4571.779296875,288.74098839360147,58.51538848876953,365.33050479849766,47.88924789428711,2.363180043826616,1.533069911110707,0.1997772064805031,11.532560253143311,994.2009643554675,1496.9459521484387,0.5024119803765595,0.5801
HCP_YOUNG_bids,/run/media/falconnier/Elements/BIDS_datasets_selection/HCP_YOUNG_bids/sub-178243/ses-1/anat/sub-178243_ses-1_T1w.nii.gz,,,,,sub-178243,ses-1,260,311,260,0.7,0.7,0.7,69.75851345062256,21023600,20282647,0.9647561312049316,0.0,3523.68017578125,426.73909943658356,226.10890197753906,484.4544030952813,202.76942825317383,1.7113931452365598,1.3666513864222563,0.4947052055597305,19.137255668640137,1402.9318603515621,2005.472250976558,0.7009282615011965,0.6331
HCP_YOUNG_bids,/run/media/falconnier/Elements/BIDS_datasets_selection/HCP_YOUNG_bids/sub-178647/ses-1/anat/sub-178647_ses-1_T1w.nii.gz,,,,,sub-178647,ses-1,260,311,260,0.7,0.7,0.7,67.67028617858887,21023600,19685747,0.9363642287714758,0.0,3502.55126953125,306.7335627382586,62.610618591308594,369.7456240081008,47.75682544708252,1.2309734027577734,1.2601001056560612,0.6096976268291472,16.631325912475585,1011.2395324707029,1387.9334155273436,0.6500073474170411,0.5984
HCP_YOUNG_bids,/run/media/falconnier/Elements/BIDS_datasets_selection/HCP_YOUNG_bids/sub-178748/ses-1/anat/sub-178748_ses-1_T1w.nii.gz,,,,,sub-178748,ses-1,260,311,260,0.7,0.7,0.7,67.75799179077148,21023600,19632727,0.9338423010331247,0.0,4011.70361328125,383.78274639365287,107.02046966552734,466.09919482266656,96.61515712738037,1.617015136185655,1.3743329103925652,0.09014887422323231,11.576710224151611,1295.2189453124993,1895.2451391601548,0.5974889441174069,0.5947
HCP_YOUNG_bids,/run/media/falconnier/Elements/BIDS_datasets_selection/HCP_YOUNG_bids/sub-178849/ses-1/anat/sub-178849_ses-1_T1w.nii.gz,,,,,sub-178849,ses-1,260,311,260,0.7,0.7,0.7,67.50552082061768,21023600,19605790,0.9325610266557582,0.0,3537.0283203125,333.96555713939125,70.12850570678711,411.4013342123859,55.829315185546875,2.118195033033584,1.4651070938047699,0.521509360074997,17.437891674041747,1129.63720703125,1705.5000671386715,0.652228726267502,0.5896
HCP_YOUNG_bids,/run/media/falconnier/Elements/BIDS_datasets_selection/HCP_YOUNG_bids/sub-178950/ses-1/anat/sub-178950_ses-1_T1w.nii.gz,,,,,sub-178950,ses-1,260,311,260,0.7,0.7,0.7,67.86381149291992,21023600,19782709,0.9409762837953538,0.0,3251.377685546875,339.66013487783545,71.2834243774414,417.0580652201524,57.755953788757324,1.613897837187979,1.379904869606036,0.5917922568321228,16.573158264160156,1163.559106445312,1665.6514746093717,0.7096226574725115,0.5932
HCP_YOUNG_bids,/run/media/falconnier/Elements/BIDS_datasets_selection/HCP_YOUNG_bids/sub-179952/ses-1/anat/sub-179952_ses-1_T1w.nii.gz,,,,,sub-179952,ses-1,260,311,260,0.7,0.7,0.7,66.88888931274414,21023600,19371700,0.921426397001465,0.0,3853.639404296875,331.2528948663366,110.6446647644043,387.9590192628159,98.24063873291016,1.4442242184836234,1.3017388109727122,0.06344243295490741,11.626645755767823,1068.6521057128907,1549.5570214843774,0.6154355020454013,0.6044
HCP_YOUNG_bids,/run/media/falconnier/Elements/BIDS_datasets_selection/HCP_YOUNG_bids/sub-179346/ses-1/anat/sub-179346_ses-1_T1w.nii.gz,,,,,sub-179346,ses-1,260,311,260,0.7,0.7,0.7,67.47081279754639,21023600,19649980,0.9346629502083373,0.0,2610.649658203125,274.3839899232127,39.0958251953125,375.874503732704,20.752243995666504,1.4128364571882743,1.471285135441145,0.2810846224427224,16.391297245025637,1045.8908752441407,1435.6326196289065,0.8318689747665673,0.5489
HCP_YOUNG_bids,/run/media/falconnier/Elements/BIDS_datasets_selection/HCP_YOUNG_bids/sub-179245/ses-1/anat/sub-179245_ses-1_T1w.nii.gz,,,,,sub-179245,ses-1,260,311,260,0.7,0.7,0.7,68.15380573272705,21023600,19850984,0.9442238246541982,0.0,3326.9208984375,293.59995617289184,40.91450119018555,380.43967334793183,25.524582862854004,1.3518308814635294,1.3550967454144762,0.32297720521688467,14.940648651123047,1030.1192260742182,1419.534064941402,0.6643350084606253,0.5728
HCP_YOUNG_bids,/run/media/falconnier/Elements/BIDS_datasets_selection/HCP_YOUNG_bids/sub-180129/ses-1/anat/sub-180129_ses-1_T1w.nii.gz,,,,,sub-180129,ses-1,260,311,260,0.7,0.7,0.7,67.4188871383667,21023600,19638039,0.9340949694628893,0.0,3329.250732421875,284.4108938329058,50.19896697998047,360.8927591233446,34.86238384246826,2.2868507940612623,1.511302389290353,0.3495255744457246,16.395914840698243,984.5989562988264,1449.305527343753,0.6743661748956336,0.5791
HCP_YOUNG_bids,/run/media/falconnier/Elements/BIDS_datasets_selection/HCP_YOUNG_bids/sub-180230/ses-1/anat/sub-180230_ses-1_T1w.nii.gz,,,,,sub-180230,ses-1,260,311,260,0.7,0.7,0.7,66.73927688598633,21023600,19408772,0.9231897486634069,0.0,3401.27001953125,344.0342548245318,48.76640319824219,447.2245983909216,33.949607849121094,2.233298526429982,1.5293313952127785,0.4482862201333045,15.994100856781007,1224.7538940429686,1856.2855493164043,0.6702887565729715,0.5651
HCP_YOUNG_bids,/run/media/falconnier/Elements/BIDS_datasets_selection/HCP_YOUNG_bids/sub-180432/ses-1/anat/sub-180432_ses-1_T1w.nii.gz,,,,,sub-180432,ses-1,260,311,260,0.7,0.7,0.7,67.64980888366699,21023600,19726799,0.9383168914933694,0.0,2906.68115234375,277.27247577254906,37.340309143066406,392.73975129946814,18.705036163330078,2.061587358115922,1.6030181533606649,0.2462091970443726,16.178829193115234,1087.3431762695304,1545.2666113281248,0.7439750911201741,0.5374
HCP_YOUNG_bids,/run/media/falconnier/Elements/BIDS_datasets_selection/HCP_YOUNG_bids/sub-180533/ses-1/anat/sub-180533_ses-1_T1w.nii.gz,,,,,sub-180533,ses-1,260,311,260,0.7,0.7,0.7,66.39438724517822,21023600,19292311,0.9176502121425446,0.0,3175.42529296875,368.16462568698427,97.18376922607422,438.211951319483,85.13025093078613,1.581143261353625,1.3267902229350834,0.19854592382907874,16.655622482299805,1206.700927734375,1757.0248535156243,0.7369853002200283,0.5964
HCP_YOUNG_bids,/run/media/falconnier/Elements/BIDS_datasets_selection/HCP_YOUNG_bids/sub-180836/ses-1/anat/sub-180836_ses-1_T1w.nii.gz,,,,,sub-180836,ses-1,260,311,260,0.7,0.7,0.7,67.12005710601807,21023600,19423089,0.9238707452577104,0.0,4184.958984375,309.3918520607368,46.191986083984375,422.42022381597815,33.15303421020508,3.44292476074944,1.7285293613698374,0.10482383131980896,10.771458435058594,1131.306420898437,1739.0398583984402,0.5427247964316444,0.5471
HCP_YOUNG_bids,/run/media/falconnier/Elements/BIDS_datasets_selection/HCP_YOUNG_bids/sub-180735/ses-1/anat/sub-180735_ses-1_T1w.nii.gz,,,,,sub-180735,ses-1,260,311,260,0.7,0.7,0.7,66.33378601074219,21023600,19293628,0.9177128560284632,0.0,3174.674072265625,291.2192388674964,41.57613182067871,392.7631079876205,24.67938804626465,1.91467198904577,1.538368576290823,2.1481685280799865,15.961849546432495,1093.431719970703,1555.5845654296882,0.6979219439009087,0.5497
HCP_YOUNG_bids,/run/media/falconnier/Elements/BIDS_datasets_selection/HCP_YOUNG_bids/sub-180937/ses-1/anat/sub-180937_ses-1_T1w.nii.gz,,,,,sub-180937,ses-1,260,311,260,0.7,0.7,0.7,67.9220142364502,21023600,19689402,0.9365380810137179,0.0,3552.3447265625,348.7328778070898,98.40387344360352,413.1703210959535,85.27003335952759,1.684135503554593,1.3346380596550518,0.10590787470340729,16.744396209716797,1125.0431945800779,1670.1175451660142,0.6562236299006345,0.6053
HCP_YOUNG_bids,/run/media/falconnier/Elements/BIDS_datasets_selection/HCP_YOUNG_bids/sub-181131/ses-1/anat/sub-181131_ses-1_T1w.nii.gz,,,,,sub-181131,ses-1,260,311,260,0.7,0.7,0.7,67.31163597106934,21023600,19496054,0.9273413687475028,0.0,4513.1953125,311.87598909298566,45.47824668884277,428.8281715802113,31.454636573791504,2.8904493102998146,1.6542262022638663,0.16173292726278304,11.072036695480348,1171.545062255857,1695.8328564453113,0.5023676469143525,0.5452
HCP_YOUNG_bids,/run/media/falconnier/Elements/BIDS_datasets_selection/HCP_YOUNG_bids/sub-181232/ses-1/anat/sub-181232_ses-1_T1w.nii.gz,,,,,sub-181232,ses-1,260,311,260,0.7,0.7,0.7,67.02570152282715,21023600,19541497,0.9295028919880515,0.0,3801.304443359375,292.34021003746585,40.151336669921875,385.7178782711476,24.030933380126953,1.804093676481358,1.4710620575762308,0.6060304546356201,15.339282035827637,1055.2079833984371,1512.5903124999977,0.5807377499782349,0.5614
HCP_YOUNG_bids,/run/media/falconnier/Elements/BIDS_datasets_selection/HCP_YOUNG_bids/sub-181636/ses-1/anat/sub-181636_ses-1_T1w.nii.gz,,,,,sub-181636,ses-1,260,311,260,0.7,0.7,0.7,68.09011650085449,21023600,19809321,0.9422420993550106,0.0,3401.373046875,270.761646868165,49.90305709838867,339.88323811397277,34.942091941833496,1.2534456091268922,1.3428122045788218,0.12904256880283355,14.953008651733398,942.4690551757812,1288.2370117187502,0.6576112011243682,0.5855
HCP_YOUNG_bids,/run/media/falconnier/Elements/BIDS_datasets_selection/HCP_YOUNG_bids/sub-182032/ses-1/anat/sub-182032_ses-1_T1w.nii.gz,,,,,sub-182032,ses-1,260,311,260,0.7,0.7,0.7,67.59256172180176,21023600,19606748,0.932606594493807,0.0,3372.2236328125,292.9740953019663,44.03260803222656,409.0743959878528,28.583640575408936,2.56804831969502,1.6548460308012218,0.1731428384780884,11.243796586990358,1117.014349365233,1662.9307080078142,0.6633070149590176,0.5412
HCP_YOUNG_bids,/run/media/falconnier/Elements/BIDS_datasets_selection/HCP_YOUNG_bids/sub-182436/ses-1/anat/sub-182436_ses-1_T1w.nii.gz,,,,,sub-182436,ses-1,260,311,260,0.7,0.7,0.7,67.26434803009033,21023600,19472042,0.926199223729523,0.0,4366.1337890625,295.25897089834297,56.393632888793945,363.5667567406598,45.44959783554077,2.0831222935200246,1.3445733864602396,0.10261145927011966,11.189020490646362,989.3496032714843,1302.4906225585937,0.5235228687777201,0.5865
HCP_YOUNG_bids,/run/media/falconnier/Elements/BIDS_datasets_selection/HCP_YOUNG_bids/sub-182739/ses-1/anat/sub-182739_ses-1_T1w.nii.gz,,,,,sub-182739,ses-1,260,311,260,0.7,0.7,0.7,67.11725044250488,21023600,19451156,0.9252057687551133,0.0,3200.272216796875,304.04797607610385,47.37519645690918,401.4796910581814,34.16859722137451,1.6607809819773216,1.462255777035661,0.18720701783895494,11.33464765548706,1113.5675659179688,1560.3155517578125,0.708586253946879,0.5597
HCP_YOUNG_bids,/run/media/falconnier/Elements/BIDS_datasets_selection/HCP_YOUNG_bids/sub-183034/ses-1/anat/sub-183034_ses-1_T1w.nii.gz,,,,,sub-183034,ses-1,260,311,260,0.7,0.7,0.7,67.77359962463379,21023600,19621627,0.9333143229513499,0.0,4269.0751953125,383.0907399620331,116.14349365234375,464.57785187710425,105.23575401306152,2.4255984276187306,1.4880913129389102,0.12152601972222328,12.351461219787598,1270.4499145507812,1945.4514599609347,0.5623104607668205,0.5957
HCP_YOUNG_bids,/run/media/falconnier/Elements/BIDS_datasets_selection/HCP_YOUNG_bids/sub-182840/ses-1/anat/sub-182840_ses-1_T1w.nii.gz,,,,,sub-182840,ses-1,260,311,260,0.7,0.7,0.7,68.12210941314697,21023600,19787341,0.9411966076219106,0.0,4386.5390625,496.18683510390804,366.3439636230469,539.7619655782469,333.9447898864746,2.8958480952133927,1.5067524466710078,0.6097132086753845,20.428333282470703,1522.5419921875,2397.9311523437536,0.5770064094013075,0.6411
HCP_YOUNG_bids,/run/media/falconnier/Elements/BIDS_datasets_selection/HCP_YOUNG_bids/sub-183337/ses-1/anat/sub-183337_ses-1_T1w.nii.gz,,,,,sub-183337,ses-1,260,311,260,0.7,0.7,0.7,68.55752277374268,21023600,19949044,0.9488881066991381,0.0,2906.150634765625,300.3925797352971,80.88113021850586,361.53383966851567,63.552574157714844,1.0427627039676004,1.280746327440781,0.18017270058393478,16.709602928161623,996.6102203369139,1416.468521728516,0.79136489835423,0.6042
HCP_YOUNG_bids,/run/media/falconnier/Elements/BIDS_datasets_selection/HCP_YOUNG_bids/sub-183741/ses-1/anat/sub-183741_ses-1_T1w.nii.gz,,,,,sub-183741,ses-1,260,311,260,0.7,0.7,0.7,67.26835823059082,21023600,19528706,0.9288944804885938,0.0,4349.7568359375,426.86614562122907,211.6925506591797,488.5492871871945,190.72485160827637,1.9977850618165007,1.3666044646202409,0.23533823266625406,17.843987464904785,1346.7857666015625,2020.3914184570303,0.561847004910794,0.616
HCP_YOUNG_bids,/run/media/falconnier/Elements/BIDS_datasets_selection/HCP_YOUNG_bids/sub-185139/ses-1/anat/sub-185139_ses-1_T1w.nii.gz,,,,,sub-185139,ses-1,260,311,260,0.7,0.7,0.7,67.2949447631836,21023600,19486992,0.9269103293441656,0.0,2778.953369140625,291.6984848491254,50.71296691894531,365.8133465611922,40.037007331848145,1.3491953680619586,1.3435457506044821,0.056118049025535584,10.497341966629028,998.1771392822263,1413.9766174316405,0.8168088205095655,0.5798
HCP_YOUNG_bids,/run/media/falconnier/Elements/BIDS_datasets_selection/HCP_YOUNG_bids/sub-185341/ses-1/anat/sub-185341_ses-1_T1w.nii.gz,,,,,sub-185341,ses-1,260,311,260,0.7,0.7,0.7,68.93259334564209,21023600,20077194,0.9549836374360243,0.0,3510.783447265625,311.13397900389947,48.10847091674805,394.45683527374473,33.337496280670166,1.1977112969766948,1.325237614006595,0.06424685522913931,15.749709939956665,1086.6512878417966,1492.2634960937503,0.6419666686207803,0.5851
HCP_YOUNG_bids,/run/media/falconnier/Elements/BIDS_datasets_selection/HCP_YOUNG_bids/sub-185442/ses-1/anat/sub-185442_ses-1_T1w.nii.gz,,,,,sub-185442,ses-1,260,311,260,0.7,0.7,0.7,67.43367862701416,21023600,19584439,0.9315454536806256,0.0,3757.113525390625,422.3347805434156,158.1482391357422,502.0110008762269,139.51627731323242,2.042913725090422,1.4221283671055174,0.2338811519742012,18.43958435058594,1406.3487548828125,2066.420888671877,0.6436321974897414,0.6027
HCP_YOUNG_bids,/run/media/falconnier/Elements/BIDS_datasets_selection/HCP_YOUNG_bids/sub-185846/ses-1/anat/sub-185846_ses-1_T1w.nii.gz,,,,,sub-185846,ses-1,260,311,260,0.7,0.7,0.7,68.36486625671387,21023600,19832559,0.943347428604045,0.0,3662.236328125,322.1901142729684,53.745262145996094,407.2547081773987,43.304802894592285,1.396587442819201,1.369493256665966,0.12189070448279386,11.143146514892578,1123.1686279296864,1608.3059692382753,0.628618072306025,0.5824
HCP_YOUNG_bids,/run/media/falconnier/Elements/BIDS_datasets_selection/HCP_YOUNG_bids/sub-185947/ses-1/anat/sub-185947_ses-1_T1w.nii.gz,,,,,sub-185947,ses-1,260,311,260,0.7,0.7,0.7,68.30204105377197,21023600,19826176,0.943043817424228,0.0,3404.447265625,310.56534997826276,49.331560134887695,400.5856537353977,33.189188957214355,2.121062776358607,1.5114430383433826,0.19192586094141006,16.730872631072998,1092.561279296875,1648.0794372558594,0.6641030952690853,0.5755
HCP_YOUNG_bids,/run/media/falconnier/Elements/BIDS_datasets_selection/HCP_YOUNG_bids/sub-186141/ses-1/anat/sub-186141_ses-1_T1w.nii.gz,,,,,sub-186141,ses-1,260,311,260,0.7,0.7,0.7,68.0398645401001,21023600,19690272,0.9365794630795867,0.0,3653.2998046875,338.1572168568381,81.75784301757812,416.14808296549313,73.06349897384644,2.5744991066098395,1.521004867246982,0.1324003618955612,11.455874109268189,1133.7330383300773,1740.9399768066405,0.64240599213986,0.5913
HCP_YOUNG_bids,/run/media/falconnier/Elements/BIDS_datasets_selection/HCP_YOUNG_bids/sub-186040/ses-1/anat/sub-186040_ses-1_T1w.nii.gz,,,,,sub-186040,ses-1,260,311,260,0.7,0.7,0.7,67.4983434677124,21023600,19613880,0.9329458323027455,0.0,3880.0556640625,371.6615995961283,95.00315856933594,452.5463221446048,78.45454406738281,2.416687619729614,1.4825214438646068,0.8607411056756974,18.777938842773438,1258.890045166016,1824.030972900392,0.607098921952414,0.5943
HCP_YOUNG_bids,/run/media/falconnier/Elements/BIDS_datasets_selection/HCP_YOUNG_bids/sub-186444/ses-1/anat/sub-186444_ses-1_T1w.nii.gz,,,,,sub-186444,ses-1,260,311,260,0.7,0.7,0.7,67.66934967041016,21023600,19673698,0.935791110941989,0.0,2988.512939453125,292.3372497248509,51.216678619384766,369.9779965913378,36.739211082458496,2.1249608949436904,1.473558773314367,0.2560896146297455,15.461486101150513,998.8531860351559,1479.1421337890642,0.7530916730415195,0.5802
HCP_YOUNG_bids,/run/media/falconnier/Elements/BIDS_datasets_selection/HCP_YOUNG_bids/sub-186545/ses-1/anat/sub-186545_ses-1_T1w.nii.gz,,,,,sub-186545,ses-1,260,311,260,0.7,0.7,0.7,66.85128593444824,21023600,19445007,0.9249132879240473,0.0,3457.213134765625,325.30052359531686,48.539642333984375,421.31843150965375,34.75234031677246,2.3128018551581198,1.5279156121985986,1.130692012310028,15.374062538146973,1147.4643188476562,1703.582385253912,0.6566096561263269,0.5673
HCP_YOUNG_bids,/run/media/falconnier/Elements/BIDS_datasets_selection/HCP_YOUNG_bids/sub-186848/ses-1/anat/sub-186848_ses-1_T1w.nii.gz,,,,,sub-186848,ses-1,260,311,260,0.7,0.7,0.7,66.32846355438232,21023600,19237486,0.9150424285089138,0.0,3169.31640625,268.4834450687368,38.17852210998535,391.0206867952244,22.995306968688965,2.657658970203781,1.7211239563841887,1.4979725062847138,11.133776903152466,1094.8199157714844,1550.99321899414,0.6895204043508838,0.5194
HCP_YOUNG_bids,/run/media/falconnier/Elements/BIDS_datasets_selection/HCP_YOUNG_bids/sub-186949/ses-1/anat/sub-186949_ses-1_T1w.nii.gz,,,,,sub-186949,ses-1,260,311,260,0.7,0.7,0.7,66.2281551361084,21023600,19214581,0.9139529386023326,0.0,3404.4228515625,343.49326365975526,70.1498031616211,430.71756912296746,60.23388481140137,2.530814917700358,1.545670237238099,0.9850478291511537,12.445688247680664,1192.2362060546875,1790.6169677734356,0.6870705808448857,0.5762
HCP_YOUNG_bids,/run/media/falconnier/Elements/BIDS_datasets_selection/HCP_YOUNG_bids/sub-187143/ses-1/anat/sub-187143_ses-1_T1w.nii.gz,,,,,sub-187143,ses-1,260,311,260,0.7,0.7,0.7,69.57760715484619,21023600,20230866,0.9622931372362488,0.0,4362.068359375,397.6298513842973,163.1744613647461,465.0340909064159,144.15667247772217,2.0188969775881285,1.3941788012253247,0.6823610901832579,18.468037605285645,1302.853515625,1889.614910888672,0.5494070755631281,0.6201
HCP_YOUNG_bids,/run/media/falconnier/Elements/BIDS_datasets_selection/HCP_YOUNG_bids/sub-187547/ses-1/anat/sub-187547_ses-1_T1w.nii.gz,,,,,sub-187547,ses-1,260,311,260,0.7,0.7,0.7,67.80742931365967,21023600,19727546,0.9383524229913051,0.0,3211.42333984375,302.1385254581035,40.43512153625488,408.2632050277096,22.77787208557129,1.443725970825838,1.4521578996556324,0.1651908650994301,16.111462593078613,1139.9915771484375,1557.2677856445325,0.6883628936853067,0.555
HCP_YOUNG_bids,/run/media/falconnier/Elements/BIDS_datasets_selection/HCP_YOUNG_bids/sub-187345/ses-1/anat/sub-187345_ses-1_T1w.nii.gz,,,,,sub-187345,ses-1,260,311,260,0.7,0.7,0.7,67.22975444793701,21023600,19574901,0.9310917730550429,0.0,3307.171630859375,290.1495792421342,42.74303436279297,385.93394336969357,26.61337661743164,1.8360039712267806,1.498389298669982,0.17670175433158875,15.600452423095703,1059.0396728515625,1520.697509765625,0.6723190891829679,0.5592
HCP_YOUNG_bids,/run/media/falconnier/Elements/BIDS_datasets_selection/HCP_YOUNG_bids/sub-187850/ses-1/anat/sub-187850_ses-1_T1w.nii.gz,,,,,sub-187850,ses-1,260,311,260,0.7,0.7,0.7,67.4674072265625,21023600,19616461,0.9330685990981563,0.0,3019.76953125,329.7099666385074,67.66271209716797,399.62187820983905,52.78156566619873,1.1369091170835173,1.2984146966306562,0.4235922157764435,17.494457244873047,1113.150634765625,1582.0432861328081,0.7630288143000729,0.5954
HCP_YOUNG_bids,/run/media/falconnier/Elements/BIDS_datasets_selection/HCP_YOUNG_bids/sub-188145/ses-1/anat/sub-188145_ses-1_T1w.nii.gz,,,,,sub-188145,ses-1,260,311,260,0.7,0.7,0.7,66.57472610473633,21023600,19282116,0.917165280922392,0.0,4488.61572265625,350.43915604822945,56.77923011779785,446.687230986209,46.47574710845947,1.5779667231594594,1.3930663303317385,0.13603690713644026,11.346966743469238,1233.7270202636719,1736.8382812500022,0.5190399429896363,0.5699
HCP_YOUNG_bids,/run/media/falconnier/Elements/BIDS_datasets_selection/HCP_YOUNG_bids/sub-188347/ses-1/anat/sub-188347_ses-1_T1w.nii.gz,,,,,sub-188347,ses-1,260,311,260,0.7,0.7,0.7,68.04670238494873,21023600,19735397,0.9387258604615765,0.0,3666.68505859375,291.4404006218234,48.16632843017578,376.08433582219436,36.49183654785156,1.2152084606879328,1.3659430864812976,0.08969668328762052,10.542476844787597,1035.8054931640622,1464.751386718749,0.6174598251474827,0.5729
HCP_YOUNG_bids,/run/media/falconnier/Elements/BIDS_datasets_selection/HCP_YOUNG_bids/sub-188448/ses-1/anat/sub-188448_ses-1_T1w.nii.gz,,,,,sub-188448,ses-1,260,311,260,0.7,0.7,0.7,67.82133388519287,21023600,19657529,0.9350220228695371,0.0,3301.967041015625,306.3493497226602,42.85723114013672,414.20667824782697,29.873645782470703,2.1262413347135185,1.5388790180664969,0.14928606927394866,10.337305450439453,1126.0467041015622,1653.1740429687488,0.6802557878322057,0.5535
HCP_YOUNG_bids,/run/media/falconnier/Elements/BIDS_datasets_selection/HCP_YOUNG_bids/sub-188549/ses-1/anat/sub-188549_ses-1_T1w.nii.gz,,,,,sub-188549,ses-1,260,311,260,0.7,0.7,0.7,68.02113914489746,21023600,19741671,0.9390242869917617,0.0,3972.193603515625,363.4402555165831,87.71808624267578,433.56753097143536,74.66406154632568,1.5041894087663072,1.321913335855491,0.2567775100469589,17.59815216064453,1199.544921875,1749.919677734376,0.5879711333121191,0.6034
HCP_YOUNG_bids,/run/media/falconnier/Elements/BIDS_datasets_selection/HCP_YOUNG_bids/sub-188751/ses-1/anat/sub-188751_ses-1_T1w.nii.gz,,,,,sub-188751,ses-1,260,311,260,0.7,0.7,0.7,68.1539716720581,21023600,19855629,0.9444447668334633,0.0,4329.94970703125,434.15078472983055,295.35650634765625,458.92290206415623,268.37403678894043,0.9428291380627574,1.1096412134956497,0.18809817850589752,18.478747177124024,1287.0170410156247,1841.8859570312488,0.5709274717920813,0.651
HCP_YOUNG_bids,/run/media/falconnier/Elements/BIDS_datasets_selection/HCP_YOUNG_bids/sub-189349/ses-1/anat/sub-189349_ses-1_T1w.nii.gz,,,,,sub-189349,ses-1,260,311,260,0.7,0.7,0.7,66.15195941925049,21023600,19226050,0.9144984683879069,0.0,2990.179931640625,272.41788545013196,39.27720069885254,359.27185242711323,21.80901050567627,0.9413406050465536,1.3542787025896008,0.1296979908645153,15.762342357635498,1005.8819213867191,1341.5219848632833,0.7291118073409661,0.5564
HCP_YOUNG_bids,/run/media/falconnier/Elements/BIDS_datasets_selection/HCP_YOUNG_bids/sub-189450/ses-1/anat/sub-189450_ses-1_T1w.nii.gz,,,,,sub-189450,ses-1,260,311,260,0.7,0.7,0.7,68.72732257843018,21023600,19908471,0.9469582278962689,0.0,3918.2841796875,405.01072095679547,164.7696075439453,475.6703510458656,152.06657886505127,2.102120781257108,1.4033061994205542,0.1339768901467324,12.195155620574951,1296.5047607421875,1997.481665039064,0.6175562968046028,0.6124
HCP_YOUNG_bids,/run/media/falconnier/Elements/BIDS_datasets_selection/HCP_YOUNG_bids/sub-190031/ses-1/anat/sub-190031_ses-1_T1w.nii.gz,,,,,sub-190031,ses-1,260,311,260,0.7,0.7,0.7,67.9717664718628,21023600,19773615,0.9405437222930421,0.0,3042.147705078125,314.085544001483,45.474212646484375,418.1081000085043,29.379934310913086,2.1334211047439027,1.5472541899784245,0.14993413776159292,15.98392744064331,1146.3097290039063,1710.6110449218722,0.7392306696906136,0.5621
HCP_YOUNG_bids,/run/media/falconnier/Elements/BIDS_datasets_selection/HCP_YOUNG_bids/sub-190132/ses-1/anat/sub-190132_ses-1_T1w.nii.gz,,,,,sub-190132,ses-1,260,311,260,0.7,0.7,0.7,68.1035099029541,21023600,19747633,0.9393078730569455,0.0,5722.93701171875,344.8850812315317,64.49728393554688,456.92376410521035,52.10823059082031,3.297020149579641,1.710644278087696,0.1864168781042099,12.103404617309572,1239.0851806640603,1922.587158203125,0.41199294137033454,0.5645
HCP_YOUNG_bids,/run/media/falconnier/Elements/BIDS_datasets_selection/HCP_YOUNG_bids/sub-191033/ses-1/anat/sub-191033_ses-1_T1w.nii.gz,,,,,sub-191033,ses-1,260,311,260,0.7,0.7,0.7,66.30796432495117,21023600,19257366,0.9159880324968132,0.0,4418.77392578125,348.3855113569402,46.34469413757324,467.58272497159624,29.76815891265869,2.830819479575589,1.6234987203667874,0.2110647238790989,16.373510360717773,1286.3709716796875,1842.6499328613345,0.5148148916387159,0.5506
HCP_YOUNG_bids,/run/media/falconnier/Elements/BIDS_datasets_selection/HCP_YOUNG_bids/sub-191235/ses-1/anat/sub-191235_ses-1_T1w.nii.gz,,,,,sub-191235,ses-1,260,311,260,0.7,0.7,0.7,67.1815128326416,21023600,19587436,0.9316880077627048,0.0,3966.666259765625,383.6618565453021,125.7618522644043,454.69553490944014,110.34145927429199,1.692349484415809,1.3476444412905002,7.477395629882812,16.508391857147217,1265.8791809082031,1843.8704223632794,0.5967172384814563,0.6034
HCP_YOUNG_bids,/run/media/falconnier/Elements/BIDS_datasets_selection/HCP_YOUNG_bids/sub-191336/ses-1/anat/sub-191336_ses-1_T1w.nii.gz,,,,,sub-191336,ses-1,260,311,260,0.7,0.7,0.7,67.28157329559326,21023600,19542982,0.9295735268935863,0.0,3817.30615234375,383.8517833773617,95.56763076782227,466.01421770207656,81.37068462371826,1.6931372368206752,1.3772735977469266,0.3394669950008392,17.215252017974855,1296.752795410156,1882.1302478027378,0.6161468829765719,0.5933
HCP_YOUNG_bids,/run/media/falconnier/Elements/BIDS_datasets_selection/HCP_YOUNG_bids/sub-191437/ses-1/anat/sub-191437_ses-1_T1w.nii.gz,,,,,sub-191437,ses-1,260,311,260,0.7,0.7,0.7,67.33193397521973,21023600,19619478,0.9332121044920946,0.0,2816.210205078125,326.15017462574144,56.36492347717285,401.0257371350768,41.33825731277466,0.9199042428832143,1.239148552033864,0.6793215090036394,16.046384239196776,1089.7383544921868,1521.5924353027344,0.8063673124041663,0.589
HCP_YOUNG_bids,/run/media/falconnier/Elements/BIDS_datasets_selection/HCP_YOUNG_bids/sub-191841/ses-1/anat/sub-191841_ses-1_T1w.nii.gz,,,,,sub-191841,ses-1,260,311,260,0.7,0.7,0.7,67.78634929656982,21023600,19756408,0.9397252611351053,0.0,4059.709228515625,282.6087661102567,39.6840763092041,378.60069087197996,23.45317268371582,2.4183818294514454,1.5809882865957565,0.38013610392808916,15.154231405258178,1035.695391845703,1512.3125024414057,0.5419720264212242,0.5596
HCP_YOUNG_bids,/run/media/falconnier/Elements/BIDS_datasets_selection/HCP_YOUNG_bids/sub-191942/ses-1/anat/sub-191942_ses-1_T1w.nii.gz,,,,,sub-191942,ses-1,260,311,260,0.7,0.7,0.7,68.86940956115723,21023600,20001083,0.9513633725908027,0.0,4202.880859375,440.97211884927503,173.21644592285156,527.0529148748254,155.07387161254883,2.1854718789900343,1.442243279335346,0.18002663999795918,17.834175300598144,1455.2877197265625,2191.7228955078117,0.5757638954814419,0.6075
HCP_YOUNG_bids,/run/media/falconnier/Elements/BIDS_datasets_selection/HCP_YOUNG_bids/sub-192136/ses-1/anat/sub-192136_ses-1_T1w.nii.gz,,,,,sub-192136,ses-1,260,311,260,0.7,0.7,0.7,67.4849214553833,21023600,19616241,0.9330581346677068,0.0,3339.974853515625,402.53797064141577,147.1295928955078,476.1782236948356,129.39803886413574,1.6059129852669303,1.338918205025487,0.17712561190128323,17.671653747558594,1321.696044921875,1943.1583251953143,0.7137774152273556,0.6045
HCP_YOUNG_bids,/run/media/falconnier/Elements/BIDS_datasets_selection/HCP_YOUNG_bids/sub-192237/ses-1/anat/sub-192237_ses-1_T1w.nii.gz,,,,,sub-192237,ses-1,260,311,260,0.7,0.7,0.7,67.35628128051758,21023600,19602638,0.9324110999067714,0.0,3312.66015625,295.57863417160996,45.141990661621094,389.91155302243004,29.29847526550293,2.358313107062683,1.5651554439331719,0.5210016560554503,15.800553560256958,1071.4802429199217,1562.1434753417911,0.6755360597804324,0.5633
HCP_YOUNG_bids,/run/media/falconnier/Elements/BIDS_datasets_selection/HCP_YOUNG_bids/sub-192035/ses-1/anat/sub-192035_ses-1_T1w.nii.gz,,,,,sub-192035,ses-1,260,311,260,0.7,0.7,0.7,68.80247783660889,21023600,20008577,0.9517198291443901,0.0,3497.0869140625,293.44146951351166,47.79637908935547,377.9437284654089,31.286592483520508,1.8460088793884495,1.4674514689848113,0.1430816173553467,16.952567291259765,1026.4364013671875,1522.0082617187486,0.6413279285132598,0.579
HCP_YOUNG_bids,/run/media/falconnier/Elements/BIDS_datasets_selection/HCP_YOUNG_bids/sub-192439/ses-1/anat/sub-192439_ses-1_T1w.nii.gz,,,,,sub-192439,ses-1,260,311,260,0.7,0.7,0.7,67.6963062286377,21023600,19688045,0.9364735345040811,0.0,2570.39208984375,288.45800571185003,41.347389221191406,381.85207850061,24.20622444152832,1.1101531652196721,1.3830515226590934,0.08845219850540162,15.87967472076416,1067.8315185546876,1443.500668945307,0.8572923693086569,0.5623
HCP_YOUNG_bids,/run/media/falconnier/Elements/BIDS_datasets_selection/HCP_YOUNG_bids/sub-192540/ses-1/anat/sub-192540_ses-1_T1w.nii.gz,,,,,sub-192540,ses-1,260,311,260,0.7,0.7,0.7,68.4546365737915,21023600,19930375,0.9480001046443045,0.0,2371.824462890625,272.2922763726507,38.639930725097656,365.3842855695319,20.960309982299805,1.3360603450680193,1.4349634152839597,0.18841961473226543,15.803699588775636,1016.060162353516,1403.2911669921923,0.9151475708885042,0.5612
HCP_YOUNG_bids,/run/media/falconnier/Elements/BIDS_datasets_selection/HCP_YOUNG_bids/sub-192641/ses-1/anat/sub-192641_ses-1_T1w.nii.gz,,,,,sub-192641,ses-1,260,311,260,0.7,0.7,0.7,67.28434181213379,21023600,19616762,0.9330829163416351,0.0,2870.747314453125,234.46144004635846,35.24227333068848,323.6410124772338,16.699959754943848,1.340908722394282,1.474595341045948,0.3684283927083016,15.715356826782227,900.8066955566405,1218.7516076660158,0.7337637501431757,0.5458
HCP_YOUNG_bids,/run/media/falconnier/Elements/BIDS_datasets_selection/HCP_YOUNG_bids/sub-193239/ses-1/anat/sub-193239_ses-1_T1w.nii.gz,,,,,sub-193239,ses-1,260,311,260,0.7,0.7,0.7,67.59808444976807,21023600,19701432,0.9371102950969387,0.0,2763.419921875,269.2653473501064,36.15790939331055,371.68552901018626,18.187461853027344,1.3068466476204676,1.46155925692783,0.2505596739053726,15.578158473968506,1044.7916564941402,1410.0567248535158,0.777220500037326,0.5464
HCP_YOUNG_bids,/run/media/falconnier/Elements/BIDS_datasets_selection/HCP_YOUNG_bids/sub-193441/ses-1/anat/sub-193441_ses-1_T1w.nii.gz,,,,,sub-193441,ses-1,260,311,260,0.7,0.7,0.7,67.86540985107422,21023600,19708761,0.9374589033276889,0.0,4586.88525390625,456.13260686240534,288.5711364746094,525.0108639684396,261.50411796569824,3.6704939834756063,1.6532721399404162,0.5645644187927246,19.05810546875,1472.20068359375,2277.3132324218714,0.5414974744567252,0.6187
HCP_YOUNG_bids,/run/media/falconnier/Elements/BIDS_datasets_selection/HCP_YOUNG_bids/sub-192843/ses-1/anat/sub-192843_ses-1_T1w.nii.gz,,,,,sub-192843,ses-1,260,311,260,0.7,0.7,0.7,66.05686283111572,21023600,19179190,0.9122695447021443,0.0,4240.38330078125,379.7351250239957,180.74529266357422,431.1191492270801,160.55599212646484,1.3990845359277158,1.2639394382593179,0.05667966898530722,17.595536994934083,1206.0171936035163,1736.8895520019523,0.5638936417982029,0.6125
HCP_YOUNG_bids,/run/media/falconnier/Elements/BIDS_datasets_selection/HCP_YOUNG_bids/sub-193845/ses-1/anat/sub-193845_ses-1_T1w.nii.gz,,,,,sub-193845,ses-1,260,311,260,0.7,0.7,0.7,67.2578935623169,21023600,19500428,0.9275494206510778,0.0,5131.46142578125,413.45807546774705,157.84507751464844,499.73472378506443,143.47042846679688,2.927959631996064,1.5641981586210676,0.8746061092615123,13.547433423995972,1374.0242919921875,2127.952485351563,0.4740967554883044,0.5952
HCP_YOUNG_bids,/run/media/falconnier/Elements/BIDS_datasets_selection/HCP_YOUNG_bids/sub-194140/ses-1/anat/sub-194140_ses-1_T1w.nii.gz,,,,,sub-194140,ses-1,260,311,260,0.7,0.7,0.7,66.7826919555664,21023600,19410157,0.9232556270096463,0.0,2587.298828125,270.99552640585233,39.88262939453125,361.7119382943812,22.30902862548828,1.8323355340710616,1.4970979797856094,0.24804567515850065,16.123223876953126,988.0348266601561,1420.686274414064,0.842336457697476,0.5554
HCP_YOUNG_bids,/run/media/falconnier/Elements/BIDS_datasets_selection/HCP_YOUNG_bids/sub-194443/ses-1/anat/sub-194443_ses-1_T1w.nii.gz,,,,,sub-194443,ses-1,260,311,260,0.7,0.7,0.7,67.50166130065918,21023600,19665099,0.9353820944081889,0.0,3435.284912109375,404.8829643728474,136.3019256591797,478.01064466727,120.11293029785156,1.2478383837836597,1.2757323249478434,0.3309450459480287,17.136405754089356,1340.284204101562,1918.758107910155,0.6921898045815997,0.6057
HCP_YOUNG_bids,/run/media/falconnier/Elements/BIDS_datasets_selection/HCP_YOUNG_bids/sub-194645/ses-1/anat/sub-194645_ses-1_T1w.nii.gz,,,,,sub-194645,ses-1,260,311,260,0.7,0.7,0.7,68.0948429107666,21023600,19774448,0.9405833444319717,0.0,3881.40771484375,412.71979827453447,168.29397583007812,482.3824915862397,149.87596893310547,1.5165628301008764,1.3208543246765732,0.040418650284409524,17.834855461120604,1353.2109497070287,1953.6388598632839,0.6194437407499164,0.6119
HCP_YOUNG_bids,/run/media/falconnier/Elements/BIDS_datasets_selection/HCP_YOUNG_bids/sub-194746/ses-1/anat/sub-194746_ses-1_T1w.nii.gz,,,,,sub-194746,ses-1,260,311,260,0.7,0.7,0.7,68.90328693389893,21023600,19996252,0.9511335832112483,0.0,4234.4111328125,402.75987739819516,158.90203094482422,500.5276626221934,138.23324012756348,3.8014088679497764,1.750338675940873,0.9637428516149527,19.127994728088378,1376.6987182617186,2196.7149584960925,0.567954295386986,0.5943
HCP_YOUNG_bids,/run/media/falconnier/Elements/BIDS_datasets_selection/HCP_YOUNG_bids/sub-194847/ses-1/anat/sub-194847_ses-1_T1w.nii.gz,,,,,sub-194847,ses-1,260,311,260,0.7,0.7,0.7,67.62094402313232,21023600,19601670,0.9323650564127932,0.0,3232.696044921875,318.6952914866365,50.85030555725098,413.0814255531501,40.25593137741089,1.5998981507935124,1.4203877447890798,0.08521134033799171,10.44956111907959,1136.9486755371095,1610.370870361327,0.7091083847195663,0.5689
HCP_YOUNG_bids,/run/media/falconnier/Elements/BIDS_datasets_selection/HCP_YOUNG_bids/sub-195041/ses-1/anat/sub-195041_ses-1_T1w.nii.gz,,,,,sub-195041,ses-1,260,311,260,0.7,0.7,0.7,66.36325454711914,21023600,19276712,0.9169082364580757,0.0,3014.144775390625,280.9761066093492,40.50359916687012,382.0561437666884,22.73408794403076,1.7470141557576033,1.5019253953189458,0.1453466321527958,15.959903812408447,1046.979669189453,1471.3545605468753,0.7278793512080717,0.5459
HCP_YOUNG_bids,/run/media/falconnier/Elements/BIDS_datasets_selection/HCP_YOUNG_bids/sub-195445/ses-1/anat/sub-195445_ses-1_T1w.nii.gz,,,,,sub-195445,ses-1,260,311,260,0.7,0.7,0.7,66.83341407775879,21023600,19445761,0.9249491523811336,0.0,3172.739013671875,301.2889709927277,45.61037063598633,379.81801655958066,31.174072265625,1.0355278758418889,1.2950230864221703,0.15055433213710784,15.118072509765625,1040.367919921875,1440.6770751953072,0.705398746900731,0.5767
HCP_YOUNG_bids,/run/media/falconnier/Elements/BIDS_datasets_selection/HCP_YOUNG_bids/sub-195647/ses-1/anat/sub-195647_ses-1_T1w.nii.gz,,,,,sub-195647,ses-1,260,311,260,0.7,0.7,0.7,66.15205669403076,21023600,19273864,0.9167727696493464,0.0,3038.548828125,289.8244745665941,40.37687301635742,383.29231965731753,23.744436264038086,1.1282898842644489,1.3783084192462023,0.18490346834063534,15.387668800354003,1062.6209533691404,1461.6090539550783,0.7252351193253435,0.5558
HCP_YOUNG_bids,/run/media/falconnier/Elements/BIDS_datasets_selection/HCP_YOUNG_bids/sub-195849/ses-1/anat/sub-195849_ses-1_T1w.nii.gz,,,,,sub-195849,ses-1,260,311,260,0.7,0.7,0.7,67.67612934112549,21023600,19626094,0.9335267984550696,0.0,4653.08154296875,449.17123890637214,237.35093688964844,518.5645458206207,214.22034168243408,1.7497227481814441,1.3655105724961687,0.11289267785847186,18.751251697540283,1466.1443908691376,2145.545173339846,0.5269492955327926,0.6145
HCP_YOUNG_bids,/run/media/falconnier/Elements/BIDS_datasets_selection/HCP_YOUNG_bids/sub-195950/ses-1/anat/sub-195950_ses-1_T1w.nii.gz,,,,,sub-195950,ses-1,260,311,260,0.7,0.7,0.7,66.0577802658081,21023600,19099236,0.9084664852832055,0.0,3512.13671875,327.15105146740484,102.05749130249023,394.8318929638305,90.98822689056396,2.562095348819608,1.5150197992588599,0.21268409490585333,12.152137041091919,1071.532958984375,1673.7015075683566,0.6700528896300492,0.5891
HCP_YOUNG_bids,/run/media/falconnier/Elements/BIDS_datasets_selection/HCP_YOUNG_bids/sub-196144/ses-1/anat/sub-196144_ses-1_T1w.nii.gz,,,,,sub-196144,ses-1,260,311,260,0.7,0.7,0.7,66.89090919494629,21023600,19482028,0.9266742137407485,0.0,2736.066162109375,291.14597960930547,39.39137077331543,395.8893229652399,21.877970695495605,1.7472834735123381,1.5042321936478642,0.5991340261697767,16.024925899505615,1089.6034729003904,1545.9157055664064,0.8011475501681176,0.549
HCP_YOUNG_bids,/run/media/falconnier/Elements/BIDS_datasets_selection/HCP_YOUNG_bids/sub-196346/ses-1/anat/sub-196346_ses-1_T1w.nii.gz,,,,,sub-196346,ses-1,260,311,260,0.7,0.7,0.7,68.10020637512207,21023600,19749896,0.9394155139937974,0.0,4660.72607421875,451.3784573370267,180.4720687866211,528.3096633159411,166.22398853302002,2.18298153258686,1.3840534802330264,0.25418658703565605,13.350093364715576,1448.0255432128906,2130.4297241210943,0.5284616702601254,0.6108
HCP_YOUNG_bids,/run/media/falconnier/Elements/BIDS_datasets_selection/HCP_YOUNG_bids/sub-196750/ses-1/anat/sub-196750_ses-1_T1w.nii.gz,,,,,sub-196750,ses-1,260,311,260,0.7,0.7,0.7,67.26048851013184,21023600,19514043,0.9281970261991286,0.0,3747.847412109375,279.25447055007356,46.237548828125,356.2198709113489,34.46082782745361,1.1486594457283683,1.3333945594619476,0.16446635872125628,10.606703376770021,975.696044921875,1363.0100048828099,0.5990333437395,0.5736
HCP_YOUNG_bids,/run/media/falconnier/Elements/BIDS_datasets_selection/HCP_YOUNG_bids/sub-196851/ses-1/anat/sub-196851_ses-1_T1w.nii.gz,,,,,sub-196851,ses-1,260,311,260,0.7,0.7,0.7,68.66940307617188,21023600,19921812,0.9475928004718507,0.0,5432.03955078125,448.8857302333891,252.6261978149414,510.46261115991854,232.96269607543945,2.133197143004857,1.3650741131394677,0.14677982941269882,12.9491277217865,1409.380059814453,2098.4257299804704,0.45571009107238497,0.625
HCP_YOUNG_bids,/run/media/falconnier/Elements/BIDS_datasets_selection/HCP_YOUNG_bids/sub-196952/ses-1/anat/sub-196952_ses-1_T1w.nii.gz,,,,,sub-196952,ses-1,260,311,260,0.7,0.7,0.7,66.17416667938232,21023600,19225301,0.9144628417587853,0.0,3391.509521484375,308.0749580934864,40.3881721496582,415.8780124687156,23.553953170776367,2.2482997298294762,1.5611515861490595,0.33400920033454895,15.93863296508789,1140.5174560546875,1648.6424560546875,0.6544014152111517,0.5477
HCP_YOUNG_bids,/run/media/falconnier/Elements/BIDS_datasets_selection/HCP_YOUNG_bids/sub-197348/ses-1/anat/sub-197348_ses-1_T1w.nii.gz,,,,,sub-197348,ses-1,260,311,260,0.7,0.7,0.7,66.73996448516846,21023600,19434501,0.9244135638044864,0.0,3076.819580078125,291.48661879104156,45.60367965698242,363.70546722919755,29.749756813049316,0.8369937280950781,1.2482779534438786,0.22224049270153046,15.964659690856934,1005.5614624023438,1337.5594482421875,0.7228757504562783,0.5805
HCP_YOUNG_bids,/run/media/falconnier/Elements/BIDS_datasets_selection/HCP_YOUNG_bids/sub-197550/ses-1/anat/sub-197550_ses-1_T1w.nii.gz,,,,,sub-197550,ses-1,260,311,260,0.7,0.7,0.7,66.63765621185303,21023600,19380628,0.9218510626153466,0.0,3158.306396484375,336.8188216025573,56.37828254699707,427.0608255758875,40.923089027404785,2.0139867991453873,1.4554692872202524,0.15297625318169591,16.768148517608644,1141.2543518066404,1745.173587646485,0.7241779300565583,0.5741
HCP_YOUNG_bids,/run/media/falconnier/Elements/BIDS_datasets_selection/HCP_YOUNG_bids/sub-197651/ses-1/anat/sub-197651_ses-1_T1w.nii.gz,,,,,sub-197651,ses-1,260,311,260,0.7,0.7,0.7,67.11255168914795,21023600,19552034,0.930004090640994,0.0,2839.5634765625,275.8802676198484,42.56082344055176,369.1020932518163,25.905473709106445,2.1670877772980104,1.5513057368327485,0.3582351073622704,15.92715892791748,1013.1616088867177,1456.104254150387,0.7773933688099949,0.5571
HCP_YOUNG_bids,/run/media/falconnier/Elements/BIDS_datasets_selection/HCP_YOUNG_bids/sub-198047/ses-1/anat/sub-198047_ses-1_T1w.nii.gz,,,,,sub-198047,ses-1,260,311,260,0.7,0.7,0.7,67.09761810302734,21023600,19531088,0.9290077817310071,0.0,3765.88916015625,305.40831220654724,47.18195915222168,385.7240830030493,32.475003242492676,1.2328181682472543,1.3309734314687998,0.3724303770065307,15.38449478149414,1055.819903564453,1498.8880078124985,0.5959691590560076,0.5776
HCP_YOUNG_bids,/run/media/falconnier/Elements/BIDS_datasets_selection/HCP_YOUNG_bids/sub-198249/ses-1/anat/sub-198249_ses-1_T1w.nii.gz,,,,,sub-198249,ses-1,260,311,260,0.7,0.7,0.7,69.51665306091309,21023600,20227922,0.9621531041305961,0.0,3808.052001953125,376.311582591293,163.33028411865234,420.9231171814352,142.58339977264404,0.9710706090050212,1.1754535110103368,0.648800304532051,19.463072490692138,1167.8278686523436,1665.3202819824191,0.6290120025421106,0.6367
HCP_YOUNG_bids,/run/media/falconnier/Elements/BIDS_datasets_selection/HCP_YOUNG_bids/sub-198350/ses-1/anat/sub-198350_ses-1_T1w.nii.gz,,,,,sub-198350,ses-1,260,311,260,0.7,0.7,0.7,67.70222282409668,21023600,19690055,0.9365691413459161,0.0,3129.038818359375,348.15772999031407,62.92713928222656,432.1366910733529,49.09745788574219,1.5917052325836867,1.3959345092997841,0.2409438171982765,17.58745002746582,1202.4996582031254,1740.334819335938,0.7372368626322942,0.5876
HCP_YOUNG_bids,/run/media/falconnier/Elements/BIDS_datasets_selection/HCP_YOUNG_bids/sub-198451/ses-1/anat/sub-198451_ses-1_T1w.nii.gz,,,,,sub-198451,ses-1,260,311,260,0.7,0.7,0.7,67.90312671661377,21023600,19729562,0.9384483152266976,0.0,3561.139404296875,390.44533677938534,124.36124038696289,465.0639854599146,110.24041175842285,1.6104119233339604,1.352087136061888,0.15066176146268848,16.54716329574585,1293.7559814453125,1903.7573449707033,0.6656080890934302,0.6038
HCP_YOUNG_bids,/run/media/falconnier/Elements/BIDS_datasets_selection/HCP_YOUNG_bids/sub-198653/ses-1/anat/sub-198653_ses-1_T1w.nii.gz,,,,,sub-198653,ses-1,260,311,260,0.7,0.7,0.7,68.59889316558838,21023600,19875056,0.9453688236077551,0.0,3935.608154296875,407.75424233691115,138.91290283203125,484.4651523843537,127.61337184906006,1.9378634970270738,1.3796749869622835,0.3308517947793007,12.694280624389648,1323.6838989257812,1988.9258850097626,0.6117570069373128,0.6071
HCP_YOUNG_bids,/run/media/falconnier/Elements/BIDS_datasets_selection/HCP_YOUNG_bids/sub-198855/ses-1/anat/sub-198855_ses-1_T1w.nii.gz,,,,,sub-198855,ses-1,260,311,260,0.7,0.7,0.7,67.31916904449463,21023600,19586472,0.9316421545310983,0.0,4048.809326171875,379.53456986212086,71.89395904541016,479.38437970115183,56.9695782661438,2.5316534977245224,1.5594399739852671,0.4163343119621276,18.32530994415283,1331.407647705078,2003.6939062499987,0.5799202638437116,0.5798
HCP_YOUNG_bids,/run/media/falconnier/Elements/BIDS_datasets_selection/HCP_YOUNG_bids/sub-199251/ses-1/anat/sub-199251_ses-1_T1w.nii.gz,,,,,sub-199251,ses-1,260,311,260,0.7,0.7,0.7,68.19387531280518,21023600,19778606,0.9407811221674689,0.0,2719.19775390625,271.9072808240643,42.62898635864258,368.00944702749547,28.719401359558105,1.4821658206601782,1.467862387767603,0.17809922322630883,10.652051448822021,1017.4171295166016,1425.7759582519525,0.8162683047623821,0.5554
HCP_YOUNG_bids,/run/media/falconnier/Elements/BIDS_datasets_selection/HCP_YOUNG_bids/sub-199150/ses-1/anat/sub-199150_ses-1_T1w.nii.gz,,,,,sub-199150,ses-1,260,311,260,0.7,0.7,0.7,67.89264106750488,21023600,19706161,0.9373352327860119,0.0,3005.695068359375,319.8693057273898,56.120460510253906,389.6051703262521,46.45107078552246,1.0065296313349679,1.2525790676457988,0.2725345611572266,11.47046947479248,1073.0853271484375,1505.556860351554,0.7640281874344788,0.5941
HCP_YOUNG_bids,/run/media/falconnier/Elements/BIDS_datasets_selection/HCP_YOUNG_bids/sub-199352/ses-1/anat/sub-199352_ses-1_T1w.nii.gz,,,,,sub-199352,ses-1,260,311,260,0.7,0.7,0.7,68.2090482711792,21023600,19918313,0.9474263684621093,0.0,2599.9345703125,267.1981415265341,37.33243942260742,361.75466964847965,19.749242782592773,1.565815089959588,1.4734445058671302,0.3161565601825713,15.566621398925781,1010.0651000976559,1373.486635742187,0.8302839834205616,0.5576
HCP_YOUNG_bids,/run/media/falconnier/Elements/BIDS_datasets_selection/HCP_YOUNG_bids/sub-199453/ses-1/anat/sub-199453_ses-1_T1w.nii.gz,,,,,sub-199453,ses-1,260,311,260,0.7,0.7,0.7,67.29681777954102,21023600,19600991,0.9323327593751783,0.0,3965.2412109375,387.4016939934161,53.5452766418457,506.0797435314636,37.15492630004883,2.7167212706523376,1.617499671769997,4.646122646331786,18.02591037750244,1400.6542358398438,2141.367382812503,0.5842013417340458,0.5668
HCP_YOUNG_bids,/run/media/falconnier/Elements/BIDS_datasets_selection/HCP_YOUNG_bids/sub-199655/ses-1/anat/sub-199655_ses-1_T1w.nii.gz,,,,,sub-199655,ses-1,260,311,260,0.7,0.7,0.7,67.86186599731445,21023600,19708764,0.9374590460244677,0.0,3564.412841796875,378.19584655739015,84.39850616455078,465.4659249074387,73.66506147384644,1.9252787084268235,1.4311589463582912,0.06689336851239205,16.720772075653077,1287.2896545410154,1903.7009667968796,0.6584159947135502,0.5911
HCP_YOUNG_bids,/run/media/falconnier/Elements/BIDS_datasets_selection/HCP_YOUNG_bids/sub-200008/ses-1/anat/sub-200008_ses-1_T1w.nii.gz,,,,,sub-200008,ses-1,260,311,260,0.7,0.7,0.7,67.76065826416016,21023600,19737919,0.9388458208870032,0.0,2793.66259765625,260.9689749235997,37.738975524902344,352.4571930991319,21.597820281982422,1.716738324304064,1.4965452948354987,0.33067107141017904,14.65612497329712,962.9213745117177,1373.4773510742189,0.7770758674100257,0.556
HCP_YOUNG_bids,/run/media/falconnier/Elements/BIDS_datasets_selection/HCP_YOUNG_bids/sub-200109/ses-1/anat/sub-200109_ses-1_T1w.nii.gz,,,,,sub-200109,ses-1,260,311,260,0.7,0.7,0.7,67.7189474105835,21023600,19640044,0.9341903384767595,0.0,4483.5546875,312.33556423101976,45.70336151123047,421.41911356784277,31.66145944595337,1.4976855794518187,1.4595038103840747,0.15732870653271674,11.293043613433838,1178.6965148925779,1618.5817834472664,0.5054926210290185,0.554
HCP_YOUNG_bids,/run/media/falconnier/Elements/BIDS_datasets_selection/HCP_YOUNG_bids/sub-199958/ses-1/anat/sub-199958_ses-1_T1w.nii.gz,,,,,sub-199958,ses-1,260,311,260,0.7,0.7,0.7,68.84367561340332,21023600,20015380,0.9520434178732472,0.0,4238.39111328125,431.2615258394456,230.06871032714844,502.4213095609668,205.53982734680176,3.1101248911297983,1.6058263301043345,0.7754109489917755,19.641883754730223,1408.1731323242193,2175.172221679688,0.5843636223582108,0.6196
HCP_YOUNG_bids,/run/media/falconnier/Elements/BIDS_datasets_selection/HCP_YOUNG_bids/sub-200210/ses-1/anat/sub-200210_ses-1_T1w.nii.gz,,,,,sub-200210,ses-1,260,311,260,0.7,0.7,0.7,66.53193950653076,21023600,19289713,0.9175266367320535,0.0,3774.917724609375,369.28040104919796,146.5592041015625,418.99673663081234,133.46795654296875,0.7715883271468775,1.1363567786241864,0.2833284509181976,12.57527084350586,1170.0765624999995,1596.4094189453103,0.6318720559560383,0.6137
HCP_YOUNG_bids,/run/media/falconnier/Elements/BIDS_datasets_selection/HCP_YOUNG_bids/sub-200311/ses-1/anat/sub-200311_ses-1_T1w.nii.gz,,,,,sub-200311,ses-1,260,311,260,0.7,0.7,0.7,68.69078922271729,21023600,19892106,0.9461798169675983,0.0,4718.04443359375,374.53853105763704,67.44690704345703,477.30726873154896,57.98611068725586,2.8759215123795157,1.5626169673803247,0.11436541043221952,11.996649742126465,1294.9095458984375,1951.327258300781,0.5015462999006547,0.5808
HCP_YOUNG_bids,/run/media/falconnier/Elements/BIDS_datasets_selection/HCP_YOUNG_bids/sub-200513/ses-1/anat/sub-200513_ses-1_T1w.nii.gz,,,,,sub-200513,ses-1,260,311,260,0.7,0.7,0.7,68.1196641921997,21023600,19820090,0.9427543332255179,0.0,3699.959716796875,407.7097581345627,118.0384521484375,491.26465955785426,102.68722915649414,1.6247032494435327,1.363343258612202,0.175941081494093,17.752553939819336,1378.8136230468754,1979.2514221191395,0.6429400759396517,0.6009
HCP_YOUNG_bids,/run/media/falconnier/Elements/BIDS_datasets_selection/HCP_YOUNG_bids/sub-200614/ses-1/anat/sub-200614_ses-1_T1w.nii.gz,,,,,sub-200614,ses-1,260,311,260,0.7,0.7,0.7,68.67476654052734,21023600,19970653,0.9499159515972526,0.0,3577.64794921875,294.6312162961026,45.94826889038086,373.5727834904135,30.166192054748535,1.483293640284292,1.3870040358330022,0.382571337223053,16.326431655883788,1029.6510498046873,1462.0717187500013,0.6247273763380763,0.584
HCP_YOUNG_bids,/run/media/falconnier/Elements/BIDS_datasets_selection/HCP_YOUNG_bids/sub-200917/ses-1/anat/sub-200917_ses-1_T1w.nii.gz,,,,,sub-200917,ses-1,260,311,260,0.7,0.7,0.7,64.82904148101807,21023600,18839599,0.8961166974257501,0.0,4016.891845703125,350.5854905148391,49.34619903564453,453.56881835081657,33.2234001159668,2.0979259562937607,1.4759707296140834,0.4504866409301759,16.79646053314209,1239.8346069335935,1773.7933569335933,0.5676342214527296,0.5572
HCP_YOUNG_bids,/run/media/falconnier/Elements/BIDS_datasets_selection/HCP_YOUNG_bids/sub-201111/ses-1/anat/sub-201111_ses-1_T1w.nii.gz,,,,,sub-201111,ses-1,260,311,260,0.7,0.7,0.7,68.43220520019531,21023600,19802847,0.941934159706235,0.0,4520.1982421875,398.56151429130335,79.40194702148438,498.85938376924975,71.46152639389038,1.77079166767341,1.4211648375329895,0.038476926386356344,11.449012756347656,1377.8740722656248,2018.901997070312,0.5287555861431161,0.5857
HCP_YOUNG_bids,/run/media/falconnier/Elements/BIDS_datasets_selection/HCP_YOUNG_bids/sub-201515/ses-1/anat/sub-201515_ses-1_T1w.nii.gz,,,,,sub-201515,ses-1,260,311,260,0.7,0.7,0.7,66.99581527709961,21023600,19498653,0.9274649917235869,0.0,3310.00537109375,324.7265778143148,77.85330200195312,394.6904861975426,63.54165077209473,2.0312325301915157,1.4180810894806655,1.4750549840927123,16.26536407470703,1071.0205810546868,1591.6576123046884,0.6956084923639566,0.5927
HCP_YOUNG_bids,/run/media/falconnier/Elements/BIDS_datasets_selection/HCP_YOUNG_bids/sub-201414/ses-1/anat/sub-201414_ses-1_T1w.nii.gz,,,,,sub-201414,ses-1,260,311,260,0.7,0.7,0.7,66.93628025054932,21023600,19397115,0.9226352765463575,0.0,2677.088134765625,268.03821290116906,44.887630462646484,343.60404006980895,32.175065994262695,0.7676012875454714,1.279955114324095,0.08525628715753555,10.293746662139894,948.8167907714844,1279.5908227539057,0.8309451962332375,0.5696
HCP_YOUNG_bids,/run/media/falconnier/Elements/BIDS_datasets_selection/HCP_YOUNG_bids/sub-201717/ses-1/anat/sub-201717_ses-1_T1w.nii.gz,,,,,sub-201717,ses-1,260,311,260,0.7,0.7,0.7,68.68085098266602,21023600,19937074,0.9483187465514945,0.0,4170.9306640625,427.73316362756276,184.99970245361328,504.0253269778977,164.93487167358398,1.6564160190680504,1.3733424822186926,0.03960950437933207,17.73458194732666,1440.8041748046853,2041.2544665527334,0.5852318446741557,0.6121
HCP_YOUNG_bids,/run/media/falconnier/Elements/BIDS_datasets_selection/HCP_YOUNG_bids/sub-201818/ses-1/anat/sub-201818_ses-1_T1w.nii.gz,,,,,sub-201818,ses-1,260,311,260,0.7,0.7,0.7,66.90022087097168,21023600,19496082,0.9273427005841055,0.0,3147.04541015625,265.83660296831073,37.81818199157715,367.8321867086634,19.319140434265137,2.5663055476253067,1.6449893612076651,0.39643060982227324,16.395145416259766,1001.7856323242186,1484.4157653808602,0.687118761810309,0.5434
HCP_YOUNG_bids,/run/media/falconnier/Elements/BIDS_datasets_selection/HCP_YOUNG_bids/sub-202113/ses-1/anat/sub-202113_ses-1_T1w.nii.gz,,,,,sub-202113,ses-1,260,311,260,0.7,0.7,0.7,67.03629970550537,21023600,19464380,0.9258347761563196,0.0,3962.4931640625,310.2913304389946,61.65334129333496,373.1558119097651,51.79875326156616,0.6313705083494208,1.1628336966431436,0.06947361052036286,11.006937885284424,1028.9148010253907,1349.6440551757823,0.581168746281819,0.5947
HCP_YOUNG_bids,/run/media/falconnier/Elements/BIDS_datasets_selection/HCP_YOUNG_bids/sub-202719/ses-1/anat/sub-202719_ses-1_T1w.nii.gz,,,,,sub-202719,ses-1,260,311,260,0.7,0.7,0.7,68.11940956115723,21023600,19775679,0.9406418976768964,0.0,4692.13037109375,415.3387730482003,62.92329406738281,543.665652036856,49.991310119628906,3.310575204555052,1.6762995396633285,0.15362588077783584,17.277535057067873,1489.9445068359337,2242.766455078119,0.5009221057122202,0.5688
HCP_YOUNG_bids,/run/media/falconnier/Elements/BIDS_datasets_selection/HCP_YOUNG_bids/sub-203418/ses-1/anat/sub-203418_ses-1_T1w.nii.gz,,,,,sub-203418,ses-1,260,311,260,0.7,0.7,0.7,67.54478073120117,21023600,19661835,0.9352268403127914,0.0,2708.168701171875,302.5306248441769,46.12797164916992,380.6072445928106,31.324570655822754,1.0821239418528252,1.3128583542675922,0.3653155422210693,15.812517547607422,1048.581262207032,1478.6828173828126,0.825004380416066,0.5814
HCP_YOUNG_bids,/run/media/falconnier/Elements/BIDS_datasets_selection/HCP_YOUNG_bids/sub-203923/ses-1/anat/sub-203923_ses-1_T1w.nii.gz,,,,,sub-203923,ses-1,260,311,260,0.7,0.7,0.7,67.63668823242188,21023600,19685402,0.9363478186419072,0.0,3099.547607421875,314.13676256753524,51.462697982788086,389.51383718058634,37.15767812728882,0.7894855135966563,1.2343085579520126,0.20455845519900326,15.546159791946412,1067.9583557128904,1453.9058801269525,0.7290265538042591,0.5869
HCP_YOUNG_bids,/run/media/falconnier/Elements/BIDS_datasets_selection/HCP_YOUNG_bids/sub-204016/ses-1/anat/sub-204016_ses-1_T1w.nii.gz,,,,,sub-204016,ses-1,260,311,260,0.7,0.7,0.7,67.71471977233887,21023600,19681828,0.9361778192126943,0.0,3159.296875,312.38110450088556,52.72071647644043,393.6428492432132,36.86517143249512,2.041425733707121,1.4573763935923303,0.22701750114560154,16.86345739364624,1072.8175048828125,1573.3506420898439,0.7166263609517597,0.5818
HCP_YOUNG_bids,/run/media/falconnier/Elements/BIDS_datasets_selection/HCP_YOUNG_bids/sub-204319/ses-1/anat/sub-204319_ses-1_T1w.nii.gz,,,,,sub-204319,ses-1,260,311,260,0.7,0.7,0.7,66.80617046356201,21023600,19422955,0.9238643714682547,0.0,3161.43017578125,298.4070791328272,45.190853118896484,382.5986243827338,28.651906967163086,1.3435321457260345,1.3764037040616748,0.22599442571401598,16.44012584686279,1050.2816894531252,1486.7945922851568,0.7061986207559392,0.5705
HCP_YOUNG_bids,/run/media/falconnier/Elements/BIDS_datasets_selection/HCP_YOUNG_bids/sub-204420/ses-1/anat/sub-204420_ses-1_T1w.nii.gz,,,,,sub-204420,ses-1,260,311,260,0.7,0.7,0.7,66.02505397796631,21023600,19230412,0.9147059495043666,0.0,2814.813232421875,268.55885808854345,37.77216911315918,365.4870305960698,21.126816749572754,1.8675310634174602,1.5159784329382455,0.5514678126573563,15.056969785690308,998.9879302978513,1417.2796630859375,0.7712029605409612,0.5448
HCP_YOUNG_bids,/run/media/falconnier/Elements/BIDS_datasets_selection/HCP_YOUNG_bids/sub-204521/ses-1/anat/sub-204521_ses-1_T1w.nii.gz,,,,,sub-204521,ses-1,260,311,260,0.7,0.7,0.7,67.6899995803833,21023600,19603516,0.9324528624973839,0.0,3086.2392578125,277.09357884227285,46.11507987976074,368.1179480689981,31.56599760055542,1.54132577489431,1.4348813009987913,0.11685168296098708,10.87150526046753,1000.475830078125,1410.7925476074224,0.7235898907761958,0.5598
HCP_YOUNG_bids,/run/media/falconnier/Elements/BIDS_datasets_selection/HCP_YOUNG_bids/sub-204622/ses-1/anat/sub-204622_ses-1_T1w.nii.gz,,,,,sub-204622,ses-1,260,311,260,0.7,0.7,0.7,67.74446105957031,21023600,19624902,0.9334701002682699,0.0,4506.2607421875,401.9403482865816,88.42045974731445,518.2991366040216,73.6602692604065,4.245706289828509,1.7641042398896702,0.04966806307435036,16.121833896636964,1379.9863098144529,2167.4865624999984,0.5282186681675239,0.5728
HCP_YOUNG_bids,/run/media/falconnier/Elements/BIDS_datasets_selection/HCP_YOUNG_bids/sub-205119/ses-1/anat/sub-205119_ses-1_T1w.nii.gz,,,,,sub-205119,ses-1,260,311,260,0.7,0.7,0.7,66.9675760269165,21023600,19466676,0.9259439867577389,0.0,4410.63818359375,515.2215644091361,386.56610107421875,551.3161919164013,350.66236686706543,3.587657872774722,1.5899629779200595,4.523458003997803,21.520015239715576,1546.5162048339844,2433.3888549804688,0.5824138131900344,0.642
HCP_YOUNG_bids,/run/media/falconnier/Elements/BIDS_datasets_selection/HCP_YOUNG_bids/sub-205220/ses-1/anat/sub-205220_ses-1_T1w.nii.gz,,,,,sub-205220,ses-1,260,311,260,0.7,0.7,0.7,67.21783447265625,21023600,19563948,0.9305707871154322,0.0,3665.5166015625,289.99704874797595,44.90946578979492,359.45336396550215,28.9136323928833,0.6089507530575538,1.1970354381824702,0.07083966918289661,15.917770814895631,987.4851470947265,1313.305513916017,0.6058397790453849,0.585
HCP_YOUNG_bids,/run/media/falconnier/Elements/BIDS_datasets_selection/HCP_YOUNG_bids/sub-205725/ses-1/anat/sub-205725_ses-1_T1w.nii.gz,,,,,sub-205725,ses-1,260,311,260,0.7,0.7,0.7,66.7396593093872,21023600,19488257,0.9269704998192507,0.0,3744.234375,249.94665323286503,35.119895935058594,336.90810448390897,17.540267944335938,1.4135068503425927,1.4334978816819053,0.504107677936554,15.359674835205078,921.3479858398437,1281.2019580078127,0.5677373716688306,0.5523
HCP_YOUNG_bids,/run/media/falconnier/Elements/BIDS_datasets_selection/HCP_YOUNG_bids/sub-205826/ses-1/anat/sub-205826_ses-1_T1w.nii.gz,,,,,sub-205826,ses-1,260,311,260,0.7,0.7,0.7,67.74580383300781,21023600,19631820,0.9337991590403166,0.0,4355.80029296875,407.3907350340421,155.84172821044922,503.72902501802434,141.57006788253784,3.6394725363645506,1.7061579465340133,0.7299940383434296,13.164412117004396,1391.6495544433596,2195.6564135742165,0.5567783700971493,0.5894
HCP_YOUNG_bids,/run/media/falconnier/Elements/BIDS_datasets_selection/HCP_YOUNG_bids/sub-206222/ses-1/anat/sub-206222_ses-1_T1w.nii.gz,,,,,sub-206222,ses-1,260,311,260,0.7,0.7,0.7,67.60294342041016,21023600,19597994,0.9321902052930992,0.0,3684.698486328125,370.6014655877865,65.7884750366211,456.5413722769405,57.55131006240845,1.7501324197053956,1.3817799145795602,0.5460058397054671,12.0474524974823,1261.5934753417955,1813.949636230469,0.637084171437754,0.5882
HCP_YOUNG_bids,/run/media/falconnier/Elements/BIDS_datasets_selection/HCP_YOUNG_bids/sub-206323/ses-1/anat/sub-206323_ses-1_T1w.nii.gz,,,,,sub-206323,ses-1,260,311,260,0.7,0.7,0.7,68.02412128448486,21023600,19835935,0.9435080100458533,0.0,3357.5537109375,312.14613779939214,56.2678108215332,385.9555367160409,43.51776885986328,0.9885778187040004,1.2713842032622102,0.1484168994426727,14.154804420471192,1056.2704223632813,1487.4942626953125,0.6782263906937481,0.5908
HCP_YOUNG_bids,/run/media/falconnier/Elements/BIDS_datasets_selection/HCP_YOUNG_bids/sub-206525/ses-1/anat/sub-206525_ses-1_T1w.nii.gz,,,,,sub-206525,ses-1,260,311,260,0.7,0.7,0.7,68.00954627990723,21023600,19779225,0.9408105652695067,0.0,4020.643798828125,443.9556614126968,186.46221923828125,521.2480548039275,166.80138778686523,1.5617802431249537,1.3338639607169909,0.04117068439722061,17.89737319946289,1470.6142333984376,2110.5940039062516,0.6070956975377106,0.6103
HCP_YOUNG_bids,/run/media/falconnier/Elements/BIDS_datasets_selection/HCP_YOUNG_bids/sub-206727/ses-1/anat/sub-206727_ses-1_T1w.nii.gz,,,,,sub-206727,ses-1,260,311,260,0.7,0.7,0.7,68.05804634094238,21023600,19791400,0.9413896763637055,0.0,4048.376953125,427.70598846185874,166.99871826171875,495.79382772092157,149.5030574798584,1.4352870700813982,1.268916665958341,0.20125629797577854,17.813999080657958,1371.783599853516,1967.3509521484375,0.5951463032064425,0.6148
HCP_YOUNG_bids,/run/media/falconnier/Elements/BIDS_datasets_selection/HCP_YOUNG_bids/sub-206929/ses-1/anat/sub-206929_ses-1_T1w.nii.gz,,,,,sub-206929,ses-1,260,311,260,0.7,0.7,0.7,67.64671897888184,21023600,19621081,0.9332883521375978,0.0,4311.54833984375,476.8988743556095,224.93954467773438,557.9470351244612,208.1579818725586,2.078286505409456,1.411698399761931,0.15520177185535444,13.410172462463379,1564.1734619140625,2304.7015136718746,0.5785812629459189,0.6091
HCP_YOUNG_bids,/run/media/falconnier/Elements/BIDS_datasets_selection/HCP_YOUNG_bids/sub-206828/ses-1/anat/sub-206828_ses-1_T1w.nii.gz,,,,,sub-206828,ses-1,260,311,260,0.7,0.7,0.7,68.30331707000732,21023600,19883310,0.9457614300119865,0.0,3166.78271484375,363.3864144928908,128.30579376220703,423.7287931340536,110.41936492919922,1.3861736133279727,1.2828554993367713,2.2311621475219727,17.86616840362549,1168.653631591797,1696.0046435546883,0.7446329114505879,0.6148
HCP_YOUNG_bids,/run/media/falconnier/Elements/BIDS_datasets_selection/HCP_YOUNG_bids/sub-207123/ses-1/anat/sub-207123_ses-1_T1w.nii.gz,,,,,sub-207123,ses-1,260,311,260,0.7,0.7,0.7,67.89273738861084,21023600,19699063,0.9369976122072338,0.0,4664.66064453125,559.574247985871,371.7143249511719,628.1281474096743,341.85636711120605,2.526249214979874,1.4507971559789867,0.2066949567198753,19.88443965911865,1753.78125,2669.0806591796872,0.5474871441863034,0.6268
HCP_YOUNG_bids,/run/media/falconnier/Elements/BIDS_datasets_selection/HCP_YOUNG_bids/sub-207426/ses-1/anat/sub-207426_ses-1_T1w.nii.gz,,,,,sub-207426,ses-1,260,311,260,0.7,0.7,0.7,68.81521701812744,21023600,20007218,0.9516551875035674,0.0,3520.8251953125,357.1470207823468,127.17416763305664,406.8990149026117,110.16303253173828,0.8798842177802912,1.1694972562111567,0.21146765604615217,18.06332359313965,1133.8083679199217,1578.7367749023433,0.6680114136049339,0.6253
HCP_YOUNG_bids,/run/media/falconnier/Elements/BIDS_datasets_selection/HCP_YOUNG_bids/sub-208125/ses-1/anat/sub-208125_ses-1_T1w.nii.gz,,,,,sub-208125,ses-1,260,311,260,0.7,0.7,0.7,66.99926280975342,21023600,19470382,0.9261202648452216,0.0,3360.06103515625,332.4361796673678,50.184364318847656,437.2570491002702,33.13663291931152,2.013153601867984,1.5157599151485441,0.40552493512630455,17.256347846984863,1216.093505859375,1732.9631518554697,0.6777365998646032,0.5619
HCP_YOUNG_bids,/run/media/falconnier/Elements/BIDS_datasets_selection/HCP_YOUNG_bids/sub-208024/ses-1/anat/sub-208024_ses-1_T1w.nii.gz,,,,,sub-208024,ses-1,260,311,260,0.7,0.7,0.7,66.9071683883667,21023600,19506949,0.9278595958827223,0.0,2663.32275390625,276.1518460931748,40.299949645996094,368.8380549495438,24.552528381347656,1.5468517717361543,1.4606292439907238,0.5051805305480958,14.813346672058106,1016.8759643554683,1443.99541503906,0.8244022148386364,0.5564
HCP_YOUNG_bids,/run/media/falconnier/Elements/BIDS_datasets_selection/HCP_YOUNG_bids/sub-208226/ses-1/anat/sub-208226_ses-1_T1w.nii.gz,,,,,sub-208226,ses-1,260,311,260,0.7,0.7,0.7,67.03381538391113,21023600,19513229,0.9281583078064651,0.0,2949.538330078125,270.46180260761577,40.5447998046875,354.2821626682073,24.29446029663086,1.1069033913061084,1.37761118376483,0.2896721410751343,15.219997024536132,996.4387207031243,1338.3260107421847,0.7437552568942859,0.5638
HCP_YOUNG_bids,/run/media/falconnier/Elements/BIDS_datasets_selection/HCP_YOUNG_bids/sub-208428/ses-1/anat/sub-208428_ses-1_T1w.nii.gz,,,,,sub-208428,ses-1,260,311,260,0.7,0.7,0.7,66.6878080368042,21023600,19464960,0.9258623642002322,0.0,4172.5537109375,190.85665022497113,48.230546951293945,240.1142043692102,35.71813201904297,2.611252451161045,1.553635154535211,0.33572622567415233,11.620464277267455,656.6592559814455,975.3707415771485,0.5199835243615236,0.5804
HCP_YOUNG_bids,/run/media/falconnier/Elements/BIDS_datasets_selection/HCP_YOUNG_bids/sub-208327/ses-1/anat/sub-208327_ses-1_T1w.nii.gz,,,,,sub-208327,ses-1,260,311,260,0.7,0.7,0.7,68.56778717041016,21023600,19905823,0.9468322742061303,0.0,3936.556396484375,445.6691690486025,197.0696258544922,528.6935373885423,176.60854530334473,1.9041602394564796,1.4177523241707963,0.07544639632105828,18.473205184936525,1494.0893432617186,2188.915717773438,0.6189978787295077,0.609
HCP_YOUNG_bids,/run/media/falconnier/Elements/BIDS_datasets_selection/HCP_YOUNG_bids/sub-209228/ses-1/anat/sub-209228_ses-1_T1w.nii.gz,,,,,sub-209228,ses-1,260,311,260,0.7,0.7,0.7,67.92964267730713,21023600,19769910,0.9403674917711524,0.0,2990.552001953125,305.1292669623293,51.7732048034668,374.31697800843074,36.73647356033325,0.9541318772905822,1.269357274004236,0.1358158767223358,17.08421983718872,1038.201617431641,1431.742176513672,0.7537996152552677,0.5931
HCP_YOUNG_bids,/run/media/falconnier/Elements/BIDS_datasets_selection/HCP_YOUNG_bids/sub-208630/ses-1/anat/sub-208630_ses-1_T1w.nii.gz,,,,,sub-208630,ses-1,260,311,260,0.7,0.7,0.7,68.43545246124268,21023600,19850326,0.9441925264940353,0.0,3509.9296875,352.2301230162397,60.197946548461914,433.62503215752423,52.97519040107727,1.1602060719839358,1.28139176362049,0.07247736491262913,10.709749937057495,1186.8536071777344,1678.8255615234375,0.6633017224041409,0.5922
HCP_YOUNG_bids,/run/media/falconnier/Elements/BIDS_datasets_selection/HCP_YOUNG_bids/sub-209127/ses-1/anat/sub-209127_ses-1_T1w.nii.gz,,,,,sub-209127,ses-1,260,311,260,0.7,0.7,0.7,67.80321502685547,21023600,19734987,0.938706358568466,0.0,2917.062255859375,260.1137097427448,40.87189865112305,336.62258242422763,23.36055564880371,0.9002613467602725,1.3188532480795359,0.13971883088350295,16.00143699645996,928.7115905761718,1252.8885473632818,0.7460478001934862,0.5721
HCP_YOUNG_bids,/run/media/falconnier/Elements/BIDS_datasets_selection/HCP_YOUNG_bids/sub-209329/ses-1/anat/sub-209329_ses-1_T1w.nii.gz,,,,,sub-209329,ses-1,260,311,260,0.7,0.7,0.7,67.03272438049316,21023600,19541561,0.9295059361860005,0.0,3187.33251953125,272.3280794875759,35.882320404052734,380.95252624744484,18.51957893371582,2.2267069708880367,1.5938656777752451,0.8303269147872925,15.159601211547852,1036.3612060546875,1486.959033203124,0.6771036673055038,0.5392
HCP_YOUNG_bids,/run/media/falconnier/Elements/BIDS_datasets_selection/HCP_YOUNG_bids/sub-209834/ses-1/anat/sub-209834_ses-1_T1w.nii.gz,,,,,sub-209834,ses-1,260,311,260,0.7,0.7,0.7,66.83799839019775,21023600,19376383,0.9216491466732625,0.0,3059.396240234375,281.93389494493675,50.53525161743164,362.81824230034215,38.58595371246338,1.8959200095559172,1.4659650381059164,0.14699013233184818,10.896291923522949,987.9986572265625,1437.8651098632808,0.7403618077096231,0.5688
HCP_YOUNG_bids,/run/media/falconnier/Elements/BIDS_datasets_selection/HCP_YOUNG_bids/sub-209531/ses-1/anat/sub-209531_ses-1_T1w.nii.gz,,,,,sub-209531,ses-1,260,311,260,0.7,0.7,0.7,67.27567481994629,21023600,19577967,0.9312376091630358,0.0,2699.779296875,286.985322737903,42.791015625,361.17881316549744,27.581466674804688,0.9932137679692725,1.29056937047892,0.2726159465312958,15.623418807983398,996.093273925781,1345.9848315429685,0.8185343414276625,0.5798
HCP_YOUNG_bids,/run/media/falconnier/Elements/BIDS_datasets_selection/HCP_YOUNG_bids/sub-209935/ses-1/anat/sub-209935_ses-1_T1w.nii.gz,,,,,sub-209935,ses-1,260,311,260,0.7,0.7,0.7,68.39221954345703,21023600,19859324,0.9446205216994235,0.0,3161.380859375,366.74564143953415,110.70766830444336,447.1912326758494,95.30196714401245,1.70427123651778,1.4223171787104676,0.47543526381254214,16.322343826293945,1292.2637023925768,1802.0501708984375,0.7471765004400167,0.5978
HCP_YOUNG_bids,/run/media/falconnier/Elements/BIDS_datasets_selection/HCP_YOUNG_bids/sub-210011/ses-1/anat/sub-210011_ses-1_T1w.nii.gz,,,,,sub-210011,ses-1,260,311,260,0.7,0.7,0.7,67.96922969818115,21023600,19688071,0.9364747712094978,0.0,4509.83203125,422.9783115737604,83.818359375,544.1342072318708,74.07047462463379,3.2884946809645346,1.6828438785813788,0.37180703282356264,13.557381629943848,1486.1934204101562,2329.2115722656254,0.5346835912629712,0.5745
HCP_YOUNG_bids,/run/media/falconnier/Elements/BIDS_datasets_selection/HCP_YOUNG_bids/sub-210112/ses-1/anat/sub-210112_ses-1_T1w.nii.gz,,,,,sub-210112,ses-1,260,311,260,0.7,0.7,0.7,65.16287326812744,21023600,18946040,0.9011796267052266,0.0,3214.810302734375,324.8457438971698,52.35966491699219,402.3298222424581,38.33806562423706,1.5967314980722138,1.3567215122461538,0.32988970160484316,16.065343379974365,1085.158825683594,1600.0941491699214,0.7052373857848442,0.5753
HCP_YOUNG_bids,/run/media/falconnier/Elements/BIDS_datasets_selection/HCP_YOUNG_bids/sub-210415/ses-1/anat/sub-210415_ses-1_T1w.nii.gz,,,,,sub-210415,ses-1,260,311,260,0.7,0.7,0.7,67.62121200561523,21023600,19716511,0.9378275366730722,0.0,3202.9697265625,287.310554239382,39.92881393432617,382.8583235029158,22.24025535583496,2.1649358999668147,1.5343031799110372,0.701244604587555,16.370842933654785,1044.7763671875,1515.9770385742186,0.6847787330420363,0.5608
HCP_YOUNG_bids,/run/media/falconnier/Elements/BIDS_datasets_selection/HCP_YOUNG_bids/sub-211114/ses-1/anat/sub-211114_ses-1_T1w.nii.gz,,,,,sub-211114,ses-1,260,311,260,0.7,0.7,0.7,67.5663537979126,21023600,19620746,0.9332724176639586,0.0,3574.716552734375,339.26821279472784,66.9986801147461,412.60437315020926,56.867456912994385,1.052912500493557,1.2555615087001903,0.08575128912925721,11.68512773513794,1130.1080627441406,1591.6487182617193,0.6526239750618538,0.5934
HCP_YOUNG_bids,/run/media/falconnier/Elements/BIDS_datasets_selection/HCP_YOUNG_bids/sub-210617/ses-1/anat/sub-210617_ses-1_T1w.nii.gz,,,,,sub-210617,ses-1,260,311,260,0.7,0.7,0.7,67.02350997924805,21023600,19403009,0.9229156281512205,0.0,3056.465576171875,281.14196954340287,45.06787109375,364.7126054497479,32.678110122680664,0.7632254495743465,1.2939139962529504,0.055655050277709964,10.063046646118163,1014.6053222656249,1354.7131201171842,0.7323356234679738,0.5649
HCP_YOUNG_bids,/run/media/falconnier/Elements/BIDS_datasets_selection/HCP_YOUNG_bids/sub-211215/ses-1/anat/sub-211215_ses-1_T1w.nii.gz,,,,,sub-211215,ses-1,260,311,260,0.7,0.7,0.7,68.24074268341064,21023600,19811677,0.9423541638920071,0.0,3490.957763671875,374.3578180585241,138.5784912109375,440.9535891232506,121.50143432617188,1.8857712600245824,1.3897462712918593,0.14763662874698638,16.80113639831543,1222.476220703125,1844.0664160156216,0.6830189938092786,0.6101
HCP_YOUNG_bids,/run/media/falconnier/Elements/BIDS_datasets_selection/HCP_YOUNG_bids/sub-211316/ses-1/anat/sub-211316_ses-1_T1w.nii.gz,,,,,sub-211316,ses-1,260,311,260,0.7,0.7,0.7,67.14380931854248,21023600,19535338,0.9292099355010559,0.0,2898.459228515625,293.6321573425091,63.60926628112793,357.19172744510894,48.19872283935547,0.9438757585129953,1.2772316103525314,0.8706145071983337,16.247977352142335,1000.8648010253901,1385.1920935058592,0.7845075856027736,0.5929
HCP_YOUNG_bids,/run/media/falconnier/Elements/BIDS_datasets_selection/HCP_YOUNG_bids/sub-211417/ses-1/anat/sub-211417_ses-1_T1w.nii.gz,,,,,sub-211417,ses-1,260,311,260,0.7,0.7,0.7,68.32128238677979,21023600,19891744,0.9461625982229495,0.0,3381.134033203125,311.45661487749084,47.35505294799805,401.6660199545295,31.95244312286377,2.0694234722699223,1.494230264885018,0.4134705251455307,16.12292537689209,1098.5583312988279,1619.9105908203128,0.6665220081117822,0.5763
HCP_YOUNG_bids,/run/media/falconnier/Elements/BIDS_datasets_selection/HCP_YOUNG_bids/sub-211619/ses-1/anat/sub-211619_ses-1_T1w.nii.gz,,,,,sub-211619,ses-1,260,311,260,0.7,0.7,0.7,68.18588542938232,21023600,19774309,0.9405767328145512,0.0,3732.73193359375,335.87346665322474,51.86185836791992,435.81806418155605,41.46926212310791,2.056495798137429,1.5016253275657185,0.18056726932525638,10.84128017425537,1202.6610351562495,1781.4930078124962,0.6182315909544098,0.5716
HCP_YOUNG_bids,/run/media/falconnier/Elements/BIDS_datasets_selection/HCP_YOUNG_bids/sub-211720/ses-1/anat/sub-211720_ses-1_T1w.nii.gz,,,,,sub-211720,ses-1,260,311,260,0.7,0.7,0.7,67.71184158325195,21023600,19694683,0.936789274910101,0.0,3824.5771484375,398.18651124288414,179.78341674804688,471.7737733876493,158.99698066711426,2.141539739728759,1.4546175198393503,0.13827574312686922,18.030290794372558,1318.3090454101557,1964.6511499023427,0.6314330509199779,0.6064
HCP_YOUNG_bids,/run/media/falconnier/Elements/BIDS_datasets_selection/HCP_YOUNG_bids/sub-211821/ses-1/anat/sub-211821_ses-1_T1w.nii.gz,,,,,sub-211821,ses-1,260,311,260,0.7,0.7,0.7,66.4738187789917,21023600,19327254,0.9193122966570901,0.0,3456.701904296875,303.1431628283476,41.367034912109375,403.40751640219037,24.06294822692871,2.362336471104043,1.575878407668315,0.3232644072175026,16.53705072402954,1102.6934875488273,1645.744614257812,0.6423339740009198,0.5553
HCP_YOUNG_bids,/run/media/falconnier/Elements/BIDS_datasets_selection/HCP_YOUNG_bids/sub-211922/ses-1/anat/sub-211922_ses-1_T1w.nii.gz,,,,,sub-211922,ses-1,260,311,260,0.7,0.7,0.7,67.83054733276367,21023600,19774490,0.9405853421868757,0.0,2960.80126953125,274.9084042791282,40.216135025024414,362.22938706822504,22.845532417297363,1.4164750616220108,1.4285293323842831,3.841892149448395,16.11443672180176,999.1029174804689,1409.4210192871087,0.7383068947202622,0.566
HCP_YOUNG_bids,/run/media/falconnier/Elements/BIDS_datasets_selection/HCP_YOUNG_bids/sub-212116/ses-1/anat/sub-212116_ses-1_T1w.nii.gz,,,,,sub-212116,ses-1,260,311,260,0.7,0.7,0.7,68.71452236175537,21023600,20024654,0.9524845411822904,0.0,3150.44873046875,350.3421492339993,93.16495132446289,416.3306372736099,77.1569766998291,1.4494014097369323,1.3141109298063112,0.828307095170021,18.351676273345948,1159.1462646484342,1640.3753369140613,0.7392012438697471,0.61
HCP_YOUNG_bids,/run/media/falconnier/Elements/BIDS_datasets_selection/HCP_YOUNG_bids/sub-212015/ses-1/anat/sub-212015_ses-1_T1w.nii.gz,,,,,sub-212015,ses-1,260,311,260,0.7,0.7,0.7,69.18320178985596,21023600,20073800,0.9548221998135429,0.0,4073.3662109375,390.0880455662109,121.20147705078125,469.04595248417417,108.66855144500732,1.495642540950306,1.3410910321673688,0.15932523488998412,12.425703811645509,1295.9970947265629,1899.97462036133,0.5906255287473615,0.606
HCP_YOUNG_bids,/run/media/falconnier/Elements/BIDS_datasets_selection/HCP_YOUNG_bids/sub-212217/ses-1/anat/sub-212217_ses-1_T1w.nii.gz,,,,,sub-212217,ses-1,260,311,260,0.7,0.7,0.7,68.4337511062622,21023600,19864600,0.9448714777678419,0.0,3179.517333984375,285.0162611568065,43.16825866699219,399.5411844738723,27.81843137741089,2.5109224056561104,1.6629306419680814,0.3011959037184715,11.325019788742065,1106.4573974609375,1613.9007763671907,0.7008836805200159,0.5438
HCP_YOUNG_bids,/run/media/falconnier/Elements/BIDS_datasets_selection/HCP_YOUNG_bids/sub-212318/ses-1/anat/sub-212318_ses-1_T1w.nii.gz,,,,,sub-212318,ses-1,260,311,260,0.7,0.7,0.7,68.5586805343628,21023600,19954140,0.949130500960825,0.0,3537.47607421875,346.0273956644029,70.51327896118164,428.1055854276882,57.595577239990234,2.0197688906067963,1.4389177785610465,0.1940873444080353,16.00263214111328,1150.9307922363282,1764.6594421386708,0.6547278899829306,0.5933
HCP_YOUNG_bids,/run/media/falconnier/Elements/BIDS_datasets_selection/HCP_YOUNG_bids/sub-212419/ses-1/anat/sub-212419_ses-1_T1w.nii.gz,,,,,sub-212419,ses-1,260,311,260,0.7,0.7,0.7,65.63793849945068,21023600,19105255,0.9087527825871877,0.0,2927.087890625,283.14824584683174,38.84592056274414,384.61064713661574,20.760272979736328,1.8882864518996954,1.5298052737489918,0.39253831684589385,16.364077949523924,1062.0067749023442,1518.5070141601564,0.7455895907712985,0.5437
HCP_YOUNG_bids,/run/media/falconnier/Elements/BIDS_datasets_selection/HCP_YOUNG_bids/sub-212823/ses-1/anat/sub-212823_ses-1_T1w.nii.gz,,,,,sub-212823,ses-1,260,311,260,0.7,0.7,0.7,67.6757755279541,21023600,19609734,0.9327486253543636,0.0,3566.84326171875,363.07674954595825,121.97779083251953,436.09743647015495,110.08613967895508,2.18494394025483,1.4554986289488796,0.20836154639720922,12.176653385162354,1200.9185791015625,1841.9530981445232,0.668797968589302,0.5992
HCP_YOUNG_bids,/run/media/falconnier/Elements/BIDS_datasets_selection/HCP_YOUNG_bids/sub-213017/ses-1/anat/sub-213017_ses-1_T1w.nii.gz,,,,,sub-213017,ses-1,260,311,260,0.7,0.7,0.7,68.5140733718872,21023600,19854962,0.9444130405829639,0.0,5077.8564453125,433.1134456911351,197.98746490478516,505.61435263715885,182.26888179779053,1.8281667456130464,1.3696812243631153,0.03211125634610653,12.049069166183472,1415.2133117675771,2081.7726269531267,0.48511861124896244,0.6139
HCP_YOUNG_bids,/run/media/falconnier/Elements/BIDS_datasets_selection/HCP_YOUNG_bids/sub-213421/ses-1/anat/sub-213421_ses-1_T1w.nii.gz,,,,,sub-213421,ses-1,260,311,260,0.7,0.7,0.7,66.17424964904785,21023600,19216840,0.9140603892768128,0.0,4567.56884765625,356.58561391661385,139.80738067626953,400.4482877900422,126.53521299362183,1.1237713772110558,1.1415342499584835,0.1411039711534978,12.248291492462158,1096.45654296875,1508.917629394531,0.5227480876014036,0.6163
HCP_YOUNG_bids,/run/media/falconnier/Elements/BIDS_datasets_selection/HCP_YOUNG_bids/sub-213522/ses-1/anat/sub-213522_ses-1_T1w.nii.gz,,,,,sub-213522,ses-1,260,311,260,0.7,0.7,0.7,68.34582805633545,21023600,19853553,0.9443460206624936,0.0,3687.7509765625,337.4859366664535,62.78561782836914,418.7396104898375,52.87894821166992,1.3791354156805715,1.353587275695986,0.323470472097397,12.10039234161377,1160.0430175781248,1671.2831250000004,0.6316866515471672,0.5901
HCP_YOUNG_bids,/run/media/falconnier/Elements/BIDS_datasets_selection/HCP_YOUNG_bids/sub-214019/ses-1/anat/sub-214019_ses-1_T1w.nii.gz,,,,,sub-214019,ses-1,260,311,260,0.7,0.7,0.7,66.99332523345947,21023600,19524187,0.9286795315740406,0.0,3321.845703125,263.889964877218,38.10520935058594,352.8209755478658,20.889678955078125,1.230278550128749,1.415247202350549,0.5524811184406281,15.53940258026123,980.2417480468748,1347.8290649414066,0.6531046422590088,0.5562
HCP_YOUNG_bids,/run/media/falconnier/Elements/BIDS_datasets_selection/HCP_YOUNG_bids/sub-214221/ses-1/anat/sub-214221_ses-1_T1w.nii.gz,,,,,sub-214221,ses-1,260,311,260,0.7,0.7,0.7,69.01441955566406,21023600,20036814,0.953062938792595,0.0,3496.286376953125,279.9499573984918,47.30098533630371,371.4605051814666,34.07875680923462,2.4979514019907283,1.5726174937905717,0.711262286901474,11.687991046905518,999.3173675537103,1474.14896850586,0.6435464313393535,0.5679
HCP_YOUNG_bids,/run/media/falconnier/Elements/BIDS_datasets_selection/HCP_YOUNG_bids/sub-214423/ses-1/anat/sub-214423_ses-1_T1w.nii.gz,,,,,sub-214423,ses-1,260,311,260,0.7,0.7,0.7,66.9707670211792,21023600,19467025,0.9259605871496794,0.0,3146.2314453125,380.99109752943485,164.35101318359375,441.3440885261274,146.72064971923828,1.4680667956938604,1.2949078868460056,0.11161607772111891,16.354521560668946,1231.4925048828127,1783.5357861328157,0.7541560676323026,0.6098
HCP_YOUNG_bids,/run/media/falconnier/Elements/BIDS_datasets_selection/HCP_YOUNG_bids/sub-214625/ses-1/anat/sub-214625_ses-1_T1w.nii.gz,,,,,sub-214625,ses-1,260,311,260,0.7,0.7,0.7,66.24001121520996,21023600,19193816,0.9129652390646702,0.0,4244.2197265625,372.4131899156087,59.888771057128906,479.2485310892728,49.602173805236816,2.193558983885845,1.5068884844733088,0.3495514333248138,12.021160125732422,1333.6816101074219,1903.7398132324224,0.5536978245370455,0.5653
HCP_YOUNG_bids,/run/media/falconnier/Elements/BIDS_datasets_selection/HCP_YOUNG_bids/sub-214524/ses-1/anat/sub-214524_ses-1_T1w.nii.gz,,,,,sub-214524,ses-1,260,311,260,0.7,0.7,0.7,67.61091136932373,21023600,19633123,0.9338611370079339,0.0,3792.6171875,400.63863883391673,84.95857238769531,492.9179770725339,74.02926635742188,1.9514918309618379,1.4235441703667622,0.1634994077682495,16.420824241638183,1350.726672363281,2023.3874951171892,0.6224638704822367,0.5896
HCP_YOUNG_bids,/run/media/falconnier/Elements/BIDS_datasets_selection/HCP_YOUNG_bids/sub-214726/ses-1/anat/sub-214726_ses-1_T1w.nii.gz,,,,,sub-214726,ses-1,260,311,260,0.7,0.7,0.7,67.5635290145874,21023600,19598520,0.9322152247949923,0.0,3478.1318359375,370.4797328546885,73.40458297729492,463.0615733269387,59.526318073272705,2.3331733752784647,1.5137053783938503,0.19437447339296343,17.806851768493654,1280.0716064453136,1925.9183764648415,0.6724199812213545,0.5838
HCP_YOUNG_bids,/run/media/falconnier/Elements/BIDS_datasets_selection/HCP_YOUNG_bids/sub-217126/ses-1/anat/sub-217126_ses-1_T1w.nii.gz,,,,,sub-217126,ses-1,260,311,260,0.7,0.7,0.7,66.43442249298096,21023600,19284486,0.9172780113776898,0.0,2513.4306640625,296.21283937502085,59.03592109680176,361.3499204933281,45.370341300964355,0.9899339448497684,1.276435170521107,0.0708202734589577,15.362380266189575,1004.8307495117188,1416.3375793457026,0.8990971532063264,0.5871
HCP_YOUNG_bids,/run/media/falconnier/Elements/BIDS_datasets_selection/HCP_YOUNG_bids/sub-217429/ses-1/anat/sub-217429_ses-1_T1w.nii.gz,,,,,sub-217429,ses-1,260,311,260,0.7,0.7,0.7,68.1679334640503,21023600,19872308,0.9452381133583211,0.0,2785.677490234375,252.15663186374056,35.82421112060547,334.6389626807721,18.07899570465088,1.042205165897733,1.3622758065433132,0.6622341734170913,15.320123672485353,922.4202239990232,1251.3491491699215,0.763605796899885,0.5643
HCP_YOUNG_bids,/run/media/falconnier/Elements/BIDS_datasets_selection/HCP_YOUNG_bids/sub-219231/ses-1/anat/sub-219231_ses-1_T1w.nii.gz,,,,,sub-219231,ses-1,260,311,260,0.7,0.7,0.7,68.48404884338379,21023600,19895667,0.9463491980441028,0.0,4281.32373046875,422.436409915027,189.07235717773438,495.07610998696396,169.12999153137207,2.4365828312812265,1.4546598893684115,1.460303602218628,18.594559097290038,1367.618408203125,2065.4508544921873,0.5639199885170766,0.6136
HCP_YOUNG_bids,/run/media/falconnier/Elements/BIDS_datasets_selection/HCP_YOUNG_bids/sub-220721/ses-1/anat/sub-220721_ses-1_T1w.nii.gz,,,,,sub-220721,ses-1,260,311,260,0.7,0.7,0.7,67.84995555877686,21023600,19695947,0.9368493978195932,0.0,3428.994384765625,372.5886521091939,121.74047088623047,446.0975050720604,105.83112239837646,2.1128973255686887,1.44253340777049,0.22642258405685423,17.68307991027832,1233.9291625976562,1867.6610913085906,0.6878248766385964,0.6019
HCP_YOUNG_bids,/run/media/falconnier/Elements/BIDS_datasets_selection/HCP_YOUNG_bids/sub-221218/ses-1/anat/sub-221218_ses-1_T1w.nii.gz,,,,,sub-221218,ses-1,260,311,260,0.7,0.7,0.7,66.64258003234863,21023600,19378226,0.9217368100610742,0.0,3629.826171875,340.05879568039444,72.91510772705078,421.19885503266886,56.98887586593628,1.873145977098968,1.4281502281980982,0.4337291494011879,17.347697257995605,1161.3929138183594,1688.0239868164062,0.641444431743036,0.5836
HCP_YOUNG_bids,/run/media/falconnier/Elements/BIDS_datasets_selection/HCP_YOUNG_bids/sub-221319/ses-1/anat/sub-221319_ses-1_T1w.nii.gz,,,,,sub-221319,ses-1,260,311,260,0.7,0.7,0.7,67.12345790863037,21023600,19459190,0.9255879107288951,0.0,3494.7080078125,338.72472673465273,58.15678787231445,428.4387863036763,47.88269758224487,1.889190387689811,1.4234722355790943,0.10194707065820695,11.118332767486573,1156.113171386719,1711.3050256347651,0.6636605216190388,0.5759
HCP_YOUNG_bids,/run/media/falconnier/Elements/BIDS_datasets_selection/HCP_YOUNG_bids/sub-223929/ses-1/anat/sub-223929_ses-1_T1w.nii.gz,,,,,sub-223929,ses-1,260,311,260,0.7,0.7,0.7,68.39669036865234,21023600,19849735,0.9441644152286003,0.0,4485.34033203125,460.48703774455487,290.5157165527344,498.21962198076005,269.4466724395752,0.9365431030548548,1.1045344306174492,0.05580256573855877,12.155391216278078,1391.4125000000004,1941.8437109375009,0.553517050670479,0.6413
HCP_YOUNG_bids,/run/media/falconnier/Elements/BIDS_datasets_selection/HCP_YOUNG_bids/sub-224022/ses-1/anat/sub-224022_ses-1_T1w.nii.gz,,,,,sub-224022,ses-1,260,311,260,0.7,0.7,0.7,66.63093662261963,21023600,19394189,0.9224960996213779,0.0,2802.719482421875,288.3311772579408,43.957305908203125,371.2060989270328,28.38788604736328,1.546460345227871,1.40760516149828,0.3093801426887513,15.456259536743165,1005.8479614257799,1472.6925146484386,0.7919920685251346,0.5685
HCP_YOUNG_bids,/run/media/falconnier/Elements/BIDS_datasets_selection/HCP_YOUNG_bids/sub-227432/ses-1/anat/sub-227432_ses-1_T1w.nii.gz,,,,,sub-227432,ses-1,260,311,260,0.7,0.7,0.7,68.53544616699219,21023600,19907297,0.9469023858901425,0.0,3496.21044921875,352.60949832149583,88.0120849609375,415.89186713998964,78.11837768554688,0.7455290072133636,1.1766840825477656,0.11374479949474334,12.057582664489747,1156.10205078125,1585.452070312499,0.6740533539741924,0.6098
HCP_YOUNG_bids,/run/media/falconnier/Elements/BIDS_datasets_selection/HCP_YOUNG_bids/sub-227533/ses-1/anat/sub-227533_ses-1_T1w.nii.gz,,,,,sub-227533,ses-1,260,311,260,0.7,0.7,0.7,67.58206558227539,21023600,19574100,0.9310536730150878,0.0,4188.67724609375,314.2263978191094,49.32448959350586,421.62603637822195,35.957879066467285,2.028462809839059,1.533352041266672,0.07660915441811085,10.711471748352052,1162.471099853516,1683.1175549316408,0.5458104985026243,0.5557
HCP_YOUNG_bids,/run/media/falconnier/Elements/BIDS_datasets_selection/HCP_YOUNG_bids/sub-228434/ses-1/anat/sub-228434_ses-1_T1w.nii.gz,,,,,sub-228434,ses-1,260,311,260,0.7,0.7,0.7,65.90454292297363,21023600,19174942,0.9120674860632813,0.0,2722.758056640625,262.21089643995424,38.18318176269531,354.7587374300029,20.14310646057129,1.9844270301225464,1.5413733987774088,0.4157324901223183,16.167982482910155,971.5714080810546,1407.8751916503902,0.7935437401075942,0.5466
HCP_YOUNG_bids,/run/media/falconnier/Elements/BIDS_datasets_selection/HCP_YOUNG_bids/sub-231928/ses-1/anat/sub-231928_ses-1_T1w.nii.gz,,,,,sub-231928,ses-1,260,311,260,0.7,0.7,0.7,64.94176387786865,21023600,18895182,0.898760535778839,0.0,2619.038818359375,266.426180103412,37.65825080871582,365.8257815143276,20.498106956481934,1.6976862640425923,1.5201844780002012,0.35690362662076947,15.391813468933105,1011.6696716308593,1424.5639587402352,0.8274769106075451,0.5363
HCP_YOUNG_bids,/run/media/falconnier/Elements/BIDS_datasets_selection/HCP_YOUNG_bids/sub-233326/ses-1/anat/sub-233326_ses-1_T1w.nii.gz,,,,,sub-233326,ses-1,260,311,260,0.7,0.7,0.7,67.41477870941162,21023600,19585348,0.9315886908046196,0.0,3731.000732421875,383.1424318491548,133.31270599365234,456.5073070349002,116.96909999847412,1.5673740856179093,1.3539877027040486,0.1684772650897503,17.066883754730224,1278.0866271972654,1869.931727294923,0.6337888238445389,0.6014
HCP_YOUNG_bids,/run/media/falconnier/Elements/BIDS_datasets_selection/HCP_YOUNG_bids/sub-236130/ses-1/anat/sub-236130_ses-1_T1w.nii.gz,,,,,sub-236130,ses-1,260,311,260,0.7,0.7,0.7,68.08041000366211,21023600,19844555,0.9439180254571053,0.0,3065.813232421875,300.08273014427164,42.05462646484375,391.3164283605051,26.099791526794434,1.7317161794004985,1.450561642876619,0.43696790575981165,15.763040733337403,1073.6004882812504,1537.8430078125002,0.7246659334957631,0.5708
HCP_YOUNG_bids,/run/media/falconnier/Elements/BIDS_datasets_selection/HCP_YOUNG_bids/sub-237334/ses-1/anat/sub-237334_ses-1_T1w.nii.gz,,,,,sub-237334,ses-1,260,311,260,0.7,0.7,0.7,68.61818981170654,21023600,19981378,0.9504260925816701,0.0,4134.5556640625,338.78514389018324,69.35711669921875,401.60858948886516,58.0693998336792,0.7561404412555288,1.176996763993252,0.15163241192698482,16.17449426651001,1109.5168640136717,1523.444764404299,0.5556404851801657,0.6091
HCP_YOUNG_bids,/run/media/falconnier/Elements/BIDS_datasets_selection/HCP_YOUNG_bids/sub-238033/ses-1/anat/sub-238033_ses-1_T1w.nii.gz,,,,,sub-238033,ses-1,260,311,260,0.7,0.7,0.7,68.08620643615723,21023600,19748922,0.9393691851062616,0.0,4422.28515625,428.2530622019111,149.20873260498047,512.3728886829201,132.6059980392456,2.105865863024187,1.4214899312858222,0.22162852346897124,17.5992488861084,1412.0511413574218,2115.7716137695297,0.5432843920185403,0.6026
HCP_YOUNG_bids,/run/media/falconnier/Elements/BIDS_datasets_selection/HCP_YOUNG_bids/sub-239136/ses-1/anat/sub-239136_ses-1_T1w.nii.gz,,,,,sub-239136,ses-1,260,311,260,0.7,0.7,0.7,68.05969619750977,21023600,19783099,0.9409948343766054,0.0,3382.346435546875,336.792844342789,67.7738037109375,407.0290483100385,55.90568256378174,1.619568244162319,1.3384080828323608,0.08643335163593294,16.67859172821045,1108.6864135742185,1607.7080688476549,0.6818073612472798,0.5991
HCP_YOUNG_bids,/run/media/falconnier/Elements/BIDS_datasets_selection/HCP_YOUNG_bids/sub-239944/ses-1/anat/sub-239944_ses-1_T1w.nii.gz,,,,,sub-239944,ses-1,260,311,260,0.7,0.7,0.7,64.52262592315674,21023600,18757457,0.8922095644894309,0.0,3386.113525390625,290.75536402987774,46.33900451660156,365.74212166966885,31.045766830444336,1.0008077152605388,1.3031972755098522,0.4545877587795257,15.79350986480713,1019.5510864257812,1390.2333789062518,0.6591729544472775,0.5664
HCP_YOUNG_bids,/run/media/falconnier/Elements/BIDS_datasets_selection/HCP_YOUNG_bids/sub-245333/ses-1/anat/sub-245333_ses-1_T1w.nii.gz,,,,,sub-245333,ses-1,260,311,260,0.7,0.7,0.7,67.06693267822266,21023600,19437000,0.9245324302212752,0.0,2868.449951171875,262.1450323647638,38.45448112487793,375.2086544880584,24.01971673965454,2.598466731828011,1.6884541601657108,0.1672328855097294,10.014565324783325,1032.9138549804693,1495.6444091796875,0.762345928257564,0.5291
HCP_YOUNG_bids,/run/media/falconnier/Elements/BIDS_datasets_selection/HCP_YOUNG_bids/sub-246133/ses-1/anat/sub-246133_ses-1_T1w.nii.gz,,,,,sub-246133,ses-1,260,311,260,0.7,0.7,0.7,68.00325965881348,21023600,19817265,0.9426199604254266,0.0,3515.366455078125,297.2738122791035,36.80564880371094,416.05047455101635,19.72686767578125,2.021628306312664,1.5651406713473475,0.3057185304164887,14.784668922424316,1163.2830322265627,1590.889057617187,0.6222336931898328,0.5428
HCP_YOUNG_bids,/run/media/falconnier/Elements/BIDS_datasets_selection/HCP_YOUNG_bids/sub-248238/ses-1/anat/sub-248238_ses-1_T1w.nii.gz,,,,,sub-248238,ses-1,260,311,260,0.7,0.7,0.7,68.00540161132812,21023600,19737874,0.9388436804353203,0.0,3369.81884765625,308.78242016059323,47.6697940826416,408.4566794612344,35.175368785858154,2.25246353470978,1.5546727371311444,0.4876111865043641,11.479355430603027,1117.0959594726546,1679.3173522949205,0.6748728266100757,0.564
HCP_YOUNG_bids,/run/media/falconnier/Elements/BIDS_datasets_selection/HCP_YOUNG_bids/sub-248339/ses-1/anat/sub-248339_ses-1_T1w.nii.gz,,,,,sub-248339,ses-1,260,311,260,0.7,0.7,0.7,65.5062780380249,21023600,18964363,0.9020511710648985,0.0,4251.61083984375,401.5016597928382,77.89008331298828,511.58329420028775,68.78046607971191,2.790647047524624,1.5967559216524936,0.4921858739852905,12.904898071289065,1410.8489135742175,2156.5334814453117,0.5618645550780754,0.5658
HCP_YOUNG_bids,/run/media/falconnier/Elements/BIDS_datasets_selection/HCP_YOUNG_bids/sub-249947/ses-1/anat/sub-249947_ses-1_T1w.nii.gz,,,,,sub-249947,ses-1,260,311,260,0.7,0.7,0.7,62.842912673950195,21023600,18275211,0.869271247550372,0.0,2737.859375,278.2502132696931,38.956336975097656,368.6403959827559,21.093305587768555,1.5652440701107482,1.4442099102215513,0.5765286743640902,16.52983283996582,1009.860107421875,1433.5190307617186,0.794297152350042,0.5393
HCP_YOUNG_bids,/run/media/falconnier/Elements/BIDS_datasets_selection/HCP_YOUNG_bids/sub-250427/ses-1/anat/sub-250427_ses-1_T1w.nii.gz,,,,,sub-250427,ses-1,260,311,260,0.7,0.7,0.7,67.5917797088623,21023600,19677304,0.9359626324701764,0.0,3205.854736328125,300.53906717333126,42.84002494812012,392.31116339848063,25.98401641845703,1.5407789872375366,1.435596717855808,0.1857004089653492,16.45217275619507,1097.9471862792939,1520.0683007812477,0.6944710758168717,0.5679
HCP_YOUNG_bids,/run/media/falconnier/Elements/BIDS_datasets_selection/HCP_YOUNG_bids/sub-250932/ses-1/anat/sub-250932_ses-1_T1w.nii.gz,,,,,sub-250932,ses-1,260,311,260,0.7,0.7,0.7,66.61316108703613,21023600,19393508,0.9224637074525771,0.0,3111.276611328125,294.2689087041671,38.73520851135254,405.44830038803565,20.18860626220703,1.8738497379863492,1.5435536966102998,0.6625640368461609,16.542534637451173,1135.5111877441404,1568.0890258789059,0.7031096765434318,0.5427
HCP_YOUNG_bids,/run/media/falconnier/Elements/BIDS_datasets_selection/HCP_YOUNG_bids/sub-251833/ses-1/anat/sub-251833_ses-1_T1w.nii.gz,,,,,sub-251833,ses-1,260,311,260,0.7,0.7,0.7,68.06559562683105,21023600,19792055,0.9414208318270896,0.0,3964.033203125,387.4049118501948,122.50544738769531,457.8181087871583,108.20557022094727,1.6310385364000641,1.3207037178020649,0.09186654254794123,16.590682411193846,1252.3526977539063,1845.43458496094,0.5967503238807816,0.6077
HCP_YOUNG_bids,/run/media/falconnier/Elements/BIDS_datasets_selection/HCP_YOUNG_bids/sub-255639/ses-1/anat/sub-255639_ses-1_T1w.nii.gz,,,,,sub-255639,ses-1,260,311,260,0.7,0.7,0.7,67.37716770172119,21023600,19555508,0.9301693335109116,0.0,3877.866455078125,275.5693576341472,41.89533615112305,376.97398873838375,27.145394802093506,1.689224280023482,1.4980626148941807,0.23604070901870727,10.638791179656984,1041.6952697753904,1437.0310681152341,0.5710279324363879,0.5477
HCP_YOUNG_bids,/run/media/falconnier/Elements/BIDS_datasets_selection/HCP_YOUNG_bids/sub-255740/ses-1/anat/sub-255740_ses-1_T1w.nii.gz,,,,,sub-255740,ses-1,260,311,260,0.7,0.7,0.7,67.54616832733154,21023600,19698325,0.9369625087996347,0.0,2833.040771484375,269.00632568794344,35.434173583984375,370.3263145000297,17.785696029663086,1.6407497612355773,1.4972874821928803,0.2679438376426696,15.157442283630372,1014.2821777343754,1433.1936718750012,0.7568548825062378,0.5474
HCP_YOUNG_bids,/run/media/falconnier/Elements/BIDS_datasets_selection/HCP_YOUNG_bids/sub-256540/ses-1/anat/sub-256540_ses-1_T1w.nii.gz,,,,,sub-256540,ses-1,260,311,260,0.7,0.7,0.7,67.78634548187256,21023600,19683759,0.9362696683726859,0.0,2731.373046875,290.8293347964938,48.12939453125,379.77768064893604,31.498855590820312,1.8495569938414729,1.4831311545502093,0.07432411238551144,16.023230743408202,1032.3841674804685,1532.0972900390625,0.8193956261821774,0.5683
HCP_YOUNG_bids,/run/media/falconnier/Elements/BIDS_datasets_selection/HCP_YOUNG_bids/sub-257542/ses-1/anat/sub-257542_ses-1_T1w.nii.gz,,,,,sub-257542,ses-1,260,311,260,0.7,0.7,0.7,67.32873058319092,21023600,19535893,0.9292363344051447,0.0,3202.530029296875,305.2078430058551,51.067569732666016,390.3677716648603,40.15054512023926,1.5297852205308002,1.4029513932402597,0.24889478087425232,11.098334884643556,1077.4622802734375,1520.7760351562465,0.7129306008903771,0.5732
HCP_YOUNG_bids,/run/media/falconnier/Elements/BIDS_datasets_selection/HCP_YOUNG_bids/sub-257845/ses-1/anat/sub-257845_ses-1_T1w.nii.gz,,,,,sub-257845,ses-1,260,311,260,0.7,0.7,0.7,67.90009784698486,21023600,19750529,0.9394456230141365,0.0,3108.012939453125,319.6963219931837,56.326114654541016,402.34541357278823,44.01341724395752,1.9239123685726787,1.4518771816706115,0.3337855410575867,15.259060668945313,1103.2322509765622,1633.8378857421849,0.7338414780331491,0.5834
HCP_YOUNG_bids,/run/media/falconnier/Elements/BIDS_datasets_selection/HCP_YOUNG_bids/sub-257946/ses-1/anat/sub-257946_ses-1_T1w.nii.gz,,,,,sub-257946,ses-1,260,311,260,0.7,0.7,0.7,67.89632606506348,21023600,19666593,0.9354531574040602,0.0,4166.3935546875,327.88266891724237,59.34693908691406,417.31857786389924,48.18410110473633,1.64928876128283,1.4139851433724233,0.04969964489340784,11.144204139709473,1141.5878662109371,1650.0853710937408,0.5576824077764035,0.5774
HCP_YOUNG_bids,/run/media/falconnier/Elements/BIDS_datasets_selection/HCP_YOUNG_bids/sub-263436/ses-1/anat/sub-263436_ses-1_T1w.nii.gz,,,,,sub-263436,ses-1,260,311,260,0.7,0.7,0.7,65.85442447662354,21023600,19105056,0.9087433170341902,0.0,3303.327392578125,297.9194627847505,43.949527740478516,396.29038932109063,30.767308712005615,1.5095655099999936,1.4408067499743533,0.2756554737687113,11.067379474639893,1093.3495178222656,1545.9740478515596,0.6800699724920943,0.5509
HCP_YOUNG_bids,/run/media/falconnier/Elements/BIDS_datasets_selection/HCP_YOUNG_bids/sub-268749/ses-1/anat/sub-268749_ses-1_T1w.nii.gz,,,,,sub-268749,ses-1,260,311,260,0.7,0.7,0.7,67.56478691101074,21023600,19581208,0.9313917692497955,0.0,3686.26708984375,398.2064256259821,168.8033905029297,458.7250487845047,155.68548107147217,1.5473816856996834,1.2808710541287165,0.1501581197977066,12.043926620483399,1260.7782714843743,1855.5479589843744,0.6533609582246773,0.6135
HCP_YOUNG_bids,/run/media/falconnier/Elements/BIDS_datasets_selection/HCP_YOUNG_bids/sub-268850/ses-1/anat/sub-268850_ses-1_T1w.nii.gz,,,,,sub-268850,ses-1,260,311,260,0.7,0.7,0.7,66.83450508117676,21023600,19385867,0.9221002587568257,0.0,3521.046142578125,320.49640832273815,46.682437896728516,439.13290733672056,32.907267570495605,2.9534460749937788,1.6831760981084587,0.29497650861740116,11.58582000732422,1207.899670410156,1776.578125,0.6466311116936637,0.545
HCP_YOUNG_bids,/run/media/falconnier/Elements/BIDS_datasets_selection/HCP_YOUNG_bids/sub-270332/ses-1/anat/sub-270332_ses-1_T1w.nii.gz,,,,,sub-270332,ses-1,260,311,260,0.7,0.7,0.7,69.09439277648926,21023600,20026108,0.9525537015544436,0.0,4262.95751953125,446.64066213798856,251.33618927001953,521.7135616480375,226.85283088684082,2.8203209807280825,1.564311025809076,0.15230649307370187,18.648742771148683,1470.0097229003904,2276.339338378906,0.5785735360315623,0.6181
HCP_YOUNG_bids,/run/media/falconnier/Elements/BIDS_datasets_selection/HCP_YOUNG_bids/sub-274542/ses-1/anat/sub-274542_ses-1_T1w.nii.gz,,,,,sub-274542,ses-1,260,311,260,0.7,0.7,0.7,67.71883869171143,21023600,19645968,0.9344721170494111,0.0,3286.401611328125,300.18351186556595,45.9454460144043,400.86343375695236,32.87463045120239,1.7798707731001642,1.4923926064488737,0.1083134674280882,10.757819414138796,1105.2790100097654,1585.2637890624974,0.6877648272905256,0.5585
HCP_YOUNG_bids,/run/media/falconnier/Elements/BIDS_datasets_selection/HCP_YOUNG_bids/sub-275645/ses-1/anat/sub-275645_ses-1_T1w.nii.gz,,,,,sub-275645,ses-1,260,311,260,0.7,0.7,0.7,67.22419929504395,21023600,19548644,0.9298428432808843,0.0,3520.24609375,348.6470907171931,52.39778137207031,452.40910208870656,36.792895793914795,2.5037214892325323,1.5702460850443931,0.3280861005187034,16.974921131134032,1247.9240356445307,1857.8157580566412,0.6514144960954286,0.5685
HCP_YOUNG_bids,/run/media/falconnier/Elements/BIDS_datasets_selection/HCP_YOUNG_bids/sub-280739/ses-1/anat/sub-280739_ses-1_T1w.nii.gz,,,,,sub-280739,ses-1,260,311,260,0.7,0.7,0.7,68.09013271331787,21023600,19848043,0.9440839342453243,0.0,2566.115234375,264.18355434290584,37.729087829589844,351.31539895048996,20.74614715576172,1.3877996266768333,1.429635293286547,0.3100069153308869,15.526930809020998,966.531671142578,1356.842600097656,0.8431215367635722,0.5635
HCP_YOUNG_bids,/run/media/falconnier/Elements/BIDS_datasets_selection/HCP_YOUNG_bids/sub-280941/ses-1/anat/sub-280941_ses-1_T1w.nii.gz,,,,,sub-280941,ses-1,260,311,260,0.7,0.7,0.7,66.64121627807617,21023600,19327168,0.9193082060160962,0.0,3332.24951171875,325.4280032877264,51.45257377624512,421.39918730933647,40.555487632751465,1.886677043588569,1.469517908778794,0.1874411165714264,11.09878830909729,1159.7257873535154,1675.4826232910145,0.6901089445717612,0.5651
HCP_YOUNG_bids,/run/media/falconnier/Elements/BIDS_datasets_selection/HCP_YOUNG_bids/sub-281135/ses-1/anat/sub-281135_ses-1_T1w.nii.gz,,,,,sub-281135,ses-1,260,311,260,0.7,0.7,0.7,67.20939254760742,21023600,19554121,0.9301033600334861,0.0,4041.106689453125,343.80076872467356,79.15045928955078,417.0143430077503,66.38214874267578,1.5248426003635869,1.345264783670258,0.09463341534137727,15.722633361816406,1146.2220458984375,1678.8100341796876,0.57524080106594,0.5939
HCP_YOUNG_bids,/run/media/falconnier/Elements/BIDS_datasets_selection/HCP_YOUNG_bids/sub-283543/ses-1/anat/sub-283543_ses-1_T1w.nii.gz,,,,,sub-283543,ses-1,260,311,260,0.7,0.7,0.7,68.87993717193604,21023600,20050449,0.9537114956525048,0.0,3106.837158203125,345.18028988919735,59.940650939941406,428.9676151863644,47.81735038757324,1.472622406441726,1.3733339228377595,0.20195520877838138,16.23169403076172,1196.4078369140625,1720.676494140624,0.740906311256949,0.5928
HCP_YOUNG_bids,/run/media/falconnier/Elements/BIDS_datasets_selection/HCP_YOUNG_bids/sub-284646/ses-1/anat/sub-284646_ses-1_T1w.nii.gz,,,,,sub-284646,ses-1,260,311,260,0.7,0.7,0.7,69.16873931884766,21023600,20061613,0.9542425179322286,0.0,4695.17236328125,367.1250514398321,67.74790954589844,464.5014064134782,57.43028259277344,1.419317819666552,1.3843696669641914,0.07636570215225219,11.827387428283693,1303.0516845703123,1819.48828125,0.5036515393934601,0.5859
HCP_YOUNG_bids,/run/media/falconnier/Elements/BIDS_datasets_selection/HCP_YOUNG_bids/sub-285345/ses-1/anat/sub-285345_ses-1_T1w.nii.gz,,,,,sub-285345,ses-1,260,311,260,0.7,0.7,0.7,68.97713947296143,21023600,20013100,0.9519349683213151,0.0,2727.4375,276.4187654652476,42.71505546569824,367.8540960391457,28.84042453765869,0.9343509241408725,1.3599376301079398,0.0741258392482996,10.313055324554444,1032.271728515625,1377.4388427734375,0.8138687481232593,0.5652
HCP_YOUNG_bids,/run/media/falconnier/Elements/BIDS_datasets_selection/HCP_YOUNG_bids/sub-285446/ses-1/anat/sub-285446_ses-1_T1w.nii.gz,,,,,sub-285446,ses-1,260,311,260,0.7,0.7,0.7,68.09026718139648,21023600,19753209,0.9395730988032497,0.0,3233.115966796875,329.199291880709,69.92509460449219,403.4601034729088,60.34447479248047,1.5312945125709438,1.366732142383526,0.1637836998701096,11.940417289733887,1118.2794189453125,1626.105878906248,0.7215420084111198,0.5934
HCP_YOUNG_bids,/run/media/falconnier/Elements/BIDS_datasets_selection/HCP_YOUNG_bids/sub-286347/ses-1/anat/sub-286347_ses-1_T1w.nii.gz,,,,,sub-286347,ses-1,260,311,260,0.7,0.7,0.7,67.54190349578857,21023600,19690377,0.9365844574668468,0.0,3472.197265625,306.565829732838,45.18635559082031,399.5051199947451,29.921507835388184,1.5212140248174606,1.4199128418462745,0.5514702486991884,15.200034332275392,1103.4278564453125,1563.0816943359373,0.6462529348546061,0.5685
HCP_YOUNG_bids,/run/media/falconnier/Elements/BIDS_datasets_selection/HCP_YOUNG_bids/sub-286650/ses-1/anat/sub-286650_ses-1_T1w.nii.gz,,,,,sub-286650,ses-1,260,311,260,0.7,0.7,0.7,68.78738594055176,21023600,19995819,0.9511129873094998,0.0,4421.81201171875,448.266628585457,244.43478393554688,504.46406730285923,222.11792182922363,1.363703291463092,1.24214095508278,0.6215935266017911,18.516506004333497,1417.8028930664054,2029.0577416992192,0.5514580284688159,0.6299
HCP_YOUNG_bids,/run/media/falconnier/Elements/BIDS_datasets_selection/HCP_YOUNG_bids/sub-287248/ses-1/anat/sub-287248_ses-1_T1w.nii.gz,,,,,sub-287248,ses-1,260,311,260,0.7,0.7,0.7,67.33799934387207,21023600,19534274,0.9291593257101542,0.0,2869.98779296875,323.0611772952978,61.59535598754883,405.2735466535399,50.72881603240967,1.464550307335462,1.379380366807669,0.12686998382210735,11.623123168945312,1125.402874755859,1600.2994482421873,0.8082367304857545,0.5807
HCP_YOUNG_bids,/run/media/falconnier/Elements/BIDS_datasets_selection/HCP_YOUNG_bids/sub-289555/ses-1/anat/sub-289555_ses-1_T1w.nii.gz,,,,,sub-289555,ses-1,260,311,260,0.7,0.7,0.7,67.75937557220459,21023600,19757752,0.9397891892920337,0.0,3731.252197265625,254.13225318426544,35.630462646484375,362.41157914120413,17.046607971191406,1.9237546378152475,1.5880296533030256,0.2673044499754906,15.356785202026368,1002.9949615478515,1392.8984350585933,0.5712260193178312,0.5353
HCP_YOUNG_bids,/run/media/falconnier/Elements/BIDS_datasets_selection/HCP_YOUNG_bids/sub-290136/ses-1/anat/sub-290136_ses-1_T1w.nii.gz,,,,,sub-290136,ses-1,260,311,260,0.7,0.7,0.7,68.0239782333374,21023600,19773041,0.9405164196426873,0.0,3309.9453125,320.7481302536659,61.3303108215332,402.06734231220076,46.458144187927246,2.2695630793423707,1.500826804352752,0.09995129108428955,17.00530433654785,1108.7159423828125,1633.3821777343883,0.6932009492162413,0.5858
HCP_YOUNG_bids,/run/media/falconnier/Elements/BIDS_datasets_selection/HCP_YOUNG_bids/sub-293748/ses-1/anat/sub-293748_ses-1_T1w.nii.gz,,,,,sub-293748,ses-1,260,311,260,0.7,0.7,0.7,67.97623920440674,21023600,19790004,0.9413232747959436,0.0,2955.438232421875,279.3049413730686,38.649436950683594,374.16664656949007,22.115766525268555,2.025852310804323,1.5219322530950354,0.17218269765377045,15.006088018417358,1014.9750793457029,1488.8111242675768,0.7402288138136638,0.5598
HCP_YOUNG_bids,/run/media/falconnier/Elements/BIDS_datasets_selection/HCP_YOUNG_bids/sub-295146/ses-1/anat/sub-295146_ses-1_T1w.nii.gz,,,,,sub-295146,ses-1,260,311,260,0.7,0.7,0.7,66.11337280273438,21023600,19161870,0.9114457086322038,0.0,4405.396484375,311.4041738745264,99.25235366821289,360.25966795538,84.25146198272705,2.0407516276970066,1.308925038947721,0.021296906955540183,15.723914051055909,981.8410827636721,1376.4935046386704,0.5265719453705778,0.6053
HCP_YOUNG_bids,/run/media/falconnier/Elements/BIDS_datasets_selection/HCP_YOUNG_bids/sub-297655/ses-1/anat/sub-297655_ses-1_T1w.nii.gz,,,,,sub-297655,ses-1,260,311,260,0.7,0.7,0.7,66.79492664337158,21023600,19330230,0.9194538518617174,0.0,3169.896484375,276.514979446609,52.690683364868164,343.71952746736366,41.948140144348145,1.0481845329922965,1.3067302019302256,0.020142667554318906,10.345857620239258,951.8872528076174,1329.464946289063,0.7151954406974592,0.5808
HCP_YOUNG_bids,/run/media/falconnier/Elements/BIDS_datasets_selection/HCP_YOUNG_bids/sub-298455/ses-1/anat/sub-298455_ses-1_T1w.nii.gz,,,,,sub-298455,ses-1,260,311,260,0.7,0.7,0.7,66.5168685913086,21023600,19288186,0.9174540040716147,0.0,4184.8671875,409.1688299352485,95.91712951660156,522.5308203943696,81.24202680587769,3.069005842219803,1.6685028097418984,0.1417409345507622,17.88014316558838,1445.0558776855469,2247.4843872070287,0.5707148570764741,0.5711
HCP_YOUNG_bids,/run/media/falconnier/Elements/BIDS_datasets_selection/HCP_YOUNG_bids/sub-298051/ses-1/anat/sub-298051_ses-1_T1w.nii.gz,,,,,sub-298051,ses-1,260,311,260,0.7,0.7,0.7,67.81484985351562,21023600,19716696,0.9378363363077684,0.0,3439.634521484375,372.77769740250835,92.75170135498047,454.60914245391774,78.9306902885437,1.8395726091510234,1.4031545862926023,0.3283690556883813,16.677459239959717,1249.277587890625,1843.9719421386721,0.683932308897368,0.5948
HCP_YOUNG_bids,/run/media/falconnier/Elements/BIDS_datasets_selection/HCP_YOUNG_bids/sub-299154/ses-1/anat/sub-299154_ses-1_T1w.nii.gz,,,,,sub-299154,ses-1,260,311,260,0.7,0.7,0.7,67.66830444335938,21023600,19704523,0.9372573203447554,0.0,2747.88134765625,309.72713130153556,54.475955963134766,379.4840922943187,40.99642753601074,1.177445024289554,1.2922146081580823,0.22784250617027282,16.08538475036621,1041.754638671875,1463.814467773438,0.8223358832653914,0.5923
HCP_YOUNG_bids,/run/media/falconnier/Elements/BIDS_datasets_selection/HCP_YOUNG_bids/sub-299760/ses-1/anat/sub-299760_ses-1_T1w.nii.gz,,,,,sub-299760,ses-1,260,311,260,0.7,0.7,0.7,68.76223182678223,21023600,19934974,0.9482188588062939,0.0,4109.89013671875,341.65181399259893,109.01519393920898,408.0776158509805,96.37540483474731,1.9512821279856487,1.4194060671462523,0.5091825813055039,13.36907434463501,1135.1160888671875,1678.2843676757811,0.5768903846466396,0.6072
HCP_YOUNG_bids,/run/media/falconnier/Elements/BIDS_datasets_selection/HCP_YOUNG_bids/sub-300618/ses-1/anat/sub-300618_ses-1_T1w.nii.gz,,,,,sub-300618,ses-1,260,311,260,0.7,0.7,0.7,68.00346565246582,21023600,19762292,0.9400051370840389,0.0,3651.026123046875,382.1675846601823,56.654911041259766,494.5982009839249,42.644307136535645,2.2096124424055814,1.5335770615755617,0.2960094887018204,16.871567726135254,1367.7418518066402,2053.626486816406,0.6370735810116939,0.5727
HCP_YOUNG_bids,/run/media/falconnier/Elements/BIDS_datasets_selection/HCP_YOUNG_bids/sub-300719/ses-1/anat/sub-300719_ses-1_T1w.nii.gz,,,,,sub-300719,ses-1,260,311,260,0.7,0.7,0.7,67.9295425415039,21023600,19785892,0.9411276850777222,0.0,3562.16162109375,385.5652532223614,97.85847854614258,467.41060446370614,84.9087929725647,1.757287621462817,1.39065967363318,0.5252539378404619,16.549211311340333,1303.4427490234375,1902.7877844238278,0.663495619907501,0.5982
HCP_YOUNG_bids,/run/media/falconnier/Elements/BIDS_datasets_selection/HCP_YOUNG_bids/sub-303119/ses-1/anat/sub-303119_ses-1_T1w.nii.gz,,,,,sub-303119,ses-1,260,311,260,0.7,0.7,0.7,66.91776657104492,21023600,19383182,0.9219725451397477,0.0,4636.94677734375,344.7630520890978,71.71243667602539,419.93328081691163,61.63238286972046,1.4194168045009476,1.3004335501153614,0.07123355075716972,11.455125570297241,1147.0911621093746,1626.1288476562513,0.5060077700863351,0.5889
HCP_YOUNG_bids,/run/media/falconnier/Elements/BIDS_datasets_selection/HCP_YOUNG_bids/sub-303624/ses-1/anat/sub-303624_ses-1_T1w.nii.gz,,,,,sub-303624,ses-1,260,311,260,0.7,0.7,0.7,67.47340965270996,21023600,19567219,0.9307263741699804,0.0,3421.313232421875,357.593217775187,148.98927307128906,414.19928060702534,135.86882781982422,1.6986869049156645,1.3226907898509639,0.25681279838085164,11.953579425811768,1147.2266845703125,1682.3652368164067,0.6941711170201704,0.6117
HCP_YOUNG_bids,/run/media/falconnier/Elements/BIDS_datasets_selection/HCP_YOUNG_bids/sub-304020/ses-1/anat/sub-304020_ses-1_T1w.nii.gz,,,,,sub-304020,ses-1,260,311,260,0.7,0.7,0.7,68.35521507263184,21023600,19851282,0.944237999200898,0.0,4088.55126953125,480.83798534166357,308.66326904296875,535.8498730763514,282.46741676330566,1.931165046380353,1.3462957733866434,0.4021020284295082,18.404693603515625,1490.1806457519529,2259.228188476567,0.6083625783936556,0.6317
HCP_YOUNG_bids,/run/media/falconnier/Elements/BIDS_datasets_selection/HCP_YOUNG_bids/sub-304727/ses-1/anat/sub-304727_ses-1_T1w.nii.gz,,,,,sub-304727,ses-1,260,311,260,0.7,0.7,0.7,68.48305416107178,21023600,19908077,0.9469394870526456,0.0,4019.349853515625,317.86285586275517,76.08787536621094,385.1838961040904,61.50587463378906,1.3859512303915196,1.3033380488824742,0.38531545400619516,15.563193130493165,1068.3355468749996,1466.5173535156182,0.5740166208334506,0.6004
HCP_YOUNG_bids,/run/media/falconnier/Elements/BIDS_datasets_selection/HCP_YOUNG_bids/sub-307127/ses-1/anat/sub-307127_ses-1_T1w.nii.gz,,,,,sub-307127,ses-1,260,311,260,0.7,0.7,0.7,68.41972827911377,21023600,19862717,0.944781911756312,0.0,3515.112548828125,333.86853186132714,59.54230499267578,418.46186822350523,46.00085735321045,1.6538610307151913,1.3919504823748166,0.094502329826355,15.899044418334961,1138.759033203125,1661.0901904296875,0.6527779098275912,0.5864
HCP_YOUNG_bids,/run/media/falconnier/Elements/BIDS_datasets_selection/HCP_YOUNG_bids/sub-305830/ses-1/anat/sub-305830_ses-1_T1w.nii.gz,,,,,sub-305830,ses-1,260,311,260,0.7,0.7,0.7,66.74756813049316,21023600,19422473,0.9238414448524516,0.0,3175.7353515625,314.0346390199437,51.723915100097656,379.4068719927723,38.14531898498535,0.6625015565307639,1.1654127111118777,0.056230881661176686,15.545203018188477,1039.230737304687,1400.5192333984378,0.7102768920270742,0.592
HCP_YOUNG_bids,/run/media/falconnier/Elements/BIDS_datasets_selection/HCP_YOUNG_bids/sub-308129/ses-1/anat/sub-308129_ses-1_T1w.nii.gz,,,,,sub-308129,ses-1,260,311,260,0.7,0.7,0.7,68.91725540161133,21023600,20005596,0.9515780361117981,0.0,4066.01318359375,390.1364252466815,72.00983047485352,488.94853845643814,61.86107110977173,1.8265220793810633,1.4232580976985392,0.18019207641482354,12.320077657699585,1345.7115173339844,1974.8219177246096,0.5860361547816862,0.5887
HCP_YOUNG_bids,/run/media/falconnier/Elements/BIDS_datasets_selection/HCP_YOUNG_bids/sub-308331/ses-1/anat/sub-308331_ses-1_T1w.nii.gz,,,,,sub-308331,ses-1,260,311,260,0.7,0.7,0.7,69.86339664459229,21023600,20260939,0.9637235773131148,0.0,4739.81591796875,396.4984788357523,174.57542419433594,460.62021456095346,158.08265495300293,1.576076689528576,1.332272281205571,0.6149196946620942,13.779051303863525,1291.0392822265603,1882.125668945313,0.5137546049935328,0.623
HCP_YOUNG_bids,/run/media/falconnier/Elements/BIDS_datasets_selection/HCP_YOUNG_bids/sub-309636/ses-1/anat/sub-309636_ses-1_T1w.nii.gz,,,,,sub-309636,ses-1,260,311,260,0.7,0.7,0.7,66.34474468231201,21023600,19216358,0.9140374626610095,0.0,2631.615478515625,295.87365178302883,49.596595764160156,381.90302401321367,37.55624341964722,1.0104091697284705,1.3325791466026728,0.1419714194536209,10.803108787536623,1054.4789184570309,1450.2550415039059,0.8619033607765278,0.5641
HCP_YOUNG_bids,/run/media/falconnier/Elements/BIDS_datasets_selection/HCP_YOUNG_bids/sub-310621/ses-1/anat/sub-310621_ses-1_T1w.nii.gz,,,,,sub-310621,ses-1,260,311,260,0.7,0.7,0.7,65.36054420471191,21023600,18988891,0.9032178599288418,0.0,3820.657470703125,325.86001616288496,46.80784606933594,429.1621179948671,32.56504154205322,2.2688480531016095,1.5500894741737623,0.17497733980417252,15.110538005828857,1191.7975463867188,1704.4681518554726,0.5947618046958391,0.5536
HCP_YOUNG_bids,/run/media/falconnier/Elements/BIDS_datasets_selection/HCP_YOUNG_bids/sub-311320/ses-1/anat/sub-311320_ses-1_T1w.nii.gz,,,,,sub-311320,ses-1,260,311,260,0.7,0.7,0.7,68.57732391357422,21023600,19946263,0.9487558267851367,0.0,4319.63134765625,419.84637604111504,224.75070190429688,489.1790514956538,200.63554763793945,3.480330777627567,1.6602264742068324,1.7920093655586242,19.472767066955566,1370.9826538085936,2140.2316064453107,0.5730083747716658,0.6187
HCP_YOUNG_bids,/run/media/falconnier/Elements/BIDS_datasets_selection/HCP_YOUNG_bids/sub-314225/ses-1/anat/sub-314225_ses-1_T1w.nii.gz,,,,,sub-314225,ses-1,260,311,260,0.7,0.7,0.7,68.5018424987793,21023600,19872339,0.9452395878917027,0.0,3035.86962890625,326.6715086973299,53.13788986206055,413.7659227615476,41.0016393661499,1.1112099467080583,1.3261931493823818,0.18788026928901674,11.657537078857423,1153.0782592773435,1607.0222753906255,0.7570213559649078,0.582
HCP_YOUNG_bids,/run/media/falconnier/Elements/BIDS_datasets_selection/HCP_YOUNG_bids/sub-316633/ses-1/anat/sub-316633_ses-1_T1w.nii.gz,,,,,sub-316633,ses-1,260,311,260,0.7,0.7,0.7,67.62029933929443,21023600,19596936,0.9321398808957553,0.0,3656.4365234375,279.35788381702207,43.895442962646484,373.26867542027907,29.96323251724243,1.706861997224916,1.4829047411438636,0.07843143381178379,10.703458786010742,1033.7059631347656,1449.7516235351559,0.6107666696640693,0.5576
HCP_YOUNG_bids,/run/media/falconnier/Elements/BIDS_datasets_selection/HCP_YOUNG_bids/sub-316835/ses-1/anat/sub-316835_ses-1_T1w.nii.gz,,,,,sub-316835,ses-1,260,311,260,0.7,0.7,0.7,65.22796535491943,21023600,18904068,0.8991832036378166,0.0,2827.646484375,267.5699593264761,40.695926666259766,360.5378822291435,27.187527179718018,1.6567804747765642,1.4738810121712027,0.1479466897249222,10.296227169036865,986.7805908203118,1381.9997485351523,0.7798963163949686,0.543
HCP_YOUNG_bids,/run/media/falconnier/Elements/BIDS_datasets_selection/HCP_YOUNG_bids/sub-317332/ses-1/anat/sub-317332_ses-1_T1w.nii.gz,,,,,sub-317332,ses-1,260,311,260,0.7,0.7,0.7,68.44167995452881,21023600,19838807,0.9436446184288133,0.0,3467.91064453125,359.90910015169453,89.07516479492188,442.6771967692188,79.99223041534424,2.1039089693673496,1.4651634269663587,0.15268013328313826,12.185564708709718,1224.5331298828123,1823.125322265626,0.6833490572152757,0.5939
HCP_YOUNG_bids,/run/media/falconnier/Elements/BIDS_datasets_selection/HCP_YOUNG_bids/sub-318637/ses-1/anat/sub-318637_ses-1_T1w.nii.gz,,,,,sub-318637,ses-1,260,311,260,0.7,0.7,0.7,68.31221866607666,21023600,19899679,0.946540031203029,0.0,4129.7421875,388.22894777738867,138.5251922607422,442.9420312968561,121.55155372619629,0.6660780243565294,1.1178569310291173,0.36061467349529264,17.329759216308595,1221.103271484375,1712.1916479492174,0.5740779693203771,0.6223
HCP_YOUNG_bids,/run/media/falconnier/Elements/BIDS_datasets_selection/HCP_YOUNG_bids/sub-320826/ses-1/anat/sub-320826_ses-1_T1w.nii.gz,,,,,sub-320826,ses-1,260,311,260,0.7,0.7,0.7,67.8084831237793,21023600,19686863,0.9364173119732111,0.0,2923.57421875,277.6580132860977,42.021148681640625,369.50060816108237,28.361918449401855,1.0928522672616108,1.3716972673560717,0.17570610642433165,10.505143356323243,1019.2027282714839,1394.4362548828112,0.757914231027583,0.5598
HCP_YOUNG_bids,/run/media/falconnier/Elements/BIDS_datasets_selection/HCP_YOUNG_bids/sub-321323/ses-1/anat/sub-321323_ses-1_T1w.nii.gz,,,,,sub-321323,ses-1,260,311,260,0.7,0.7,0.7,67.95785331726074,21023600,19724375,0.9382015924960521,0.0,3504.00390625,311.82264894122324,45.462554931640625,410.282637707659,33.262495040893555,1.5069424499365152,1.4226892038828467,0.24175338834524154,10.7882080078125,1131.1546142578127,1597.448151855469,0.6463817981128588,0.5649
HCP_YOUNG_bids,/run/media/falconnier/Elements/BIDS_datasets_selection/HCP_YOUNG_bids/sub-322224/ses-1/anat/sub-322224_ses-1_T1w.nii.gz,,,,,sub-322224,ses-1,260,311,260,0.7,0.7,0.7,67.13961219787598,21023600,19502712,0.9276580604653818,0.0,2680.160888671875,268.6679034705687,48.13608169555664,341.23833345051884,33.66633224487305,1.2226966098386196,1.377161215085189,0.07271726474165917,14.607892560958863,955.3594573974608,1336.1562658691419,0.8316771934623147,0.5761
HCP_YOUNG_bids,/run/media/falconnier/Elements/BIDS_datasets_selection/HCP_YOUNG_bids/sub-325129/ses-1/anat/sub-325129_ses-1_T1w.nii.gz,,,,,sub-325129,ses-1,260,311,260,0.7,0.7,0.7,68.47944450378418,21023600,19920502,0.9475304895450827,0.0,3269.87939453125,382.600992529888,57.112653732299805,487.94991819909114,42.65431833267212,1.4598809113755458,1.3937190697067718,0.21378937765955927,16.806398773193358,1367.9262573242186,1922.1031481933592,0.7105596022323517,0.5802
HCP_YOUNG_bids,/run/media/falconnier/Elements/BIDS_datasets_selection/HCP_YOUNG_bids/sub-329440/ses-1/anat/sub-329440_ses-1_T1w.nii.gz,,,,,sub-329440,ses-1,260,311,260,0.7,0.7,0.7,67.04903221130371,21023600,19425482,0.9239845697216461,0.0,4290.421875,409.5540025322359,237.67303466796875,469.48376580984836,217.61107921600342,2.8739958038945224,1.49695256953977,0.30264963418245316,13.266089630126954,1306.9533874511703,1979.2256079101599,0.5689398278895618,0.614
HCP_YOUNG_bids,/run/media/falconnier/Elements/BIDS_datasets_selection/HCP_YOUNG_bids/sub-330324/ses-1/anat/sub-330324_ses-1_T1w.nii.gz,,,,,sub-330324,ses-1,260,311,260,0.7,0.7,0.7,69.15758991241455,21023600,20143805,0.9581520291481954,0.0,3598.08203125,347.0460671998362,66.41596984863281,425.3967264021415,53.815463066101074,1.5224486103541555,1.3599668735204766,0.2950433588027954,16.82420120239258,1178.2006347656256,1696.1472363281273,0.6419227509488998,0.5998
HCP_YOUNG_bids,/run/media/falconnier/Elements/BIDS_datasets_selection/HCP_YOUNG_bids/sub-334635/ses-1/anat/sub-334635_ses-1_T1w.nii.gz,,,,,sub-334635,ses-1,260,311,260,0.7,0.7,0.7,67.67655849456787,21023600,19632028,0.9338090526836508,0.0,3782.74755859375,307.92968791306396,46.87071418762207,414.59567188515297,32.56367492675781,1.9522348103856721,1.5095384016573692,0.06637558549642564,10.839899158477785,1140.5160156249985,1617.4063793945325,0.598336100268795,0.5549
HCP_YOUNG_bids,/run/media/falconnier/Elements/BIDS_datasets_selection/HCP_YOUNG_bids/sub-333330/ses-1/anat/sub-333330_ses-1_T1w.nii.gz,,,,,sub-333330,ses-1,260,311,260,0.7,0.7,0.7,67.54409408569336,21023600,19576233,0.9311551304248559,0.0,3334.941162109375,295.2062812897503,53.470458984375,381.5266853008169,41.33149719238281,1.326914668444238,1.3871704269936616,0.09269695430994034,10.753268432617189,1047.1425537109371,1469.1234228515623,0.6845688069198044,0.57
HCP_YOUNG_bids,/run/media/falconnier/Elements/BIDS_datasets_selection/HCP_YOUNG_bids/sub-336841/ses-1/anat/sub-336841_ses-1_T1w.nii.gz,,,,,sub-336841,ses-1,260,311,260,0.7,0.7,0.7,66.98708629608154,21023600,19375194,0.9215925911832417,0.0,4510.92333984375,434.7554375917816,155.5902099609375,533.7488933229757,141.56768798828125,2.7055249807778106,1.572365913556435,0.144247640222311,13.28867712020874,1472.0721496582023,2305.100183105469,0.5428229659311511,0.5872
HCP_YOUNG_bids,/run/media/falconnier/Elements/BIDS_datasets_selection/HCP_YOUNG_bids/sub-339847/ses-1/anat/sub-339847_ses-1_T1w.nii.gz,,,,,sub-339847,ses-1,260,311,260,0.7,0.7,0.7,66.87378597259521,21023600,19469711,0.9260883483323503,0.0,3882.500732421875,325.6768828851424,44.37404251098633,430.0442837025321,28.200925827026367,2.8911412218082653,1.6012716134479428,0.9466374814510348,16.258484840393066,1148.1633911132812,1737.564074707031,0.5789669868891111,0.5603
HCP_YOUNG_bids,/run/media/falconnier/Elements/BIDS_datasets_selection/HCP_YOUNG_bids/sub-341834/ses-1/anat/sub-341834_ses-1_T1w.nii.gz,,,,,sub-341834,ses-1,260,311,260,0.7,0.7,0.7,68.1878137588501,21023600,19801878,0.9418880686466637,0.0,3615.772705078125,367.57612591063406,104.15666580200195,440.4812279598133,90.30190181732178,1.6127729803530464,1.3496807767049688,0.05624165613204246,16.751977920532227,1217.5869323730467,1773.362839355469,0.6497436115223195,0.6028
HCP_YOUNG_bids,/run/media/falconnier/Elements/BIDS_datasets_selection/HCP_YOUNG_bids/sub-342129/ses-1/anat/sub-342129_ses-1_T1w.nii.gz,,,,,sub-342129,ses-1,260,311,260,0.7,0.7,0.7,68.93125247955322,21023600,19980419,0.9503804771780285,0.0,3232.381591796875,365.2336978809582,100.32809448242188,437.55320713177866,91.71028709411621,1.349116029948684,1.320915520349138,0.15845416039228438,11.98123140335083,1224.2161376953109,1775.0276464843755,0.7337911542914616,0.6058
HCP_YOUNG_bids,/run/media/falconnier/Elements/BIDS_datasets_selection/HCP_YOUNG_bids/sub-346137/ses-1/anat/sub-346137_ses-1_T1w.nii.gz,,,,,sub-346137,ses-1,260,311,260,0.7,0.7,0.7,68.93435001373291,21023600,20054118,0.9538860138130482,0.0,3484.901611328125,353.5949047862139,78.28002548217773,430.9312710541058,63.80211544036865,2.1599838914109304,1.4484752067927196,0.45966979920864104,17.744282531738282,1179.709228515625,1768.319455566405,0.6690872015012599,0.6011
HCP_YOUNG_bids,/run/media/falconnier/Elements/BIDS_datasets_selection/HCP_YOUNG_bids/sub-346945/ses-1/anat/sub-346945_ses-1_T1w.nii.gz,,,,,sub-346945,ses-1,260,311,260,0.7,0.7,0.7,67.28832244873047,21023600,19577568,0.9312186304914477,0.0,2873.94091796875,278.1564894333211,40.29230499267578,357.5344989083331,23.27505874633789,1.2165635840425795,1.3571384093234562,0.17384549334645272,15.950497341156005,987.8893402099607,1364.0556628417962,0.7616093835212306,0.572
HCP_YOUNG_bids,/run/media/falconnier/Elements/BIDS_datasets_selection/HCP_YOUNG_bids/sub-348545/ses-1/anat/sub-348545_ses-1_T1w.nii.gz,,,,,sub-348545,ses-1,260,311,260,0.7,0.7,0.7,68.29479885101318,21023600,19885566,0.9458687379896877,0.0,3819.463134765625,347.66832978879796,57.08607292175293,434.74410154626855,43.69419622421265,1.7649193329332373,1.410706168803492,1.165436142683029,16.181217670440674,1193.8660278320312,1763.9208251953132,0.6019220351302771,0.5877
HCP_YOUNG_bids,/run/media/falconnier/Elements/BIDS_datasets_selection/HCP_YOUNG_bids/sub-350330/ses-1/anat/sub-350330_ses-1_T1w.nii.gz,,,,,sub-350330,ses-1,260,311,260,0.7,0.7,0.7,66.41704750061035,21023600,19316809,0.9188154740386993,0.0,4011.881591796875,365.0113876317603,46.68727111816406,491.43524822695866,30.22625732421875,2.884233308057257,1.645680498776304,0.7826205062866212,16.6142520904541,1337.7951416015617,2007.8679833984302,0.5688870027372342,0.5503
HCP_YOUNG_bids,/run/media/falconnier/Elements/BIDS_datasets_selection/HCP_YOUNG_bids/sub-349244/ses-1/anat/sub-349244_ses-1_T1w.nii.gz,,,,,sub-349244,ses-1,260,311,260,0.7,0.7,0.7,67.72189044952393,21023600,19670681,0.9356476055480507,0.0,3275.0732421875,326.134621552252,55.45839309692383,414.3404671701944,39.4065055847168,1.8905013182664643,1.4666802482218242,0.26669852137565614,17.579313278198242,1148.2589111328125,1660.2831787109371,0.697640059385023,0.5787
HCP_YOUNG_bids,/run/media/falconnier/Elements/BIDS_datasets_selection/HCP_YOUNG_bids/sub-351938/ses-1/anat/sub-351938_ses-1_T1w.nii.gz,,,,,sub-351938,ses-1,260,311,260,0.7,0.7,0.7,67.1920919418335,21023600,19528427,0.92888120968816,0.0,3449.066162109375,317.8006749328822,42.61379623413086,426.8122332933638,26.23636245727539,1.7910618827957379,1.5024506403266635,0.03599038645625115,15.534741020202638,1197.3299316406246,1671.2629565429665,0.6502233281686646,0.5543
HCP_YOUNG_bids,/run/media/falconnier/Elements/BIDS_datasets_selection/HCP_YOUNG_bids/sub-352132/ses-1/anat/sub-352132_ses-1_T1w.nii.gz,,,,,sub-352132,ses-1,260,311,260,0.7,0.7,0.7,67.7605562210083,21023600,19713421,0.9376805589908483,0.0,2936.585693359375,358.3038594219242,106.7701416015625,421.1890014223851,91.83810901641846,1.1505770657782737,1.2585225452279418,0.2701097190380099,17.342065811157227,1173.83935546875,1672.5947021484376,0.7959411710649555,0.6084
HCP_YOUNG_bids,/run/media/falconnier/Elements/BIDS_datasets_selection/HCP_YOUNG_bids/sub-352738/ses-1/anat/sub-352738_ses-1_T1w.nii.gz,,,,,sub-352738,ses-1,260,311,260,0.7,0.7,0.7,67.1973934173584,21023600,19544292,0.9296358378203543,0.0,3644.36962890625,343.6809369027493,67.4756851196289,426.04969176680027,55.716115951538086,1.944543489482352,1.4419120552228075,0.19256154134869577,16.45059585571289,1171.1310668945307,1743.5770373535156,0.6327137191911999,0.5857
HCP_YOUNG_bids,/run/media/falconnier/Elements/BIDS_datasets_selection/HCP_YOUNG_bids/sub-353740/ses-1/anat/sub-353740_ses-1_T1w.nii.gz,,,,,sub-353740,ses-1,260,311,260,0.7,0.7,0.7,68.84896659851074,21023600,20045199,0.9534617762895032,0.0,3336.57666015625,391.24913286869713,88.22622680664062,472.7492450571124,75.19295692443848,1.4287485709812078,1.3283734530412947,0.7345286202430725,17.316180992126466,1326.2296508789054,1886.8273974609374,0.7050107297973587,0.6034
HCP_YOUNG_bids,/run/media/falconnier/Elements/BIDS_datasets_selection/HCP_YOUNG_bids/sub-358144/ses-1/anat/sub-358144_ses-1_T1w.nii.gz,,,,,sub-358144,ses-1,260,311,260,0.7,0.7,0.7,67.61424827575684,21023600,19695609,0.9368333206491752,0.0,3163.215087890625,315.3740413014416,47.220455169677734,410.9753526451584,31.614606857299805,1.3910849777701895,1.4076311781890425,0.12460667520761497,15.952971267700196,1139.0414794921867,1586.6197851562479,0.7134189466437313,0.5686
HCP_YOUNG_bids,/run/media/falconnier/Elements/BIDS_datasets_selection/HCP_YOUNG_bids/sub-356948/ses-1/anat/sub-356948_ses-1_T1w.nii.gz,,,,,sub-356948,ses-1,260,311,260,0.7,0.7,0.7,66.62541580200195,21023600,19356755,0.9207155292147872,0.0,2865.4111328125,298.2799286090788,54.23381042480469,377.3951754543471,39.440101623535156,1.4611314659687604,1.3905536062621295,0.8637521469593049,15.84049882888794,1032.0126098632813,1491.9803466796875,0.7877325770375198,0.5748
HCP_YOUNG_bids,/run/media/falconnier/Elements/BIDS_datasets_selection/HCP_YOUNG_bids/sub-355239/ses-1/anat/sub-355239_ses-1_T1w.nii.gz,,,,,sub-355239,ses-1,260,311,260,0.7,0.7,0.7,68.15575408935547,21023600,19868808,0.9450716337829868,0.0,2616.621826171875,291.5258701124473,45.47963905334473,368.1567463924328,30.625131607055664,1.316961598495701,1.3460713308963537,0.3319935968518257,15.500388908386231,1003.007730102539,1421.0272753906247,0.8501656204002632,0.5835
HCP_YOUNG_bids,/run/media/falconnier/Elements/BIDS_datasets_selection/HCP_YOUNG_bids/sub-360030/ses-1/anat/sub-360030_ses-1_T1w.nii.gz,,,,,sub-360030,ses-1,260,311,260,0.7,0.7,0.7,66.0405044555664,21023600,19143284,0.9105616545215852,0.0,3171.468017578125,286.0775658185199,47.74326705932617,376.4974751749444,35.34648370742798,2.2571430341386023,1.543734253736533,0.9921639412641526,11.51509222984314,1017.6075469970685,1513.2807641601548,0.7122646023608645,0.5566
HCP_YOUNG_bids,/run/media/falconnier/Elements/BIDS_datasets_selection/HCP_YOUNG_bids/sub-361234/ses-1/anat/sub-361234_ses-1_T1w.nii.gz,,,,,sub-361234,ses-1,260,311,260,0.7,0.7,0.7,68.72541046142578,21023600,20001910,0.9514027093361745,0.0,3213.055908203125,302.2719221461987,48.92965888977051,388.6888969075039,33.243454933166504,1.4325083992152052,1.4008019497958029,0.3977821174263954,16.263969230651856,1066.4410400390625,1521.0623779296875,0.7003495561092837,0.579
HCP_YOUNG_bids,/run/media/falconnier/Elements/BIDS_datasets_selection/HCP_YOUNG_bids/sub-361941/ses-1/anat/sub-361941_ses-1_T1w.nii.gz,,,,,sub-361941,ses-1,260,311,260,0.7,0.7,0.7,66.34759902954102,21023600,19212409,0.9138496261344394,0.0,3375.734375,353.1004855977649,110.4963150024414,420.9018131972948,100.35885047912598,1.6838033224164626,1.3583217061561716,0.14994656801223755,11.582830619812011,1170.2491210937492,1712.2665820312495,0.7009690942385289,0.5947
HCP_YOUNG_bids,/run/media/falconnier/Elements/BIDS_datasets_selection/HCP_YOUNG_bids/sub-362034/ses-1/anat/sub-362034_ses-1_T1w.nii.gz,,,,,sub-362034,ses-1,260,311,260,0.7,0.7,0.7,67.33151721954346,21023600,19552273,0.9300154588177096,0.0,3470.02685546875,299.5608842989603,44.079078674316406,409.8871070677965,31.03584384918213,2.5973500445908133,1.6291644508337033,0.43471063137054444,10.819012832641603,1114.1403076171864,1668.4560546875036,0.6490580159809853,0.5479
HCP_YOUNG_bids,/run/media/falconnier/Elements/BIDS_datasets_selection/HCP_YOUNG_bids/sub-365343/ses-1/anat/sub-365343_ses-1_T1w.nii.gz,,,,,sub-365343,ses-1,260,311,260,0.7,0.7,0.7,67.64346313476562,21023600,19642521,0.9343081584505032,0.0,3316.6953125,315.78168790726875,47.49153518676758,406.31957370191856,31.255319595336914,1.4455490584166162,1.3955334223577722,0.16223714947700502,16.53586196899414,1119.1141357421875,1585.103881835938,0.6799724171625802,0.5727
HCP_YOUNG_bids,/run/media/falconnier/Elements/BIDS_datasets_selection/HCP_YOUNG_bids/sub-366042/ses-1/anat/sub-366042_ses-1_T1w.nii.gz,,,,,sub-366042,ses-1,260,311,260,0.7,0.7,0.7,68.74285221099854,21023600,19974303,0.9500895660115299,0.0,3481.2421875,313.13320120589225,45.529441833496094,409.1475963150557,30.874088287353516,1.9937908132928213,1.4868539503910883,0.04495677314698696,15.050006103515624,1130.7978515625,1591.7684033203132,0.6475380020171597,0.5722
HCP_YOUNG_bids,/run/media/falconnier/Elements/BIDS_datasets_selection/HCP_YOUNG_bids/sub-366446/ses-1/anat/sub-366446_ses-1_T1w.nii.gz,,,,,sub-366446,ses-1,260,311,260,0.7,0.7,0.7,67.94840049743652,21023600,19705269,0.9372928042770982,0.0,4197.28955078125,426.840557020365,159.84140014648438,500.58263145234514,148.00733947753906,1.204677188731175,1.2623830466459616,0.07297190368175506,12.271338081359863,1404.2025634765546,1981.2875781250004,0.5794979729076983,0.6088
HCP_YOUNG_bids,/run/media/falconnier/Elements/BIDS_datasets_selection/HCP_YOUNG_bids/sub-368551/ses-1/anat/sub-368551_ses-1_T1w.nii.gz,,,,,sub-368551,ses-1,260,311,260,0.7,0.7,0.7,67.56205558776855,21023600,19623822,0.9334187294278811,0.0,3860.096435546875,382.0337490525027,94.54490661621094,459.5808873110276,80.6321530342102,1.147953770734036,1.2795050643323473,0.33899143308401103,17.11576271057129,1290.0484374999996,1798.4834716796831,0.6086043252191116,0.5978
HCP_YOUNG_bids,/run/media/falconnier/Elements/BIDS_datasets_selection/HCP_YOUNG_bids/sub-368753/ses-1/anat/sub-368753_ses-1_T1w.nii.gz,,,,,sub-368753,ses-1,260,311,260,0.7,0.7,0.7,67.54232692718506,21023600,19589119,0.9317680606556441,0.0,2913.483154296875,282.8494592123136,42.46310806274414,385.4167692698037,28.088787078857422,1.736536035100646,1.509539246979092,0.4169147461652756,11.107090568542482,1067.2672119140625,1513.1027734375002,0.7630290483495953,0.5498
HCP_YOUNG_bids,/run/media/falconnier/Elements/BIDS_datasets_selection/HCP_YOUNG_bids/sub-371843/ses-1/anat/sub-371843_ses-1_T1w.nii.gz,,,,,sub-371843,ses-1,260,311,260,0.7,0.7,0.7,69.01788711547852,21023600,20147361,0.9583211723967351,0.0,2966.4892578125,270.4797044053839,36.79150390625,362.20209165769927,19.56764793395996,0.9902567063815635,1.3709462058594528,0.4403381824493408,15.244681358337402,1008.1282348632812,1364.012719726562,0.7277460244669509,0.5649
HCP_YOUNG_bids,/run/media/falconnier/Elements/BIDS_datasets_selection/HCP_YOUNG_bids/sub-376247/ses-1/anat/sub-376247_ses-1_T1w.nii.gz,,,,,sub-376247,ses-1,260,311,260,0.7,0.7,0.7,66.95704174041748,21023600,19544374,0.9296397381989764,0.0,2810.699951171875,295.85049866130197,40.06234550476074,386.9539284647772,23.861796379089355,0.9589016115816609,1.3282085470811062,1.1373360455036166,15.162858629226685,1065.9432861328114,1469.776710205078,0.7828131319247356,0.5641
HCP_YOUNG_bids,/run/media/falconnier/Elements/BIDS_datasets_selection/HCP_YOUNG_bids/sub-377451/ses-1/anat/sub-377451_ses-1_T1w.nii.gz,,,,,sub-377451,ses-1,260,311,260,0.7,0.7,0.7,66.39295196533203,21023600,19229040,0.9146406895108354,0.0,4129.4130859375,338.1920300368102,54.1577205657959,448.7033039321544,41.35923624038696,2.751879951812982,1.629227359964526,0.6757552295923234,12.48886570930481,1240.9327453613282,1820.8701501464839,0.5615967912293302,0.555
HCP_YOUNG_bids,/run/media/falconnier/Elements/BIDS_datasets_selection/HCP_YOUNG_bids/sub-378756/ses-1/anat/sub-378756_ses-1_T1w.nii.gz,,,,,sub-378756,ses-1,260,311,260,0.7,0.7,0.7,68.40290546417236,21023600,19872862,0.9452644646968169,0.0,3965.896728515625,405.6986322944428,112.53992080688477,488.8058790435354,99.03182363510132,1.8064630778470576,1.3755425024264063,0.16920632570981986,17.016189956665038,1352.3627441406243,1966.2016857910185,0.5986569014363049,0.6017
HCP_YOUNG_bids,/run/media/falconnier/Elements/BIDS_datasets_selection/HCP_YOUNG_bids/sub-378857/ses-1/anat/sub-378857_ses-1_T1w.nii.gz,,,,,sub-378857,ses-1,260,311,260,0.7,0.7,0.7,66.82677555084229,21023600,19414246,0.9234501227192298,0.0,3120.597412109375,343.37078654551294,53.0743350982666,434.6067404151261,38.08520555496216,1.0277204108445401,1.3069940366021475,0.10497643053531652,16.10810422897339,1214.8027648925781,1631.3435668945322,0.7336623618387633,0.5747
HCP_YOUNG_bids,/run/media/falconnier/Elements/BIDS_datasets_selection/HCP_YOUNG_bids/sub-379657/ses-1/anat/sub-379657_ses-1_T1w.nii.gz,,,,,sub-379657,ses-1,260,311,260,0.7,0.7,0.7,67.72312641143799,21023600,19698276,0.93696017808558,0.0,3543.43359375,298.3607722014351,42.302459716796875,397.31601134082473,26.03095245361328,1.8439637656979606,1.4964620359369984,0.12866514921188354,15.696557760238647,1093.8267211914062,1564.2162475585938,0.628516005973139,0.5606
HCP_YOUNG_bids,/run/media/falconnier/Elements/BIDS_datasets_selection/HCP_YOUNG_bids/sub-380036/ses-1/anat/sub-380036_ses-1_T1w.nii.gz,,,,,sub-380036,ses-1,260,311,260,0.7,0.7,0.7,67.4513111114502,21023600,19598122,0.9321962936889971,0.0,3829.20849609375,418.18567989319865,128.4782943725586,507.7029543726559,112.54338121414185,2.1647882828623466,1.4563252145166345,0.1551128374040127,17.670862674713135,1401.343859863281,2119.4871508789056,0.6262687341346377,0.5947
HCP_YOUNG_bids,/run/media/falconnier/Elements/BIDS_datasets_selection/HCP_YOUNG_bids/sub-381038/ses-1/anat/sub-381038_ses-1_T1w.nii.gz,,,,,sub-381038,ses-1,260,311,260,0.7,0.7,0.7,67.4282693862915,21023600,19532513,0.9290755627009646,0.0,3215.334228515625,299.58306692518,50.59611129760742,385.5474978382954,38.05561923980713,1.92393785532117,1.4762859034041225,0.35551268100738526,11.969285964965822,1061.685083007812,1540.8059765624985,0.7082285923393504,0.5713
HCP_YOUNG_bids,/run/media/falconnier/Elements/BIDS_datasets_selection/HCP_YOUNG_bids/sub-381543/ses-1/anat/sub-381543_ses-1_T1w.nii.gz,,,,,sub-381543,ses-1,260,311,260,0.7,0.7,0.7,67.23538875579834,21023600,19493945,0.9272410529119656,0.0,4392.12744140625,327.9011760435535,44.42530822753906,455.2920274432521,30.808823585510254,2.514475984188943,1.623229547859867,0.13422943770885468,10.743477058410646,1258.65,1792.1637158203107,0.5176122835277097,0.5409
HCP_YOUNG_bids,/run/media/falconnier/Elements/BIDS_datasets_selection/HCP_YOUNG_bids/sub-382242/ses-1/anat/sub-382242_ses-1_T1w.nii.gz,,,,,sub-382242,ses-1,260,311,260,0.7,0.7,0.7,68.02527523040771,21023600,19791746,0.9414061340588672,0.0,3421.518310546875,305.2845866242869,62.36087417602539,368.3827608873292,48.12108898162842,1.1620818052292403,1.2688720614121267,0.16536879763007167,15.897881269454956,1014.5162353515625,1415.8327026367197,0.6664849755829618,0.5998
HCP_YOUNG_bids,/run/media/falconnier/Elements/BIDS_datasets_selection/HCP_YOUNG_bids/sub-386250/ses-1/anat/sub-386250_ses-1_T1w.nii.gz,,,,,sub-386250,ses-1,260,311,260,0.7,0.7,0.7,65.40263271331787,21023600,19006845,0.9040718525847143,0.0,3750.346435546875,418.0826584797638,187.24603271484375,483.9038997318727,168.84416389465332,1.5023887221636238,1.289014113205102,0.22018840849399568,17.47711410522461,1349.9701660156252,1956.3724316406224,0.6378013497960849,0.6017
HCP_YOUNG_bids,/run/media/falconnier/Elements/BIDS_datasets_selection/HCP_YOUNG_bids/sub-385450/ses-1/anat/sub-385450_ses-1_T1w.nii.gz,,,,,sub-385450,ses-1,260,311,260,0.7,0.7,0.7,68.29964542388916,21023600,19819780,0.9427395878917026,0.0,4110.40087890625,406.0722994826114,94.8444595336914,509.6424685495118,81.32204246520996,2.575274941991535,1.5652241282717088,0.06782048635184766,17.80374708175659,1401.7821228027346,2155.8517138671923,0.5801865528300091,0.5861
HCP_YOUNG_bids,/run/media/falconnier/Elements/BIDS_datasets_selection/HCP_YOUNG_bids/sub-390645/ses-1/anat/sub-390645_ses-1_T1w.nii.gz,,,,,sub-390645,ses-1,260,311,260,0.7,0.7,0.7,66.66502666473389,21023600,19388449,0.9222230731178295,0.0,3187.369384765625,352.41128711279276,84.01371765136719,425.7767732665728,70.6764907836914,1.9206326989514944,1.3952746133700011,0.09018675714731217,16.113501739501952,1156.783740234374,1751.9185449218744,0.7314069078956482,0.5927
HCP_YOUNG_bids,/run/media/falconnier/Elements/BIDS_datasets_selection/HCP_YOUNG_bids/sub-387959/ses-1/anat/sub-387959_ses-1_T1w.nii.gz,,,,,sub-387959,ses-1,260,311,260,0.7,0.7,0.7,68.14577293395996,21023600,19734684,0.9386919461938013,0.0,4711.2216796875,454.8122762575449,164.9266815185547,548.6359431039434,152.155198097229,2.287774449187168,1.4596263477711275,0.14380143463611605,12.810575723648071,1519.663153076171,2260.7025170898423,0.5217420041814543,0.5992
HCP_YOUNG_bids,/run/media/falconnier/Elements/BIDS_datasets_selection/HCP_YOUNG_bids/sub-389357/ses-1/anat/sub-389357_ses-1_T1w.nii.gz,,,,,sub-389357,ses-1,260,311,260,0.7,0.7,0.7,67.07487678527832,21023600,19484155,0.9267753857569588,0.0,3388.680419921875,296.03353373021133,43.57340621948242,382.1069784444169,27.46548080444336,1.3307508187255808,1.3726263837246286,0.026492794007062913,15.597436332702637,1048.481677246094,1466.5464770507833,0.6578529467628731,0.5687
HCP_YOUNG_bids,/run/media/falconnier/Elements/BIDS_datasets_selection/HCP_YOUNG_bids/sub-391748/ses-1/anat/sub-391748_ses-1_T1w.nii.gz,,,,,sub-391748,ses-1,260,311,260,0.7,0.7,0.7,68.69190311431885,21023600,20000938,0.9513564755798246,0.0,3027.0625,289.01267181776774,39.62858772277832,385.2156682516472,23.635482788085938,1.8641625003055298,1.4993243259557705,0.2448050084710121,15.07401556968689,1056.4077880859368,1527.7728906249995,0.7283410052325267,0.565
HCP_YOUNG_bids,/run/media/falconnier/Elements/BIDS_datasets_selection/HCP_YOUNG_bids/sub-392447/ses-1/anat/sub-392447_ses-1_T1w.nii.gz,,,,,sub-392447,ses-1,260,311,260,0.7,0.7,0.7,68.10619640350342,21023600,19720986,0.9380403927015354,0.0,4476.90869140625,451.1410727932048,271.58575439453125,511.30072084769114,248.84231090545654,2.7066328461135196,1.4758216622677607,0.11322535425424578,13.550196647644043,1414.9512634277344,2193.6656005859368,0.5568645048582807,0.6236
HCP_YOUNG_bids,/run/media/falconnier/Elements/BIDS_datasets_selection/HCP_YOUNG_bids/sub-392750/ses-1/anat/sub-392750_ses-1_T1w.nii.gz,,,,,sub-392750,ses-1,260,311,260,0.7,0.7,0.7,67.30961799621582,21023600,19538735,0.9293715158203162,0.0,4385.4228515625,434.831791225095,206.79190063476562,518.6568089435766,184.9687156677246,3.1796844321421283,1.603287413897263,0.5866909921169281,19.063380622863768,1444.3512451171882,2214.9057568359376,0.5549946641743032,0.6015
HCP_YOUNG_bids,/run/media/falconnier/Elements/BIDS_datasets_selection/HCP_YOUNG_bids/sub-393247/ses-1/anat/sub-393247_ses-1_T1w.nii.gz,,,,,sub-393247,ses-1,260,311,260,0.7,0.7,0.7,66.29682445526123,21023600,19252717,0.9157669000551761,0.0,3604.4560546875,289.21650005645705,48.478363037109375,365.6238936495032,33.40630626678467,1.4154686259976952,1.3820169705244638,0.09880297213792803,16.101902770996094,1015.99580078125,1404.1214208984375,0.6230164365286367,0.5734
HCP_YOUNG_bids,/run/media/falconnier/Elements/BIDS_datasets_selection/HCP_YOUNG_bids/sub-393550/ses-1/anat/sub-393550_ses-1_T1w.nii.gz,,,,,sub-393550,ses-1,260,311,260,0.7,0.7,0.7,64.98806095123291,21023600,18813750,0.8948871744135163,0.0,4490.60546875,349.24474425046185,86.99160385131836,415.6238288314512,77.78296327590942,1.4508806209434262,1.3152492042260924,0.3008149445056915,12.620022726058963,1144.5084228515625,1698.8238098144561,0.5245414921374101,0.5882
HCP_YOUNG_bids,/run/media/falconnier/Elements/BIDS_datasets_selection/HCP_YOUNG_bids/sub-394956/ses-1/anat/sub-394956_ses-1_T1w.nii.gz,,,,,sub-394956,ses-1,260,311,260,0.7,0.7,0.7,66.94695472717285,21023600,19397147,0.9226367986453319,0.0,3283.884033203125,295.33564640875187,43.466712951660156,394.0889105159987,30.469189643859863,1.3299905959940972,1.4124046351853023,0.14426189452409743,10.530519962310791,1092.9815673828125,1495.9586181640625,0.6828587554308475,0.5542
HCP_YOUNG_bids,/run/media/falconnier/Elements/BIDS_datasets_selection/HCP_YOUNG_bids/sub-395251/ses-1/anat/sub-395251_ses-1_T1w.nii.gz,,,,,sub-395251,ses-1,260,311,260,0.7,0.7,0.7,67.21524333953857,21023600,19607835,0.9326582982933466,0.0,3470.75146484375,343.23456327407905,44.27307891845703,456.981564791475,27.007984161376953,1.7603222754757963,1.4772002319258928,0.5264586102962494,16.490129280090333,1271.4415161132815,1800.0940283203126,0.6500888152017751,0.5586
HCP_YOUNG_bids,/run/media/falconnier/Elements/BIDS_datasets_selection/HCP_YOUNG_bids/sub-395756/ses-1/anat/sub-395756_ses-1_T1w.nii.gz,,,,,sub-395756,ses-1,260,311,260,0.7,0.7,0.7,67.88629627227783,21023600,19670348,0.9356317662055975,0.0,3155.514404296875,319.4566248059965,53.00650215148926,403.92273788446334,42.450289249420166,1.193552210000747,1.3313418963728578,0.20740215957164765,11.062001943588257,1109.9114990234375,1562.1755957031273,0.7274402615832295,0.5794
HCP_YOUNG_bids,/run/media/falconnier/Elements/BIDS_datasets_selection/HCP_YOUNG_bids/sub-395958/ses-1/anat/sub-395958_ses-1_T1w.nii.gz,,,,,sub-395958,ses-1,260,311,260,0.7,0.7,0.7,67.99085712432861,21023600,19714930,0.937752335470614,0.0,4446.47216796875,449.70804972028816,136.39417266845703,557.3287781459386,123.1953763961792,2.7777462545370595,1.5929496043534728,0.6609721386432648,14.710161638259889,1544.4028442382814,2393.198061523439,0.5522079139265083,0.5894
HCP_YOUNG_bids,/run/media/falconnier/Elements/BIDS_datasets_selection/HCP_YOUNG_bids/sub-397154/ses-1/anat/sub-397154_ses-1_T1w.nii.gz,,,,,sub-397154,ses-1,260,311,260,0.7,0.7,0.7,68.15809154510498,21023600,19755473,0.9396807873056946,0.0,2959.04833984375,286.248312536532,46.2225456237793,376.7631750709289,33.00022506713867,1.5127840086968067,1.438833637843366,0.10475380659103393,10.948433113098144,1040.0343017578125,1468.6460986328166,0.7602681443207365,0.5659
HCP_YOUNG_bids,/run/media/falconnier/Elements/BIDS_datasets_selection/HCP_YOUNG_bids/sub-397760/ses-1/anat/sub-397760_ses-1_T1w.nii.gz,,,,,sub-397760,ses-1,260,311,260,0.7,0.7,0.7,68.45121192932129,21023600,19913022,0.9471746989097967,0.0,3134.440185546875,325.21827028720645,64.99009704589844,394.39715404570813,54.63991975784302,1.3778094126377995,1.325926684254521,0.10921843878924845,15.85482153892517,1098.701751708984,1548.4768518066403,0.7313889233606172,0.6
HCP_YOUNG_bids,/run/media/falconnier/Elements/BIDS_datasets_selection/HCP_YOUNG_bids/sub-397861/ses-1/anat/sub-397861_ses-1_T1w.nii.gz,,,,,sub-397861,ses-1,260,311,260,0.7,0.7,0.7,68.17814636230469,21023600,19824872,0.9429817918910177,0.0,3618.458984375,442.4240086296583,229.17594146728516,503.99317534073515,206.81616020202637,1.6727138477386312,1.3276386073523112,0.797417687177658,19.01597318649292,1411.0122619628905,2089.144602050781,0.6767381299505908,0.6229
HCP_YOUNG_bids,/run/media/falconnier/Elements/BIDS_datasets_selection/HCP_YOUNG_bids/sub-406432/ses-1/anat/sub-406432_ses-1_T1w.nii.gz,,,,,sub-406432,ses-1,260,311,260,0.7,0.7,0.7,68.34637832641602,21023600,19817399,0.9426263342148823,0.0,3484.322021484375,361.5352535876855,92.6687240600586,438.70678167837275,81.69485378265381,1.5481979682494051,1.3650789670596017,0.17664264827966694,12.768984699249268,1226.395532226562,1755.155773925781,0.6818978397696648,0.5984
HCP_YOUNG_bids,/run/media/falconnier/Elements/BIDS_datasets_selection/HCP_YOUNG_bids/sub-406836/ses-1/anat/sub-406836_ses-1_T1w.nii.gz,,,,,sub-406836,ses-1,260,311,260,0.7,0.7,0.7,67.79381942749023,21023600,19745855,0.9392233014326756,0.0,3820.943115234375,298.22036425555245,39.99600601196289,401.85075626230037,23.097700119018555,1.9726089748067732,1.5264181385062532,0.19352525800466544,15.879725551605224,1104.0074707031254,1592.285446777344,0.5784033762719863,0.5567
HCP_YOUNG_bids,/run/media/falconnier/Elements/BIDS_datasets_selection/HCP_YOUNG_bids/sub-412528/ses-1/anat/sub-412528_ses-1_T1w.nii.gz,,,,,sub-412528,ses-1,260,311,260,0.7,0.7,0.7,68.12963485717773,21023600,19741395,0.9390111588881067,0.0,2591.600830078125,242.04287423279445,38.495609283447266,330.7613473934765,24.577320098876953,0.9736044386052014,1.3955732069085816,0.028040181621909143,9.138001441955566,936.2136413574219,1193.2755126953125,0.836000204069947,0.5507
HCP_YOUNG_bids,/run/media/falconnier/Elements/BIDS_datasets_selection/HCP_YOUNG_bids/sub-413934/ses-1/anat/sub-413934_ses-1_T1w.nii.gz,,,,,sub-413934,ses-1,260,311,260,0.7,0.7,0.7,66.3284044265747,21023600,19301782,0.9181007058733994,0.0,3103.3828125,307.7521191661425,48.188642501831055,390.32403411221384,32.693464279174805,1.491630892510635,1.3927318590758044,0.30708032518625256,16.405757999420167,1083.5540527343746,1522.2068566894536,0.7256688412451248,0.5728
HCP_YOUNG_bids,/run/media/falconnier/Elements/BIDS_datasets_selection/HCP_YOUNG_bids/sub-414229/ses-1/anat/sub-414229_ses-1_T1w.nii.gz,,,,,sub-414229,ses-1,260,311,260,0.7,0.7,0.7,67.66972351074219,21023600,19655203,0.9349113853003291,0.0,4698.60400390625,398.0873790710835,82.58941650390625,496.0154385812398,69.98525142669678,2.257146029802085,1.4867911185683604,0.20661742150783546,17.304041481018068,1373.4603271484375,2031.3585693359391,0.5000792121752242,0.5855
HCP_YOUNG_bids,/run/media/falconnier/Elements/BIDS_datasets_selection/HCP_YOUNG_bids/sub-415837/ses-1/anat/sub-415837_ses-1_T1w.nii.gz,,,,,sub-415837,ses-1,260,311,260,0.7,0.7,0.7,68.82214832305908,21023600,19944248,0.9486599821153371,0.0,4626.6650390625,341.85923601559114,49.157798767089844,462.20973311443123,37.15483474731445,3.261615735795356,1.6755072347213626,0.007988616824150085,10.177266311645509,1238.3185119628897,1891.8637561035175,0.49828139074482736,0.5586
HCP_YOUNG_bids,/run/media/falconnier/Elements/BIDS_datasets_selection/HCP_YOUNG_bids/sub-419239/ses-1/anat/sub-419239_ses-1_T1w.nii.gz,,,,,sub-419239,ses-1,260,311,260,0.7,0.7,0.7,67.30424118041992,21023600,19513412,0.9281670123099754,0.0,4447.75732421875,347.9756535708128,82.55012893676758,422.9086374534526,75.54493856430054,2.0316691940686873,1.4225471702556503,0.07005008429288868,10.854657316207886,1155.2532958984375,1752.23001098633,0.5293741249372284,0.5925
HCP_YOUNG_bids,/run/media/falconnier/Elements/BIDS_datasets_selection/HCP_YOUNG_bids/sub-421226/ses-1/anat/sub-421226_ses-1_T1w.nii.gz,,,,,sub-421226,ses-1,260,311,260,0.7,0.7,0.7,68.09747409820557,21023600,19742662,0.9390714244943777,0.0,3484.57568359375,343.37557532047674,72.67062377929688,422.26777811792647,64.7593047618866,2.0250109038143727,1.4379586336876988,0.22423677220940594,11.590909957885742,1161.1867492675779,1727.1910009765634,0.6720532789954541,0.592
HCP_YOUNG_bids,/run/media/falconnier/Elements/BIDS_datasets_selection/HCP_YOUNG_bids/sub-422632/ses-1/anat/sub-422632_ses-1_T1w.nii.gz,,,,,sub-422632,ses-1,260,311,260,0.7,0.7,0.7,67.7793436050415,21023600,19776448,0.9406784756178771,0.0,3089.468017578125,272.7273762011198,39.78973388671875,360.01137495760537,23.918001651763916,1.9423382427764952,1.5010695399453966,1.0627253258228302,15.313977241516113,983.9794891357419,1425.5099597167973,0.7098076517909114,0.5655
HCP_YOUNG_bids,/run/media/falconnier/Elements/BIDS_datasets_selection/HCP_YOUNG_bids/sub-424939/ses-1/anat/sub-424939_ses-1_T1w.nii.gz,,,,,sub-424939,ses-1,260,311,260,0.7,0.7,0.7,68.44766521453857,21023600,19869799,0.9451187712856028,0.0,3630.3623046875,391.62337784412,158.2919921875,452.04043294733725,145.11254119873047,1.1147997440379367,1.2234557223966827,0.6069898879528046,12.798152923583984,1265.2855590820304,1801.3431762695304,0.6596243589065098,0.6176
HCP_YOUNG_bids,/run/media/falconnier/Elements/BIDS_datasets_selection/HCP_YOUNG_bids/sub-429040/ses-1/anat/sub-429040_ses-1_T1w.nii.gz,,,,,sub-429040,ses-1,260,311,260,0.7,0.7,0.7,68.05728435516357,21023600,19750762,0.9394567057972945,0.0,3028.811767578125,251.13820967220522,37.11928367614746,350.7672785670718,22.484929084777832,0.9572308927785769,1.420708087375019,0.14362779557704927,9.905043077468873,997.1356811523438,1290.5583227539064,0.712849837277848,0.5422
HCP_YOUNG_bids,/run/media/falconnier/Elements/BIDS_datasets_selection/HCP_YOUNG_bids/sub-432332/ses-1/anat/sub-432332_ses-1_T1w.nii.gz,,,,,sub-432332,ses-1,260,311,260,0.7,0.7,0.7,67.16057968139648,21023600,19489108,0.9270109781388535,0.0,2686.96630859375,251.3666172062539,39.905372619628906,343.6603970304679,26.2420973777771,1.7869395776041053,1.5254279837368871,0.2724004653096199,10.367725801467897,945.815646362304,1335.946604003906,0.8153705702401772,0.5473
HCP_YOUNG_bids,/run/media/falconnier/Elements/BIDS_datasets_selection/HCP_YOUNG_bids/sub-433839/ses-1/anat/sub-433839_ses-1_T1w.nii.gz,,,,,sub-433839,ses-1,260,311,260,0.7,0.7,0.7,67.23862743377686,21023600,19493739,0.9272312543998174,0.0,4143.63720703125,399.9923612430164,229.03805541992188,458.84805891224505,208.28192710876465,2.2916395134163157,1.4483132017461262,0.25261176109313965,13.380276298522949,1295.4686401367185,1955.748962402347,0.5908733433453628,0.6151
HCP_YOUNG_bids,/run/media/falconnier/Elements/BIDS_datasets_selection/HCP_YOUNG_bids/sub-436239/ses-1/anat/sub-436239_ses-1_T1w.nii.gz,,,,,sub-436239,ses-1,260,311,260,0.7,0.7,0.7,68.43829345703125,21023600,19929040,0.9479366045777127,0.0,3274.44921875,310.8041013405914,46.17744255065918,410.9229835708269,29.065750122070312,2.4160786250729647,1.5797983111767493,0.7309744501113893,17.07700719833374,1133.8819580078125,1663.9944458007776,0.6865750115358048,0.5677
HCP_YOUNG_bids,/run/media/falconnier/Elements/BIDS_datasets_selection/HCP_YOUNG_bids/sub-436845/ses-1/anat/sub-436845_ses-1_T1w.nii.gz,,,,,sub-436845,ses-1,260,311,260,0.7,0.7,0.7,67.69332981109619,21023600,19740875,0.9389864247797713,0.0,2544.028564453125,264.32585450729084,34.56967544555664,367.3295101190414,16.59919548034668,1.2405771136459478,1.453022291966175,0.5396553564071656,15.425248527526856,1028.7231811523438,1373.6478002929694,0.8352425014061234,0.5442
HCP_YOUNG_bids,/run/media/falconnier/Elements/BIDS_datasets_selection/HCP_YOUNG_bids/sub-441939/ses-1/anat/sub-441939_ses-1_T1w.nii.gz,,,,,sub-441939,ses-1,260,311,260,0.7,0.7,0.7,67.46571254730225,21023600,19635263,0.9339629273768527,0.0,2881.7177734375,304.69536874462773,45.330509185791016,391.86440489296314,28.894750595092773,1.3577081846347996,1.3861582980842535,0.46416249752044675,16.490210723876956,1087.7318847656243,1514.6614160156232,0.7755496332136842,0.5728
HCP_YOUNG_bids,/run/media/falconnier/Elements/BIDS_datasets_selection/HCP_YOUNG_bids/sub-445543/ses-1/anat/sub-445543_ses-1_T1w.nii.gz,,,,,sub-445543,ses-1,260,311,260,0.7,0.7,0.7,68.17627429962158,21023600,19798554,0.941729960615689,0.0,4640.1279296875,329.4444352405621,69.7093391418457,409.2296332701044,60.47541379928589,2.7453922277515668,1.5562614761382505,0.5141996282339096,12.392974042892456,1118.8802551269523,1698.3672302246086,0.5036166053275598,0.5899
HCP_YOUNG_bids,/run/media/falconnier/Elements/BIDS_datasets_selection/HCP_YOUNG_bids/sub-448347/ses-1/anat/sub-448347_ses-1_T1w.nii.gz,,,,,sub-448347,ses-1,260,311,260,0.7,0.7,0.7,67.59747886657715,21023600,19635515,0.9339749139062767,0.0,3474.915283203125,369.3829842032623,66.60704040527344,461.6994318737528,54.82463073730469,1.7850128349406154,1.4337598087770596,0.18614656895399095,16.69677677154541,1293.41893310547,1881.1721020507812,0.6692869209263318,0.5838
HCP_YOUNG_bids,/run/media/falconnier/Elements/BIDS_datasets_selection/HCP_YOUNG_bids/sub-449753/ses-1/anat/sub-449753_ses-1_T1w.nii.gz,,,,,sub-449753,ses-1,260,311,260,0.7,0.7,0.7,68.69121074676514,21023600,19908750,0.9469714986967027,0.0,4353.3046875,393.5104679791467,178.7557373046875,463.346876655539,161.91273498535156,2.5409419545830767,1.4986127925997783,0.7791041940450668,13.673538112640381,1296.7953552246095,1954.9956848144561,0.5595878364116725,0.6125
HCP_YOUNG_bids,/run/media/falconnier/Elements/BIDS_datasets_selection/HCP_YOUNG_bids/sub-453441/ses-1/anat/sub-453441_ses-1_T1w.nii.gz,,,,,sub-453441,ses-1,260,311,260,0.7,0.7,0.7,68.21102142333984,21023600,19788414,0.9412476455031489,0.0,3136.5068359375,343.4656248133084,86.45016479492188,408.8637267687854,76.7137360572815,1.33103972326255,1.298635616191147,0.27652688324451447,12.525972270965577,1136.7181396484375,1619.4965136718765,0.7511445559839888,0.6051
HCP_YOUNG_bids,/run/media/falconnier/Elements/BIDS_datasets_selection/HCP_YOUNG_bids/sub-453542/ses-1/anat/sub-453542_ses-1_T1w.nii.gz,,,,,sub-453542,ses-1,260,311,260,0.7,0.7,0.7,67.99480438232422,21023600,19672764,0.9357466846781712,0.0,4324.2021484375,268.0594800470318,51.85328674316406,351.71647603130333,40.619781494140625,3.2185898902797243,1.6297147510311352,0.01070213856175542,9.201212692260743,946.6500762939452,1370.7252600097668,0.5241571306523751,0.5668
HCP_YOUNG_bids,/run/media/falconnier/Elements/BIDS_datasets_selection/HCP_YOUNG_bids/sub-454140/ses-1/anat/sub-454140_ses-1_T1w.nii.gz,,,,,sub-454140,ses-1,260,311,260,0.7,0.7,0.7,69.56828689575195,21023600,20225473,0.962036615993455,0.0,3282.176513671875,349.82472135768546,72.67402648925781,434.03113341064727,58.9125280380249,1.7681629187019352,1.4252157549218532,1.0751587772369384,16.500173568725586,1194.8562744140609,1780.6279980468753,0.707523221298153,0.5968
HCP_YOUNG_bids,/run/media/falconnier/Elements/BIDS_datasets_selection/HCP_YOUNG_bids/sub-456346/ses-1/anat/sub-456346_ses-1_T1w.nii.gz,,,,,sub-456346,ses-1,260,311,260,0.7,0.7,0.7,68.84726905822754,21023600,20011479,0.9518578644951388,0.0,3966.892333984375,376.08360997177857,112.08016967773438,453.25085676509843,99.67097091674805,1.9096707283772396,1.4139008116876361,0.6836188650131225,13.100329971313476,1265.425073242187,1849.7384521484273,0.6050561864401108,0.6046
HCP_YOUNG_bids,/run/media/falconnier/Elements/BIDS_datasets_selection/HCP_YOUNG_bids/sub-459453/ses-1/anat/sub-459453_ses-1_T1w.nii.gz,,,,,sub-459453,ses-1,260,311,260,0.7,0.7,0.7,65.99077224731445,21023600,19277532,0.9169472402442969,0.0,2903.515625,246.72127343501828,33.419498443603516,353.5763954503436,14.995187759399414,2.138112096207255,1.632677980204101,0.8539600431919098,15.320393657684326,988.4451843261718,1392.4006774902368,0.722974055828169,0.5262
HCP_YOUNG_bids,/run/media/falconnier/Elements/BIDS_datasets_selection/HCP_YOUNG_bids/sub-461743/ses-1/anat/sub-461743_ses-1_T1w.nii.gz,,,,,sub-461743,ses-1,260,311,260,0.7,0.7,0.7,68.73395538330078,21023600,19910643,0.9470615403641621,0.0,4257.20068359375,410.6904042399145,140.80715942382812,498.5690039692731,128.07144355773926,2.273395062104176,1.4760758074205265,0.25145239174366,12.499621391296387,1366.5285278320307,2101.7035888671853,0.5701737876799541,0.6001
HCP_YOUNG_bids,/run/media/falconnier/Elements/BIDS_datasets_selection/HCP_YOUNG_bids/sub-463040/ses-1/anat/sub-463040_ses-1_T1w.nii.gz,,,,,sub-463040,ses-1,260,311,260,0.7,0.7,0.7,67.75034523010254,21023600,19615990,0.9330461957038756,0.0,3360.0595703125,308.92157081959533,48.80008125305176,405.7534882860023,37.636696338653564,2.2531474814862964,1.5383498798839912,0.12741270020604137,10.577635574340821,1097.8952758789064,1659.1724169921872,0.6789528458689912,0.5646
HCP_YOUNG_bids,/run/media/falconnier/Elements/BIDS_datasets_selection/HCP_YOUNG_bids/sub-465852/ses-1/anat/sub-465852_ses-1_T1w.nii.gz,,,,,sub-465852,ses-1,260,311,260,0.7,0.7,0.7,67.62780284881592,21023600,19619824,0.9332285621872562,0.0,3269.078857421875,297.32074336430685,48.66650581359863,382.7177057193584,36.22811698913574,2.037218833054945,1.4665182366159208,0.18848791107535362,11.126582860946655,1038.7314086914057,1498.519626464843,0.6930478032178561,0.5723
HCP_YOUNG_bids,/run/media/falconnier/Elements/BIDS_datasets_selection/HCP_YOUNG_bids/sub-467351/ses-1/anat/sub-467351_ses-1_T1w.nii.gz,,,,,sub-467351,ses-1,260,311,260,0.7,0.7,0.7,68.41933822631836,21023600,19901815,0.9466416313095759,0.0,2902.5888671875,330.3162649093793,105.21601867675781,391.65271393849537,89.90027236938477,1.4239567697613218,1.330392431103224,0.3480281525850297,16.642618942260743,1096.4174072265632,1587.4977636718722,0.7980932365556156,0.609
HCP_YOUNG_bids,/run/media/falconnier/Elements/BIDS_datasets_selection/HCP_YOUNG_bids/sub-468050/ses-1/anat/sub-468050_ses-1_T1w.nii.gz,,,,,sub-468050,ses-1,260,311,260,0.7,0.7,0.7,68.03154182434082,21023600,19721583,0.9380687893605282,0.0,3275.75341796875,299.86259896900305,46.535850524902344,397.1023052136054,32.98965072631836,1.5117555143832977,1.4358046412548056,0.0548520115762949,10.852742576599121,1094.829833984375,1530.7238647460936,0.6895931037195451,0.5627
HCP_YOUNG_bids,/run/media/falconnier/Elements/BIDS_datasets_selection/HCP_YOUNG_bids/sub-473952/ses-1/anat/sub-473952_ses-1_T1w.nii.gz,,,,,sub-473952,ses-1,260,311,260,0.7,0.7,0.7,65.74447727203369,21023600,19165040,0.9115964915618638,0.0,2578.398193359375,272.2399089415376,41.04582595825195,357.74752163932635,24.293376922607422,1.7269851775553153,1.4681044894568753,5.370795612335207,15.878615283966065,984.922674560547,1405.0493432617186,0.8487898558135291,0.5574
HCP_YOUNG_bids,/run/media/falconnier/Elements/BIDS_datasets_selection/HCP_YOUNG_bids/sub-475855/ses-1/anat/sub-475855_ses-1_T1w.nii.gz,,,,,sub-475855,ses-1,260,311,260,0.7,0.7,0.7,67.24793148040771,21023600,19577490,0.9312149203751974,0.0,4314.1630859375,304.010486098652,46.865163803100586,384.02749451374814,30.697046279907227,1.307077911301458,1.3478799403945474,0.9781477814912797,16.634462356567383,1056.869763183594,1485.2135668945302,0.5189361234606918,0.5787
HCP_YOUNG_bids,/run/media/falconnier/Elements/BIDS_datasets_selection/HCP_YOUNG_bids/sub-479762/ses-1/anat/sub-479762_ses-1_T1w.nii.gz,,,,,sub-479762,ses-1,260,311,260,0.7,0.7,0.7,68.94458961486816,21023600,20032654,0.9528650659259118,0.0,4486.49072265625,395.1464982902938,58.13912010192871,529.3441774743619,43.04675579071045,3.8914621333658195,1.7889051924224166,0.2332989104092121,17.57910900115967,1442.743212890624,2228.436535644527,0.5205454841620156,0.5645
HCP_YOUNG_bids,/run/media/falconnier/Elements/BIDS_datasets_selection/HCP_YOUNG_bids/sub-480141/ses-1/anat/sub-480141_ses-1_T1w.nii.gz,,,,,sub-480141,ses-1,260,311,260,0.7,0.7,0.7,66.84143257141113,21023600,19410389,0.9232666622272113,0.0,3368.23046875,286.7287628684144,46.41487503051758,369.07823888873645,30.316280364990234,0.974172023302248,1.31913269650723,0.030029509216547016,15.036448860168457,1019.9212646484375,1394.244736328128,0.66247391578189,0.5685
HCP_YOUNG_bids,/run/media/falconnier/Elements/BIDS_datasets_selection/HCP_YOUNG_bids/sub-481042/ses-1/anat/sub-481042_ses-1_T1w.nii.gz,,,,,sub-481042,ses-1,260,311,260,0.7,0.7,0.7,65.82266807556152,21023600,19163990,0.9115465476892635,0.0,3275.790771484375,284.6966580302327,37.95724868774414,387.9264989974509,20.958870887756348,2.0000299459984188,1.5421590656640178,0.4761671632528306,15.421591901779175,1062.8617858886723,1531.0754113769526,0.6675640690822665,0.5432
HCP_YOUNG_bids,/run/media/falconnier/Elements/BIDS_datasets_selection/HCP_YOUNG_bids/sub-481951/ses-1/anat/sub-481951_ses-1_T1w.nii.gz,,,,,sub-481951,ses-1,260,311,260,0.7,0.7,0.7,67.65650844573975,21023600,19644175,0.9343868319412469,0.0,3166.90234375,255.65497392229773,42.805362701416016,333.45566840974095,29.45851707458496,0.8367057094627302,1.3123442134541183,0.10695029824972152,10.299277400970459,914.8800842285157,1236.374909667969,0.695988505585226,0.5672
HCP_YOUNG_bids,/run/media/falconnier/Elements/BIDS_datasets_selection/HCP_YOUNG_bids/sub-485757/ses-1/anat/sub-485757_ses-1_T1w.nii.gz,,,,,sub-485757,ses-1,260,311,260,0.7,0.7,0.7,67.12141513824463,21023600,19514438,0.9282158146083449,0.0,3321.1591796875,353.6691464160627,88.75159454345703,434.5314898760232,74.3958477973938,2.1587519113418674,1.4586089002702303,0.8945168620347976,16.56145668029785,1194.9026062011717,1772.6397570800777,0.70099432842406,0.5888
HCP_YOUNG_bids,/run/media/falconnier/Elements/BIDS_datasets_selection/HCP_YOUNG_bids/sub-486759/ses-1/anat/sub-486759_ses-1_T1w.nii.gz,,,,,sub-486759,ses-1,260,311,260,0.7,0.7,0.7,66.94810009002686,21023600,19497717,0.9274204703285831,0.0,4175.59423828125,379.99865302776755,97.4824447631836,464.11200518858357,83.30680656433105,2.3182250537754623,1.4822254180882455,0.3991906821727753,17.63310546875,1289.8852294921871,1919.9671240234375,0.5641736375668422,0.5909
HCP_YOUNG_bids,/run/media/falconnier/Elements/BIDS_datasets_selection/HCP_YOUNG_bids/sub-492754/ses-1/anat/sub-492754_ses-1_T1w.nii.gz,,,,,sub-492754,ses-1,260,311,260,0.7,0.7,0.7,66.93146324157715,21023600,19516021,0.928291110941989,0.0,2981.400146484375,313.80010762878817,45.52798080444336,397.2925129047077,30.701050758361816,1.0357764051020064,1.3021821569845764,0.4313420057296754,15.482966423034668,1098.5362548828125,1515.3082763671882,0.7522652557771266,0.5762
HCP_YOUNG_bids,/run/media/falconnier/Elements/BIDS_datasets_selection/HCP_YOUNG_bids/sub-495255/ses-1/anat/sub-495255_ses-1_T1w.nii.gz,,,,,sub-495255,ses-1,260,311,260,0.7,0.7,0.7,67.88578224182129,21023600,19767721,0.940263370688179,0.0,3236.685302734375,378.6673699889505,86.43646240234375,455.02816284475375,74.61069679260254,1.2148355853069264,1.2710851701545287,0.32380647063255313,16.262531280517578,1251.509033203125,1780.993359375001,0.7227863369212801,0.6004
HCP_YOUNG_bids,/run/media/falconnier/Elements/BIDS_datasets_selection/HCP_YOUNG_bids/sub-497865/ses-1/anat/sub-497865_ses-1_T1w.nii.gz,,,,,sub-497865,ses-1,260,311,260,0.7,0.7,0.7,68.61306285858154,21023600,19913382,0.9471918225232596,0.0,3978.63134765625,391.05132088053307,114.82854461669922,482.19255336286886,99.18433380126953,2.5020925286604534,1.540249583046225,0.16123985812067984,16.971395778656007,1322.5864196777343,2058.8267871093776,0.5991823847483089,0.5946
HCP_YOUNG_bids,/run/media/falconnier/Elements/BIDS_datasets_selection/HCP_YOUNG_bids/sub-499566/ses-1/anat/sub-499566_ses-1_T1w.nii.gz,,,,,sub-499566,ses-1,260,311,260,0.7,0.7,0.7,67.4008150100708,21023600,19641007,0.9342361441427729,0.0,3533.826904296875,265.98254704695324,39.2498779296875,351.4667389994207,22.477468490600586,1.230122727520083,1.4015787399805912,0.34040420591831205,14.967363548278808,971.80322265625,1349.4456420898446,0.6176422846073276,0.5626
HCP_YOUNG_bids,/run/media/falconnier/Elements/BIDS_datasets_selection/HCP_YOUNG_bids/sub-500222/ses-1/anat/sub-500222_ses-1_T1w.nii.gz,,,,,sub-500222,ses-1,260,311,260,0.7,0.7,0.7,66.72327613830566,21023600,19403877,0.9229569150859035,0.0,3532.79541015625,278.415385619901,38.810264587402344,375.2712437669265,20.700664520263672,1.2946571317313715,1.4336270893167562,0.12772570073604586,16.103079986572265,1048.3193603515624,1421.8258007812492,0.6178613740445346,0.551
HCP_YOUNG_bids,/run/media/falconnier/Elements/BIDS_datasets_selection/HCP_YOUNG_bids/sub-506234/ses-1/anat/sub-506234_ses-1_T1w.nii.gz,,,,,sub-506234,ses-1,260,311,260,0.7,0.7,0.7,68.32532119750977,21023600,19822897,0.9428878498449361,0.0,4023.928955078125,331.1900507285073,68.91259765625,405.68717439000756,60.67370796203613,1.411313887793928,1.3351576718865485,0.17385447978973387,11.154636573791503,1116.5696777343746,1607.6423486328122,0.5791371577976615,0.5944
HCP_YOUNG_bids,/run/media/falconnier/Elements/BIDS_datasets_selection/HCP_YOUNG_bids/sub-510225/ses-1/anat/sub-510225_ses-1_T1w.nii.gz,,,,,sub-510225,ses-1,260,311,260,0.7,0.7,0.7,67.1365737915039,21023600,19505187,0.9277757853079397,0.0,4154.04931640625,409.8055033567433,132.40126037597656,499.31128930401877,114.56130599975586,2.4150007328769956,1.4966058415229766,0.4486481893062592,18.243083572387697,1399.2644653320308,2037.9026782226592,0.576984063890828,0.5921
HCP_YOUNG_bids,/run/media/falconnier/Elements/BIDS_datasets_selection/HCP_YOUNG_bids/sub-510326/ses-1/anat/sub-510326_ses-1_T1w.nii.gz,,,,,sub-510326,ses-1,260,311,260,0.7,0.7,0.7,66.58365249633789,21023600,19352483,0.9205123290016933,0.0,3814.0654296875,306.931141625947,41.82864761352539,409.43831354280553,24.935243606567383,1.6908369601039563,1.47381648436242,0.07003289550542834,15.87707061767578,1141.5881225585936,1577.9083349609373,0.5843562301441896,0.5542
HCP_YOUNG_bids,/run/media/falconnier/Elements/BIDS_datasets_selection/HCP_YOUNG_bids/sub-512835/ses-1/anat/sub-512835_ses-1_T1w.nii.gz,,,,,sub-512835,ses-1,260,311,260,0.7,0.7,0.7,69.52906513214111,21023600,20174906,0.9596313666546167,0.0,3732.59130859375,368.03143434445394,133.47893524169922,433.66190082438595,119.6438946723938,1.5233415917944901,1.3363503642698344,0.33621660768985756,13.099804878234863,1215.1405029296875,1754.7314453125,0.6427601885353231,0.616
HCP_YOUNG_bids,/run/media/falconnier/Elements/BIDS_datasets_selection/HCP_YOUNG_bids/sub-513130/ses-1/anat/sub-513130_ses-1_T1w.nii.gz,,,,,sub-513130,ses-1,260,311,260,0.7,0.7,0.7,67.58237361907959,21023600,19599706,0.9322716375882342,0.0,2895.29833984375,281.77088289175197,42.27370834350586,378.923840068823,28.69536256790161,1.290936401501031,1.4222563750239519,0.18707702532410622,10.492026329040527,1043.0320434570312,1468.2627685546868,0.767894208062135,0.5546
HCP_YOUNG_bids,/run/media/falconnier/Elements/BIDS_datasets_selection/HCP_YOUNG_bids/sub-513736/ses-1/anat/sub-513736_ses-1_T1w.nii.gz,,,,,sub-513736,ses-1,260,311,260,0.7,0.7,0.7,67.32789421081543,21023600,19580670,0.9313661789607869,0.0,3916.316162109375,313.56123972363594,48.587324142456055,405.0187895548584,35.757442474365234,1.3323528436183905,1.3734869527166167,0.23024626284837724,11.456268453598023,1126.0363708496102,1548.5130529785151,0.5811856632898477,0.5697
HCP_YOUNG_bids,/run/media/falconnier/Elements/BIDS_datasets_selection/HCP_YOUNG_bids/sub-517239/ses-1/anat/sub-517239_ses-1_T1w.nii.gz,,,,,sub-517239,ses-1,260,311,260,0.7,0.7,0.7,68.34503269195557,21023600,19879271,0.9455693125820507,0.0,3730.562255859375,455.42847345176517,241.33154296875,517.2102428873321,219.10260200500488,1.619538506430671,1.3034291990154845,0.8539121329784394,18.65597629547119,1442.1356811523438,2131.3064697265627,0.6581218443331535,0.6247
HCP_YOUNG_bids,/run/media/falconnier/Elements/BIDS_datasets_selection/HCP_YOUNG_bids/sub-516742/ses-1/anat/sub-516742_ses-1_T1w.nii.gz,,,,,sub-516742,ses-1,260,311,260,0.7,0.7,0.7,68.23670959472656,21023600,19827288,0.9430967103635914,0.0,3870.44287109375,395.1091780352426,127.86993026733398,466.08466219892915,112.33216667175293,1.3304561945295523,1.2818905632481088,0.19504040554165838,16.840058231353762,1297.945660400389,1853.9092163085925,0.6144213174945928,0.6089
HCP_YOUNG_bids,/run/media/falconnier/Elements/BIDS_datasets_selection/HCP_YOUNG_bids/sub-518746/ses-1/anat/sub-518746_ses-1_T1w.nii.gz,,,,,sub-518746,ses-1,260,311,260,0.7,0.7,0.7,66.8187952041626,21023600,19371542,0.9214188816377785,0.0,3592.78369140625,364.0573942204958,152.2137222290039,426.7293415404432,137.6747236251831,2.3607255095583426,1.4462816480881886,0.3253818786144257,12.669378471374511,1163.1570983886718,1799.2316711425779,0.6671986279680694,0.6045
HCP_YOUNG_bids,/run/media/falconnier/Elements/BIDS_datasets_selection/HCP_YOUNG_bids/sub-519647/ses-1/anat/sub-519647_ses-1_T1w.nii.gz,,,,,sub-519647,ses-1,260,311,260,0.7,0.7,0.7,69.04743480682373,21023600,20004186,0.9515109686257349,0.0,4444.07275390625,435.1002805188518,165.97848510742188,517.08740740213,151.9734401702881,2.067874908008073,1.4269632308455245,0.1501497395336628,13.055808305740356,1432.6903076171875,2158.9798095703118,0.5543704192011987,0.6099
HCP_YOUNG_bids,/run/media/falconnier/Elements/BIDS_datasets_selection/HCP_YOUNG_bids/sub-519950/ses-1/anat/sub-519950_ses-1_T1w.nii.gz,,,,,sub-519950,ses-1,260,311,260,0.7,0.7,0.7,68.26935768127441,21023600,19894776,0.946306817100782,0.0,4246.77490234375,313.20999595033476,44.582923889160156,410.41304473943813,28.58390712738037,1.7874090036373493,1.4659633496259337,0.5250427722930908,16.12360954284668,1142.2000732421875,1608.1744079589844,0.5273916976855015,0.5698
HCP_YOUNG_bids,/run/media/falconnier/Elements/BIDS_datasets_selection/HCP_YOUNG_bids/sub-520228/ses-1/anat/sub-520228_ses-1_T1w.nii.gz,,,,,sub-520228,ses-1,260,311,260,0.7,0.7,0.7,67.0201416015625,21023600,19482771,0.9267095549763124,0.0,3750.854248046875,384.19992296673996,104.59934997558594,461.4463868639857,90.20483207702637,1.841674811170634,1.3826686341115833,0.956448405981064,17.26651954650879,1258.1873168945312,1911.4312988281254,0.6275815399521205,0.5965
HCP_YOUNG_bids,/run/media/falconnier/Elements/BIDS_datasets_selection/HCP_YOUNG_bids/sub-522434/ses-1/anat/sub-522434_ses-1_T1w.nii.gz,,,,,sub-522434,ses-1,260,311,260,0.7,0.7,0.7,66.5053071975708,21023600,19273952,0.9167769554215263,0.0,3025.385009765625,287.4505812099101,45.166664123535156,377.8021571064689,32.00157070159912,1.5517239650604786,1.4408414105103626,0.13206275910139084,10.863112735748292,1041.860284423828,1484.60204345703,0.7419537264527991,0.5586
HCP_YOUNG_bids,/run/media/falconnier/Elements/BIDS_datasets_selection/HCP_YOUNG_bids/sub-521331/ses-1/anat/sub-521331_ses-1_T1w.nii.gz,,,,,sub-521331,ses-1,260,311,260,0.7,0.7,0.7,67.60218620300293,21023600,19591056,0.9318601952091935,0.0,2765.810302734375,269.0920425829313,41.87401580810547,373.3488598201375,26.699634552001953,1.5066844440430591,1.502673655004971,0.07776605524122716,10.486258268356323,1041.9678955078125,1436.3001464843746,0.7977149028921747,0.543
HCP_YOUNG_bids,/run/media/falconnier/Elements/BIDS_datasets_selection/HCP_YOUNG_bids/sub-523032/ses-1/anat/sub-523032_ses-1_T1w.nii.gz,,,,,sub-523032,ses-1,260,311,260,0.7,0.7,0.7,68.54540157318115,21023600,19914405,0.9472404821248501,0.0,3669.460205078125,343.6394214712473,66.30778503417969,437.7719322671758,55.37605381011963,2.4326661898360067,1.5543107035234718,0.8721888041496277,12.606965446472168,1213.0732177734376,1826.252246093757,0.6380595111395135,0.5818
HCP_YOUNG_bids,/run/media/falconnier/Elements/BIDS_datasets_selection/HCP_YOUNG_bids/sub-524135/ses-1/anat/sub-524135_ses-1_T1w.nii.gz,,,,,sub-524135,ses-1,260,311,260,0.7,0.7,0.7,68.00786685943604,21023600,19700176,0.9370505527121901,0.0,3246.255859375,321.17905006441197,59.54547309875488,404.25933891079654,49.81015157699585,1.7912846380332805,1.4453290283659757,0.19608159735798836,11.501236200332642,1120.1759033203125,1662.8985900878906,0.7131957941531112,0.5825
HCP_YOUNG_bids,/run/media/falconnier/Elements/BIDS_datasets_selection/HCP_YOUNG_bids/sub-525541/ses-1/anat/sub-525541_ses-1_T1w.nii.gz,,,,,sub-525541,ses-1,260,311,260,0.7,0.7,0.7,67.14204502105713,21023600,19455623,0.9254182442588329,0.0,2686.996337890625,289.4956765572781,45.26458740234375,372.6650622401382,33.32912063598633,1.0952141854037407,1.3336572412891514,0.1668466392159462,10.469621944427494,1029.4704467773436,1403.3567114257858,0.8359210201380227,0.5689
HCP_YOUNG_bids,/run/media/falconnier/Elements/BIDS_datasets_selection/HCP_YOUNG_bids/sub-529549/ses-1/anat/sub-529549_ses-1_T1w.nii.gz,,,,,sub-529549,ses-1,260,311,260,0.7,0.7,0.7,67.58985233306885,21023600,19711265,0.9375780075724424,0.0,3588.346435546875,285.5445138697859,39.566162109375,378.0970636920534,21.587265014648438,1.0543119565145913,1.3503672507839546,0.4308343040943146,16.279566955566406,1038.7071533203125,1414.2030908203124,0.6088598654482013,0.5623
HCP_YOUNG_bids,/run/media/falconnier/Elements/BIDS_datasets_selection/HCP_YOUNG_bids/sub-530635/ses-1/anat/sub-530635_ses-1_T1w.nii.gz,,,,,sub-530635,ses-1,260,311,260,0.7,0.7,0.7,67.60181331634521,21023600,19638758,0.9341291691242223,0.0,3388.76806640625,376.3820960978187,159.38864135742188,435.69809647023175,141.038893699646,1.6243716589459831,1.3212722001161212,0.22254763036966324,17.44920778274536,1215.4830871582026,1761.2063513183593,0.7008201021943355,0.6134
HCP_YOUNG_bids,/run/media/falconnier/Elements/BIDS_datasets_selection/HCP_YOUNG_bids/sub-529953/ses-1/anat/sub-529953_ses-1_T1w.nii.gz,,,,,sub-529953,ses-1,260,311,260,0.7,0.7,0.7,67.06736278533936,21023600,19456518,0.9254608154645256,0.0,4439.857421875,466.9879390425521,226.97586822509766,548.755720374648,205.7867307662964,2.3380367455814293,1.450363602290787,0.23086839944124227,18.19941520690918,1521.1177124023434,2285.770825195308,0.5525213625658154,0.6048
HCP_YOUNG_bids,/run/media/falconnier/Elements/BIDS_datasets_selection/HCP_YOUNG_bids/sub-531536/ses-1/anat/sub-531536_ses-1_T1w.nii.gz,,,,,sub-531536,ses-1,260,311,260,0.7,0.7,0.7,67.80995464324951,21023600,19715180,0.9377642268688522,0.0,4437.05859375,362.91137582875405,80.04972457885742,443.5407282222758,65.58814191818237,1.5506489339019183,1.3715751699690766,0.2627264404296875,18.042798423767092,1242.0080810546879,1770.020610351563,0.5264081520863453,0.594
HCP_YOUNG_bids,/run/media/falconnier/Elements/BIDS_datasets_selection/HCP_YOUNG_bids/sub-531940/ses-1/anat/sub-531940_ses-1_T1w.nii.gz,,,,,sub-531940,ses-1,260,311,260,0.7,0.7,0.7,67.38016510009766,21023600,19630454,0.9337341844403433,0.0,3064.67529296875,289.3069077227242,38.32399368286133,393.52084697625327,20.59355068206787,2.0864499059867985,1.547654558768715,0.9067237347364425,16.02744083404541,1077.2543579101557,1559.6680261230467,0.7120837279870548,0.5513
HCP_YOUNG_bids,/run/media/falconnier/Elements/BIDS_datasets_selection/HCP_YOUNG_bids/sub-540436/ses-1/anat/sub-540436_ses-1_T1w.nii.gz,,,,,sub-540436,ses-1,260,311,260,0.7,0.7,0.7,67.79397392272949,21023600,19631350,0.9337768032116288,0.0,3795.352294921875,339.43955396842387,57.5565299987793,437.7217445546276,46.98481369018555,2.334614934164682,1.5416438949502063,0.1394672381877899,11.753269863128663,1200.0595947265629,1814.7162011718774,0.6129966697879794,0.5721
HCP_YOUNG_bids,/run/media/falconnier/Elements/BIDS_datasets_selection/HCP_YOUNG_bids/sub-536647/ses-1/anat/sub-536647_ses-1_T1w.nii.gz,,,,,sub-536647,ses-1,260,311,260,0.7,0.7,0.7,67.932541847229,21023600,19690768,0.9366030556136913,0.0,3051.098388671875,292.4046916869478,48.997297286987305,378.37037835911667,36.79387617111206,1.3704850671855278,1.3929466905389791,0.08060324318706993,10.635969972610475,1041.0939086914059,1469.4574780273433,0.7427796275963287,0.5713
HCP_YOUNG_bids,/run/media/falconnier/Elements/BIDS_datasets_selection/HCP_YOUNG_bids/sub-541943/ses-1/anat/sub-541943_ses-1_T1w.nii.gz,,,,,sub-541943,ses-1,260,311,260,0.7,0.7,0.7,66.62024593353271,21023600,19336700,0.9197616012481211,0.0,4332.54443359375,354.7511857009895,83.8527946472168,433.8224360348469,67.96218729019165,1.787165665934733,1.3617831916975933,0.03207889154553413,15.831569480895999,1165.3398498535157,1705.6387365722762,0.5391940476723881,0.5869
HCP_YOUNG_bids,/run/media/falconnier/Elements/BIDS_datasets_selection/HCP_YOUNG_bids/sub-541640/ses-1/anat/sub-541640_ses-1_T1w.nii.gz,,,,,sub-541640,ses-1,260,311,260,0.7,0.7,0.7,66.88410472869873,21023600,19364554,0.9210864932742252,0.0,4239.23876953125,384.7791231796715,161.60802459716797,447.4067914391705,147.4508876800537,1.4214595864432367,1.292545427590341,0.0639912285655737,12.118366479873657,1250.5594909667966,1802.390380859375,0.5684041750336335,0.6066
HCP_YOUNG_bids,/run/media/falconnier/Elements/BIDS_datasets_selection/HCP_YOUNG_bids/sub-545345/ses-1/anat/sub-545345_ses-1_T1w.nii.gz,,,,,sub-545345,ses-1,260,311,260,0.7,0.7,0.7,67.37907695770264,21023600,19565068,0.9306240605795392,0.0,3348.504150390625,399.16072026239584,191.25255584716797,457.0216030671441,170.67877960205078,1.2530359002878564,1.267410412137689,0.24474402487277985,18.013865280151368,1284.7200439453118,1856.3818359375,0.7178479835954129,0.6161
HCP_YOUNG_bids,/run/media/falconnier/Elements/BIDS_datasets_selection/HCP_YOUNG_bids/sub-547046/ses-1/anat/sub-547046_ses-1_T1w.nii.gz,,,,,sub-547046,ses-1,260,311,260,0.7,0.7,0.7,66.61404800415039,21023600,19398785,0.9227147110865884,0.0,3743.547119140625,292.8700166878802,38.894691467285156,393.77167903542204,22.03378677368164,1.7693242684709007,1.4940753125003414,0.3441413474082946,15.671010398864746,1086.8438232421877,1543.2762548828127,0.5874158841720539,0.5519
HCP_YOUNG_bids,/run/media/falconnier/Elements/BIDS_datasets_selection/HCP_YOUNG_bids/sub-548250/ses-1/anat/sub-548250_ses-1_T1w.nii.gz,,,,,sub-548250,ses-1,260,311,260,0.7,0.7,0.7,68.37632656097412,21023600,19910141,0.9470376624364999,0.0,2836.1455078125,319.96587292717555,65.04508209228516,383.61728281742353,52.55066108703613,0.8995038169906948,1.241346084551384,0.18891502022743217,16.33243751525879,1078.759521484375,1473.0325683593765,0.8076922923328638,0.6043
HCP_YOUNG_bids,/run/media/falconnier/Elements/BIDS_datasets_selection/HCP_YOUNG_bids/sub-549757/ses-1/anat/sub-549757_ses-1_T1w.nii.gz,,,,,sub-549757,ses-1,260,311,260,0.7,0.7,0.7,68.0767822265625,21023600,19739518,0.9389218782701345,0.0,3100.612060546875,300.92655743959443,62.568790435791016,376.5875710713622,50.16630268096924,1.7592024940515056,1.4179340557251199,0.15087465643882753,11.71475238800049,1025.6305480957026,1499.1011755371092,0.7437848551179815,0.5856
HCP_YOUNG_bids,/run/media/falconnier/Elements/BIDS_datasets_selection/HCP_YOUNG_bids/sub-550439/ses-1/anat/sub-550439_ses-1_T1w.nii.gz,,,,,sub-550439,ses-1,260,311,260,0.7,0.7,0.7,69.17699813842773,21023600,20118777,0.9569615574877757,0.0,4386.31884765625,418.70482449578924,254.13436889648438,454.5079930533289,230.60589027404785,1.3457881650068924,1.193859616099364,0.7056928753852845,18.625115966796876,1269.8465332031242,1828.739682617182,0.5553334747154209,0.646
HCP_YOUNG_bids,/run/media/falconnier/Elements/BIDS_datasets_selection/HCP_YOUNG_bids/sub-552241/ses-1/anat/sub-552241_ses-1_T1w.nii.gz,,,,,sub-552241,ses-1,260,311,260,0.7,0.7,0.7,67.97318458557129,21023600,19715131,0.9377618961547974,0.0,3168.6884765625,329.8795922418582,50.86211013793945,418.0508508580356,39.769673347473145,1.340504308124606,1.3539926279370391,0.14542301744222644,11.22368335723877,1153.9859619140625,1645.1104736328116,0.7238548784229704,0.5791
HCP_YOUNG_bids,/run/media/falconnier/Elements/BIDS_datasets_selection/HCP_YOUNG_bids/sub-552544/ses-1/anat/sub-552544_ses-1_T1w.nii.gz,,,,,sub-552544,ses-1,260,311,260,0.7,0.7,0.7,67.35979747772217,21023600,19556507,0.9302168515382713,0.0,4439.27490234375,362.322064553544,53.30729675292969,480.25665349995137,39.566325187683105,3.462696666039464,1.6925492630615597,0.11422555729746818,16.038881492614745,1309.4491577148433,1929.195275878907,0.5190733147598156,0.5606
HCP_YOUNG_bids,/run/media/falconnier/Elements/BIDS_datasets_selection/HCP_YOUNG_bids/sub-553344/ses-1/anat/sub-553344_ses-1_T1w.nii.gz,,,,,sub-553344,ses-1,260,311,260,0.7,0.7,0.7,67.27305603027344,21023600,19584050,0.9315269506649669,0.0,2903.17138671875,277.84599393286976,41.7888298034668,367.4130921620241,25.544873237609863,1.7296271914621997,1.4856408182237484,0.6253633797168731,15.747158098220826,1017.6516174316407,1448.7464746093774,0.7600276363752934,0.5618
HCP_YOUNG_bids,/run/media/falconnier/Elements/BIDS_datasets_selection/HCP_YOUNG_bids/sub-555348/ses-1/anat/sub-555348_ses-1_T1w.nii.gz,,,,,sub-555348,ses-1,260,311,260,0.7,0.7,0.7,67.58002662658691,21023600,19615310,0.9330138511006678,0.0,3549.118408203125,289.4062694266163,60.80692481994629,358.131630035284,49.541544914245605,1.0373715140293207,1.296765929074485,0.08725406460463998,11.120325946807862,981.7967254638672,1392.1185083007813,0.6454525948676846,0.5873
HCP_YOUNG_bids,/run/media/falconnier/Elements/BIDS_datasets_selection/HCP_YOUNG_bids/sub-555651/ses-1/anat/sub-555651_ses-1_T1w.nii.gz,,,,,sub-555651,ses-1,260,311,260,0.7,0.7,0.7,67.7173490524292,21023600,19742486,0.9390630529500181,0.0,3063.392578125,305.8294339127095,40.4212532043457,425.9952084223142,23.30482292175293,2.4087657001090594,1.6395806420826564,0.6025471597909928,16.023402214050293,1184.5556335449219,1718.2530212402335,0.7242055985169668,0.5442
HCP_YOUNG_bids,/run/media/falconnier/Elements/BIDS_datasets_selection/HCP_YOUNG_bids/sub-555954/ses-1/anat/sub-555954_ses-1_T1w.nii.gz,,,,,sub-555954,ses-1,260,311,260,0.7,0.7,0.7,67.57026863098145,21023600,19658583,0.9350721570045092,0.0,3339.34814453125,343.1363510833798,87.4554443359375,406.9187838021871,72.90469169616699,1.0552937924844947,1.2539513673509657,0.4001093685626984,17.43206844329834,1130.362060546875,1610.096452636718,0.6963528016012478,0.6042
HCP_YOUNG_bids,/run/media/falconnier/Elements/BIDS_datasets_selection/HCP_YOUNG_bids/sub-557857/ses-1/anat/sub-557857_ses-1_T1w.nii.gz,,,,,sub-557857,ses-1,260,311,260,0.7,0.7,0.7,68.18263626098633,21023600,19823371,0.9429103959359958,0.0,3973.45458984375,374.38584193163445,58.95621871948242,475.0187709087727,44.390990257263184,1.815704286493843,1.436474710316027,0.2331439331173897,17.133692741394043,1312.2445678710938,1901.0856079101563,0.5837561920656275,0.5809
HCP_YOUNG_bids,/run/media/falconnier/Elements/BIDS_datasets_selection/HCP_YOUNG_bids/sub-558657/ses-1/anat/sub-558657_ses-1_T1w.nii.gz,,,,,sub-558657,ses-1,260,311,260,0.7,0.7,0.7,68.08456516265869,21023600,19737354,0.9388189463269849,0.0,5849.7412109375,361.2837482013471,76.91387557983398,443.2845201835415,67.41288757324219,1.869254158086111,1.4065329023973427,0.37015877962112426,12.408933210372926,1211.649261474608,1827.5345312499994,0.4049550406097808,0.5926
HCP_YOUNG_bids,/run/media/falconnier/Elements/BIDS_datasets_selection/HCP_YOUNG_bids/sub-558960/ses-1/anat/sub-558960_ses-1_T1w.nii.gz,,,,,sub-558960,ses-1,260,311,260,0.7,0.7,0.7,66.752366065979,21023600,19360270,0.9208827222740159,0.0,3229.0126953125,298.10447291186273,52.26675796508789,381.7264195882773,41.43999767303467,1.5637440173885562,1.4209729462557217,0.3188394010066986,11.0942129611969,1057.7990844726564,1512.6001733398434,0.7069085394037316,0.5701
HCP_YOUNG_bids,/run/media/falconnier/Elements/BIDS_datasets_selection/HCP_YOUNG_bids/sub-559053/ses-1/anat/sub-559053_ses-1_T1w.nii.gz,,,,,sub-559053,ses-1,260,311,260,0.7,0.7,0.7,66.31114292144775,21023600,19306584,0.9183291158507582,0.0,3283.522705078125,308.4125844819633,38.96206092834473,422.40428135148227,21.961593627929688,1.9319671120413764,1.5306011941201334,0.13693429768085483,15.618410015106202,1173.3365478515625,1636.027825927726,0.6730841602449686,0.5431
HCP_YOUNG_bids,/run/media/falconnier/Elements/BIDS_datasets_selection/HCP_YOUNG_bids/sub-559457/ses-1/anat/sub-559457_ses-1_T1w.nii.gz,,,,,sub-559457,ses-1,260,311,260,0.7,0.7,0.7,67.6498966217041,21023600,19708767,0.9374591887212466,0.0,4154.51171875,428.9092238660339,177.111328125,496.0778370775829,158.80796241760254,1.3325016451195575,1.2581730558580213,0.40668959558010104,17.700850677490234,1386.1682983398437,1982.8806762695308,0.5798435702429099,0.6142
HCP_YOUNG_bids,/run/media/falconnier/Elements/BIDS_datasets_selection/HCP_YOUNG_bids/sub-561242/ses-1/anat/sub-561242_ses-1_T1w.nii.gz,,,,,sub-561242,ses-1,260,311,260,0.7,0.7,0.7,67.41609859466553,21023600,19588696,0.9317479404098251,0.0,2842.5341796875,298.1654389567809,49.71035575866699,390.3040356951669,34.25915718078613,2.121215053084738,1.5305904476492733,0.0989867549389601,15.586097240447998,1062.5728149414062,1592.9759704589846,0.7927418669802597,0.566
HCP_YOUNG_bids,/run/media/falconnier/Elements/BIDS_datasets_selection/HCP_YOUNG_bids/sub-561444/ses-1/anat/sub-561444_ses-1_T1w.nii.gz,,,,,sub-561444,ses-1,260,311,260,0.7,0.7,0.7,68.57405090332031,21023600,19894032,0.9462714282996252,0.0,4683.50927734375,345.5687048163456,72.10335540771484,419.88109160731017,63.10635042190552,0.9883581962778436,1.2687075032126631,0.06342534847557545,11.849749040603639,1178.003350830078,1631.747028808596,0.5022886436555073,0.5986
HCP_YOUNG_bids,/run/media/falconnier/Elements/BIDS_datasets_selection/HCP_YOUNG_bids/sub-561949/ses-1/anat/sub-561949_ses-1_T1w.nii.gz,,,,,sub-561949,ses-1,260,311,260,0.7,0.7,0.7,67.88277244567871,21023600,19658073,0.9350478985521034,0.0,4340.77734375,419.3024016947714,60.35187911987305,562.1891077414404,49.36295795440674,3.229305073670762,1.6977882515318787,0.3893245279788971,12.412543869018554,1532.6287353515609,2354.527314453131,0.5482178915973668,0.5574
HCP_YOUNG_bids,/run/media/falconnier/Elements/BIDS_datasets_selection/HCP_YOUNG_bids/sub-562345/ses-1/anat/sub-562345_ses-1_T1w.nii.gz,,,,,sub-562345,ses-1,260,311,260,0.7,0.7,0.7,67.3645601272583,21023600,19628327,0.9336330124241329,0.0,2908.1181640625,305.3463390780393,53.028839111328125,389.0652282049149,37.1005973815918,1.9307117210630942,1.4557927765736887,1.3351754641532902,15.894144821166993,1059.8831420898437,1551.0466528320298,0.7776842738388199,0.5768
HCP_YOUNG_bids,/run/media/falconnier/Elements/BIDS_datasets_selection/HCP_YOUNG_bids/sub-562446/ses-1/anat/sub-562446_ses-1_T1w.nii.gz,,,,,sub-562446,ses-1,260,311,260,0.7,0.7,0.7,67.59827613830566,21023600,19622158,0.9333395802812078,0.0,4406.43603515625,338.69248162253336,60.28676795959473,415.90844933640466,52.2646689414978,2.8623451892290683,1.4414952653322177,0.007969826292246582,15.43523473739624,1126.1510375976559,1557.2720092773434,0.5209414845518875,0.5901
HCP_YOUNG_bids,/run/media/falconnier/Elements/BIDS_datasets_selection/HCP_YOUNG_bids/sub-565452/ses-1/anat/sub-565452_ses-1_T1w.nii.gz,,,,,sub-565452,ses-1,260,311,260,0.7,0.7,0.7,65.9055118560791,21023600,19215619,0.9140023116878175,0.0,3029.961181640625,285.0495769656485,48.87329864501953,356.4193829947003,32.7627010345459,1.3466806792255719,1.3485911650692892,6.8116053771972656,16.44097137451172,965.4247131347649,1415.715268554688,0.7352060770176051,0.5769
HCP_YOUNG_bids,/run/media/falconnier/Elements/BIDS_datasets_selection/HCP_YOUNG_bids/sub-566454/ses-1/anat/sub-566454_ses-1_T1w.nii.gz,,,,,sub-566454,ses-1,260,311,260,0.7,0.7,0.7,68.65613079071045,21023600,19988655,0.9507722274015867,0.0,3469.05029296875,298.0695401359712,50.30413818359375,364.27397433128334,35.91982555389404,0.7912867667445331,1.2056617419234659,0.025422984026372438,15.705742549896241,996.8316223144532,1330.3610522460958,0.6482399749072394,0.5977
HCP_YOUNG_bids,/run/media/falconnier/Elements/BIDS_datasets_selection/HCP_YOUNG_bids/sub-567052/ses-1/anat/sub-567052_ses-1_T1w.nii.gz,,,,,sub-567052,ses-1,260,311,260,0.7,0.7,0.7,67.37545776367188,21023600,19557778,0.9302773074069142,0.0,3498.76416015625,360.50676118448155,113.444091796875,439.18941320333306,96.40913009643555,2.8103886377385914,1.5693715464738147,0.20362199813127513,18.049693775177,1211.5886413574217,1871.6036169433605,0.6745660743611115,0.5937
HCP_YOUNG_bids,/run/media/falconnier/Elements/BIDS_datasets_selection/HCP_YOUNG_bids/sub-567759/ses-1/anat/sub-567759_ses-1_T1w.nii.gz,,,,,sub-567759,ses-1,260,311,260,0.7,0.7,0.7,68.1936206817627,21023600,19793970,0.941511919937594,0.0,2893.107421875,267.30204676484874,43.52803039550781,359.35221614298376,29.696338653564453,1.9519787190660312,1.5175251965501209,0.2100674206018448,10.755584192276,977.0492553710938,1397.0538916015612,0.7677618689340489,0.5586
HCP_YOUNG_bids,/run/media/falconnier/Elements/BIDS_datasets_selection/HCP_YOUNG_bids/sub-567961/ses-1/anat/sub-567961_ses-1_T1w.nii.gz,,,,,sub-567961,ses-1,260,311,260,0.7,0.7,0.7,64.87893104553223,21023600,18808350,0.8946303202115717,0.0,2787.73486328125,253.0789748900434,40.630409240722656,345.55112730763386,25.206310272216797,1.3983332237716857,1.4704334699158614,0.6381459528207778,11.418738794326782,966.1039764404297,1311.9041748046875,0.7833619225162101,0.5369
HCP_YOUNG_bids,/run/media/falconnier/Elements/BIDS_datasets_selection/HCP_YOUNG_bids/sub-568963/ses-1/anat/sub-568963_ses-1_T1w.nii.gz,,,,,sub-568963,ses-1,260,311,260,0.7,0.7,0.7,67.651123046875,21023600,19597118,0.9321485378336727,0.0,3125.139892578125,294.3538728463022,45.99765586853027,404.836891587323,33.028504848480225,3.0753298293380027,1.7206645572583317,0.26873382985591887,10.974284029006958,1103.7167114257809,1667.8479089355405,0.7240254843741828,0.5475
HCP_YOUNG_bids,/run/media/falconnier/Elements/BIDS_datasets_selection/HCP_YOUNG_bids/sub-569965/ses-1/anat/sub-569965_ses-1_T1w.nii.gz,,,,,sub-569965,ses-1,260,311,260,0.7,0.7,0.7,68.33929443359375,21023600,19815623,0.9425418577217983,0.0,3165.140380859375,287.680471533158,47.26060104370117,366.0621852619486,35.653422355651855,0.8426612891720984,1.2771973616359658,0.10129376024007797,10.308302974700933,1006.457696533203,1377.5847851562503,0.7116926943845671,0.5791
HCP_YOUNG_bids,/run/media/falconnier/Elements/BIDS_datasets_selection/HCP_YOUNG_bids/sub-570243/ses-1/anat/sub-570243_ses-1_T1w.nii.gz,,,,,sub-570243,ses-1,260,311,260,0.7,0.7,0.7,66.78249835968018,21023600,19422180,0.9238275081337164,0.0,3736.593017578125,316.26306314601516,42.260793685913086,435.5563854031324,26.09970474243164,3.585145408460927,1.775039547303187,0.3683331167697907,15.707857084274291,1181.8245910644532,1802.226702880861,0.6003003408930278,0.5442
HCP_YOUNG_bids,/run/media/falconnier/Elements/BIDS_datasets_selection/HCP_YOUNG_bids/sub-571144/ses-1/anat/sub-571144_ses-1_T1w.nii.gz,,,,,sub-571144,ses-1,260,311,260,0.7,0.7,0.7,67.31062602996826,21023600,19557898,0.9302830152780684,0.0,2955.843994140625,313.80240254059254,71.84849166870117,391.25882961396275,57.78369140625,2.434716494776599,1.5315685074558285,0.24546532958745956,16.16516571044922,1073.6134399414059,1617.825579833985,0.7774269015609602,0.5846
HCP_YOUNG_bids,/run/media/falconnier/Elements/BIDS_datasets_selection/HCP_YOUNG_bids/sub-571548/ses-1/anat/sub-571548_ses-1_T1w.nii.gz,,,,,sub-571548,ses-1,260,311,260,0.7,0.7,0.7,66.67891693115234,21023600,19266216,0.9164089879944444,0.0,4347.66162109375,346.08825710128843,125.69587326049805,409.4341905810338,112.89743137359619,2.4016624590414066,1.4512684839913395,0.07139238156378269,11.69721269607544,1121.7672424316406,1675.0363647461036,0.5499216026388232,0.5993
HCP_YOUNG_bids,/run/media/falconnier/Elements/BIDS_datasets_selection/HCP_YOUNG_bids/sub-572045/ses-1/anat/sub-572045_ses-1_T1w.nii.gz,,,,,sub-572045,ses-1,260,311,260,0.7,0.7,0.7,67.10567569732666,21023600,19499610,0.9275105119960425,0.0,4314.6005859375,314.5998632943384,40.0219783782959,431.81061686885323,21.788238525390625,2.2862194118024908,1.569161730494873,0.0720202935487032,16.56322145462036,1209.539196777344,1633.886219482422,0.5130103438059591,0.5456
HCP_YOUNG_bids,/run/media/falconnier/Elements/BIDS_datasets_selection/HCP_YOUNG_bids/sub-573249/ses-1/anat/sub-573249_ses-1_T1w.nii.gz,,,,,sub-573249,ses-1,260,311,260,0.7,0.7,0.7,68.5780782699585,21023600,19967905,0.9497852413478186,0.0,3290.964111328125,341.9909578482113,61.18724822998047,419.8116857733637,48.56669616699219,1.5544163152818644,1.3566826591347125,0.6110958743095398,16.47507514953613,1163.77255859375,1658.1762548828156,0.6975776027369542,0.5961
HCP_YOUNG_bids,/run/media/falconnier/Elements/BIDS_datasets_selection/HCP_YOUNG_bids/sub-573451/ses-1/anat/sub-573451_ses-1_T1w.nii.gz,,,,,sub-573451,ses-1,260,311,260,0.7,0.7,0.7,69.26559925079346,21023600,20110880,0.9565859320002283,0.0,4505.841796875,421.7155734106393,82.43759155273438,560.8054488275078,71.07614994049072,4.524293502456689,1.8964771061488166,0.7355122822523117,14.273437261581424,1525.1028442382822,2469.685275878908,0.5365592133889382,0.5695
HCP_YOUNG_bids,/run/media/falconnier/Elements/BIDS_datasets_selection/HCP_YOUNG_bids/sub-576255/ses-1/anat/sub-576255_ses-1_T1w.nii.gz,,,,,sub-576255,ses-1,260,311,260,0.7,0.7,0.7,67.20109272003174,21023600,19519711,0.9284666279799844,0.0,3553.859375,346.1448727706172,62.44001007080078,438.8372633533833,47.70570373535156,2.357088962654334,1.5206476339613704,0.26620978116989136,16.56468677520752,1199.7072143554688,1814.7111450195307,0.6500221142149925,0.5769
HCP_YOUNG_bids,/run/media/falconnier/Elements/BIDS_datasets_selection/HCP_YOUNG_bids/sub-578057/ses-1/anat/sub-578057_ses-1_T1w.nii.gz,,,,,sub-578057,ses-1,260,311,260,0.7,0.7,0.7,67.06332206726074,21023600,19457749,0.9255193687094503,0.0,3217.684326171875,255.72669532096845,38.85882568359375,351.72766684329855,24.486738204956055,1.6031555482413529,1.4862470229467444,0.294540445804596,10.270257949829102,962.6317504882811,1347.3253564453116,0.6772151703398065,0.544
HCP_YOUNG_bids,/run/media/falconnier/Elements/BIDS_datasets_selection/HCP_YOUNG_bids/sub-578158/ses-1/anat/sub-578158_ses-1_T1w.nii.gz,,,,,sub-578158,ses-1,260,311,260,0.7,0.7,0.7,68.16788578033447,21023600,19816743,0.9425951311859053,0.0,3766.596435546875,363.41696123508814,53.18832015991211,474.4005808843623,38.141435623168945,2.36561880513651,1.5724112151311085,0.9057192730903627,16.886694526672365,1315.2669677734375,1990.7877270507797,0.6114817476733759,0.5705
HCP_YOUNG_bids,/run/media/falconnier/Elements/BIDS_datasets_selection/HCP_YOUNG_bids/sub-579665/ses-1/anat/sub-579665_ses-1_T1w.nii.gz,,,,,sub-579665,ses-1,260,311,260,0.7,0.7,0.7,67.25782775878906,21023600,19504562,0.9277460568123442,0.0,3506.18896484375,292.1381351501885,51.80690956115723,365.49158907942007,41.46360492706299,0.8152521439756946,1.268200515565389,0.13307257771492004,10.669991731643677,1017.4439575195311,1377.3677648925786,0.6487059880615001,0.5807
HCP_YOUNG_bids,/run/media/falconnier/Elements/BIDS_datasets_selection/HCP_YOUNG_bids/sub-579867/ses-1/anat/sub-579867_ses-1_T1w.nii.gz,,,,,sub-579867,ses-1,260,311,260,0.7,0.7,0.7,64.91203022003174,21023600,18797671,0.8941223672444301,0.0,3071.005615234375,274.08869027231566,42.604652404785156,360.00184721461534,30.13110065460205,1.7104663216453986,1.4420428388171893,0.4367139548063279,10.668365478515625,974.4504699707031,1382.2014648437516,0.7240683295834757,0.5509
HCP_YOUNG_bids,/run/media/falconnier/Elements/BIDS_datasets_selection/HCP_YOUNG_bids/sub-580044/ses-1/anat/sub-580044_ses-1_T1w.nii.gz,,,,,sub-580044,ses-1,260,311,260,0.7,0.7,0.7,66.89050006866455,21023600,19457947,0.925528786696855,0.0,3514.6396484375,316.30226324740335,46.36368942260742,411.2170807860686,29.791767120361328,2.1892451865208846,1.5158984019835302,0.48875196933746334,16.957899856567384,1137.6815673828123,1617.8024682617151,0.640968317338556,0.5662
HCP_YOUNG_bids,/run/media/falconnier/Elements/BIDS_datasets_selection/HCP_YOUNG_bids/sub-580347/ses-1/anat/sub-580347_ses-1_T1w.nii.gz,,,,,sub-580347,ses-1,260,311,260,0.7,0.7,0.7,68.0856704711914,21023600,19866479,0.944960853517,0.0,2803.9404296875,295.8119239433731,40.368133544921875,390.65183431335834,24.205759048461914,1.5608995795001848,1.4408375656821877,0.4759580773115158,15.1343017578125,1076.8272705078125,1534.107814941406,0.787333481294794,0.5661
HCP_YOUNG_bids,/run/media/falconnier/Elements/BIDS_datasets_selection/HCP_YOUNG_bids/sub-580650/ses-1/anat/sub-580650_ses-1_T1w.nii.gz,,,,,sub-580650,ses-1,260,311,260,0.7,0.7,0.7,66.56639099121094,21023600,19391497,0.9223680530451492,0.0,2708.8857421875,297.79282401933466,58.89788055419922,372.5598764017743,43.75968551635742,1.0393188250656404,1.3028418432565978,0.3814217817783355,14.997994422912598,1032.7602783203124,1403.6077832031224,0.8369626588681788,0.5793
HCP_YOUNG_bids,/run/media/falconnier/Elements/BIDS_datasets_selection/HCP_YOUNG_bids/sub-580751/ses-1/anat/sub-580751_ses-1_T1w.nii.gz,,,,,sub-580751,ses-1,260,311,260,0.7,0.7,0.7,66.68752002716064,21023600,19382754,0.9219521870659639,0.0,3204.62353515625,364.8731539172665,128.10365295410156,429.80408864884686,111.67967510223389,1.7288291680380494,1.3535681681344656,0.5366545230150223,17.30351629257202,1189.7584289550773,1772.443983154295,0.7320106504782548,0.6023
HCP_YOUNG_bids,/run/media/falconnier/Elements/BIDS_datasets_selection/HCP_YOUNG_bids/sub-581349/ses-1/anat/sub-581349_ses-1_T1w.nii.gz,,,,,sub-581349,ses-1,260,311,260,0.7,0.7,0.7,67.66205978393555,21023600,19616947,0.9330917159763313,0.0,4411.6884765625,374.91069461748003,98.20851135253906,460.1748396887462,83.18983745574951,2.3823704201381775,1.486722208708814,0.1305882385373115,16.499110412597656,1259.625988769531,1881.3963647460923,0.5381100752145249,0.5911
HCP_YOUNG_bids,/run/media/falconnier/Elements/BIDS_datasets_selection/HCP_YOUNG_bids/sub-581450/ses-1/anat/sub-581450_ses-1_T1w.nii.gz,,,,,sub-581450,ses-1,260,311,260,0.7,0.7,0.7,67.26980686187744,21023600,19552560,0.930029110142887,0.0,3617.220458984375,356.20979222864173,95.05495834350586,421.7715410488424,82.39882564544678,1.367426136254056,1.288435041465924,0.45037323027849196,16.74812889099121,1161.4044250488282,1694.314693603516,0.6415832748700803,0.6027
HCP_YOUNG_bids,/run/media/falconnier/Elements/BIDS_datasets_selection/HCP_YOUNG_bids/sub-583858/ses-1/anat/sub-583858_ses-1_T1w.nii.gz,,,,,sub-583858,ses-1,260,311,260,0.7,0.7,0.7,67.98344230651855,21023600,19707693,0.9374081032744154,0.0,4391.716796875,370.83090540196633,88.57069396972656,460.00326805692055,78.52369976043701,2.6489311179378268,1.5466070125627451,0.6965383791923527,13.149934768676758,1261.0701660156246,1929.9848925781243,0.5412878573032016,0.5887
HCP_YOUNG_bids,/run/media/falconnier/Elements/BIDS_datasets_selection/HCP_YOUNG_bids/sub-585256/ses-1/anat/sub-585256_ses-1_T1w.nii.gz,,,,,sub-585256,ses-1,260,311,260,0.7,0.7,0.7,67.33835029602051,21023600,19468614,0.9260361688768812,0.0,4039.261962890625,348.03366057446846,75.69498062133789,447.4203395288479,65.2793025970459,2.887535130399243,1.6231577466055338,0.16323446482419973,11.74759349822998,1214.6932861328114,1882.838697509766,0.5840759418349678,0.5713
HCP_YOUNG_bids,/run/media/falconnier/Elements/BIDS_datasets_selection/HCP_YOUNG_bids/sub-585862/ses-1/anat/sub-585862_ses-1_T1w.nii.gz,,,,,sub-585862,ses-1,260,311,260,0.7,0.7,0.7,69.04976844787598,21023600,20074413,0.9548513575220229,0.0,2559.4375,266.07373292747747,41.95232009887695,334.6843948380276,26.166702270507812,0.4549738309073095,1.2136047891009734,0.06955245345830915,15.091039848327638,933.4067016601562,1216.4348046874989,0.8556892659804799,0.5881
HCP_YOUNG_bids,/run/media/falconnier/Elements/BIDS_datasets_selection/HCP_YOUNG_bids/sub-586460/ses-1/anat/sub-586460_ses-1_T1w.nii.gz,,,,,sub-586460,ses-1,260,311,260,0.7,0.7,0.7,66.22811985015869,21023600,19285440,0.9173233889533667,0.0,3097.4453125,286.5164304092038,38.69798278808594,382.63619344623646,21.833669662475586,1.2779469680590427,1.4150013162912005,0.19526659831404694,15.449094390869142,1065.133435058594,1473.749172363281,0.7073882498059996,0.5524
HCP_YOUNG_bids,/run/media/falconnier/Elements/BIDS_datasets_selection/HCP_YOUNG_bids/sub-587664/ses-1/anat/sub-587664_ses-1_T1w.nii.gz,,,,,sub-587664,ses-1,260,311,260,0.7,0.7,0.7,67.85083675384521,21023600,19759761,0.9398847485682756,0.0,2898.591064453125,266.93333314243216,38.40524673461914,365.0717964170375,19.714021682739258,1.4981685643990232,1.485368245287229,0.411639541387558,16.22803497314453,1017.94775390625,1401.9701171874976,0.7455756278522309,0.5514
HCP_YOUNG_bids,/run/media/falconnier/Elements/BIDS_datasets_selection/HCP_YOUNG_bids/sub-588565/ses-1/anat/sub-588565_ses-1_T1w.nii.gz,,,,,sub-588565,ses-1,260,311,260,0.7,0.7,0.7,67.19063186645508,21023600,19562089,0.9304823626781331,0.0,3450.544677734375,336.34999807627986,75.88336944580078,395.166705991718,65.88178253173828,0.56869339348922,1.1450795387384005,0.10281685918569565,15.709373664855956,1107.1691406249997,1484.6247949218764,0.6681884034084947,0.6053
HCP_YOUNG_bids,/run/media/falconnier/Elements/BIDS_datasets_selection/HCP_YOUNG_bids/sub-589567/ses-1/anat/sub-589567_ses-1_T1w.nii.gz,,,,,sub-589567,ses-1,260,311,260,0.7,0.7,0.7,68.21946811676025,21023600,19864437,0.9448637245761906,0.0,3333.717529296875,374.4227272458494,138.22418212890625,437.6412654690184,121.99899482727051,1.208934620856219,1.2675303068641741,0.16900840401649475,16.96163444519043,1232.7694091796875,1751.9870214843759,0.7067325406935242,0.6132
HCP_YOUNG_bids,/run/media/falconnier/Elements/BIDS_datasets_selection/HCP_YOUNG_bids/sub-592455/ses-1/anat/sub-592455_ses-1_T1w.nii.gz,,,,,sub-592455,ses-1,260,311,260,0.7,0.7,0.7,70.0428466796875,21023600,20335926,0.9672903784318575,0.0,4414.07421875,403.9892542271446,159.74935913085938,479.2379375094228,144.525128364563,2.334655219419121,1.4410478190144103,0.535741537809372,13.818169116973877,1317.7611083984375,1967.0711059570312,0.5498264603272655,0.6163
HCP_YOUNG_bids,/run/media/falconnier/Elements/BIDS_datasets_selection/HCP_YOUNG_bids/sub-590047/ses-1/anat/sub-590047_ses-1_T1w.nii.gz,,,,,sub-590047,ses-1,260,311,260,0.7,0.7,0.7,69.09563541412354,21023600,20036163,0.9530319735915828,0.0,3635.162109375,346.9884290994604,98.15068054199219,416.3310229169756,88.30813598632812,2.068231109443678,1.4163191862219613,0.1664400193095207,12.376352787017822,1148.976916503906,1681.312319335937,0.6502131575679096,0.6067
HCP_YOUNG_bids,/run/media/falconnier/Elements/BIDS_datasets_selection/HCP_YOUNG_bids/sub-594156/ses-1/anat/sub-594156_ses-1_T1w.nii.gz,,,,,sub-594156,ses-1,260,311,260,0.7,0.7,0.7,68.04402351379395,21023600,19786048,0.9411351053102228,0.0,3993.385986328125,309.38411497417945,48.044586181640625,387.22822964112925,32.798579692840576,1.2749403002299369,1.3135710410828945,0.11237828895449639,16.113711071014404,1069.31787109375,1460.715447998049,0.5633057843231919,0.5854
HCP_YOUNG_bids,/run/media/falconnier/Elements/BIDS_datasets_selection/HCP_YOUNG_bids/sub-597869/ses-1/anat/sub-597869_ses-1_T1w.nii.gz,,,,,sub-597869,ses-1,260,311,260,0.7,0.7,0.7,68.84535789489746,21023600,19936812,0.948306284366141,0.0,4571.9912109375,419.549920424947,185.48543548583984,488.03103651631665,170.32632207870483,1.7974048643784748,1.3464229541907955,0.13521084219217308,12.58774447441101,1354.870159912109,2002.7275134277352,0.5345856599614907,0.6165
HCP_YOUNG_bids,/run/media/falconnier/Elements/BIDS_datasets_selection/HCP_YOUNG_bids/sub-598568/ses-1/anat/sub-598568_ses-1_T1w.nii.gz,,,,,sub-598568,ses-1,260,311,260,0.7,0.7,0.7,66.51353073120117,21023600,19258592,0.916046347913773,0.0,4699.87744140625,441.2417944014203,151.87755584716797,545.677974710628,140.41704607009888,3.437269536162744,1.6455832691908905,0.09274040527641773,12.246770524978638,1490.5624511718743,2299.999904785155,0.5188884888782117,0.5823
HCP_YOUNG_bids,/run/media/falconnier/Elements/BIDS_datasets_selection/HCP_YOUNG_bids/sub-599065/ses-1/anat/sub-599065_ses-1_T1w.nii.gz,,,,,sub-599065,ses-1,260,311,260,0.7,0.7,0.7,67.53538703918457,21023600,19635617,0.9339797655967579,0.0,3640.28173828125,312.9954911318983,45.945220947265625,402.4742430534696,31.385648727416992,2.1484703851302456,1.509998827371831,0.16512931108474732,15.94014778137207,1104.115478515625,1658.908857421875,0.6184260138401783,0.5733
HCP_YOUNG_bids,/run/media/falconnier/Elements/BIDS_datasets_selection/HCP_YOUNG_bids/sub-599469/ses-1/anat/sub-599469_ses-1_T1w.nii.gz,,,,,sub-599469,ses-1,260,311,260,0.7,0.7,0.7,67.69438648223877,21023600,19617822,0.933133335870165,0.0,4555.36328125,269.98717429683404,70.142822265625,327.4548409564262,57.7414755821228,1.1033474075743923,1.2793747470552268,0.017759811673313378,10.007636308670046,909.3934295654296,1203.628488769531,0.5050558108310687,0.5956
HCP_YOUNG_bids,/run/media/falconnier/Elements/BIDS_datasets_selection/HCP_YOUNG_bids/sub-599671/ses-1/anat/sub-599671_ses-1_T1w.nii.gz,,,,,sub-599671,ses-1,260,311,260,0.7,0.7,0.7,69.4702033996582,21023600,20150243,0.9584582564356248,0.0,3630.360107421875,369.41377488186816,92.96500396728516,456.4019627464776,81.71956634521484,1.8323992725955467,1.4393115075103442,0.44817416310310376,13.000030517578125,1285.3179565429682,1851.772775878906,0.6554472801055847,0.5973
HCP_YOUNG_bids,/run/media/falconnier/Elements/BIDS_datasets_selection/HCP_YOUNG_bids/sub-601127/ses-1/anat/sub-601127_ses-1_T1w.nii.gz,,,,,sub-601127,ses-1,260,311,260,0.7,0.7,0.7,67.78613471984863,21023600,19705574,0.9373073117829487,0.0,4059.68017578125,389.2486002069888,141.7017364501953,463.508728875175,122.99957275390625,1.890411381470499,1.4110459837873714,0.38318609565496453,18.181554126739503,1305.219128417967,1917.4936547851548,0.5892540990087592,0.6043
HCP_YOUNG_bids,/run/media/falconnier/Elements/BIDS_datasets_selection/HCP_YOUNG_bids/sub-604537/ses-1/anat/sub-604537_ses-1_T1w.nii.gz,,,,,sub-604537,ses-1,260,311,260,0.7,0.7,0.7,69.80752754211426,21023600,20266782,0.9640015030727374,0.0,3143.813232421875,333.2801825258066,138.64706420898438,379.93125844966244,123.29004430770874,0.8193845777818036,1.1905390154003705,0.24531177192926407,12.55499267578125,1069.8837402343743,1494.415507812506,0.7573579506067477,0.6302
HCP_YOUNG_bids,/run/media/falconnier/Elements/BIDS_datasets_selection/HCP_YOUNG_bids/sub-609143/ses-1/anat/sub-609143_ses-1_T1w.nii.gz,,,,,sub-609143,ses-1,260,311,260,0.7,0.7,0.7,67.60262966156006,21023600,19574073,0.931052388744078,0.0,4093.296142578125,300.3833871786046,54.171024322509766,374.96960461837523,42.98320198059082,1.262564020672646,1.3235746790111595,0.04994401991367341,11.103965377807617,1038.6230957031248,1417.1540869140626,0.5592762549740729,0.5831
HCP_YOUNG_bids,/run/media/falconnier/Elements/BIDS_datasets_selection/HCP_YOUNG_bids/sub-611938/ses-1/anat/sub-611938_ses-1_T1w.nii.gz,,,,,sub-611938,ses-1,260,311,260,0.7,0.7,0.7,68.40706634521484,21023600,19856180,0.9444709754751802,0.0,4246.73388671875,410.33816002359686,193.6616973876953,476.53716858022784,173.0926055908203,1.8756153991202948,1.3756417650335169,0.6789044451713563,18.06888198852539,1328.3989501953129,1966.7962182617212,0.5689777511323763,0.6163
HCP_YOUNG_bids,/run/media/falconnier/Elements/BIDS_datasets_selection/HCP_YOUNG_bids/sub-613235/ses-1/anat/sub-613235_ses-1_T1w.nii.gz,,,,,sub-613235,ses-1,260,311,260,0.7,0.7,0.7,68.30221176147461,21023600,19813016,0.9424178542209707,0.0,2897.198974609375,267.3709882898796,41.990787506103516,357.42373112509273,28.99077606201172,1.850867091963658,1.4990595150600858,0.13613485544919968,10.271347999572754,975.1342010498047,1416.1878295898441,0.7648918925063951,0.5609
HCP_YOUNG_bids,/run/media/falconnier/Elements/BIDS_datasets_selection/HCP_YOUNG_bids/sub-613538/ses-1/anat/sub-613538_ses-1_T1w.nii.gz,,,,,sub-613538,ses-1,260,311,260,0.7,0.7,0.7,67.99141025543213,21023600,19721501,0.9380648889819061,0.0,4263.3173828125,318.13521901299345,47.06108856201172,414.0860676693372,35.49673557281494,1.6666120993952962,1.4187579681019495,0.07433163374662399,10.475091934204102,1139.0596923828125,1575.8056640625,0.5344093831751606,0.5689
HCP_YOUNG_bids,/run/media/falconnier/Elements/BIDS_datasets_selection/HCP_YOUNG_bids/sub-614439/ses-1/anat/sub-614439_ses-1_T1w.nii.gz,,,,,sub-614439,ses-1,260,311,260,0.7,0.7,0.7,66.42618179321289,21023600,19280591,0.9170927433931392,0.0,3419.999267578125,235.38805926210452,38.84871292114258,326.60241477075516,23.22174835205078,1.8884720196229319,1.5615769266608832,0.6425083220005035,11.20182752609253,896.0858764648438,1271.6302368164097,0.6312535550683704,0.5388
HCP_YOUNG_bids,/run/media/falconnier/Elements/BIDS_datasets_selection/HCP_YOUNG_bids/sub-615441/ses-1/anat/sub-615441_ses-1_T1w.nii.gz,,,,,sub-615441,ses-1,260,311,260,0.7,0.7,0.7,66.78945827484131,21023600,19408477,0.9231757168134858,0.0,3795.46484375,358.8836669551804,88.87531280517578,438.1617765598449,74.2875280380249,2.088574183727858,1.4420424053631526,0.28738190531730656,17.02145118713379,1199.1753173828124,1811.724252929684,0.6152242981226672,0.5893
HCP_YOUNG_bids,/run/media/falconnier/Elements/BIDS_datasets_selection/HCP_YOUNG_bids/sub-615744/ses-1/anat/sub-615744_ses-1_T1w.nii.gz,,,,,sub-615744,ses-1,260,311,260,0.7,0.7,0.7,65.84487533569336,21023600,19141465,0.9104751327080043,0.0,2894.79443359375,288.50451262692235,43.85240173339844,387.0240219768662,26.45945930480957,1.997502569972494,1.5464260073441811,1.0113402414321904,16.814553833007814,1076.0650146484377,1528.474902343749,0.7672455933510518,0.5496
HCP_YOUNG_bids,/run/media/falconnier/Elements/BIDS_datasets_selection/HCP_YOUNG_bids/sub-616645/ses-1/anat/sub-616645_ses-1_T1w.nii.gz,,,,,sub-616645,ses-1,260,311,260,0.7,0.7,0.7,67.9884090423584,21023600,19756653,0.9397369147053787,0.0,4507.951171875,389.66785929154696,61.503597259521484,488.93397973890194,48.6463098526001,1.7332131757821978,1.4097848539717115,0.447572660446167,16.691576766967774,1354.0381347656248,1967.9711035156256,0.517052131862831,0.5839
HCP_YOUNG_bids,/run/media/falconnier/Elements/BIDS_datasets_selection/HCP_YOUNG_bids/sub-617748/ses-1/anat/sub-617748_ses-1_T1w.nii.gz,,,,,sub-617748,ses-1,260,311,260,0.7,0.7,0.7,67.7900915145874,21023600,19707755,0.9374110523411785,0.0,3193.44921875,384.5359387892181,90.5245132446289,451.9357578759211,79.66180515289307,0.6419990189544795,1.1420287715823556,0.20173875361680987,15.70304079055786,1248.6796020507813,1711.939113769532,0.7349324160722938,0.6073
HCP_YOUNG_bids,/run/media/falconnier/Elements/BIDS_datasets_selection/HCP_YOUNG_bids/sub-618952/ses-1/anat/sub-618952_ses-1_T1w.nii.gz,,,,,sub-618952,ses-1,260,311,260,0.7,0.7,0.7,68.42148208618164,21023600,19829527,0.9432032097262124,0.0,3884.9775390625,425.02574614606993,174.39256286621094,498.36453644811706,159.77706718444824,1.8298018091791874,1.3534348630266428,0.17852881819009783,13.124796390533447,1374.2874511718746,2021.762661132807,0.6274993544987418,0.6115
HCP_YOUNG_bids,/run/media/falconnier/Elements/BIDS_datasets_selection/HCP_YOUNG_bids/sub-620434/ses-1/anat/sub-620434_ses-1_T1w.nii.gz,,,,,sub-620434,ses-1,260,311,260,0.7,0.7,0.7,67.48432731628418,21023600,19672152,0.9357175745352841,0.0,3713.287109375,317.19047739436724,44.9790096282959,417.87901285657273,29.99117422103882,1.3947412959758454,1.4289063213386868,0.2915636196732521,14.973353481292724,1179.0191406249996,1611.7762329101542,0.6080965426121818,0.564
HCP_YOUNG_bids,/run/media/falconnier/Elements/BIDS_datasets_selection/HCP_YOUNG_bids/sub-622236/ses-1/anat/sub-622236_ses-1_T1w.nii.gz,,,,,sub-622236,ses-1,260,311,260,0.7,0.7,0.7,67.75886154174805,21023600,19700870,0.9370835632336992,0.0,3253.28759765625,351.8272463626281,61.77253532409668,436.1677620159648,47.745747566223145,1.5710537758617775,1.3801845932342995,0.21493951544165613,17.41397542953491,1204.09375,1741.802043457029,0.7103486376190504,0.5881
HCP_YOUNG_bids,/run/media/falconnier/Elements/BIDS_datasets_selection/HCP_YOUNG_bids/sub-623137/ses-1/anat/sub-623137_ses-1_T1w.nii.gz,,,,,sub-623137,ses-1,260,311,260,0.7,0.7,0.7,69.84458923339844,21023600,20258708,0.9636174584752374,0.0,3271.899658203125,310.05396306977815,45.453330993652344,414.7146813772057,32.0138578414917,1.5197893148523844,1.437977214268917,0.1572042201459408,10.659272480010987,1132.4342834472654,1617.2533435058585,0.6899856722923979,0.5669
HCP_YOUNG_bids,/run/media/falconnier/Elements/BIDS_datasets_selection/HCP_YOUNG_bids/sub-623844/ses-1/anat/sub-623844_ses-1_T1w.nii.gz,,,,,sub-623844,ses-1,260,311,260,0.7,0.7,0.7,67.84853935241699,21023600,19740193,0.9389539850453775,0.0,3629.20068359375,359.5079694765625,84.16559600830078,439.3176316968469,69.58969783782959,1.853837461337398,1.4177952545112182,0.17497411251068115,17.532944107055666,1222.8655273437498,1782.968276367179,0.6445490335642291,0.5946
HCP_YOUNG_bids,/run/media/falconnier/Elements/BIDS_datasets_selection/HCP_YOUNG_bids/sub-626648/ses-1/anat/sub-626648_ses-1_T1w.nii.gz,,,,,sub-626648,ses-1,260,311,260,0.7,0.7,0.7,67.36763381958008,21023600,19610555,0.9327876767061778,0.0,2941.2158203125,306.57866761117845,60.28133773803711,382.5660879092299,44.848618507385254,1.5921346961420353,1.3813076351529225,0.45176413118839265,16.192411994934083,1041.373059082032,1498.8854321289064,0.7726121784653182,0.5843
HCP_YOUNG_bids,/run/media/falconnier/Elements/BIDS_datasets_selection/HCP_YOUNG_bids/sub-627852/ses-1/anat/sub-627852_ses-1_T1w.nii.gz,,,,,sub-627852,ses-1,260,311,260,0.7,0.7,0.7,68.91438388824463,21023600,20041854,0.9533026693810766,0.0,3572.907958984375,395.6072469676307,148.5643081665039,462.94360886153925,131.79001140594482,1.2342190148730818,1.2611957846626485,0.5725182020664215,16.767799282073973,1292.922607421875,1834.0234729003896,0.6653729051279625,0.6156
HCP_YOUNG_bids,/run/media/falconnier/Elements/BIDS_datasets_selection/HCP_YOUNG_bids/sub-627549/ses-1/anat/sub-627549_ses-1_T1w.nii.gz,,,,,sub-627549,ses-1,260,311,260,0.7,0.7,0.7,66.89098262786865,21023600,19478124,0.9264885176658613,0.0,2375.449951171875,290.6075039596181,40.20589256286621,376.3257690596493,24.55057954788208,0.583524834966231,1.2600804098103986,0.06085523415356878,14.794048929214478,1053.5803039550779,1381.4841040039055,0.92573751555052,0.5666
HCP_YOUNG_bids,/run/media/falconnier/Elements/BIDS_datasets_selection/HCP_YOUNG_bids/sub-628248/ses-1/anat/sub-628248_ses-1_T1w.nii.gz,,,,,sub-628248,ses-1,260,311,260,0.7,0.7,0.7,68.34570121765137,21023600,19907169,0.9468962974942445,0.0,4098.875,365.3800161370403,106.91996002197266,424.4379823296254,91.25827693939209,0.6298593861799544,1.14117265064105,0.31558150172233573,17.24446334838867,1182.6605224609375,1609.043676757813,0.572880932907387,0.6157
HCP_YOUNG_bids,/run/media/falconnier/Elements/BIDS_datasets_selection/HCP_YOUNG_bids/sub-633847/ses-1/anat/sub-633847_ses-1_T1w.nii.gz,,,,,sub-633847,ses-1,260,311,260,0.7,0.7,0.7,67.92526531219482,21023600,19744337,0.9391510968625735,0.0,4090.105224609375,315.34112861335853,45.788978576660156,411.79594708389135,29.68927574157715,2.0530995145312927,1.4889603220023555,0.05711322620511057,15.973194122314453,1136.1650878906248,1601.3878320312506,0.5508699029913624,0.5689
HCP_YOUNG_bids,/run/media/falconnier/Elements/BIDS_datasets_selection/HCP_YOUNG_bids/sub-634748/ses-1/anat/sub-634748_ses-1_T1w.nii.gz,,,,,sub-634748,ses-1,260,311,260,0.7,0.7,0.7,66.98067474365234,21023600,19532927,0.9290952548564471,0.0,3962.78759765625,299.7273319192708,38.029510498046875,421.15558554130774,20.21111297607422,2.4656159789289465,1.6383418812819606,4.247426033020021,15.418426132202148,1156.6862426757812,1678.7811816406238,0.5522824552870559,0.5373
HCP_YOUNG_bids,/run/media/falconnier/Elements/BIDS_datasets_selection/HCP_YOUNG_bids/sub-635245/ses-1/anat/sub-635245_ses-1_T1w.nii.gz,,,,,sub-635245,ses-1,260,311,260,0.7,0.7,0.7,68.37516021728516,21023600,19856480,0.9444852451530661,0.0,4190.85888671875,399.71785270222426,164.00601959228516,463.4397718019806,146.05457592010498,1.4887482214779117,1.296229481694628,0.31638893902301796,17.231509971618653,1285.809503173829,1893.215434570313,0.5714332858094581,0.6163
HCP_YOUNG_bids,/run/media/falconnier/Elements/BIDS_datasets_selection/HCP_YOUNG_bids/sub-638049/ses-1/anat/sub-638049_ses-1_T1w.nii.gz,,,,,sub-638049,ses-1,260,311,260,0.7,0.7,0.7,67.60660743713379,21023600,19648767,0.9346052531440857,0.0,2752.682861328125,289.5253400024707,50.53573226928711,366.02319035704386,36.30918884277344,1.4598210923579167,1.3885881262415956,0.11991862297058106,15.711254692077636,1005.5760803222654,1427.5745556640622,0.8153316246386685,0.58
HCP_YOUNG_bids,/run/media/falconnier/Elements/BIDS_datasets_selection/HCP_YOUNG_bids/sub-644044/ses-1/anat/sub-644044_ses-1_T1w.nii.gz,,,,,sub-644044,ses-1,260,311,260,0.7,0.7,0.7,67.78800106048584,21023600,19647606,0.9345500294906677,0.0,3705.55908203125,372.09265384938504,70.06890487670898,462.63944861562317,61.66657829284668,1.5077760958211073,1.3736804935677915,0.03645267020910982,11.856828451156616,1284.8019104003906,1847.5015380859368,0.6385838923755927,0.5857
HCP_YOUNG_bids,/run/media/falconnier/Elements/BIDS_datasets_selection/HCP_YOUNG_bids/sub-645450/ses-1/anat/sub-645450_ses-1_T1w.nii.gz,,,,,sub-645450,ses-1,260,311,260,0.7,0.7,0.7,68.45108890533447,21023600,19854633,0.9443973915028825,0.0,3816.078857421875,304.8537496674277,46.50386047363281,412.73573023456225,31.76013946533203,1.6872742689131277,1.5040172150755373,0.17794286012649538,11.622421264648438,1159.0172119140625,1609.091064453125,0.5928882327735596,0.5566
HCP_YOUNG_bids,/run/media/falconnier/Elements/BIDS_datasets_selection/HCP_YOUNG_bids/sub-647858/ses-1/anat/sub-647858_ses-1_T1w.nii.gz,,,,,sub-647858,ses-1,260,311,260,0.7,0.7,0.7,68.15063858032227,21023600,19820356,0.9427669856732434,0.0,3444.598876953125,387.24482202317165,133.11814880371094,455.9411471143237,116.43407821655273,1.259188965186767,1.2762477559955594,0.48785901665687564,17.006853103637695,1258.1291809082031,1844.3503723144509,0.689455849196642,0.6096
HCP_YOUNG_bids,/run/media/falconnier/Elements/BIDS_datasets_selection/HCP_YOUNG_bids/sub-645551/ses-1/anat/sub-645551_ses-1_T1w.nii.gz,,,,,sub-645551,ses-1,260,311,260,0.7,0.7,0.7,67.73134517669678,21023600,19724575,0.9382111056146426,0.0,4395.91943359375,329.463993324876,38.56591796875,462.48085175859,20.708114624023438,2.4647877164275025,1.6255916135979487,1.159444527626037,16.032754325866698,1302.383532714844,1775.909423828125,0.5032822617849625,0.5403
HCP_YOUNG_bids,/run/media/falconnier/Elements/BIDS_datasets_selection/HCP_YOUNG_bids/sub-654350/ses-1/anat/sub-654350_ses-1_T1w.nii.gz,,,,,sub-654350,ses-1,260,311,260,0.7,0.7,0.7,67.87629985809326,21023600,19686297,0.9363903898475998,0.0,3395.94775390625,312.8676900413794,63.55998611450195,384.9789295479449,53.02003192901611,1.1042971344264654,1.3023987296584667,0.05070871502161025,11.289074516296388,1069.575927734375,1501.3511279296836,0.682382265324988,0.5906
HCP_YOUNG_bids,/run/media/falconnier/Elements/BIDS_datasets_selection/HCP_YOUNG_bids/sub-654552/ses-1/anat/sub-654552_ses-1_T1w.nii.gz,,,,,sub-654552,ses-1,260,311,260,0.7,0.7,0.7,66.72625541687012,21023600,19389849,0.9222896649479633,0.0,4424.50244140625,384.8078086853939,68.3901138305664,472.9374892733983,56.606934547424316,2.07265175038557,1.402831483255336,0.24081964910030365,16.635829162597656,1287.9421386718736,1856.5150146484375,0.5269708341266416,0.5856
HCP_YOUNG_bids,/run/media/falconnier/Elements/BIDS_datasets_selection/HCP_YOUNG_bids/sub-654754/ses-1/anat/sub-654754_ses-1_T1w.nii.gz,,,,,sub-654754,ses-1,260,311,260,0.7,0.7,0.7,68.123366355896,21023600,19831187,0.943282168610514,0.0,4045.492919921875,282.3198790340191,37.2796745300293,393.85256147103723,19.721885681152344,2.177430466822761,1.5767946728274633,0.04884989246726036,14.989121055603027,1086.4982543945312,1506.74032714844,0.5373417554307454,0.5445
HCP_YOUNG_bids,/run/media/falconnier/Elements/BIDS_datasets_selection/HCP_YOUNG_bids/sub-656253/ses-1/anat/sub-656253_ses-1_T1w.nii.gz,,,,,sub-656253,ses-1,260,311,260,0.7,0.7,0.7,69.78273010253906,21023600,20247107,0.9630656500313933,0.0,3604.60888671875,355.7486075993929,142.63531494140625,413.4043020815985,127.56305122375488,1.295222462380658,1.284777833913592,0.4136542367935181,13.075537586212159,1167.4033203125,1647.3441796875013,0.663002616458564,0.6225
HCP_YOUNG_bids,/run/media/falconnier/Elements/BIDS_datasets_selection/HCP_YOUNG_bids/sub-656657/ses-1/anat/sub-656657_ses-1_T1w.nii.gz,,,,,sub-656657,ses-1,260,311,260,0.7,0.7,0.7,68.33510112762451,21023600,19845550,0.9439653532220933,0.0,4781.1572265625,515.7479194683517,330.1817932128906,584.9118681843272,301.9170665740967,3.09918798141391,1.538935580906201,0.12116931878030299,18.981781482696533,1624.0382080078125,2499.803591308594,0.529154317432667,0.6259
HCP_YOUNG_bids,/run/media/falconnier/Elements/BIDS_datasets_selection/HCP_YOUNG_bids/sub-657659/ses-1/anat/sub-657659_ses-1_T1w.nii.gz,,,,,sub-657659,ses-1,260,311,260,0.7,0.7,0.7,67.8391695022583,21023600,19811274,0.9423349949580472,0.0,2808.06201171875,281.3354230312951,38.62092590332031,382.3824065365132,21.543049812316895,1.9781849118401258,1.5366093061530544,0.3541820690035821,15.515727090835572,1055.282958984375,1504.3312426757811,0.7780897885579298,0.5545
HCP_YOUNG_bids,/run/media/falconnier/Elements/BIDS_datasets_selection/HCP_YOUNG_bids/sub-660951/ses-1/anat/sub-660951_ses-1_T1w.nii.gz,,,,,sub-660951,ses-1,260,311,260,0.7,0.7,0.7,66.70355606079102,21023600,19405258,0.9230226031697711,0.0,2769.5712890625,321.9862229791139,52.12370681762695,401.57317428569195,37.059356689453125,1.019488925083948,1.291408726853397,0.9603414529561997,16.23487949371338,1116.4706176757809,1546.9590026855467,0.8179873420335111,0.5804
HCP_YOUNG_bids,/run/media/falconnier/Elements/BIDS_datasets_selection/HCP_YOUNG_bids/sub-662551/ses-1/anat/sub-662551_ses-1_T1w.nii.gz,,,,,sub-662551,ses-1,260,311,260,0.7,0.7,0.7,66.53629112243652,21023600,19266163,0.9164064670180179,0.0,4206.13818359375,386.42264370918895,93.48892974853516,477.20248999638983,83.48508167266846,1.611313185908453,1.3987751522106795,0.2853261423110962,12.79891233444214,1346.9882934570296,1900.9059814453112,0.5684023761241984,0.5823
HCP_YOUNG_bids,/run/media/falconnier/Elements/BIDS_datasets_selection/HCP_YOUNG_bids/sub-664757/ses-1/anat/sub-664757_ses-1_T1w.nii.gz,,,,,sub-664757,ses-1,260,311,260,0.7,0.7,0.7,67.17565822601318,21023600,19552663,0.9300340093989612,0.0,3112.744384765625,340.40686139872264,52.80546188354492,424.9362632816063,38.5440149307251,0.9238841014514656,1.2768565340088631,0.09700941622257232,15.973074054718017,1183.4588623046875,1635.2226733398434,0.7340579363077991,0.5821
HCP_YOUNG_bids,/run/media/falconnier/Elements/BIDS_datasets_selection/HCP_YOUNG_bids/sub-663755/ses-1/anat/sub-663755_ses-1_T1w.nii.gz,,,,,sub-663755,ses-1,260,311,260,0.7,0.7,0.7,68.70445251464844,21023600,19950622,0.9489631652048175,0.0,4146.64306640625,303.2668185062874,50.79511642456055,382.7419087406561,40.32357358932495,1.1354764706147273,1.3259960633458447,0.20744948908686636,10.7904052734375,1058.9473815917968,1478.2768298339843,0.5503150641032785,0.5848
HCP_YOUNG_bids,/run/media/falconnier/Elements/BIDS_datasets_selection/HCP_YOUNG_bids/sub-665254/ses-1/anat/sub-665254_ses-1_T1w.nii.gz,,,,,sub-665254,ses-1,260,311,260,0.7,0.7,0.7,66.43058967590332,21023600,19313163,0.9186420498867939,0.0,3723.350830078125,303.7101243196612,45.89892578125,390.0833228166563,30.21294593811035,1.3516224246847406,1.3752938024900216,0.2674502235651016,16.052916908264162,1081.8491088867186,1496.1286572265572,0.602507341751874,0.5679
HCP_YOUNG_bids,/run/media/falconnier/Elements/BIDS_datasets_selection/HCP_YOUNG_bids/sub-667056/ses-1/anat/sub-667056_ses-1_T1w.nii.gz,,,,,sub-667056,ses-1,260,311,260,0.7,0.7,0.7,67.84898567199707,21023600,19758165,0.9398088338819232,0.0,3174.68017578125,335.83936181447496,49.487361907958984,426.6398522003227,34.17719554901123,1.772549960860979,1.4304426475745262,1.254757056236267,16.435242462158204,1179.6275146484377,1711.4047509765624,0.7155430051010603,0.5795
HCP_YOUNG_bids,/run/media/falconnier/Elements/BIDS_datasets_selection/HCP_YOUNG_bids/sub-668361/ses-1/anat/sub-668361_ses-1_T1w.nii.gz,,,,,sub-668361,ses-1,260,311,260,0.7,0.7,0.7,68.28392696380615,21023600,19819944,0.9427473886489469,0.0,3537.171630859375,305.331788600314,42.644989013671875,412.54645772239576,28.885746955871582,2.171478814231701,1.5471894909733837,0.5108113408088684,11.216814756393433,1124.803289794921,1659.3052795410158,0.6337006455580236,0.5565
HCP_YOUNG_bids,/run/media/falconnier/Elements/BIDS_datasets_selection/HCP_YOUNG_bids/sub-671855/ses-1/anat/sub-671855_ses-1_T1w.nii.gz,,,,,sub-671855,ses-1,260,311,260,0.7,0.7,0.7,68.20505046844482,21023600,19871467,0.9451981106946479,0.0,3752.937255859375,367.8620020929778,119.1751937866211,428.1490877086601,102.71857452392578,1.423995643841053,1.2646721642044438,0.5172683191299439,17.467525482177734,1160.0579467773437,1703.454306640625,0.6267904943057638,0.6149
HCP_YOUNG_bids,/run/media/falconnier/Elements/BIDS_datasets_selection/HCP_YOUNG_bids/sub-672756/ses-1/anat/sub-672756_ses-1_T1w.nii.gz,,,,,sub-672756,ses-1,260,311,260,0.7,0.7,0.7,68.21256351470947,21023600,19837598,0.9435871116269335,0.0,3779.830078125,400.6027002750355,82.00675582885742,496.02065724203743,70.530770778656,2.155629305184881,1.469995125427792,0.35338318049907685,16.770127964019775,1363.6427551269526,2062.8721875000047,0.6239708077963987,0.5909
HCP_YOUNG_bids,/run/media/falconnier/Elements/BIDS_datasets_selection/HCP_YOUNG_bids/sub-673455/ses-1/anat/sub-673455_ses-1_T1w.nii.gz,,,,,sub-673455,ses-1,260,311,260,0.7,0.7,0.7,66.23515605926514,21023600,19185593,0.9125741071938203,0.0,3664.390625,301.1340015810654,48.77776336669922,408.5329384365562,35.19272041320801,2.881002813543998,1.6842015951023614,0.5331753182411195,11.911065101623535,1122.7071289062487,1686.280791015619,0.6213969082328127,0.5462
HCP_YOUNG_bids,/run/media/falconnier/Elements/BIDS_datasets_selection/HCP_YOUNG_bids/sub-675661/ses-1/anat/sub-675661_ses-1_T1w.nii.gz,,,,,sub-675661,ses-1,260,311,260,0.7,0.7,0.7,68.54332828521729,21023600,19878845,0.9455490496394529,0.0,4481.748046875,439.28359106831044,160.44708251953125,529.6854688091657,143.1847858428955,2.5371524684744102,1.5007930795485513,0.23650558888912201,17.650322341918947,1447.6925292968754,2238.656904296874,0.540283246390434,0.6022
HCP_YOUNG_bids,/run/media/falconnier/Elements/BIDS_datasets_selection/HCP_YOUNG_bids/sub-677766/ses-1/anat/sub-677766_ses-1_T1w.nii.gz,,,,,sub-677766,ses-1,260,311,260,0.7,0.7,0.7,68.77810859680176,21023600,20038681,0.9531517437546376,0.0,3538.568359375,330.4080980063734,59.837955474853516,410.6215573720356,47.342230796813965,1.962455349181961,1.4222199199646246,0.11691555976867679,15.890389442443848,1116.9107666015625,1629.717333984373,0.6485679081994776,0.5928
HCP_YOUNG_bids,/run/media/falconnier/Elements/BIDS_datasets_selection/HCP_YOUNG_bids/sub-677968/ses-1/anat/sub-677968_ses-1_T1w.nii.gz,,,,,sub-677968,ses-1,260,311,260,0.7,0.7,0.7,68.71251392364502,21023600,20006411,0.9516168020700546,0.0,2731.882568359375,260.6819976332901,40.20233154296875,336.84648194245545,24.06313133239746,1.0124877697071017,1.3359411124599179,0.14312781989574433,15.059766292572021,934.8832092285156,1256.7821166992153,0.7983451517844983,0.577
HCP_YOUNG_bids,/run/media/falconnier/Elements/BIDS_datasets_selection/HCP_YOUNG_bids/sub-679568/ses-1/anat/sub-679568_ses-1_T1w.nii.gz,,,,,sub-679568,ses-1,260,311,260,0.7,0.7,0.7,67.68543338775635,21023600,19705897,0.9373226754694725,0.0,3004.7412109375,254.68738499357445,37.37033462524414,353.0246286218297,19.176496505737305,2.27779337611514,1.6169910947555037,0.2874632620811462,15.802239799499512,966.2992675781245,1407.5757861328075,0.7166726147661009,0.5461
HCP_YOUNG_bids,/run/media/falconnier/Elements/BIDS_datasets_selection/HCP_YOUNG_bids/sub-680250/ses-1/anat/sub-680250_ses-1_T1w.nii.gz,,,,,sub-680250,ses-1,260,311,260,0.7,0.7,0.7,68.3503885269165,21023600,19835141,0.9434702429650488,0.0,2943.3056640625,287.8614210325387,46.23614501953125,377.8673921537356,32.15388107299805,1.6432574629740655,1.441834572113365,0.16028344631195068,11.246569633483887,1035.98291015625,1458.4024902343763,0.7628255115524998,0.5682
HCP_YOUNG_bids,/run/media/falconnier/Elements/BIDS_datasets_selection/HCP_YOUNG_bids/sub-679770/ses-1/anat/sub-679770_ses-1_T1w.nii.gz,,,,,sub-679770,ses-1,260,311,260,0.7,0.7,0.7,69.94237613677979,21023600,20294965,0.9653420441789228,0.0,3437.0185546875,378.2850992114284,73.53407287597656,477.5142534176597,63.95738220214844,2.0330568620438907,1.4815570327398662,0.5695553421974182,12.60379238128662,1320.002563476563,1977.6865185546867,0.6887551955778768,0.591
HCP_YOUNG_bids,/run/media/falconnier/Elements/BIDS_datasets_selection/HCP_YOUNG_bids/sub-680452/ses-1/anat/sub-680452_ses-1_T1w.nii.gz,,,,,sub-680452,ses-1,260,311,260,0.7,0.7,0.7,68.08331966400146,21023600,19726302,0.9382932513936719,0.0,3769.015869140625,336.80464573846314,64.68684387207031,412.80852067485677,54.46845006942749,0.947753547912074,1.25045823949323,0.12521723777055743,11.277497005462648,1139.2939392089843,1571.7292346191384,0.6183143999039443,0.5921
HCP_YOUNG_bids,/run/media/falconnier/Elements/BIDS_datasets_selection/HCP_YOUNG_bids/sub-680957/ses-1/anat/sub-680957_ses-1_T1w.nii.gz,,,,,sub-680957,ses-1,260,311,260,0.7,0.7,0.7,68.02336692810059,21023600,19713412,0.9376801309005118,0.0,3406.44921875,325.46759833691624,59.8878231048584,401.72151283085424,51.43401288986206,1.0508652620621701,1.2769346039900202,0.02931519014760853,10.073349618911744,1104.4457885742186,1555.8270678710942,0.6796260916023699,0.5892
HCP_YOUNG_bids,/run/media/falconnier/Elements/BIDS_datasets_selection/HCP_YOUNG_bids/sub-683256/ses-1/anat/sub-683256_ses-1_T1w.nii.gz,,,,,sub-683256,ses-1,260,311,260,0.7,0.7,0.7,66.80014419555664,21023600,19435289,0.9244510454917331,0.0,2899.225341796875,281.1859075758435,43.85646057128906,361.1369144650231,28.553807258605957,1.546974259499657,1.4133247654856007,0.5043079113960266,15.55095329284668,991.0226196289061,1415.7190234375003,0.7645430177614486,0.5703
HCP_YOUNG_bids,/run/media/falconnier/Elements/BIDS_datasets_selection/HCP_YOUNG_bids/sub-685058/ses-1/anat/sub-685058_ses-1_T1w.nii.gz,,,,,sub-685058,ses-1,260,311,260,0.7,0.7,0.7,67.32129764556885,21023600,19575156,0.9311039022812458,0.0,3174.679443359375,344.8128860418952,132.7076873779297,395.38344618661415,116.0361499786377,0.924979352025944,1.1919543987853858,0.25566943585872665,16.526017665863037,1103.7915344238281,1549.6134216308587,0.7368169831932597,0.6153
HCP_YOUNG_bids,/run/media/falconnier/Elements/BIDS_datasets_selection/HCP_YOUNG_bids/sub-686969/ses-1/anat/sub-686969_ses-1_T1w.nii.gz,,,,,sub-686969,ses-1,260,311,260,0.7,0.7,0.7,68.04256343841553,21023600,19742997,0.9390873589680169,0.0,5174.60986328125,471.9159391677729,260.1549987792969,538.2683492096304,238.7744140625,3.199978997464706,1.5349238314060276,0.2194370794296264,14.39449405670166,1475.2041015625,2284.820039062495,0.48781056519855714,0.6219
HCP_YOUNG_bids,/run/media/falconnier/Elements/BIDS_datasets_selection/HCP_YOUNG_bids/sub-687163/ses-1/anat/sub-687163_ses-1_T1w.nii.gz,,,,,sub-687163,ses-1,260,311,260,0.7,0.7,0.7,68.46026134490967,21023600,19903991,0.946745134039841,0.0,3484.974853515625,422.59736610757363,227.8197021484375,475.9234064873522,204.81314277648926,1.5391823037964514,1.2957935074220759,0.2603627353906631,18.55765438079834,1344.158447265625,1928.878283691408,0.701253771715579,0.6287
HCP_YOUNG_bids,/run/media/falconnier/Elements/BIDS_datasets_selection/HCP_YOUNG_bids/sub-689470/ses-1/anat/sub-689470_ses-1_T1w.nii.gz,,,,,sub-689470,ses-1,260,311,260,0.7,0.7,0.7,68.1821403503418,21023600,19754672,0.9396426872657394,0.0,3447.33251953125,360.0895207975472,104.9340705871582,430.6962669171564,95.15545701980591,1.359789155242999,1.308403988045138,0.09093553625047202,11.30844659805298,1189.7049072265618,1727.9027600097625,0.6887354548173715,0.6024
HCP_YOUNG_bids,/run/media/falconnier/Elements/BIDS_datasets_selection/HCP_YOUNG_bids/sub-690152/ses-1/anat/sub-690152_ses-1_T1w.nii.gz,,,,,sub-690152,ses-1,260,311,260,0.7,0.7,0.7,67.97841167449951,21023600,19735974,0.9387533058087102,0.0,3376.1318359375,377.5386059113326,139.81222534179688,448.5824415157463,121.4746322631836,1.8707422285383073,1.4086043429611221,0.2367736925184727,18.03230199813843,1256.7700256347648,1862.9857238769523,0.7048475190018836,0.6057
HCP_YOUNG_bids,/run/media/falconnier/Elements/BIDS_datasets_selection/HCP_YOUNG_bids/sub-692964/ses-1/anat/sub-692964_ses-1_T1w.nii.gz,,,,,sub-692964,ses-1,260,311,260,0.7,0.7,0.7,67.11257457733154,21023600,19476999,0.9264350063737895,0.0,3896.439453125,409.5518890289768,124.36454010009766,483.41005693545526,113.24871826171875,1.1993235217279485,1.2574523619170621,0.25683886647224435,12.731392765045166,1340.1761596679685,1932.8176342773409,0.6191549296492411,0.6023
HCP_YOUNG_bids,/run/media/falconnier/Elements/BIDS_datasets_selection/HCP_YOUNG_bids/sub-693461/ses-1/anat/sub-693461_ses-1_T1w.nii.gz,,,,,sub-693461,ses-1,260,311,260,0.7,0.7,0.7,68.16546726226807,21023600,19813961,0.942462803706311,0.0,4093.42626953125,345.5039861966117,53.06755447387695,447.29490776947154,37.83919906616211,2.3717251453109984,1.536863349346264,0.9906525492668152,16.757232666015625,1229.2576904296875,1791.386474609374,0.5606115932948038,0.5736
HCP_YOUNG_bids,/run/media/falconnier/Elements/BIDS_datasets_selection/HCP_YOUNG_bids/sub-693764/ses-1/anat/sub-693764_ses-1_T1w.nii.gz,,,,,sub-693764,ses-1,260,311,260,0.7,0.7,0.7,68.56412315368652,21023600,19890965,0.9461255446260393,0.0,3968.93798828125,370.2811052675051,144.90963745117188,424.8370998322122,131.30763721466064,0.9083508710688539,1.192874318979765,0.05389556765556336,12.01594467163086,1191.5994873046875,1650.4334716796875,0.6066461529503362,0.6206
HCP_YOUNG_bids,/run/media/falconnier/Elements/BIDS_datasets_selection/HCP_YOUNG_bids/sub-694362/ses-1/anat/sub-694362_ses-1_T1w.nii.gz,,,,,sub-694362,ses-1,260,311,260,0.7,0.7,0.7,67.55880546569824,21023600,19687172,0.9364320097414335,0.0,3147.257080078125,340.2788563022755,53.67175102233887,433.7814847556563,39.02173137664795,1.5503589680704941,1.3951882517336138,0.27484109759330744,15.910711765289308,1198.8013244628905,1685.4959948730457,0.727524616021397,0.5768
HCP_YOUNG_bids,/run/media/falconnier/Elements/BIDS_datasets_selection/HCP_YOUNG_bids/sub-695768/ses-1/anat/sub-695768_ses-1_T1w.nii.gz,,,,,sub-695768,ses-1,260,311,260,0.7,0.7,0.7,67.95832443237305,21023600,19750388,0.9394389162655301,0.0,3875.101318359375,377.4673724755372,59.91162109375,479.0669722782967,44.274272441864014,2.4356355979227997,1.530756173315003,3.58508408308029,18.23880271911621,1309.5130126953118,1969.270909423824,0.5990354374820255,0.5802
HCP_YOUNG_bids,/run/media/falconnier/Elements/BIDS_datasets_selection/HCP_YOUNG_bids/sub-698168/ses-1/anat/sub-698168_ses-1_T1w.nii.gz,,,,,sub-698168,ses-1,260,311,260,0.7,0.7,0.7,68.63717555999756,21023600,19917858,0.9474047261173157,0.0,3446.14306640625,350.25396918047636,65.79787063598633,438.6558695351558,56.046414375305176,1.6896340600439368,1.4017484853373212,0.25571894824504854,11.795388841629029,1203.6596862792967,1768.0595043945304,0.67969800928942,0.5876
HCP_YOUNG_bids,/run/media/falconnier/Elements/BIDS_datasets_selection/HCP_YOUNG_bids/sub-700634/ses-1/anat/sub-700634_ses-1_T1w.nii.gz,,,,,sub-700634,ses-1,260,311,260,0.7,0.7,0.7,69.17715835571289,21023600,20051406,0.9537570159249605,0.0,3857.29443359375,406.2464353511331,147.59557342529297,478.4897030179598,135.09976053237915,1.3378021607601198,1.2900441057917154,0.031650930643081665,11.67155933380127,1328.3314819335938,1922.8512939453121,0.6290939311083891,0.6134
HCP_YOUNG_bids,/run/media/falconnier/Elements/BIDS_datasets_selection/HCP_YOUNG_bids/sub-701535/ses-1/anat/sub-701535_ses-1_T1w.nii.gz,,,,,sub-701535,ses-1,260,311,260,0.7,0.7,0.7,67.57512283325195,21023600,19666874,0.9354665233356799,0.0,3153.8193359375,326.4716115079053,45.23845672607422,434.5157677986914,28.978252410888672,1.5593333477235012,1.4505183510406194,0.10132349461317064,15.910352611541748,1201.0631103515625,1701.6158544921873,0.7151478329237745,0.5598
HCP_YOUNG_bids,/run/media/falconnier/Elements/BIDS_datasets_selection/HCP_YOUNG_bids/sub-702133/ses-1/anat/sub-702133_ses-1_T1w.nii.gz,,,,,sub-702133,ses-1,260,311,260,0.7,0.7,0.7,66.77373695373535,21023600,19337781,0.919813019654103,0.0,3760.93798828125,297.03674457037795,47.80513381958008,376.96442815612835,36.22706604003906,1.2361695972699325,1.3231644498603914,0.11565178334712987,10.489924430847168,1043.0689697265625,1410.4582763671874,0.6016177581848033,0.5724
HCP_YOUNG_bids,/run/media/falconnier/Elements/BIDS_datasets_selection/HCP_YOUNG_bids/sub-704238/ses-1/anat/sub-704238_ses-1_T1w.nii.gz,,,,,sub-704238,ses-1,260,311,260,0.7,0.7,0.7,67.21787071228027,21023600,19435305,0.9244518065412204,0.0,3744.058837890625,358.227030423574,62.02085494995117,460.3854343302793,52.72862529754639,2.321438386991397,1.5431819950158128,0.22058364987373358,11.707954406738281,1270.2230712890628,1906.7482861328153,0.6266519895322935,0.5702
HCP_YOUNG_bids,/run/media/falconnier/Elements/BIDS_datasets_selection/HCP_YOUNG_bids/sub-705341/ses-1/anat/sub-705341_ses-1_T1w.nii.gz,,,,,sub-705341,ses-1,260,311,260,0.7,0.7,0.7,68.23031806945801,21023600,19838959,0.9436518483989421,0.0,3487.93310546875,373.425635361126,123.50206756591797,447.3609849069857,107.61476421356201,1.85802364728701,1.3951155124543273,0.2872438991069795,16.92804718017578,1236.196081542968,1834.485122070304,0.6755533386209525,0.6038
HCP_YOUNG_bids,/run/media/falconnier/Elements/BIDS_datasets_selection/HCP_YOUNG_bids/sub-706040/ses-1/anat/sub-706040_ses-1_T1w.nii.gz,,,,,sub-706040,ses-1,260,311,260,0.7,0.7,0.7,64.71001434326172,21023600,18745899,0.8916598013660838,0.0,3186.563720703125,293.08168249456463,62.0046501159668,351.22679320770516,51.87336730957031,0.9742011188926494,1.2322818426862712,0.24933595716953277,11.785838413238526,953.024786376953,1349.093388671875,0.7185883067700733,0.5843
HCP_YOUNG_bids,/run/media/falconnier/Elements/BIDS_datasets_selection/HCP_YOUNG_bids/sub-707749/ses-1/anat/sub-707749_ses-1_T1w.nii.gz,,,,,sub-707749,ses-1,260,311,260,0.7,0.7,0.7,67.75137901306152,21023600,19682922,0.9362298559713845,0.0,4015.154541015625,346.72031167285314,53.00107192993164,443.0374019563464,38.201767444610596,2.1176260627260826,1.4800441769168244,0.051716934703290446,16.611994075775147,1215.9979248046875,1770.6671936035118,0.5711001362933257,0.5762
HCP_YOUNG_bids,/run/media/falconnier/Elements/BIDS_datasets_selection/HCP_YOUNG_bids/sub-709551/ses-1/anat/sub-709551_ses-1_T1w.nii.gz,,,,,sub-709551,ses-1,260,311,260,0.7,0.7,0.7,66.77225399017334,21023600,19302590,0.9181391388725052,0.0,4502.38623046875,338.8448739714579,67.11054229736328,432.9729693767298,56.74799871444702,2.7309472399403196,1.5734129788592106,0.09833204016089443,11.714861869812012,1178.3908935546879,1754.4775646972648,0.521073055766871,0.5706
HCP_YOUNG_bids,/run/media/falconnier/Elements/BIDS_datasets_selection/HCP_YOUNG_bids/sub-713239/ses-1/anat/sub-713239_ses-1_T1w.nii.gz,,,,,sub-713239,ses-1,260,311,260,0.7,0.7,0.7,65.40627384185791,21023600,19012194,0.9043262809414182,0.0,3140.318603515625,307.5165606869052,48.744211196899414,392.03830297611444,34.1368408203125,2.02804389396716,1.457686883609986,0.12154913343489167,15.525968074798584,1057.1012390136716,1562.1444494628913,0.7178285343294255,0.566
HCP_YOUNG_bids,/run/media/falconnier/Elements/BIDS_datasets_selection/HCP_YOUNG_bids/sub-715041/ses-1/anat/sub-715041_ses-1_T1w.nii.gz,,,,,sub-715041,ses-1,260,311,260,0.7,0.7,0.7,67.94038486480713,21023600,19672535,0.935735792157385,0.0,3254.473876953125,274.6213802090809,47.7180061340332,363.1304607161015,35.09451961517334,1.5598778719359254,1.4627401586524498,0.01720712035894394,9.981086158752442,995.9460571289064,1444.3016381835946,0.6920926470627159,0.5632
HCP_YOUNG_bids,/run/media/falconnier/Elements/BIDS_datasets_selection/HCP_YOUNG_bids/sub-715647/ses-1/anat/sub-715647_ses-1_T1w.nii.gz,,,,,sub-715647,ses-1,260,311,260,0.7,0.7,0.7,65.27452659606934,21023600,18924787,0.9001687151582032,0.0,3990.852294921875,360.2333454688164,74.29434967041016,458.381415947806,59.234825134277344,2.7368204055072223,1.5804236304738193,0.45380150735378294,17.11773509979248,1255.3001464843746,1888.6180566406256,0.5835303756974685,0.5659
HCP_YOUNG_bids,/run/media/falconnier/Elements/BIDS_datasets_selection/HCP_YOUNG_bids/sub-715950/ses-1/anat/sub-715950_ses-1_T1w.nii.gz,,,,,sub-715950,ses-1,260,311,260,0.7,0.7,0.7,66.21392631530762,21023600,19166374,0.9116599440628627,0.0,3228.55126953125,281.2619327098341,51.675350189208984,364.72732725506495,38.62277412414551,1.7901754900913547,1.477606017291277,0.2356041416525841,11.75278377532959,1004.3493865966796,1446.1611987304686,0.7030168045871994,0.5628
HCP_YOUNG_bids,/run/media/falconnier/Elements/BIDS_datasets_selection/HCP_YOUNG_bids/sub-720337/ses-1/anat/sub-720337_ses-1_T1w.nii.gz,,,,,sub-720337,ses-1,260,311,260,0.7,0.7,0.7,68.00629615783691,21023600,19762956,0.9400367206377594,0.0,3142.55712890625,355.3826914253321,60.84225273132324,446.6554196693545,46.11047315597534,1.6047246080585156,1.414005921835866,0.4682475343346606,17.45881175994873,1254.4835510253906,1784.3986450195307,0.7357646176179431,0.584
HCP_YOUNG_bids,/run/media/falconnier/Elements/BIDS_datasets_selection/HCP_YOUNG_bids/sub-724446/ses-1/anat/sub-724446_ses-1_T1w.nii.gz,,,,,sub-724446,ses-1,260,311,260,0.7,0.7,0.7,67.66840076446533,21023600,19702100,0.9371420689130311,0.0,3364.243896484375,352.0522130129303,72.15783309936523,430.05997676994554,59.29355239868164,1.6868082297773164,1.3757071050537875,0.5980276685953139,16.642352867126466,1179.7079711914075,1749.4328784179716,0.6877878976392917,0.5937
HCP_YOUNG_bids,/run/media/falconnier/Elements/BIDS_datasets_selection/HCP_YOUNG_bids/sub-725751/ses-1/anat/sub-725751_ses-1_T1w.nii.gz,,,,,sub-725751,ses-1,260,311,260,0.7,0.7,0.7,67.44519519805908,21023600,19556233,0.9302038185658023,0.0,4342.53369140625,353.37162621165504,75.24297332763672,433.8234950029275,66.90470790863037,2.1178226769213753,1.4436144020716113,0.261562135219574,12.092208671569825,1182.007568359375,1785.3880224609375,0.5415766410657247,0.5895
HCP_YOUNG_bids,/run/media/falconnier/Elements/BIDS_datasets_selection/HCP_YOUNG_bids/sub-727553/ses-1/anat/sub-727553_ses-1_T1w.nii.gz,,,,,sub-727553,ses-1,260,311,260,0.7,0.7,0.7,66.85373592376709,21023600,19359842,0.9208623642002322,0.0,3992.043701171875,347.1315621574852,70.41515731811523,435.5952446049075,59.17413663864136,2.055046277851596,1.4476621229992417,0.21402489453554155,11.97461280822754,1192.5177978515621,1718.4187670898436,0.5882879228328504,0.5778
HCP_YOUNG_bids,/run/media/falconnier/Elements/BIDS_datasets_selection/HCP_YOUNG_bids/sub-727654/ses-1/anat/sub-727654_ses-1_T1w.nii.gz,,,,,sub-727654,ses-1,260,311,260,0.7,0.7,0.7,68.61625289916992,21023600,19932161,0.948085056793318,0.0,3782.011962890625,265.170743413518,41.569671630859375,353.1471646294083,27.942259788513184,1.2916257437536247,1.410931076005487,0.11360032558441163,10.214052200317383,974.4563598632812,1357.829589843749,0.5840832682127325,0.5638
HCP_YOUNG_bids,/run/media/falconnier/Elements/BIDS_datasets_selection/HCP_YOUNG_bids/sub-728454/ses-1/anat/sub-728454_ses-1_T1w.nii.gz,,,,,sub-728454,ses-1,260,311,260,0.7,0.7,0.7,66.55860424041748,21023600,19274656,0.916810441598965,0.0,3354.343994140625,362.92682176033907,65.27064514160156,458.0397933635727,56.47442102432251,1.9980111661080668,1.465569009250333,0.2458815671503544,11.822997808456421,1263.5518798828125,1870.207440185543,0.7002329819454536,0.5741
HCP_YOUNG_bids,/run/media/falconnier/Elements/BIDS_datasets_selection/HCP_YOUNG_bids/sub-729254/ses-1/anat/sub-729254_ses-1_T1w.nii.gz,,,,,sub-729254,ses-1,260,311,260,0.7,0.7,0.7,68.1512098312378,21023600,19777049,0.9407070625392416,0.0,3177.2880859375,351.095984520853,89.2845230102539,421.09221421048494,75.22117233276367,1.3620232562062338,1.3247888478988235,0.142896141409874,17.284080505371094,1163.2174072265625,1702.4113085937488,0.7342656582874442,0.6022
HCP_YOUNG_bids,/run/media/falconnier/Elements/BIDS_datasets_selection/HCP_YOUNG_bids/sub-729557/ses-1/anat/sub-729557_ses-1_T1w.nii.gz,,,,,sub-729557,ses-1,260,311,260,0.7,0.7,0.7,66.49698734283447,21023600,19337830,0.9198153503681576,0.0,2941.08837890625,290.42182734881743,42.66111183166504,393.6105671937092,25.23496150970459,2.249066522859837,1.5850880174794495,0.3521378326416016,16.245833969116212,1074.1776367187504,1591.3767761230474,0.7538082649752808,0.5487
HCP_YOUNG_bids,/run/media/falconnier/Elements/BIDS_datasets_selection/HCP_YOUNG_bids/sub-731140/ses-1/anat/sub-731140_ses-1_T1w.nii.gz,,,,,sub-731140,ses-1,260,311,260,0.7,0.7,0.7,68.55668449401855,21023600,19951742,0.9490164386689245,0.0,2658.037841796875,293.84820539024025,44.741249084472656,367.77371743841104,30.480327606201172,0.9065105149064512,1.2657606702202093,0.2913716357946396,15.092718553543092,1011.3248779296873,1376.6849121093746,0.836624714260521,0.5879
HCP_YOUNG_bids,/run/media/falconnier/Elements/BIDS_datasets_selection/HCP_YOUNG_bids/sub-732243/ses-1/anat/sub-732243_ses-1_T1w.nii.gz,,,,,sub-732243,ses-1,260,311,260,0.7,0.7,0.7,67.40668964385986,21023600,19631484,0.9337831770010845,0.0,3676.66552734375,298.9597030244772,46.33306121826172,382.562177402265,32.33567523956299,1.7533292659118302,1.4347099377266956,4.322523956298829,14.821784734725952,1044.7575439453103,1509.241455078125,0.6108011144785299,0.5749
HCP_YOUNG_bids,/run/media/falconnier/Elements/BIDS_datasets_selection/HCP_YOUNG_bids/sub-734045/ses-1/anat/sub-734045_ses-1_T1w.nii.gz,,,,,sub-734045,ses-1,260,311,260,0.7,0.7,0.7,67.43552207946777,21023600,19609017,0.9327145208242166,0.0,3299.589599609375,334.63593253380407,99.59181213378906,403.6058987421264,84.63792419433594,2.210198323205205,1.456269544024285,0.35847291350364685,16.768201065063476,1112.785888671875,1664.5123095703125,0.702499759662021,0.5978
HCP_YOUNG_bids,/run/media/falconnier/Elements/BIDS_datasets_selection/HCP_YOUNG_bids/sub-734247/ses-1/anat/sub-734247_ses-1_T1w.nii.gz,,,,,sub-734247,ses-1,260,311,260,0.7,0.7,0.7,67.82987213134766,21023600,19720024,0.937994634601115,0.0,3661.0263671875,278.9988528933435,41.86533164978027,368.7618134371136,24.749467849731445,1.65986602307055,1.4680087651600577,0.24244615226984026,16.05965623855591,1026.8924377441404,1432.790771484375,0.6034882910736146,0.5642
HCP_YOUNG_bids,/run/media/falconnier/Elements/BIDS_datasets_selection/HCP_YOUNG_bids/sub-735148/ses-1/anat/sub-735148_ses-1_T1w.nii.gz,,,,,sub-735148,ses-1,260,311,260,0.7,0.7,0.7,67.43201446533203,21023600,19553680,0.930082383606994,0.0,3911.184814453125,381.1610636979012,139.42628479003906,445.06659668835385,126.37999725341797,1.4545461533571649,1.2897085880034098,0.1863514015078545,12.542465066909791,1227.6507629394532,1770.6951831054703,0.6147264416387376,0.6082
HCP_YOUNG_bids,/run/media/falconnier/Elements/BIDS_datasets_selection/HCP_YOUNG_bids/sub-737960/ses-1/anat/sub-737960_ses-1_T1w.nii.gz,,,,,sub-737960,ses-1,260,311,260,0.7,0.7,0.7,67.12440872192383,21023600,19443943,0.9248626781331456,0.0,2838.94091796875,276.28692414968793,48.63058090209961,355.5870668311709,36.20916175842285,1.6289598162279901,1.4391896678387053,0.09881375357508662,11.096433258056642,977.9930908203123,1416.5708154296844,0.7939900445442425,0.5699
HCP_YOUNG_bids,/run/media/falconnier/Elements/BIDS_datasets_selection/HCP_YOUNG_bids/sub-742549/ses-1/anat/sub-742549_ses-1_T1w.nii.gz,,,,,sub-742549,ses-1,260,311,260,0.7,0.7,0.7,67.84530448913574,21023600,19659148,0.9350990315645274,0.0,3551.2236328125,362.9291591698863,111.79952239990234,433.22998268155425,100.40780353546143,1.6642837987890102,1.3605681924515498,0.3226609492301941,12.747397804260254,1203.7250061035147,1752.9592932128908,0.669556126513757,0.602
HCP_YOUNG_bids,/run/media/falconnier/Elements/BIDS_datasets_selection/HCP_YOUNG_bids/sub-744553/ses-1/anat/sub-744553_ses-1_T1w.nii.gz,,,,,sub-744553,ses-1,260,311,260,0.7,0.7,0.7,68.18850898742676,21023600,19770836,0.9404115375102265,0.0,4227.65185546875,279.27957956724765,42.999338150024414,374.26594687675646,29.441014766693115,1.4487373848230787,1.4396856194822192,0.1608462356030941,10.508638143539429,1029.9841613769531,1434.7530334472603,0.5275604574924774,0.5589
HCP_YOUNG_bids,/run/media/falconnier/Elements/BIDS_datasets_selection/HCP_YOUNG_bids/sub-748258/ses-1/anat/sub-748258_ses-1_T1w.nii.gz,,,,,sub-748258,ses-1,260,311,260,0.7,0.7,0.7,67.94426441192627,21023600,19720685,0.9380260754580566,0.0,3772.956787109375,286.2238713374122,46.7657470703125,359.78851165314035,35.51430797576904,1.040200813213282,1.2856216264528915,0.16298895239830016,10.675828742980958,983.6425537109376,1349.5065625000002,0.5965440214165368,0.5824
HCP_YOUNG_bids,/run/media/falconnier/Elements/BIDS_datasets_selection/HCP_YOUNG_bids/sub-748662/ses-1/anat/sub-748662_ses-1_T1w.nii.gz,,,,,sub-748662,ses-1,260,311,260,0.7,0.7,0.7,68.21675682067871,21023600,19796251,0.941620417055119,0.0,3344.70703125,287.5874659073868,53.0090217590332,361.5323187401949,40.98900604248047,1.3586593908913143,1.3569993206659166,0.39258667826652527,11.843698978424072,987.9368591308594,1390.1246948242188,0.6798048438047261,0.5844
HCP_YOUNG_bids,/run/media/falconnier/Elements/BIDS_datasets_selection/HCP_YOUNG_bids/sub-749058/ses-1/anat/sub-749058_ses-1_T1w.nii.gz,,,,,sub-749058,ses-1,260,311,260,0.7,0.7,0.7,67.0976972579956,21023600,19443031,0.9248192983123728,0.0,4086.352783203125,391.96298065574075,121.84637451171875,468.1813597432448,110.96260261535645,1.775451393129508,1.361723870108793,0.21007225662469867,12.393504619598389,1285.4607543945312,1910.8510131835933,0.5860810805135718,0.5976
HCP_YOUNG_bids,/run/media/falconnier/Elements/BIDS_datasets_selection/HCP_YOUNG_bids/sub-749361/ses-1/anat/sub-749361_ses-1_T1w.nii.gz,,,,,sub-749361,ses-1,260,311,260,0.7,0.7,0.7,67.69893741607666,21023600,19642419,0.934303306760022,0.0,4326.77490234375,367.8093356702807,70.16393280029297,464.5814181436472,56.59391212463379,2.09695055673446,1.4614207234099663,0.014235752187669272,15.518190479278564,1259.930712890624,1876.397365722657,0.5397158751705715,0.5798
HCP_YOUNG_bids,/run/media/falconnier/Elements/BIDS_datasets_selection/HCP_YOUNG_bids/sub-751348/ses-1/anat/sub-751348_ses-1_T1w.nii.gz,,,,,sub-751348,ses-1,260,311,260,0.7,0.7,0.7,66.33392238616943,21023600,19262833,0.9162480735934854,0.0,3561.511962890625,351.84964154291356,130.5928192138672,413.9231541618387,113.19613838195801,1.783598616948896,1.357223211057186,0.22476541042327886,17.226841735839844,1145.5020751953125,1682.326274414062,0.6565560728618691,0.6008
HCP_YOUNG_bids,/run/media/falconnier/Elements/BIDS_datasets_selection/HCP_YOUNG_bids/sub-751550/ses-1/anat/sub-751550_ses-1_T1w.nii.gz,,,,,sub-751550,ses-1,260,311,260,0.7,0.7,0.7,66.54892826080322,21023600,19286313,0.9173649137160144,0.0,3432.21728515625,322.2388313351001,46.10881805419922,430.3150560135775,33.64286231994629,2.016519367137523,1.5121642349209743,0.23871183335781096,10.741131782531738,1182.6988769531245,1698.149433593749,0.6628344425744569,0.5524
HCP_YOUNG_bids,/run/media/falconnier/Elements/BIDS_datasets_selection/HCP_YOUNG_bids/sub-753150/ses-1/anat/sub-753150_ses-1_T1w.nii.gz,,,,,sub-753150,ses-1,260,311,260,0.7,0.7,0.7,67.93675518035889,21023600,19709704,0.9375037576818432,0.0,4379.84912109375,437.45279227208954,88.17811584472656,553.2746993181107,79.82543087005615,2.5325427592783596,1.5489202799288062,0.3021114945411682,12.97075366973877,1541.3986267089836,2278.90010986328,0.5524034358288301,0.5807
HCP_YOUNG_bids,/run/media/falconnier/Elements/BIDS_datasets_selection/HCP_YOUNG_bids/sub-753251/ses-1/anat/sub-753251_ses-1_T1w.nii.gz,,,,,sub-753251,ses-1,260,311,260,0.7,0.7,0.7,67.96903419494629,21023600,19696662,0.9368834072185543,0.0,4583.9306640625,470.16350135107365,237.89046478271484,548.0556883122367,219.1836347579956,2.3329941024328384,1.441490157707571,0.29201260894536973,13.797297525405884,1524.5593200683593,2283.170439453126,0.5431670853999007,0.612
HCP_YOUNG_bids,/run/media/falconnier/Elements/BIDS_datasets_selection/HCP_YOUNG_bids/sub-757764/ses-1/anat/sub-757764_ses-1_T1w.nii.gz,,,,,sub-757764,ses-1,260,311,260,0.7,0.7,0.7,66.52660179138184,21023600,19345114,0.920161818147225,0.0,3310.814453125,287.28347065953625,38.757123947143555,402.7604077389634,21.36073589324951,3.0617829633337603,1.7270146688749333,0.6715438252687455,15.768024110794068,1085.535400390625,1674.1179040527345,0.6628681883221813,0.536
HCP_YOUNG_bids,/run/media/falconnier/Elements/BIDS_datasets_selection/HCP_YOUNG_bids/sub-759869/ses-1/anat/sub-759869_ses-1_T1w.nii.gz,,,,,sub-759869,ses-1,260,311,260,0.7,0.7,0.7,67.96610355377197,21023600,19739562,0.9389239711562244,0.0,4412.55029296875,495.5441602092088,218.0741958618164,599.8681631665582,197.36057567596436,2.769396608185003,1.5552065654808034,0.2871446043252945,18.858200550079346,1669.1763916015625,2537.3727368164073,0.5584460800723424,0.5986
HCP_YOUNG_bids,/run/media/falconnier/Elements/BIDS_datasets_selection/HCP_YOUNG_bids/sub-756055/ses-1/anat/sub-756055_ses-1_T1w.nii.gz,,,,,sub-756055,ses-1,260,311,260,0.7,0.7,0.7,69.86884498596191,21023600,20300679,0.9656138339770544,0.0,4452.93505859375,432.3073865628364,123.34496307373047,549.8493162517199,106.50565147399902,3.439760766680738,1.705642484181039,0.6874538254737854,18.36054973602295,1514.0748901367174,2346.4341845703093,0.5411522088389269,0.5895
HCP_YOUNG_bids,/run/media/falconnier/Elements/BIDS_datasets_selection/HCP_YOUNG_bids/sub-760551/ses-1/anat/sub-760551_ses-1_T1w.nii.gz,,,,,sub-760551,ses-1,260,311,260,0.7,0.7,0.7,66.45590686798096,21023600,19252307,0.9157473981620655,0.0,4210.0869140625,322.34596911363536,80.99522399902344,400.0804581033609,65.16340351104736,2.3065241653704147,1.4987239193799478,0.04137862652540207,15.747792434692382,1095.0338989257812,1636.027421875001,0.552558161413355,0.5811
HCP_YOUNG_bids,/run/media/falconnier/Elements/BIDS_datasets_selection/HCP_YOUNG_bids/sub-761957/ses-1/anat/sub-761957_ses-1_T1w.nii.gz,,,,,sub-761957,ses-1,260,311,260,0.7,0.7,0.7,67.6955738067627,21023600,19616267,0.9330593713731236,0.0,3382.359619140625,287.9090522502912,42.52131271362305,397.3364359705186,29.25015640258789,2.367849406321122,1.60902478746701,0.07181904137134552,10.184288883209229,1096.8871704101562,1559.1560888671875,0.6616846479197469,0.5456
HCP_YOUNG_bids,/run/media/falconnier/Elements/BIDS_datasets_selection/HCP_YOUNG_bids/sub-763557/ses-1/anat/sub-763557_ses-1_T1w.nii.gz,,,,,sub-763557,ses-1,260,311,260,0.7,0.7,0.7,68.58779621124268,21023600,19945811,0.9487343271371221,0.0,3556.94873046875,347.60091069847283,135.89459228515625,410.90588046813207,116.29772567749023,2.2035530013975135,1.4599935880963746,0.7493116796016693,18.525322914123535,1146.4080810546875,1723.1702880859375,0.6640548663637571,0.6119
HCP_YOUNG_bids,/run/media/falconnier/Elements/BIDS_datasets_selection/HCP_YOUNG_bids/sub-765056/ses-1/anat/sub-765056_ses-1_T1w.nii.gz,,,,,sub-765056,ses-1,260,311,260,0.7,0.7,0.7,68.40142631530762,21023600,19797337,0.9416720732890657,0.0,4490.03271484375,482.3090647992802,256.46759033203125,569.5635309098719,236.37088775634766,3.2165235662837324,1.6109973599473988,0.2654977798461915,13.847124481201174,1568.0207519531245,2490.6851269531253,0.5593570720074885,0.6098
HCP_YOUNG_bids,/run/media/falconnier/Elements/BIDS_datasets_selection/HCP_YOUNG_bids/sub-767464/ses-1/anat/sub-767464_ses-1_T1w.nii.gz,,,,,sub-767464,ses-1,260,311,260,0.7,0.7,0.7,67.19205284118652,21023600,19579691,0.9313196122452863,0.0,3362.906982421875,258.06076784663975,35.22898483276367,364.93395946806515,18.05738639831543,2.486403994754765,1.6559428593236314,0.4437475949525833,14.805044174194336,996.288330078125,1446.449841308594,0.6389610397152362,0.5361
HCP_YOUNG_bids,/run/media/falconnier/Elements/BIDS_datasets_selection/HCP_YOUNG_bids/sub-766563/ses-1/anat/sub-766563_ses-1_T1w.nii.gz,,,,,sub-766563,ses-1,260,311,260,0.7,0.7,0.7,68.22110080718994,21023600,19811213,0.9423320934568771,0.0,4117.43115234375,395.52459481411887,177.4364776611328,451.26515812246123,158.820219039917,1.246183292081997,1.2293110042656998,0.21820972383022308,16.667346954345703,1245.368896484375,1799.6903417968742,0.5818174062827851,0.6213
HCP_YOUNG_bids,/run/media/falconnier/Elements/BIDS_datasets_selection/HCP_YOUNG_bids/sub-765864/ses-1/anat/sub-765864_ses-1_T1w.nii.gz,,,,,sub-765864,ses-1,260,311,260,0.7,0.7,0.7,67.6699104309082,21023600,19672503,0.9357342700584106,0.0,3972.795654296875,344.6371743643671,53.484283447265625,431.2011347137606,38.31956672668457,1.7082894416261363,1.386841439759546,0.11683790102601055,17.286140632629394,1185.5768798828121,1665.3793481445323,0.5767686829217631,0.5838
HCP_YOUNG_bids,/run/media/falconnier/Elements/BIDS_datasets_selection/HCP_YOUNG_bids/sub-770352/ses-1/anat/sub-770352_ses-1_T1w.nii.gz,,,,,sub-770352,ses-1,260,311,260,0.7,0.7,0.7,68.26944065093994,21023600,19887200,0.9459464601685724,0.0,3310.008056640625,292.42058353116914,36.84109878540039,411.9319111272064,19.23570728302002,2.342947078539088,1.639822246246215,0.40688674926757806,15.5574951171875,1152.8681701660157,1632.071829833993,0.659823317387323,0.5419
HCP_YOUNG_bids,/run/media/falconnier/Elements/BIDS_datasets_selection/HCP_YOUNG_bids/sub-769064/ses-1/anat/sub-769064_ses-1_T1w.nii.gz,,,,,sub-769064,ses-1,260,311,260,0.7,0.7,0.7,68.8508358001709,21023600,19939276,0.9484234859871763,0.0,4409.14111328125,379.68413397875975,58.32638931274414,485.18727533796175,48.77133798599243,2.05211675581035,1.4661105424232774,0.2318669930100441,11.637643814086914,1322.3024291992188,1960.4400939941406,0.5325942044708024,0.5798
HCP_YOUNG_bids,/run/media/falconnier/Elements/BIDS_datasets_selection/HCP_YOUNG_bids/sub-771354/ses-1/anat/sub-771354_ses-1_T1w.nii.gz,,,,,sub-771354,ses-1,260,311,260,0.7,0.7,0.7,67.54047584533691,21023600,19693781,0.9367463707452577,0.0,3077.47900390625,295.38688278722793,38.281410217285156,400.2218421598852,21.202014923095703,1.4815857243358135,1.4545616847292764,0.18027303814888002,15.38178825378418,1108.442626953125,1544.5531494140591,0.7123771503689209,0.5532
HCP_YOUNG_bids,/run/media/falconnier/Elements/BIDS_datasets_selection/HCP_YOUNG_bids/sub-773257/ses-1/anat/sub-773257_ses-1_T1w.nii.gz,,,,,sub-773257,ses-1,260,311,260,0.7,0.7,0.7,67.84275341033936,21023600,19726339,0.9382950113206111,0.0,4032.21875,364.7917833065063,77.80033874511719,436.6662457295334,66.25973892211914,0.9884585587574031,1.2272758279745692,0.07101754754781724,15.967481327056884,1204.234887695312,1685.8068383789064,0.5782703614056615,0.6011
HCP_YOUNG_bids,/run/media/falconnier/Elements/BIDS_datasets_selection/HCP_YOUNG_bids/sub-774663/ses-1/anat/sub-774663_ses-1_T1w.nii.gz,,,,,sub-774663,ses-1,260,311,260,0.7,0.7,0.7,67.57614040374756,21023600,19581982,0.9314285850187408,0.0,4173.35595703125,381.827573543205,88.55126953125,470.85950970309364,79.85157918930054,2.1387835692524986,1.4544406061506365,0.2206826800107956,12.093691062927245,1294.1594848632803,1927.2132043457036,0.5708775296263835,0.5882
HCP_YOUNG_bids,/run/media/falconnier/Elements/BIDS_datasets_selection/HCP_YOUNG_bids/sub-779370/ses-1/anat/sub-779370_ses-1_T1w.nii.gz,,,,,sub-779370,ses-1,260,311,260,0.7,0.7,0.7,67.98035526275635,21023600,19703456,0.9372065678570749,0.0,2979.874267578125,326.82927695372814,67.06022262573242,400.4175719782907,59.079954624176025,1.2324916334993175,1.3083732169159612,0.11975137144327165,10.803963422775269,1111.9000549316406,1559.9216674804675,0.7793114494701087,0.5922
HCP_YOUNG_bids,/run/media/falconnier/Elements/BIDS_datasets_selection/HCP_YOUNG_bids/sub-782561/ses-1/anat/sub-782561_ses-1_T1w.nii.gz,,,,,sub-782561,ses-1,260,311,260,0.7,0.7,0.7,67.83581066131592,21023600,19772700,0.9405001997754904,0.0,2598.354736328125,280.2399529358949,40.48274230957031,365.20505611018757,23.518709182739258,0.8654855582354628,1.3259376376527872,0.9239441460371007,15.70067710876465,1020.1065704345704,1382.2422033691432,0.8424155030842464,0.5697
HCP_YOUNG_bids,/run/media/falconnier/Elements/BIDS_datasets_selection/HCP_YOUNG_bids/sub-784565/ses-1/anat/sub-784565_ses-1_T1w.nii.gz,,,,,sub-784565,ses-1,260,311,260,0.7,0.7,0.7,67.8909912109375,21023600,19743919,0.9391312144447193,0.0,4452.46484375,387.24481584705916,47.41692352294922,530.5263453421691,29.498647689819336,3.1955527800468806,1.704149601987006,0.6752045559883117,17.917331314086915,1471.0068969726549,2120.6674365234376,0.515965568890457,0.5505
HCP_YOUNG_bids,/run/media/falconnier/Elements/BIDS_datasets_selection/HCP_YOUNG_bids/sub-783462/ses-1/anat/sub-783462_ses-1_T1w.nii.gz,,,,,sub-783462,ses-1,260,311,260,0.7,0.7,0.7,69.11314392089844,21023600,20032598,0.9528624022527065,0.0,3827.303955078125,366.66972934895836,99.34075164794922,440.3500350141048,88.52237319946289,1.2054784145799857,1.3133830283660608,0.1372979871928692,12.783515787124633,1258.7225341796875,1751.570083007813,0.6232786452965478,0.606
HCP_YOUNG_bids,/run/media/falconnier/Elements/BIDS_datasets_selection/HCP_YOUNG_bids/sub-786569/ses-1/anat/sub-786569_ses-1_T1w.nii.gz,,,,,sub-786569,ses-1,260,311,260,0.7,0.7,0.7,66.40582275390625,21023600,19274344,0.9167956011339637,0.0,4073.52685546875,278.825689049051,42.60099220275879,396.19163220702706,28.853152751922607,3.6814857086038044,1.83347766028019,0.27901451259851456,10.885138940811157,1085.6944213867182,1657.600200195313,0.54909885217521,0.5302
HCP_YOUNG_bids,/run/media/falconnier/Elements/BIDS_datasets_selection/HCP_YOUNG_bids/sub-788674/ses-1/anat/sub-788674_ses-1_T1w.nii.gz,,,,,sub-788674,ses-1,260,311,260,0.7,0.7,0.7,67.57460308074951,21023600,19636043,0.9340000285393558,0.0,3195.622314453125,326.2541226405369,49.03978729248047,414.41256068672953,34.026103019714355,1.249643962221275,1.3344938398842234,0.12470752581954002,15.827609634399415,1130.6767333984371,1603.9564916992185,0.7084894965366588,0.577
HCP_YOUNG_bids,/run/media/falconnier/Elements/BIDS_datasets_selection/HCP_YOUNG_bids/sub-788876/ses-1/anat/sub-788876_ses-1_T1w.nii.gz,,,,,sub-788876,ses-1,260,311,260,0.7,0.7,0.7,67.70177459716797,21023600,19687009,0.9364242565497821,0.0,3886.21826171875,299.3890024274346,45.550533294677734,406.82874201362415,30.923839569091797,5.187766984291189,1.9525628977616696,0.16761513531208044,15.357135772705078,1051.3237304687486,1792.3481298828033,0.5773774683044839,0.5545
HCP_YOUNG_bids,/run/media/falconnier/Elements/BIDS_datasets_selection/HCP_YOUNG_bids/sub-789373/ses-1/anat/sub-789373_ses-1_T1w.nii.gz,,,,,sub-789373,ses-1,260,311,260,0.7,0.7,0.7,66.90678977966309,21023600,19443316,0.9248328545063643,0.0,3971.154052734375,382.26004786126794,56.54525566101074,487.0809228061782,42.568315505981445,2.3011890290848926,1.5051390946616603,0.5257443130016327,17.201749801635742,1340.1798095703125,1960.1469604492358,0.5841012186871171,0.5732
HCP_YOUNG_bids,/run/media/falconnier/Elements/BIDS_datasets_selection/HCP_YOUNG_bids/sub-792564/ses-1/anat/sub-792564_ses-1_T1w.nii.gz,,,,,sub-792564,ses-1,260,311,260,0.7,0.7,0.7,67.79594898223877,21023600,19719210,0.9379559162084514,0.0,3009.229736328125,287.97380293407014,45.1771183013916,365.60310642851636,30.606420516967773,1.8125130962646754,1.4215249072627723,0.21844762697815892,15.28959035873413,993.011972045899,1417.7135351562501,0.7404885196589186,0.5794
HCP_YOUNG_bids,/run/media/falconnier/Elements/BIDS_datasets_selection/HCP_YOUNG_bids/sub-792766/ses-1/anat/sub-792766_ses-1_T1w.nii.gz,,,,,sub-792766,ses-1,260,311,260,0.7,0.7,0.7,67.55136013031006,21023600,19601752,0.9323689567914154,0.0,4074.9296875,369.26108764124893,168.58731079101562,422.9599449291615,154.14898014068604,1.5938211815638121,1.2855482313918394,0.13939312204718593,11.763505697250366,1165.227337646484,1700.9431811523345,0.5874341174448003,0.6163
HCP_YOUNG_bids,/run/media/falconnier/Elements/BIDS_datasets_selection/HCP_YOUNG_bids/sub-793465/ses-1/anat/sub-793465_ses-1_T1w.nii.gz,,,,,sub-793465,ses-1,260,311,260,0.7,0.7,0.7,67.13455009460449,21023600,19500855,0.9275697311592687,0.0,4400.55029296875,387.8773856586756,160.07241821289062,445.269685572214,142.5775604248047,1.4438836176809167,1.235844557778664,0.16333160489797596,17.36413402557373,1228.8442749023438,1737.7823071289085,0.5359288800040719,0.6133
HCP_YOUNG_bids,/run/media/falconnier/Elements/BIDS_datasets_selection/HCP_YOUNG_bids/sub-792867/ses-1/anat/sub-792867_ses-1_T1w.nii.gz,,,,,sub-792867,ses-1,260,311,260,0.7,0.7,0.7,68.45006656646729,21023600,19906208,0.946850586959417,0.0,3896.11181640625,378.3978482168344,112.71084594726562,445.4697971020231,97.72745323181152,1.266443600599457,1.262203272179401,0.12565640971064568,17.13187599182129,1228.5417053222654,1769.1791821289062,0.6055931646510571,0.6109
HCP_YOUNG_bids,/run/media/falconnier/Elements/BIDS_datasets_selection/HCP_YOUNG_bids/sub-800941/ses-1/anat/sub-800941_ses-1_T1w.nii.gz,,,,,sub-800941,ses-1,260,311,260,0.7,0.7,0.7,68.35941982269287,21023600,19842345,0.94381290549668,0.0,4048.65625,358.84192281126167,111.03327178955078,418.74740482652595,99.2690486907959,0.8301557787811036,1.1917311312083134,0.5762963700294494,12.841505622863771,1170.9924804687503,1641.3518505859324,0.5859220614313762,0.6131
HCP_YOUNG_bids,/run/media/falconnier/Elements/BIDS_datasets_selection/HCP_YOUNG_bids/sub-802844/ses-1/anat/sub-802844_ses-1_T1w.nii.gz,,,,,sub-802844,ses-1,260,311,260,0.7,0.7,0.7,67.93391036987305,21023600,19690443,0.9365875967959817,0.0,3192.797119140625,272.00074803228426,43.40898132324219,355.53904080387474,29.865093231201172,1.0963611351172533,1.3473133119456389,0.06680766507983214,10.368864822387696,972.4098510742188,1342.7510156249991,0.694922245419775,0.567
HCP_YOUNG_bids,/run/media/falconnier/Elements/BIDS_datasets_selection/HCP_YOUNG_bids/sub-803240/ses-1/anat/sub-803240_ses-1_T1w.nii.gz,,,,,sub-803240,ses-1,260,311,260,0.7,0.7,0.7,68.49442100524902,21023600,19957733,0.9493014041363039,0.0,3804.0654296875,334.2569018341504,47.88069152832031,430.9008835551974,32.877535820007324,1.9289440694629727,1.473694085006332,0.14267012000083926,16.06416244506836,1191.5235595703116,1738.9105957031243,0.5970479998879209,0.5771
HCP_YOUNG_bids,/run/media/falconnier/Elements/BIDS_datasets_selection/HCP_YOUNG_bids/sub-804646/ses-1/anat/sub-804646_ses-1_T1w.nii.gz,,,,,sub-804646,ses-1,260,311,260,0.7,0.7,0.7,67.75319480895996,21023600,19726746,0.9383143705169429,0.0,3317.185546875,310.9552327517173,42.83529090881348,413.15334248157683,26.951662063598633,1.7802959987292324,1.471868201477958,0.307929888367653,15.416590213775635,1127.5976867675781,1623.8873107910163,0.6736246844563919,0.5615
HCP_YOUNG_bids,/run/media/falconnier/Elements/BIDS_datasets_selection/HCP_YOUNG_bids/sub-809252/ses-1/anat/sub-809252_ses-1_T1w.nii.gz,,,,,sub-809252,ses-1,260,311,260,0.7,0.7,0.7,67.47962188720703,21023600,19659345,0.9351084019863392,0.0,2925.263671875,329.234225803013,51.131256103515625,406.0045075421669,37.306867599487305,0.9256528816023404,1.2454491522193796,0.10779559671878815,15.92338695526123,1110.555639648438,1545.7475341796867,0.7745183002082437,0.5884
HCP_YOUNG_bids,/run/media/falconnier/Elements/BIDS_datasets_selection/HCP_YOUNG_bids/sub-810439/ses-1/anat/sub-810439_ses-1_T1w.nii.gz,,,,,sub-810439,ses-1,260,311,260,0.7,0.7,0.7,69.87195777893066,21023600,20287073,0.9649666565193402,0.0,4349.490234375,460.2855149742587,198.4027099609375,555.6446127859357,176.44588661193848,3.1147331446340365,1.6129540678015826,1.1991422271728516,20.117036819458008,1540.1114013671868,2374.0914062500015,0.5642681548484338,0.6097
HCP_YOUNG_bids,/run/media/falconnier/Elements/BIDS_datasets_selection/HCP_YOUNG_bids/sub-810843/ses-1/anat/sub-810843_ses-1_T1w.nii.gz,,,,,sub-810843,ses-1,260,311,260,0.7,0.7,0.7,66.68945121765137,21023600,19355353,0.9206488422534675,0.0,3734.083740234375,408.50585008451105,136.88442993164062,490.8452956205992,119.53448486328125,1.8541637123167938,1.3985565010755903,0.2117465502023696,17.593716049194335,1353.9086181640623,2021.3888232421882,0.6427597368487603,0.5944
HCP_YOUNG_bids,/run/media/falconnier/Elements/BIDS_datasets_selection/HCP_YOUNG_bids/sub-812746/ses-1/anat/sub-812746_ses-1_T1w.nii.gz,,,,,sub-812746,ses-1,260,311,260,0.7,0.7,0.7,68.46653652191162,21023600,19965712,0.9496809300024734,0.0,3529.330078125,348.724047658872,67.31423950195312,430.9989923658744,53.725390911102295,1.6476409891334791,1.3963448016253832,0.6034452044963837,16.95019063949585,1204.9332336425773,1726.246677246094,0.6569444460568463,0.5939
HCP_YOUNG_bids,/run/media/falconnier/Elements/BIDS_datasets_selection/HCP_YOUNG_bids/sub-814548/ses-1/anat/sub-814548_ses-1_T1w.nii.gz,,,,,sub-814548,ses-1,260,311,260,0.7,0.7,0.7,67.91169452667236,21023600,19793068,0.9414690157727507,0.0,3272.213623046875,273.705837800027,36.82614707946777,370.70912062288124,20.169174194335938,1.6741712051380633,1.4837438464701351,0.5316933619976044,14.861803770065308,1008.0210144042967,1458.0530151367166,0.6631152847260332,0.5553
HCP_YOUNG_bids,/run/media/falconnier/Elements/BIDS_datasets_selection/HCP_YOUNG_bids/sub-814649/ses-1/anat/sub-814649_ses-1_T1w.nii.gz,,,,,sub-814649,ses-1,260,311,260,0.7,0.7,0.7,67.15876770019531,21023600,19533123,0.9291045777126657,0.0,3042.30810546875,336.28853908531147,70.15190124511719,403.79504070702274,56.68264579772949,1.3109682460264542,1.2887220952809881,0.16097193121910097,16.889204597473146,1107.0109619140621,1591.397814941407,0.7558414800474939,0.5971
HCP_YOUNG_bids,/run/media/falconnier/Elements/BIDS_datasets_selection/HCP_YOUNG_bids/sub-815247/ses-1/anat/sub-815247_ses-1_T1w.nii.gz,,,,,sub-815247,ses-1,260,311,260,0.7,0.7,0.7,68.15619945526123,21023600,19754667,0.9396424494377746,0.0,4541.14404296875,346.75559022592455,81.86128234863281,419.9825354790276,71.85379314422607,1.8755699997172925,1.3979885082972778,0.2758436244726181,12.814903259277344,1151.6328979492187,1717.0909082031249,0.5188247766092811,0.5982
HCP_YOUNG_bids,/run/media/falconnier/Elements/BIDS_datasets_selection/HCP_YOUNG_bids/sub-816653/ses-1/anat/sub-816653_ses-1_T1w.nii.gz,,,,,sub-816653,ses-1,260,311,260,0.7,0.7,0.7,66.73861503601074,21023600,19400429,0.9227929089214026,0.0,3517.7490234375,330.12409392764886,52.47185516357422,416.20698457908986,38.54730033874512,1.927815780214451,1.446727826138594,0.2103335303068161,16.22210807800293,1153.6013183593736,1655.515493164061,0.6480542874838218,0.5767
HCP_YOUNG_bids,/run/media/falconnier/Elements/BIDS_datasets_selection/HCP_YOUNG_bids/sub-818455/ses-1/anat/sub-818455_ses-1_T1w.nii.gz,,,,,sub-818455,ses-1,260,311,260,0.7,0.7,0.7,66.44894027709961,21023600,19348874,0.9203406647767272,0.0,4410.40283203125,347.3092197547551,95.05257415771484,406.783574322699,80.4847092628479,1.038237172120315,1.2227134266713493,0.10506481215357782,17.21214351654053,1133.4786010742182,1559.6489453124996,0.5301234774863895,0.6034
HCP_YOUNG_bids,/run/media/falconnier/Elements/BIDS_datasets_selection/HCP_YOUNG_bids/sub-818859/ses-1/anat/sub-818859_ses-1_T1w.nii.gz,,,,,sub-818859,ses-1,260,311,260,0.7,0.7,0.7,68.44124698638916,21023600,19887904,0.9459799463460111,0.0,4408.91259765625,421.1549532874961,150.6333770751953,498.83544996921626,132.2817611694336,1.7344212963488532,1.352559307759182,0.27612167328596116,18.765619850158693,1388.7205627441404,2001.922955322265,0.5436747363414707,0.6087
HCP_YOUNG_bids,/run/media/falconnier/Elements/BIDS_datasets_selection/HCP_YOUNG_bids/sub-820745/ses-1/anat/sub-820745_ses-1_T1w.nii.gz,,,,,sub-820745,ses-1,260,311,260,0.7,0.7,0.7,67.649338722229,21023600,19697529,0.9369246465876444,0.0,3962.668212890625,364.2909741112276,45.210636138916016,486.32605137912054,27.544031143188477,2.70385684032928,1.619475629923863,0.5782878971099854,17.839989471435548,1347.120629882812,1962.701801757812,0.573867531510683,0.5597
HCP_YOUNG_bids,/run/media/falconnier/Elements/BIDS_datasets_selection/HCP_YOUNG_bids/sub-822244/ses-1/anat/sub-822244_ses-1_T1w.nii.gz,,,,,sub-822244,ses-1,260,311,260,0.7,0.7,0.7,67.36972332000732,21023600,19607779,0.9326556346201412,0.0,2070.0126953125,258.0879275062475,41.52141571044922,333.50577853845886,25.668243408203125,0.6753597324311111,1.291065738726527,0.057351321280002594,14.563875293731689,929.5617004394519,1233.4956567382796,1.0543033806098812,0.5705
HCP_YOUNG_bids,/run/media/falconnier/Elements/BIDS_datasets_selection/HCP_YOUNG_bids/sub-825553/ses-1/anat/sub-825553_ses-1_T1w.nii.gz,,,,,sub-825553,ses-1,260,311,260,0.7,0.7,0.7,69.10266017913818,21023600,20030492,0.9527622291139481,0.0,4801.86083984375,370.8254951670506,144.96239471435547,430.6407255778851,131.97755908966064,1.6384907030593006,1.3000825650043986,0.09711043700575829,12.055014324188233,1187.0227600097655,1714.40485961914,0.4981153993468743,0.6186
HCP_YOUNG_bids,/run/media/falconnier/Elements/BIDS_datasets_selection/HCP_YOUNG_bids/sub-825048/ses-1/anat/sub-825048_ses-1_T1w.nii.gz,,,,,sub-825048,ses-1,260,311,260,0.7,0.7,0.7,67.69335174560547,21023600,19695979,0.9368509199185677,0.0,3173.34423828125,295.38712114589964,41.74038314819336,387.31930583631606,24.650005340576172,1.3520259034378626,1.394115260810748,0.41822438597679135,16.206401443481447,1070.1558959960935,1456.1594506835936,0.6972185288077811,0.5661
HCP_YOUNG_bids,/run/media/falconnier/Elements/BIDS_datasets_selection/HCP_YOUNG_bids/sub-825654/ses-1/anat/sub-825654_ses-1_T1w.nii.gz,,,,,sub-825654,ses-1,260,311,260,0.7,0.7,0.7,68.54332828521729,21023600,19899847,0.946548022222645,0.0,3928.595703125,320.8051814276281,61.44816970825195,391.73255165638767,53.62590408325195,1.2312351671741286,1.279356354106073,0.03828870788216591,10.191921901702882,1072.2572875976562,1502.793891601561,0.5885077484416803,0.5965
HCP_YOUNG_bids,/run/media/falconnier/Elements/BIDS_datasets_selection/HCP_YOUNG_bids/sub-826353/ses-1/anat/sub-826353_ses-1_T1w.nii.gz,,,,,sub-826353,ses-1,260,311,260,0.7,0.7,0.7,67.65476894378662,21023600,19713137,0.9376670503624498,0.0,4245.8984375,281.96551376885077,40.6562385559082,370.9058159079999,23.78130531311035,1.721196694448067,1.4636952157207987,0.4353829991817475,16.11937370300293,1011.5788208007812,1466.7568164062523,0.5174392847436508,0.5656
HCP_YOUNG_bids,/run/media/falconnier/Elements/BIDS_datasets_selection/HCP_YOUNG_bids/sub-826454/ses-1/anat/sub-826454_ses-1_T1w.nii.gz,,,,,sub-826454,ses-1,260,311,260,0.7,0.7,0.7,65.25587749481201,21023600,18894614,0.8987335185220419,0.0,3604.226318359375,320.98046292048684,47.82838821411133,435.0132183443606,34.2196683883667,2.644602034558498,1.6282443812617184,0.27419217973947524,11.613476943969728,1197.7933410644523,1751.5423388671916,0.6332285005820983,0.5412
HCP_YOUNG_bids,/run/media/falconnier/Elements/BIDS_datasets_selection/HCP_YOUNG_bids/sub-827052/ses-1/anat/sub-827052_ses-1_T1w.nii.gz,,,,,sub-827052,ses-1,260,311,260,0.7,0.7,0.7,67.94159889221191,21023600,19784185,0.9410464906105519,0.0,3094.220703125,301.7056695857532,40.94554138183594,403.52011884098874,24.367170333862305,1.92629495239352,1.5075166897284888,0.33389699339866635,15.62087574005127,1106.4569335937508,1603.6445214843752,0.7160649916206161,0.5601
HCP_YOUNG_bids,/run/media/falconnier/Elements/BIDS_datasets_selection/HCP_YOUNG_bids/sub-828862/ses-1/anat/sub-828862_ses-1_T1w.nii.gz,,,,,sub-828862,ses-1,260,311,260,0.7,0.7,0.7,68.89012718200684,21023600,19986524,0.9506708651230046,0.0,3243.209228515625,274.40923308361516,43.38072204589844,375.01331503353293,29.748576641082764,2.434533949917091,1.6069189025945634,0.3852940353751183,10.902386713027955,1017.5829895019529,1500.2758703613276,0.6873627753291938,0.5555
HCP_YOUNG_bids,/run/media/falconnier/Elements/BIDS_datasets_selection/HCP_YOUNG_bids/sub-832651/ses-1/anat/sub-832651_ses-1_T1w.nii.gz,,,,,sub-832651,ses-1,260,311,260,0.7,0.7,0.7,67.33482837677002,21023600,19519945,0.9284777583287354,0.0,4368.22607421875,367.47924899018426,125.82439422607422,431.15646517690095,113.76790142059326,1.58308217896694,1.3141399391324413,0.16402015507221224,12.117840003967284,1191.2001708984376,1722.3687060546836,0.5480684985463263,0.6059
HCP_YOUNG_bids,/run/media/falconnier/Elements/BIDS_datasets_selection/HCP_YOUNG_bids/sub-833148/ses-1/anat/sub-833148_ses-1_T1w.nii.gz,,,,,sub-833148,ses-1,260,311,260,0.7,0.7,0.7,67.80226516723633,21023600,19691787,0.93665152495291,0.0,3491.224609375,388.066218436753,71.45112609863281,480.2323326348072,57.43266296386719,1.7876944045243421,1.4104723336335903,0.3416813957691194,17.70855770111084,1328.72509765625,1957.281530761722,0.6715452054492207,0.5885
HCP_YOUNG_bids,/run/media/falconnier/Elements/BIDS_datasets_selection/HCP_YOUNG_bids/sub-833249/ses-1/anat/sub-833249_ses-1_T1w.nii.gz,,,,,sub-833249,ses-1,260,311,260,0.7,0.7,0.7,67.99370288848877,21023600,19722341,0.9381048440799863,0.0,3119.8603515625,284.7071112406328,48.25114440917969,359.67921590774176,37.71451473236084,0.7522274933437041,1.2474845129231256,0.0071783728897571565,8.818187713623047,998.5588989257812,1299.1585693359384,0.7231213814666778,0.5802
HCP_YOUNG_bids,/run/media/falconnier/Elements/BIDS_datasets_selection/HCP_YOUNG_bids/sub-835657/ses-1/anat/sub-835657_ses-1_T1w.nii.gz,,,,,sub-835657,ses-1,260,311,260,0.7,0.7,0.7,66.45155906677246,21023600,19368566,0.9212773264331513,0.0,3331.626708984375,272.4282995025755,37.820112228393555,372.8718224407021,20.88731288909912,1.9362535010137645,1.5450822098134809,0.9506252139806747,15.340183019638062,1024.4664916992188,1479.5835083007823,0.653788114244225,0.545
HCP_YOUNG_bids,/run/media/falconnier/Elements/BIDS_datasets_selection/HCP_YOUNG_bids/sub-837560/ses-1/anat/sub-837560_ses-1_T1w.nii.gz,,,,,sub-837560,ses-1,260,311,260,0.7,0.7,0.7,67.08437919616699,21023600,19479526,0.9265552046271809,0.0,4022.279052734375,410.98626058691127,81.34831237792969,512.292388146355,67.21952152252197,2.1435365672312834,1.4754448613094344,0.22029539942741394,18.26053476333618,1417.2060852050781,2116.12060546875,0.5895040221975276,0.5824
HCP_YOUNG_bids,/run/media/falconnier/Elements/BIDS_datasets_selection/HCP_YOUNG_bids/sub-837964/ses-1/anat/sub-837964_ses-1_T1w.nii.gz,,,,,sub-837964,ses-1,260,311,260,0.7,0.7,0.7,69.48771667480469,21023600,20141177,0.9580270267699157,0.0,3733.562255859375,357.3716374021206,125.11416625976562,420.9737747104152,112.89046287536621,1.7814669918292703,1.3654902194868501,0.06973166972398757,11.326205062866212,1166.973535156249,1719.8778369140623,0.6424581629130954,0.6156
HCP_YOUNG_bids,/run/media/falconnier/Elements/BIDS_datasets_selection/HCP_YOUNG_bids/sub-841349/ses-1/anat/sub-841349_ses-1_T1w.nii.gz,,,,,sub-841349,ses-1,260,311,260,0.7,0.7,0.7,67.48582077026367,21023600,19657061,0.9349997621720353,0.0,3646.06884765625,338.42704595157915,53.35262680053711,432.9394206530412,38.733272552490234,1.8904986641244381,1.457016260517777,0.40947257280349736,16.2900333404541,1199.0111083984375,1706.66828613281,0.6277185447808884,0.5753
HCP_YOUNG_bids,/run/media/falconnier/Elements/BIDS_datasets_selection/HCP_YOUNG_bids/sub-843151/ses-1/anat/sub-843151_ses-1_T1w.nii.gz,,,,,sub-843151,ses-1,260,311,260,0.7,0.7,0.7,69.50330543518066,21023600,20219135,0.9617351452653209,0.0,3663.662841796875,459.27170813636815,263.68707275390625,514.3746038165882,239.5321044921875,1.2259456563461795,1.245451159330271,0.7203002858161927,19.086641311645508,1480.0737915039067,2069.2748681640633,0.6747185407541266,0.6361
HCP_YOUNG_bids,/run/media/falconnier/Elements/BIDS_datasets_selection/HCP_YOUNG_bids/sub-844961/ses-1/anat/sub-844961_ses-1_T1w.nii.gz,,,,,sub-844961,ses-1,260,311,260,0.7,0.7,0.7,66.34692859649658,21023600,19307696,0.9183820087901216,0.0,2579.994140625,264.89981458987717,36.82326126098633,363.9939048762971,18.15342903137207,1.2871528740332012,1.4511437010268344,0.40316706895828264,15.570550441741943,1018.4246978759766,1381.290673828129,0.8293563979307743,0.5421
HCP_YOUNG_bids,/run/media/falconnier/Elements/BIDS_datasets_selection/HCP_YOUNG_bids/sub-845458/ses-1/anat/sub-845458_ses-1_T1w.nii.gz,,,,,sub-845458,ses-1,260,311,260,0.7,0.7,0.7,67.66035747528076,21023600,19605352,0.9325401929260451,0.0,4179.45947265625,299.98975082643085,46.95713424682617,394.0361107466517,34.0122594833374,1.3830725735276337,1.3934250961135417,0.06305491857230665,10.577097463607789,1098.724365234375,1459.4328491210917,0.5416851464973481,0.5638
HCP_YOUNG_bids,/run/media/falconnier/Elements/BIDS_datasets_selection/HCP_YOUNG_bids/sub-849264/ses-1/anat/sub-849264_ses-1_T1w.nii.gz,,,,,sub-849264,ses-1,260,311,260,0.7,0.7,0.7,68.6599531173706,21023600,19904414,0.9467652542856599,0.0,3221.10302734375,245.2762629667331,40.54594421386719,322.44670232236604,27.181009769439697,0.5869844709664638,1.2761769132392953,0.03840211600065231,9.77135262489319,891.1369232177733,1144.542778320314,0.677113665064528,0.568
HCP_YOUNG_bids,/run/media/falconnier/Elements/BIDS_datasets_selection/HCP_YOUNG_bids/sub-852455/ses-1/anat/sub-852455_ses-1_T1w.nii.gz,,,,,sub-852455,ses-1,260,311,260,0.7,0.7,0.7,67.79742240905762,21023600,19690724,0.9366009627276014,0.0,3278.481689453125,311.4288108066709,50.10342216491699,400.6420237187594,34.12308931350708,2.134777632840975,1.5116260043431078,0.12827098801732068,16.906735610961913,1098.972235107421,1635.5355432128895,0.6903586140593254,0.5743
HCP_YOUNG_bids,/run/media/falconnier/Elements/BIDS_datasets_selection/HCP_YOUNG_bids/sub-849971/ses-1/anat/sub-849971_ses-1_T1w.nii.gz,,,,,sub-849971,ses-1,260,311,260,0.7,0.7,0.7,67.6035327911377,21023600,19651319,0.9347266405373009,0.0,3782.32470703125,365.1163582774846,51.03118896484375,482.2824532368828,35.220343589782715,3.04231222991916,1.6671829819582284,0.6630870592594147,17.369061851501463,1326.1884399414016,2014.7317871093765,0.6084470845651183,0.5635
HCP_YOUNG_bids,/run/media/falconnier/Elements/BIDS_datasets_selection/HCP_YOUNG_bids/sub-856463/ses-1/anat/sub-856463_ses-1_T1w.nii.gz,,,,,sub-856463,ses-1,260,311,260,0.7,0.7,0.7,68.41066837310791,21023600,19868712,0.9450670674860633,0.0,4085.25,335.3452698178808,75.93572235107422,413.0857116194544,62.12115669250488,2.0767234099189986,1.4190818765690478,0.2924199140071871,15.648178005218506,1133.6505126953125,1622.1096069335945,0.5671283281554073,0.5936
HCP_YOUNG_bids,/run/media/falconnier/Elements/BIDS_datasets_selection/HCP_YOUNG_bids/sub-856766/ses-1/anat/sub-856766_ses-1_T1w.nii.gz,,,,,sub-856766,ses-1,260,311,260,0.7,0.7,0.7,67.1655216217041,21023600,19458219,0.9255417245381381,0.0,4728.32275390625,326.68658955781535,58.258697509765625,410.00006793272,48.809391021728516,1.810331042215373,1.3835198011809342,0.02743858955800533,10.509495830535888,1127.2069213867185,1554.9603564453137,0.4904361504136923,0.5789
HCP_YOUNG_bids,/run/media/falconnier/Elements/BIDS_datasets_selection/HCP_YOUNG_bids/sub-856968/ses-1/anat/sub-856968_ses-1_T1w.nii.gz,,,,,sub-856968,ses-1,260,311,260,0.7,0.7,0.7,68.593825340271,21023600,19905893,0.946835603797637,0.0,3942.6240234375,402.13144201297075,158.51129150390625,473.2412148416486,144.31533527374268,1.7207335998827302,1.354566216232787,0.6671716356277467,13.353435516357422,1313.9067871093748,1942.7310546874924,0.6132984875262691,0.6116
HCP_YOUNG_bids,/run/media/falconnier/Elements/BIDS_datasets_selection/HCP_YOUNG_bids/sub-857263/ses-1/anat/sub-857263_ses-1_T1w.nii.gz,,,,,sub-857263,ses-1,260,311,260,0.7,0.7,0.7,67.56472587585449,21023600,19630570,0.9337397020491257,0.0,4300.49072265625,453.23348170905194,254.57967376708984,523.6814942091329,231.27679538726807,2.735215739347538,1.5123179957065698,0.20349901169538498,18.197102069854736,1466.160955810547,2243.8557714843737,0.5735085750560185,0.6149
HCP_YOUNG_bids,/run/media/falconnier/Elements/BIDS_datasets_selection/HCP_YOUNG_bids/sub-859671/ses-1/anat/sub-859671_ses-1_T1w.nii.gz,,,,,sub-859671,ses-1,260,311,260,0.7,0.7,0.7,66.52638816833496,21023600,19407162,0.923113168058753,0.0,2331.369384765625,264.00679521368716,36.41089630126953,349.0375615667465,19.87840747833252,0.9022597343226875,1.3342107657310072,0.6820955795049674,14.415097284317017,969.3137145996093,1298.5450109863286,0.9211572203878962,0.5579
HCP_YOUNG_bids,/run/media/falconnier/Elements/BIDS_datasets_selection/HCP_YOUNG_bids/sub-861456/ses-1/anat/sub-861456_ses-1_T1w.nii.gz,,,,,sub-861456,ses-1,260,311,260,0.7,0.7,0.7,68.5153284072876,21023600,19926543,0.9478178332921098,0.0,3105.56591796875,280.3621845018041,44.46369171142578,354.666156746309,28.444276809692383,0.9523748037735711,1.3016520881514448,0.10506693184375764,15.680567264556885,985.4824035644529,1331.4444604492146,0.7140811541074384,0.5838
HCP_YOUNG_bids,/run/media/falconnier/Elements/BIDS_datasets_selection/HCP_YOUNG_bids/sub-865363/ses-1/anat/sub-865363_ses-1_T1w.nii.gz,,,,,sub-865363,ses-1,260,311,260,0.7,0.7,0.7,68.28847408294678,21023600,19873493,0.94529447858597,0.0,3172.505859375,353.50099642995673,54.86503601074219,440.2989861375583,41.47789478302002,1.3283045172952974,1.3386321632162843,0.30471027970314035,16.29758071899414,1219.0315429687498,1742.8070556640614,0.7229819548306476,0.5885
HCP_YOUNG_bids,/run/media/falconnier/Elements/BIDS_datasets_selection/HCP_YOUNG_bids/sub-867468/ses-1/anat/sub-867468_ses-1_T1w.nii.gz,,,,,sub-867468,ses-1,260,311,260,0.7,0.7,0.7,67.16125392913818,21023600,19430383,0.9242176886927073,0.0,3918.101318359375,364.84731355844946,163.14126586914062,413.8255294380277,146.6061553955078,1.4506466901413768,1.2964514485670002,0.22155482381582264,13.85295991897583,1167.1412109374996,1682.8800024414058,0.6192971159692372,0.6179
HCP_YOUNG_bids,/run/media/falconnier/Elements/BIDS_datasets_selection/HCP_YOUNG_bids/sub-869472/ses-1/anat/sub-869472_ses-1_T1w.nii.gz,,,,,sub-869472,ses-1,260,311,260,0.7,0.7,0.7,67.06739044189453,21023600,19446953,0.9250058505679332,0.0,3500.617919921875,316.26295693558353,47.15575408935547,424.32919497675596,34.35618495941162,2.2820873835525584,1.5646787653553194,0.27468701362609854,11.299381828308107,1176.7110107421859,1675.0182958984406,0.6507555764797543,0.5536
HCP_YOUNG_bids,/run/media/falconnier/Elements/BIDS_datasets_selection/HCP_YOUNG_bids/sub-870861/ses-1/anat/sub-870861_ses-1_T1w.nii.gz,,,,,sub-870861,ses-1,260,311,260,0.7,0.7,0.7,69.17785835266113,21023600,20042367,0.9533270705302612,0.0,3950.51708984375,280.81486537140484,42.15175247192383,381.5319223949166,29.141552925109863,2.350766187663507,1.5900415562803196,0.09465439140796662,9.97209520339966,1036.8512451171873,1541.8523364257812,0.5647250207270175,0.5583
HCP_YOUNG_bids,/run/media/falconnier/Elements/BIDS_datasets_selection/HCP_YOUNG_bids/sub-871762/ses-1/anat/sub-871762_ses-1_T1w.nii.gz,,,,,sub-871762,ses-1,260,311,260,0.7,0.7,0.7,66.47706890106201,21023600,19270581,0.9166166118076828,0.0,3953.388916015625,396.20927251011403,93.81550598144531,486.03060214983833,82.62487888336182,2.409084315452719,1.4952275397102586,0.17768539488315585,17.499256134033203,1339.4244384765625,2025.0660644531235,0.5965652988664929,0.5852
HCP_YOUNG_bids,/run/media/falconnier/Elements/BIDS_datasets_selection/HCP_YOUNG_bids/sub-871964/ses-1/anat/sub-871964_ses-1_T1w.nii.gz,,,,,sub-871964,ses-1,260,311,260,0.7,0.7,0.7,66.73024845123291,21023600,19314628,0.9187117334804695,0.0,3322.371337890625,360.3493826945676,135.42574310302734,425.37487069548877,122.78388977050781,1.7401216188212416,1.3686812634670766,0.12449829831719396,11.687066745758056,1187.7108154296875,1744.6975891113284,0.7186913850279317,0.6004
HCP_YOUNG_bids,/run/media/falconnier/Elements/BIDS_datasets_selection/HCP_YOUNG_bids/sub-872158/ses-1/anat/sub-872158_ses-1_T1w.nii.gz,,,,,sub-872158,ses-1,260,311,260,0.7,0.7,0.7,68.79987525939941,21023600,20005156,0.951557107250899,0.0,4105.9833984375,343.1883532473832,58.029666900634766,425.36504162055775,45.973326683044434,1.46106060148551,1.3495729451823044,0.0860730480402708,15.855947732925415,1178.8741760253906,1665.353540039061,0.5595326026253093,0.5928
HCP_YOUNG_bids,/run/media/falconnier/Elements/BIDS_datasets_selection/HCP_YOUNG_bids/sub-872562/ses-1/anat/sub-872562_ses-1_T1w.nii.gz,,,,,sub-872562,ses-1,260,311,260,0.7,0.7,0.7,67.4917802810669,21023600,19568220,0.930773987328526,0.0,4334.3515625,365.61566586346595,78.84754180908203,458.66737281568254,63.99565410614014,2.098429416526254,1.4752663747912178,0.062090615183115004,17.283973598480223,1277.4963623046879,1821.9735107421875,0.541476956861764,0.5818
HCP_YOUNG_bids,/run/media/falconnier/Elements/BIDS_datasets_selection/HCP_YOUNG_bids/sub-872764/ses-1/anat/sub-872764_ses-1_T1w.nii.gz,,,,,sub-872764,ses-1,260,311,260,0.7,0.7,0.7,67.44076538085938,21023600,19551129,0.9299610437793717,0.0,3577.324462890625,289.6033799220461,47.44227600097656,379.68643786102865,34.36344528198242,1.862642354906055,1.487086962909309,0.1399250292778015,11.088488960266114,1044.8861572265614,1508.1269189453124,0.6314918675676771,0.5644
HCP_YOUNG_bids,/run/media/falconnier/Elements/BIDS_datasets_selection/HCP_YOUNG_bids/sub-873968/ses-1/anat/sub-873968_ses-1_T1w.nii.gz,,,,,sub-873968,ses-1,260,311,260,0.7,0.7,0.7,69.21629238128662,21023600,20109011,0.9564970319069998,0.0,3497.86474609375,272.41796459028234,42.93825912475586,366.8384468988055,28.355542182922363,1.5897975342170225,1.4742595841704025,0.26030015349388125,11.031799793243408,1016.166748046875,1417.5162353515607,0.6343306507651678,0.5627
HCP_YOUNG_bids,/run/media/falconnier/Elements/BIDS_datasets_selection/HCP_YOUNG_bids/sub-877168/ses-1/anat/sub-877168_ses-1_T1w.nii.gz,,,,,sub-877168,ses-1,260,311,260,0.7,0.7,0.7,67.55785751342773,21023600,19669594,0.9355959017485111,0.0,3294.552978515625,266.433559706855,38.33865737915039,344.459433412347,21.94799041748047,0.7116803151152395,1.285758945522601,0.12860764056444168,14.9466148853302,966.5110565185535,1262.1967321777347,0.6601722704924586,0.5709
HCP_YOUNG_bids,/run/media/falconnier/Elements/BIDS_datasets_selection/HCP_YOUNG_bids/sub-877269/ses-1/anat/sub-877269_ses-1_T1w.nii.gz,,,,,sub-877269,ses-1,260,311,260,0.7,0.7,0.7,67.36615753173828,21023600,19600450,0.932307026389391,0.0,3072.50830078125,269.07184055996487,39.23076629638672,359.7953725643432,21.420804977416992,1.9135353786179436,1.5087703785028779,0.07143657885491848,16.12237129211426,961.5695251464845,1452.8557153320317,0.7082883002247266,0.5577
HCP_YOUNG_bids,/run/media/falconnier/Elements/BIDS_datasets_selection/HCP_YOUNG_bids/sub-878776/ses-1/anat/sub-878776_ses-1_T1w.nii.gz,,,,,sub-878776,ses-1,260,311,260,0.7,0.7,0.7,68.23442077636719,21023600,19837385,0.9435769801556346,0.0,3729.1962890625,419.2217824238995,228.1403350830078,469.80727988466936,205.96025466918945,1.9320716370655528,1.3482188739646306,0.2544590401649475,17.819197845458984,1304.2236328125005,1973.953935546875,0.6586415194198737,0.6297
HCP_YOUNG_bids,/run/media/falconnier/Elements/BIDS_datasets_selection/HCP_YOUNG_bids/sub-878877/ses-1/anat/sub-878877_ses-1_T1w.nii.gz,,,,,sub-878877,ses-1,260,311,260,0.7,0.7,0.7,67.17696857452393,21023600,19495873,0.9273327593751783,0.0,3820.37158203125,394.53857106807334,228.3295135498047,441.72790511140386,206.1893482208252,1.5822244081891927,1.2892044833345178,0.3372787296772003,16.819833755493168,1249.229736328125,1791.567514648439,0.6326073322133406,0.6236
HCP_YOUNG_bids,/run/media/falconnier/Elements/BIDS_datasets_selection/HCP_YOUNG_bids/sub-880157/ses-1/anat/sub-880157_ses-1_T1w.nii.gz,,,,,sub-880157,ses-1,260,311,260,0.7,0.7,0.7,68.1334114074707,21023600,19810627,0.9423042200194067,0.0,3406.501953125,333.5742844119471,45.478668212890625,450.1180932913031,28.07393455505371,2.632298124303941,1.6383697236167827,0.2203742372989655,17.132000541687013,1229.819360351562,1891.2700732421863,0.6640313940594162,0.5578
HCP_YOUNG_bids,/run/media/falconnier/Elements/BIDS_datasets_selection/HCP_YOUNG_bids/sub-882161/ses-1/anat/sub-882161_ses-1_T1w.nii.gz,,,,,sub-882161,ses-1,260,311,260,0.7,0.7,0.7,67.80984210968018,21023600,19772475,0.940489497517076,0.0,2338.721435546875,245.10915120790918,34.59307861328125,338.86955091670086,15.298395156860352,1.1452096900014173,1.4338214626065093,0.14343872100114818,15.681542491912841,954.9264099121094,1246.5808203125016,0.8934353266187915,0.547
HCP_YOUNG_bids,/run/media/falconnier/Elements/BIDS_datasets_selection/HCP_YOUNG_bids/sub-884064/ses-1/anat/sub-884064_ses-1_T1w.nii.gz,,,,,sub-884064,ses-1,260,311,260,0.7,0.7,0.7,68.41163349151611,21023600,19821155,0.9428049905820126,0.0,3279.767822265625,285.5756855169654,45.29370880126953,381.643819326378,32.259263038635254,1.883980295572858,1.5135562702044711,0.0489279904216528,10.416759395599366,1060.4378173828127,1497.6849438476575,0.685730140123391,0.5613
HCP_YOUNG_bids,/run/media/falconnier/Elements/BIDS_datasets_selection/HCP_YOUNG_bids/sub-885975/ses-1/anat/sub-885975_ses-1_T1w.nii.gz,,,,,sub-885975,ses-1,260,311,260,0.7,0.7,0.7,66.53142166137695,21023600,19323940,0.919154664282045,0.0,4090.086669921875,324.19400816425036,41.5563850402832,449.2585337704895,24.908357620239258,2.6624782023862155,1.6572849694837328,0.06287125594913962,15.447212219238281,1254.0122680664072,1797.4189367675772,0.5477186263157048,0.5395
HCP_YOUNG_bids,/run/media/falconnier/Elements/BIDS_datasets_selection/HCP_YOUNG_bids/sub-886674/ses-1/anat/sub-886674_ses-1_T1w.nii.gz,,,,,sub-886674,ses-1,260,311,260,0.7,0.7,0.7,68.64525604248047,21023600,19948431,0.9488589489906581,0.0,4235.013671875,450.13214239048654,157.0367889404297,546.8245495124663,139.54234313964844,2.4423571149007444,1.4951543934286307,0.1186730280518532,18.11211109161377,1498.282958984375,2308.127026367186,0.5712345089354751,0.6004
HCP_YOUNG_bids,/run/media/falconnier/Elements/BIDS_datasets_selection/HCP_YOUNG_bids/sub-887373/ses-1/anat/sub-887373_ses-1_T1w.nii.gz,,,,,sub-887373,ses-1,260,311,260,0.7,0.7,0.7,63.903459548950195,21023600,18592532,0.8843648090717099,0.0,2804.782470703125,289.87210405915937,38.08632278442383,381.2582138884324,21.364398956298828,0.9991737648717498,1.3432863201767122,0.8985456389188766,15.696018743515015,1056.465130615234,1433.4407543945335,0.7781025034760573,0.5465
HCP_YOUNG_bids,/run/media/falconnier/Elements/BIDS_datasets_selection/HCP_YOUNG_bids/sub-888678/ses-1/anat/sub-888678_ses-1_T1w.nii.gz,,,,,sub-888678,ses-1,260,311,260,0.7,0.7,0.7,67.43006134033203,21023600,19504466,0.9277414905154208,0.0,3635.229248046875,359.9566032518561,71.4215202331543,453.67623598138016,62.60916709899902,2.1578853200188277,1.5001798597124596,0.15634348914027213,11.799360036849976,1246.9285278320312,1887.6561462402397,0.6485797521789053,0.5788
HCP_YOUNG_bids,/run/media/falconnier/Elements/BIDS_datasets_selection/HCP_YOUNG_bids/sub-889579/ses-1/anat/sub-889579_ses-1_T1w.nii.gz,,,,,sub-889579,ses-1,260,311,260,0.7,0.7,0.7,68.41319179534912,21023600,19915385,0.9472870964059438,0.0,3110.6083984375,369.5538340297262,213.30221557617188,407.68992311057303,190.1627025604248,1.4043596394890017,1.2528146477699016,0.367550595998764,17.958713912963866,1151.9613525390628,1648.6407666015625,0.7738943781639253,0.6369
HCP_YOUNG_bids,/run/media/falconnier/Elements/BIDS_datasets_selection/HCP_YOUNG_bids/sub-891667/ses-1/anat/sub-891667_ses-1_T1w.nii.gz,,,,,sub-891667,ses-1,260,311,260,0.7,0.7,0.7,66.98449325561523,21023600,19452345,0.925262324245134,0.0,3849.667724609375,393.08500700538093,108.14805603027344,490.629061219674,92.0811882019043,2.822728712117226,1.6010995423142047,0.48246056556701666,17.481861114501953,1347.888061523438,2123.0141894531243,0.6181481261525843,0.5824
HCP_YOUNG_bids,/run/media/falconnier/Elements/BIDS_datasets_selection/HCP_YOUNG_bids/sub-894067/ses-1/anat/sub-894067_ses-1_T1w.nii.gz,,,,,sub-894067,ses-1,260,311,260,0.7,0.7,0.7,65.92985820770264,21023600,19090790,0.9080647462851272,0.0,4384.0205078125,417.9072127359834,149.3657455444336,505.47192439211767,135.48435735702515,2.5953392101437336,1.521031606411172,0.22449058935046198,13.425874185562133,1388.6406738281257,2147.7416674804663,0.5560578105561895,0.5878
HCP_YOUNG_bids,/run/media/falconnier/Elements/BIDS_datasets_selection/HCP_YOUNG_bids/sub-894673/ses-1/anat/sub-894673_ses-1_T1w.nii.gz,,,,,sub-894673,ses-1,260,311,260,0.7,0.7,0.7,66.88282775878906,21023600,19451387,0.9252167564070853,0.0,2643.92138671875,275.9724167008466,39.201663970947266,358.0155743428342,23.04940414428711,1.2675453633016103,1.3737991211423441,0.15957840204238896,15.351945877075195,979.3679870605467,1391.3352221679688,0.8260605254714389,0.5662
HCP_YOUNG_bids,/run/media/falconnier/Elements/BIDS_datasets_selection/HCP_YOUNG_bids/sub-894774/ses-1/anat/sub-894774_ses-1_T1w.nii.gz,,,,,sub-894774,ses-1,260,311,260,0.7,0.7,0.7,68.0421724319458,21023600,19774681,0.9405944272151296,0.0,3556.08642578125,370.5657286129904,159.46829223632812,430.0332578687013,141.52706718444824,2.1788100624198643,1.387379187919925,0.8964105606079104,16.43410873413086,1165.9483642578125,1779.7825927734361,0.6664238538932141,0.615
HCP_YOUNG_bids,/run/media/falconnier/Elements/BIDS_datasets_selection/HCP_YOUNG_bids/sub-896778/ses-1/anat/sub-896778_ses-1_T1w.nii.gz,,,,,sub-896778,ses-1,260,311,260,0.7,0.7,0.7,67.90160465240479,21023600,19650106,0.9346689434730493,0.0,4739.78173828125,305.07475424084856,56.7587776184082,381.3535289296942,47.28838777542114,3.128360961552035,1.4879287050996366,0.03378183674067259,10.532237768173218,1041.3533630371094,1424.9000549316393,0.4853310914083733,0.5841
HCP_YOUNG_bids,/run/media/falconnier/Elements/BIDS_datasets_selection/HCP_YOUNG_bids/sub-896879/ses-1/anat/sub-896879_ses-1_T1w.nii.gz,,,,,sub-896879,ses-1,260,311,260,0.7,0.7,0.7,67.62954139709473,21023600,19685867,0.9363699366426302,0.0,2932.6689453125,327.4536252905323,45.26572036743164,425.63904162256546,29.963563919067383,1.4704953396359972,1.4091846591209893,0.2765667790174484,15.79783582687378,1179.2294555664062,1679.7857031249996,0.7680050355181693,0.5691
HCP_YOUNG_bids,/run/media/falconnier/Elements/BIDS_datasets_selection/HCP_YOUNG_bids/sub-898176/ses-1/anat/sub-898176_ses-1_T1w.nii.gz,,,,,sub-898176,ses-1,260,311,260,0.7,0.7,0.7,68.42820930480957,21023600,19802172,0.9419020529309918,0.0,4865.84228515625,473.2227299627983,274.6317901611328,547.0958426195677,252.52649307250977,3.704319212582834,1.6042123466512048,0.08172110691666601,13.7887273311615,1481.8651550292966,2326.2935351562483,0.5141059750580333,0.6177
HCP_YOUNG_bids,/run/media/falconnier/Elements/BIDS_datasets_selection/HCP_YOUNG_bids/sub-899885/ses-1/anat/sub-899885_ses-1_T1w.nii.gz,,,,,sub-899885,ses-1,260,311,260,0.7,0.7,0.7,65.77183628082275,21023600,19107068,0.908839019007211,0.0,2904.0361328125,300.1144328117863,41.877973556518555,393.6863265102172,25.48059844970703,1.5879197329095618,1.4388809144664485,0.37546619653701785,16.041290760040287,1082.4391113281235,1544.3855737304657,0.7640169929553561,0.5565
HCP_YOUNG_bids,/run/media/falconnier/Elements/BIDS_datasets_selection/HCP_YOUNG_bids/sub-901038/ses-1/anat/sub-901038_ses-1_T1w.nii.gz,,,,,sub-901038,ses-1,260,311,260,0.7,0.7,0.7,68.77676963806152,21023600,19956923,0.9492628760060123,0.0,3927.10009765625,413.4536461132613,154.262451171875,492.00918031353666,139.347975730896,1.5121298706967954,1.3620828469783675,0.19997859209775926,14.008266830444336,1402.7870727539057,2004.1502172851579,0.6215820983682089,0.6085
HCP_YOUNG_bids,/run/media/falconnier/Elements/BIDS_datasets_selection/HCP_YOUNG_bids/sub-901139/ses-1/anat/sub-901139_ses-1_T1w.nii.gz,,,,,sub-901139,ses-1,260,311,260,0.7,0.7,0.7,68.42021942138672,21023600,19900706,0.9465888810669914,0.0,2850.587158203125,306.93625267820966,43.05536460876465,399.39746309887295,27.575209140777588,1.37655797393833,1.3938906159583422,0.07738971039652826,15.195739030838013,1107.2471923828125,1528.8764526367186,0.7830801129251409,0.5722
HCP_YOUNG_bids,/run/media/falconnier/Elements/BIDS_datasets_selection/HCP_YOUNG_bids/sub-901442/ses-1/anat/sub-901442_ses-1_T1w.nii.gz,,,,,sub-901442,ses-1,260,311,260,0.7,0.7,0.7,67.56051826477051,21023600,19660981,0.9351862192964098,0.0,3616.043701171875,298.4299159281536,39.36783981323242,418.85994917129347,20.780467987060547,2.756349361563813,1.6831821548728705,0.3897185146808625,16.570491790771484,1144.49462890625,1689.1231689453098,0.6082487594740706,0.5402
HCP_YOUNG_bids,/run/media/falconnier/Elements/BIDS_datasets_selection/HCP_YOUNG_bids/sub-902242/ses-1/anat/sub-902242_ses-1_T1w.nii.gz,,,,,sub-902242,ses-1,260,311,260,0.7,0.7,0.7,67.68182563781738,21023600,19589448,0.9317837097357256,0.0,4324.37060546875,306.00078742070025,57.82653617858887,395.49442348711153,46.12240028381348,2.0207145738379912,1.5025360733625472,0.06708674751222134,11.268210983276369,1091.8062622070302,1585.362176513674,0.5337738713654274,0.5709
HCP_YOUNG_bids,/run/media/falconnier/Elements/BIDS_datasets_selection/HCP_YOUNG_bids/sub-904044/ses-1/anat/sub-904044_ses-1_T1w.nii.gz,,,,,sub-904044,ses-1,260,311,260,0.7,0.7,0.7,67.70832633972168,21023600,19708728,0.9374573336631215,0.0,3011.249755859375,277.2923118395803,36.55943489074707,379.8220480600314,19.29379653930664,1.5279282967618268,1.4793852200892526,0.08581017039716247,15.072847414016724,1058.6656372070302,1450.905662841797,0.7201823927489227,0.5495
HCP_YOUNG_bids,/run/media/falconnier/Elements/BIDS_datasets_selection/HCP_YOUNG_bids/sub-905147/ses-1/anat/sub-905147_ses-1_T1w.nii.gz,,,,,sub-905147,ses-1,260,311,260,0.7,0.7,0.7,66.78014945983887,21023600,19399066,0.9227280770182081,0.0,3305.9580078125,306.35428913947334,42.09356117248535,417.7673085510375,25.664331436157227,2.3290448109287736,1.5947502185018745,0.383035472035408,15.582355260848999,1147.6802978515625,1668.5748352050787,0.6749892046051615,0.5469
HCP_YOUNG_bids,/run/media/falconnier/Elements/BIDS_datasets_selection/HCP_YOUNG_bids/sub-907656/ses-1/anat/sub-907656_ses-1_T1w.nii.gz,,,,,sub-907656,ses-1,260,311,260,0.7,0.7,0.7,67.61453342437744,21023600,19749980,0.9394195095036054,0.0,2932.593994140625,250.18952343931505,35.45030212402344,351.60189150309174,16.650962829589844,1.790341498816658,1.5589359842602084,0.46363799601793293,15.983124732971191,975.067938232422,1365.957307128907,0.7234415079329317,0.5409
HCP_YOUNG_bids,/run/media/falconnier/Elements/BIDS_datasets_selection/HCP_YOUNG_bids/sub-910241/ses-1/anat/sub-910241_ses-1_T1w.nii.gz,,,,,sub-910241,ses-1,260,311,260,0.7,0.7,0.7,67.87639236450195,21023600,19733531,0.9386371030651268,0.0,3276.626953125,357.10706625051387,79.47392272949219,432.68042573506045,65.59456539154053,1.44741256082043,1.3364067236812458,0.2541486650705338,17.459144592285156,1203.1735229492188,1716.658679199218,0.7106971200849045,0.5974
HCP_YOUNG_bids,/run/media/falconnier/Elements/BIDS_datasets_selection/HCP_YOUNG_bids/sub-910443/ses-1/anat/sub-910443_ses-1_T1w.nii.gz,,,,,sub-910443,ses-1,260,311,260,0.7,0.7,0.7,68.14459037780762,21023600,19782665,0.9409741909092639,0.0,4525.03564453125,297.7700937072754,53.796119689941406,369.812516342807,43.65655994415283,0.8854381511971323,1.2678508876015115,0.11015736103057865,10.95739097595215,1025.571044921875,1397.890766601562,0.5054341157604282,0.5883
HCP_YOUNG_bids,/run/media/falconnier/Elements/BIDS_datasets_selection/HCP_YOUNG_bids/sub-911849/ses-1/anat/sub-911849_ses-1_T1w.nii.gz,,,,,sub-911849,ses-1,260,311,260,0.7,0.7,0.7,65.61887454986572,21023600,19017778,0.904591887212466,0.0,4344.09765625,369.64159503074677,50.277828216552734,496.5719790638794,38.17500877380371,2.955241891724574,1.6511000968867298,0.4522363492846489,11.865588045120239,1362.8492980957026,2018.9942797851572,0.5349986073416343,0.5462
HCP_YOUNG_bids,/run/media/falconnier/Elements/BIDS_datasets_selection/HCP_YOUNG_bids/sub-912447/ses-1/anat/sub-912447_ses-1_T1w.nii.gz,,,,,sub-912447,ses-1,260,311,260,0.7,0.7,0.7,67.85964012145996,21023600,19730229,0.9384800414771971,0.0,3945.39501953125,350.8215788144489,100.96765899658203,419.6231438856735,86.34219264984131,2.0369948509997533,1.4112582925343253,0.14870148599147795,17.64051208496094,1158.8584960937478,1698.2858789062484,0.5921327867458331,0.6028
HCP_YOUNG_bids,/run/media/falconnier/Elements/BIDS_datasets_selection/HCP_YOUNG_bids/sub-917255/ses-1/anat/sub-917255_ses-1_T1w.nii.gz,,,,,sub-917255,ses-1,260,311,260,0.7,0.7,0.7,67.48610401153564,21023600,19536818,0.929280332578626,0.0,4198.7392578125,352.88296557023926,56.60780715942383,451.0133247606388,47.476776123046875,1.4419120754729384,1.3867589988920677,0.060652643665671364,10.725057792663575,1261.8330078125,1750.0547241210916,0.5553497628737366,0.573
HCP_YOUNG_bids,/run/media/falconnier/Elements/BIDS_datasets_selection/HCP_YOUNG_bids/sub-917558/ses-1/anat/sub-917558_ses-1_T1w.nii.gz,,,,,sub-917558,ses-1,260,311,260,0.7,0.7,0.7,67.41202735900879,21023600,19609914,0.9327571871610951,0.0,3216.20556640625,307.26809582369737,39.3056755065918,420.31074747275596,21.79465389251709,1.771711918031146,1.5105079413339508,0.11535234116017819,15.702990674972535,1167.9019775390625,1630.2810327148445,0.6864442165335487,0.5484
HCP_YOUNG_bids,/run/media/falconnier/Elements/BIDS_datasets_selection/HCP_YOUNG_bids/sub-919966/ses-1/anat/sub-919966_ses-1_T1w.nii.gz,,,,,sub-919966,ses-1,260,311,260,0.7,0.7,0.7,68.07483005523682,21023600,19837812,0.9435972906638254,0.0,3132.03515625,314.5449277752026,46.16228103637695,403.87272622595634,30.591856479644775,1.3252322181200817,1.3690937268419519,0.4717110326886177,15.924662017822266,1115.2504638671871,1549.5164660644532,0.7178662216642409,0.5764
HCP_YOUNG_bids,/run/media/falconnier/Elements/BIDS_datasets_selection/HCP_YOUNG_bids/sub-922854/ses-1/anat/sub-922854_ses-1_T1w.nii.gz,,,,,sub-922854,ses-1,260,311,260,0.7,0.7,0.7,67.68971920013428,21023600,19645908,0.9344692631138339,0.0,4816.96728515625,518.7589559560763,373.882080078125,572.4824831810363,342.80853271484375,3.568258183284244,1.5925468113931698,0.6917172914743424,20.644156169891357,1569.6240905761706,2569.604597167965,0.5252091511683259,0.6331
HCP_YOUNG_bids,/run/media/falconnier/Elements/BIDS_datasets_selection/HCP_YOUNG_bids/sub-923755/ses-1/anat/sub-923755_ses-1_T1w.nii.gz,,,,,sub-923755,ses-1,260,311,260,0.7,0.7,0.7,67.44766998291016,21023600,19608326,0.9326816529994862,0.0,3937.4873046875,363.5238232093166,110.3476791381836,442.1354741863505,94.55765438079834,2.6436438004698832,1.5130191340007346,0.09854874946177006,16.6382474899292,1208.5526123046875,1803.8442993164062,0.5992482588776152,0.5946
HCP_YOUNG_bids,/run/media/falconnier/Elements/BIDS_datasets_selection/HCP_YOUNG_bids/sub-926862/ses-1/anat/sub-926862_ses-1_T1w.nii.gz,,,,,sub-926862,ses-1,260,311,260,0.7,0.7,0.7,67.81177997589111,21023600,19755199,0.9396677543332255,0.0,3716.0732421875,357.2528862742265,105.42540740966797,417.67498895238225,90.85095977783203,0.9591846600264153,1.201133056550195,0.38940910220146185,16.048083114624024,1140.3050537109375,1650.8425317382812,0.6297610597003612,0.6108
HCP_YOUNG_bids,/run/media/falconnier/Elements/BIDS_datasets_selection/HCP_YOUNG_bids/sub-927359/ses-1/anat/sub-927359_ses-1_T1w.nii.gz,,,,,sub-927359,ses-1,260,311,260,0.7,0.7,0.7,69.85339832305908,21023600,20269481,0.9641298826081166,0.0,4563.1875,489.81426539473586,254.03184509277344,577.7462328691931,230.60528182983398,2.919988042286378,1.552153653932523,0.4023215115070343,19.689958572387695,1598.8427734375,2465.3690429687495,0.5424183482519714,0.618
HCP_YOUNG_bids,/run/media/falconnier/Elements/BIDS_datasets_selection/HCP_YOUNG_bids/sub-929464/ses-1/anat/sub-929464_ses-1_T1w.nii.gz,,,,,sub-929464,ses-1,260,311,260,0.7,0.7,0.7,66.04780960083008,21023600,19199958,0.9132573869365855,0.0,3419.5595703125,315.75055045952143,48.08248710632324,391.587366750608,33.78972911834717,0.7861559608212163,1.2343956541424477,0.1258755160868168,15.465657615661621,1082.4321472167967,1469.9934106445307,0.6593938378193691,0.5786
HCP_YOUNG_bids,/run/media/falconnier/Elements/BIDS_datasets_selection/HCP_YOUNG_bids/sub-930449/ses-1/anat/sub-930449_ses-1_T1w.nii.gz,,,,,sub-930449,ses-1,260,311,260,0.7,0.7,0.7,67.90631771087646,21023600,19845774,0.9439760079149146,0.0,3463.9111328125,272.6663787327693,36.878915786743164,373.1644655404722,18.18821907043457,1.6134932049925013,1.490873099555185,0.44770168274641037,16.08712387084961,1040.8987670898432,1442.4286975097652,0.621510708981432,0.5521
HCP_YOUNG_bids,/run/media/falconnier/Elements/BIDS_datasets_selection/HCP_YOUNG_bids/sub-933253/ses-1/anat/sub-933253_ses-1_T1w.nii.gz,,,,,sub-933253,ses-1,260,311,260,0.7,0.7,0.7,66.8833589553833,21023600,19421664,0.9238029642877528,0.0,3589.631103515625,351.0129556886991,45.90009880065918,467.9083977962597,30.15981149673462,1.8658890894726126,1.488928817897657,0.39697055280208604,15.923279762268066,1296.7468078613279,1821.516347656252,0.6339050281654443,0.5552
HCP_YOUNG_bids,/run/media/falconnier/Elements/BIDS_datasets_selection/HCP_YOUNG_bids/sub-932554/ses-1/anat/sub-932554_ses-1_T1w.nii.gz,,,,,sub-932554,ses-1,260,311,260,0.7,0.7,0.7,67.82856750488281,21023600,19691096,0.9366186571281797,0.0,4422.880859375,405.2747871759238,91.76422882080078,506.6345257761992,78.84982395172119,2.709112324375365,1.5535501253979216,0.09134670682251467,16.944079875946045,1379.0856018066406,2124.8718627929693,0.5361924942126941,0.5851
HCP_YOUNG_bids,/run/media/falconnier/Elements/BIDS_datasets_selection/HCP_YOUNG_bids/sub-937160/ses-1/anat/sub-937160_ses-1_T1w.nii.gz,,,,,sub-937160,ses-1,260,311,260,0.7,0.7,0.7,69.81766033172607,21023600,20273187,0.9643061606955993,0.0,4431.6142578125,393.19787741348557,212.11097717285156,439.12940983316696,193.64184188842773,1.923151158318129,1.3004008009495958,0.20668593972921373,13.036535549163819,1214.6672851562498,1768.4710156250003,0.551210264370218,0.6382
HCP_YOUNG_bids,/run/media/falconnier/Elements/BIDS_datasets_selection/HCP_YOUNG_bids/sub-942658/ses-1/anat/sub-942658_ses-1_T1w.nii.gz,,,,,sub-942658,ses-1,260,311,260,0.7,0.7,0.7,68.24979877471924,21023600,19810416,0.9422941836792937,0.0,4583.53662109375,382.11998905162415,76.56330490112305,487.12964610558805,62.448100090026855,3.2749309830806794,1.6468796268943349,0.12304144501686096,17.69193410873413,1332.1351623535156,2019.973822021485,0.5132478828917065,0.5801
HCP_YOUNG_bids,/run/media/falconnier/Elements/BIDS_datasets_selection/HCP_YOUNG_bids/sub-947668/ses-1/anat/sub-947668_ses-1_T1w.nii.gz,,,,,sub-947668,ses-1,260,311,260,0.7,0.7,0.7,68.0289077758789,21023600,19741725,0.9390268555337811,0.0,3223.26025390625,305.15341541033314,63.153202056884766,378.30421796023285,52.772128105163574,2.041491786452106,1.4504617420500592,0.2087019121646881,11.715003585815431,1037.4703613281254,1516.961118164067,0.7166699579032035,0.5894
HCP_YOUNG_bids,/run/media/falconnier/Elements/BIDS_datasets_selection/HCP_YOUNG_bids/sub-951457/ses-1/anat/sub-951457_ses-1_T1w.nii.gz,,,,,sub-951457,ses-1,260,311,260,0.7,0.7,0.7,67.09784317016602,21023600,19534056,0.9291489564108906,0.0,2765.333740234375,273.60421062860087,40.28377914428711,356.8372507039828,24.54770851135254,1.052356521231859,1.3542091706605248,0.35119671672582686,15.239847660064697,988.3238677978516,1351.7607604980462,0.7929285610975724,0.5656
HCP_YOUNG_bids,/run/media/falconnier/Elements/BIDS_datasets_selection/HCP_YOUNG_bids/sub-952863/ses-1/anat/sub-952863_ses-1_T1w.nii.gz,,,,,sub-952863,ses-1,260,311,260,0.7,0.7,0.7,66.30941200256348,21023600,19271654,0.916667649688921,0.0,2865.364990234375,307.890860529032,42.86141586303711,403.71488913721237,27.003687381744385,1.3059378729792144,1.3918473736252945,0.06050496496260166,14.991253232955932,1110.9306884765592,1576.343254394531,0.7785897525255234,0.559
HCP_YOUNG_bids,/run/media/falconnier/Elements/BIDS_datasets_selection/HCP_YOUNG_bids/sub-953764/ses-1/anat/sub-953764_ses-1_T1w.nii.gz,,,,,sub-953764,ses-1,260,311,260,0.7,0.7,0.7,67.66929626464844,21023600,19624745,0.9334626324701764,0.0,3103.2275390625,282.75182201242836,43.50974655151367,377.0827163292834,30.261183738708496,1.4104959257062264,1.4254196885572936,0.17701492726802825,10.618544006347657,1030.7889404296875,1448.065756835937,0.7194229297882081,0.5583
HCP_YOUNG_bids,/run/media/falconnier/Elements/BIDS_datasets_selection/HCP_YOUNG_bids/sub-955465/ses-1/anat/sub-955465_ses-1_T1w.nii.gz,,,,,sub-955465,ses-1,260,311,260,0.7,0.7,0.7,68.1764326095581,21023600,19849733,0.9441643200974144,0.0,3241.662353515625,291.0093629737016,50.978267669677734,357.22527147490536,35.40923309326172,0.9753165951122225,1.261988463007579,0.18574334919452667,16.651920318603516,977.3240112304684,1353.616171875,0.6918172235454451,0.5942
HCP_YOUNG_bids,/run/media/falconnier/Elements/BIDS_datasets_selection/HCP_YOUNG_bids/sub-957974/ses-1/anat/sub-957974_ses-1_T1w.nii.gz,,,,,sub-957974,ses-1,260,311,260,0.7,0.7,0.7,66.98018264770508,21023600,19494551,0.9272698776612949,0.0,2830.777099609375,270.00711860399326,38.42554473876953,364.5300660265969,21.962127685546875,1.964082427600058,1.5403140404700113,0.0650748759508133,15.147964000701904,1007.49462890625,1440.7220458984375,0.7716744183155743,0.5524
HCP_YOUNG_bids,/run/media/falconnier/Elements/BIDS_datasets_selection/HCP_YOUNG_bids/sub-958976/ses-1/anat/sub-958976_ses-1_T1w.nii.gz,,,,,sub-958976,ses-1,260,311,260,0.7,0.7,0.7,68.36964797973633,21023600,19861810,0.9447387697635039,0.0,3244.22509765625,307.25531946256825,57.13431930541992,377.7418928126775,44.50685358047485,1.6860843779901549,1.3916525235818769,0.07230253830552101,16.52407522201538,1038.772839355469,1518.6546520996094,0.700348661371674,0.5944
HCP_YOUNG_bids,/run/media/falconnier/Elements/BIDS_datasets_selection/HCP_YOUNG_bids/sub-962058/ses-1/anat/sub-962058_ses-1_T1w.nii.gz,,,,,sub-962058,ses-1,260,311,260,0.7,0.7,0.7,67.81522941589355,21023600,19636001,0.9339980307844518,0.0,4347.79931640625,352.31578983328217,56.75868606567383,467.86665476786754,45.483445167541504,2.970998590480459,1.658869327218936,0.12416177988052368,11.872110366821289,1288.866943359375,1913.2923583984375,0.5377676888881006,0.5612
HCP_YOUNG_bids,/run/media/falconnier/Elements/BIDS_datasets_selection/HCP_YOUNG_bids/sub-965367/ses-1/anat/sub-965367_ses-1_T1w.nii.gz,,,,,sub-965367,ses-1,260,311,260,0.7,0.7,0.7,68.11486434936523,21023600,19790032,0.9413246066325462,0.0,3663.630615234375,398.65169670385626,94.72027587890625,493.973319759053,79.74700212478638,2.022110288473769,1.4718678638298108,0.3965757903456688,17.8174690246582,1376.699267578124,2050.2008520507816,0.6489933556859121,0.5903
HCP_YOUNG_bids,/run/media/falconnier/Elements/BIDS_datasets_selection/HCP_YOUNG_bids/sub-959574/ses-1/anat/sub-959574_ses-1_T1w.nii.gz,,,,,sub-959574,ses-1,260,311,260,0.7,0.7,0.7,67.05253791809082,21023600,19428235,0.9241155177990449,0.0,3095.964111328125,279.7234143257204,40.89804458618164,389.38645133011045,27.131882667541504,2.1622920062157274,1.5953984221842945,0.10178424596786499,10.125074195861817,1078.8170654296882,1541.6611694335938,0.716773830976297,0.5392
HCP_YOUNG_bids,/run/media/falconnier/Elements/BIDS_datasets_selection/HCP_YOUNG_bids/sub-965771/ses-1/anat/sub-965771_ses-1_T1w.nii.gz,,,,,sub-965771,ses-1,260,311,260,0.7,0.7,0.7,68.03420448303223,21023600,19740156,0.9389522251184383,0.0,4143.04638671875,399.81782865789705,163.56035614013672,466.43332899682696,148.74895000457764,1.9899264115947233,1.3928520436465965,0.20329518765211108,13.337096691131592,1303.96826171875,1922.4094787597655,0.587995096916088,0.6125
HCP_YOUNG_bids,/run/media/falconnier/Elements/BIDS_datasets_selection/HCP_YOUNG_bids/sub-966975/ses-1/anat/sub-966975_ses-1_T1w.nii.gz,,,,,sub-966975,ses-1,260,311,260,0.7,0.7,0.7,66.9419641494751,21023600,19467182,0.925968054947773,0.0,3565.38232421875,372.30806198665573,64.51505661010742,459.47723617924,52.16620111465454,1.4723211235787783,1.3520075006867334,0.24569645449519156,16.716267013549803,1267.0828796386718,1862.7560742187507,0.6506499155558108,0.5853
HCP_YOUNG_bids,/run/media/falconnier/Elements/BIDS_datasets_selection/HCP_YOUNG_bids/sub-970764/ses-1/anat/sub-970764_ses-1_T1w.nii.gz,,,,,sub-970764,ses-1,260,311,260,0.7,0.7,0.7,68.24022197723389,21023600,19876454,0.945435320306703,0.0,3210.347900390625,305.3057177427062,67.34911727905273,374.94606016639455,51.8468713760376,1.5409235716722467,1.3779279694836108,0.5175215369462967,16.830781173706054,1042.366497802734,1483.0065624999988,0.7123880214737229,0.5953
HCP_YOUNG_bids,/run/media/falconnier/Elements/BIDS_datasets_selection/HCP_YOUNG_bids/sub-972566/ses-1/anat/sub-972566_ses-1_T1w.nii.gz,,,,,sub-972566,ses-1,260,311,260,0.7,0.7,0.7,67.01342964172363,21023600,19421387,0.9237897886185049,0.0,3250.501220703125,284.4900104862271,47.54008483886719,382.6046801573765,35.25360870361328,2.5412424293199116,1.6280969425125464,0.2651988428831101,10.804506587982178,1054.2996093749998,1576.5635205078142,0.6958178742360476,0.5531
HCP_YOUNG_bids,/run/media/falconnier/Elements/BIDS_datasets_selection/HCP_YOUNG_bids/sub-973770/ses-1/anat/sub-973770_ses-1_T1w.nii.gz,,,,,sub-973770,ses-1,260,311,260,0.7,0.7,0.7,67.04416847229004,21023600,19501990,0.92762371810727,0.0,4141.25634765625,386.17943242767575,48.711936950683594,515.4975780800372,32.789968490600586,2.6812064569177094,1.6183073402171937,0.5353887623548508,16.603214073181153,1419.753240966797,2140.7738574218674,0.555486284466813,0.5563
HCP_YOUNG_bids,/run/media/falconnier/Elements/BIDS_datasets_selection/HCP_YOUNG_bids/sub-978578/ses-1/anat/sub-978578_ses-1_T1w.nii.gz,,,,,sub-978578,ses-1,260,311,260,0.7,0.7,0.7,66.13626003265381,21023600,19177759,0.912201478338629,0.0,3445.957763671875,310.09698501702917,54.27971267700195,394.96296702043765,44.04459571838379,2.2393617485197908,1.494083634757664,0.32658351957798015,11.26888723373413,1087.5743408203125,1560.653923339842,0.6661389253087794,0.5693
HCP_YOUNG_bids,/run/media/falconnier/Elements/BIDS_datasets_selection/HCP_YOUNG_bids/sub-979984/ses-1/anat/sub-979984_ses-1_T1w.nii.gz,,,,,sub-979984,ses-1,260,311,260,0.7,0.7,0.7,66.6898136138916,21023600,19314019,0.9186827660343614,0.0,3530.831298828125,331.3210159810208,53.206993103027344,433.3133417364993,40.712124824523926,2.625161736314217,1.5684283817170812,0.23827683269977565,11.804627895355225,1166.3656616210924,1737.227507324219,0.6530689260461379,0.5614
HCP_YOUNG_bids,/run/media/falconnier/Elements/BIDS_datasets_selection/HCP_YOUNG_bids/sub-983773/ses-1/anat/sub-983773_ses-1_T1w.nii.gz,,,,,sub-983773,ses-1,260,311,260,0.7,0.7,0.7,68.27555465698242,21023600,19818440,0.942675849997146,0.0,4403.47216796875,367.5727917973448,87.1238021850586,454.4866642828347,73.30414247512817,2.6450705754069412,1.5335714822962254,0.08348127342760563,17.094829177856447,1241.1490661621096,1888.6676745605455,0.5329318675947379,0.5918
HCP_YOUNG_bids,/run/media/falconnier/Elements/BIDS_datasets_selection/HCP_YOUNG_bids/sub-984472/ses-1/anat/sub-984472_ses-1_T1w.nii.gz,,,,,sub-984472,ses-1,260,311,260,0.7,0.7,0.7,66.33437538146973,21023600,19186369,0.9126110180939515,0.0,2678.522216796875,257.6238763351992,40.696468353271484,336.27564610782156,27.844533920288086,1.0138315435757645,1.3429149040966706,0.1452193999290466,10.101000022888185,932.9372192382793,1255.6611132812504,0.8204586081201594,0.5594
HCP_YOUNG_bids,/run/media/falconnier/Elements/BIDS_datasets_selection/HCP_YOUNG_bids/sub-987074/ses-1/anat/sub-987074_ses-1_T1w.nii.gz,,,,,sub-987074,ses-1,260,311,260,0.7,0.7,0.7,67.53634834289551,21023600,19620487,0.9332600981753838,0.0,3258.800537109375,342.83855468186596,68.80249786376953,417.9583524169121,57.169020652770996,1.527155275007546,1.346364318013672,0.2890454638004304,15.812113857269287,1155.9481201171875,1647.7464208984384,0.7085496314430729,0.5929
HCP_YOUNG_bids,/run/media/falconnier/Elements/BIDS_datasets_selection/HCP_YOUNG_bids/sub-987983/ses-1/anat/sub-987983_ses-1_T1w.nii.gz,,,,,sub-987983,ses-1,260,311,260,0.7,0.7,0.7,66.81113719940186,21023600,19484562,0.9267947449532906,0.0,2791.917724609375,274.65737670980246,35.73153305053711,386.36537285720254,18.04402732849121,2.0263430931752264,1.5799582851650553,0.6764854717254639,15.293992805480958,1058.1381774902343,1528.1561242675798,0.7704317055392476,0.536
HCP_YOUNG_bids,/run/media/falconnier/Elements/BIDS_datasets_selection/HCP_YOUNG_bids/sub-989987/ses-1/anat/sub-989987_ses-1_T1w.nii.gz,,,,,sub-989987,ses-1,260,311,260,0.7,0.7,0.7,68.49955654144287,21023600,19932944,0.9481223006526,0.0,3682.7470703125,345.6567298143597,74.78885269165039,434.8166126970184,60.90778970718384,2.6049184560877316,1.556889562591692,0.8199381256103513,16.277621746063232,1193.3548583984375,1807.8722778320316,0.6297453702340354,0.5871
HCP_YOUNG_bids,/run/media/falconnier/Elements/BIDS_datasets_selection/HCP_YOUNG_bids/sub-990366/ses-1/anat/sub-990366_ses-1_T1w.nii.gz,,,,,sub-990366,ses-1,260,311,260,0.7,0.7,0.7,68.04994297027588,21023600,19850134,0.9441833939001884,0.0,3198.14990234375,312.37454328426804,41.639631271362305,413.28934515256634,25.84965705871582,2.1439916269175185,1.5223135936209369,1.0034089338779453,15.09695291519165,1124.790325927734,1670.7571215820308,0.6971219061385188,0.5653
HCP_YOUNG_bids,/run/media/falconnier/Elements/BIDS_datasets_selection/HCP_YOUNG_bids/sub-991267/ses-1/anat/sub-991267_ses-1_T1w.nii.gz,,,,,sub-991267,ses-1,260,311,260,0.7,0.7,0.7,66.68024730682373,21023600,19417025,0.9235823075020453,0.0,3350.32177734375,388.0255877670823,213.1797637939453,429.3151760270679,192.0694179534912,1.3914164887085274,1.2188734962595833,0.6501852536201476,17.88322677612305,1188.6152099609376,1745.6736523437512,0.7130096567973135,0.6261
HCP_YOUNG_bids,/run/media/falconnier/Elements/BIDS_datasets_selection/HCP_YOUNG_bids/sub-992673/ses-1/anat/sub-992673_ses-1_T1w.nii.gz,,,,,sub-992673,ses-1,260,311,260,0.7,0.7,0.7,67.15622997283936,21023600,19462869,0.925762904545368,0.0,3945.203857421875,274.335564289906,39.93149185180664,386.2669889620381,25.62390899658203,2.440355203346593,1.645323791644034,0.2084412223100662,10.414778137207032,1067.720947265625,1536.4915673828127,0.5601176595182245,0.5356
HCP_YOUNG_bids,/run/media/falconnier/Elements/BIDS_datasets_selection/HCP_YOUNG_bids/sub-992774/ses-1/anat/sub-992774_ses-1_T1w.nii.gz,,,,,sub-992774,ses-1,260,311,260,0.7,0.7,0.7,66.67576885223389,21023600,19404268,0.922975513232748,0.0,2686.787353515625,308.3922793186522,40.757883071899414,409.155547594326,24.254538536071777,1.5000572278234197,1.451176032434731,0.2137805134057999,16.04206600189209,1145.456378173828,1618.7566650390581,0.8254989143439736,0.557
HCP_YOUNG_bids,/run/media/falconnier/Elements/BIDS_datasets_selection/HCP_YOUNG_bids/sub-993675/ses-1/anat/sub-993675_ses-1_T1w.nii.gz,,,,,sub-993675,ses-1,260,311,260,0.7,0.7,0.7,67.10476875305176,21023600,19550274,0.9299203751973972,0.0,3368.005615234375,306.3550217488778,40.04221725463867,410.75867979570063,22.729043006896973,1.8025313813939823,1.4950646904951443,0.7913927245140077,16.204289722442628,1145.0129028320307,1610.0708666992186,0.6562860987153584,0.5553
HCP_YOUNG_bids,/run/media/falconnier/Elements/BIDS_datasets_selection/HCP_YOUNG_bids/sub-994273/ses-1/anat/sub-994273_ses-1_T1w.nii.gz,,,,,sub-994273,ses-1,260,311,260,0.7,0.7,0.7,68.72319412231445,21023600,19906538,0.9468662836050914,0.0,4461.25048828125,431.70656336322276,119.66180038452148,541.4655256748945,109.11232137680054,3.323894634298332,1.6652858141902827,0.259302165210247,13.201182889938355,1483.9130187988276,2339.859892578119,0.5452898331625217,0.588
HCP_YOUNG_bids,/run/media/falconnier/Elements/BIDS_datasets_selection/HCP_YOUNG_bids/sub-995174/ses-1/anat/sub-995174_ses-1_T1w.nii.gz,,,,,sub-995174,ses-1,260,311,260,0.7,0.7,0.7,68.16787719726562,21023600,19786678,0.9411650716337829,0.0,4742.52001953125,381.0104164420554,78.52098083496094,478.9406677852984,68.18666362762451,2.430112677420489,1.528202839343079,0.9263349145650864,12.737398719787599,1331.1352722167967,1974.9972277832044,0.5011960276312774,0.5845
HCP_YOUNG_bids,/run/media/falconnier/Elements/BIDS_datasets_selection/HCP_YOUNG_bids/sub-996782/ses-1/anat/sub-996782_ses-1_T1w.nii.gz,,,,,sub-996782,ses-1,260,311,260,0.7,0.7,0.7,67.77819347381592,21023600,19715632,0.9377857265168668,0.0,3002.26025390625,300.9769059936212,52.37270927429199,372.76465242927225,37.14929437637329,1.2145075404510939,1.3213269245815096,0.2606913137435913,16.60591459274292,1032.2025573730466,1436.8638879394553,0.7512851268977598,0.5887
