dataset,path,error,subject,session,dim_x,dim_y,dim_z,voxel_x_mm,voxel_y_mm,voxel_z_mm,file_size_mb,tesla,manufacturer,model,n_voxels,n_nonzero,nonzero_frac,min,max,mean,median,std,mad,kurtosis,skewness,p01,p05,p95,p99,entropy,efc
BGSP,/run/media/falconnier/Elements1/BIDS_datasets_selection/BGSP/sub-0004/ses-01/anat/sub-0004_ses-01_T1w.nii.gz,,sub-0004,ses-01,192,192,144,1.1979166,1.1979166,1.2,4.589471817016602,,,,5308416,5251632,0.9893030237268519,0.0,776.0,74.83841670551173,11.0,101.53706312680377,8.0,0.587894905846917,1.3227554148263123,2.0,3.0,298.0,361.0,2.2139907778069396,0.5671
BGSP,/run/media/falconnier/Elements1/BIDS_datasets_selection/BGSP/sub-0002/ses-01/anat/sub-0002_ses-01_T1w.nii.gz,,sub-0002,ses-01,192,192,144,1.1979166,1.1979166,1.2,4.540620803833008,,,,5308416,5252087,0.9893887366777585,0.0,939.0,65.90440847609722,12.0,89.6615759229277,9.0,0.8884359810918121,1.3957048474324518,2.0,3.0,259.0,326.0,1.8298017208161856,0.5675
BGSP,/run/media/falconnier/Elements1/BIDS_datasets_selection/BGSP/sub-0003/ses-01/anat/sub-0003_ses-01_T1w.nii.gz,,sub-0003,ses-01,192,192,144,1.1979166,1.1979166,1.2,4.975393295288086,,,,5308416,5253707,0.9896939124590085,0.0,1052.0,85.51653356382455,30.0,95.90215220951542,27.0,0.16237907710370436,0.9970581127588664,2.0,3.0,269.0,337.0,1.770108275732946,0.643
BGSP,/run/media/falconnier/Elements1/BIDS_datasets_selection/BGSP/sub-0008/ses-01/anat/sub-0008_ses-01_T1w.nii.gz,,sub-0008,ses-01,192,192,144,1.1979166,1.1979166,1.2,4.9629106521606445,,,,5308416,5253579,0.9896697998046875,0.0,807.0,82.11764037430483,35.0,88.42764902772227,32.0,-0.3531765605301538,0.870448935527453,2.0,3.0,249.0,312.0,2.294118983755569,0.6583
BGSP,/run/media/falconnier/Elements1/BIDS_datasets_selection/BGSP/sub-0005/ses-01/anat/sub-0005_ses-01_T1w.nii.gz,,sub-0005,ses-01,192,192,144,1.1979166,1.1979166,1.2,4.294304847717285,,,,5308416,5031341,0.9478045805000964,0.0,513.0,67.47437452559865,13.0,84.03268023929837,12.0,0.003684659308755389,1.0955980527802922,1.0,1.0,243.0,291.0,3.307953234612043,0.5849
BGSP,/run/media/falconnier/Elements1/BIDS_datasets_selection/BGSP/sub-0006/ses-01/anat/sub-0006_ses-01_T1w.nii.gz,,sub-0006,ses-01,192,192,144,1.1979166,1.1979166,1.2,4.839029312133789,,,,5308416,5253642,0.9896816677517362,0.0,684.0,78.43634568171946,24.0,88.28304863413486,21.0,-0.1863793388834889,0.9488807232923768,2.0,3.0,247.0,313.0,2.6350561307066838,0.6412
BGSP,/run/media/falconnier/Elements1/BIDS_datasets_selection/BGSP/sub-0001/ses-01/anat/sub-0001_ses-01_T1w.nii.gz,,sub-0001,ses-01,192,192,144,1.1979166,1.1979166,1.2,4.669188499450684,,,,5308416,5251782,0.9893312807436343,0.0,1088.0,73.50887622525079,13.0,99.10340332463419,10.0,0.817512195146624,1.3518482768632054,2.0,3.0,287.0,356.0,1.605771240384334,0.5703
BGSP,/run/media/falconnier/Elements1/BIDS_datasets_selection/BGSP/sub-0010/ses-01/anat/sub-0010_ses-01_T1w.nii.gz,,sub-0010,ses-01,192,192,144,1.1979166,1.1979166,1.2,4.943931579589844,,,,5308416,5252765,0.989516458393615,0.0,712.0,88.56089050243062,24.0,101.5787838425868,21.0,-0.2929024075834148,0.9505132911062854,2.0,3.0,287.0,353.0,2.579846790824174,0.6333
BGSP,/run/media/falconnier/Elements1/BIDS_datasets_selection/BGSP/sub-0009/ses-01/anat/sub-0009_ses-01_T1w.nii.gz,,sub-0009,ses-01,192,192,144,1.1979166,1.1979166,1.2,4.873023986816406,,,,5308416,5252485,0.9894637119622878,0.0,878.0,79.69150602048364,24.0,90.88071733066032,21.0,-0.1301470604028898,0.9808667943094533,2.0,3.0,258.0,322.0,2.0744272327719697,0.636
BGSP,/run/media/falconnier/Elements1/BIDS_datasets_selection/BGSP/sub-0007/ses-01/anat/sub-0007_ses-01_T1w.nii.gz,,sub-0007,ses-01,192,192,144,1.1979166,1.1979166,1.2,4.719846725463867,,,,5308416,5251056,0.9891945167824074,0.0,694.0,70.80233994838372,19.0,84.85931455323903,16.0,0.11008716811914931,1.1013190744211416,1.0,2.0,242.0,303.0,2.5480375949137595,0.6168
BGSP,/run/media/falconnier/Elements1/BIDS_datasets_selection/BGSP/sub-0011/ses-01/anat/sub-0011_ses-01_T1w.nii.gz,,sub-0011,ses-01,192,192,144,1.1979166,1.1979166,1.2,4.7873992919921875,,,,5308416,5252804,0.9895238052179784,0.0,1156.0,83.41422276559338,16.0,104.042096177652,13.0,0.5788677609429902,1.1891795658573667,2.0,3.0,292.0,369.0,1.560730122341539,0.6009
BGSP,/run/media/falconnier/Elements1/BIDS_datasets_selection/BGSP/sub-0012/ses-01/anat/sub-0012_ses-01_T1w.nii.gz,,sub-0012,ses-01,192,192,144,1.1979166,1.1979166,1.2,4.813839912414551,,,,5308416,5252256,0.9894205729166666,0.0,742.0,78.59972666983482,20.0,95.16889549132188,17.0,0.19049054695248202,1.1244813214113496,2.0,3.0,277.0,335.0,2.428317450834233,0.6128
BGSP,/run/media/falconnier/Elements1/BIDS_datasets_selection/BGSP/sub-0013/ses-01/anat/sub-0013_ses-01_T1w.nii.gz,,sub-0013,ses-01,192,192,144,1.1979166,1.1979166,1.2,5.0894880294799805,,,,5308416,5253501,0.9896551061559606,0.0,763.0,87.3880931972793,25.0,102.24531310499327,20.0,0.09255958668386777,1.1049575746458293,3.0,5.0,297.0,367.0,2.4437382313003644,0.628
BGSP,/run/media/falconnier/Elements1/BIDS_datasets_selection/BGSP/sub-0014/ses-01/anat/sub-0014_ses-01_T1w.nii.gz,,sub-0014,ses-01,192,192,144,1.1979166,1.1979166,1.2,4.633699417114258,,,,5308416,5251034,0.989190372419946,0.0,567.0,77.96712837890594,12.0,101.09039121192899,9.0,0.19200879097248258,1.1830695651120324,1.0,2.0,289.0,357.0,3.0729973257440797,0.5844
BGSP,/run/media/falconnier/Elements1/BIDS_datasets_selection/BGSP/sub-0015/ses-01/anat/sub-0015_ses-01_T1w.nii.gz,,sub-0015,ses-01,192,192,144,1.1979166,1.1979166,1.2,4.812363624572754,,,,5308416,5252426,0.9894525975356867,0.0,742.0,79.36962253252116,21.0,91.92630229811117,18.0,-0.14690440681124484,0.9847925451169371,2.0,3.0,259.0,323.0,2.424287874393055,0.6295
BGSP,/run/media/falconnier/Elements1/BIDS_datasets_selection/BGSP/sub-0017/ses-01/anat/sub-0017_ses-01_T1w.nii.gz,,sub-0017,ses-01,192,192,144,1.1979166,1.1979166,1.2,4.848593711853027,,,,5308416,5252122,0.9893953299816743,0.0,745.0,86.54838901305034,17.0,105.44642064219055,14.0,-0.07892929663604198,1.0609827767262479,2.0,3.0,301.0,367.0,2.4273238642809716,0.6092
BGSP,/run/media/falconnier/Elements1/BIDS_datasets_selection/BGSP/sub-0020/ses-01/anat/sub-0020_ses-01_T1w.nii.gz,,sub-0020,ses-01,192,192,144,1.1979166,1.1979166,1.2,4.876764297485352,,,,5308416,5251991,0.9893706521870177,0.0,1373.0,87.23773974479393,20.0,101.92049268580297,17.0,0.05542681250892301,1.0034947446917917,2.0,3.0,286.0,352.0,1.329321398331374,0.6258
BGSP,/run/media/falconnier/Elements1/BIDS_datasets_selection/BGSP/sub-0019/ses-01/anat/sub-0019_ses-01_T1w.nii.gz,,sub-0019,ses-01,192,192,144,1.1979166,1.1979166,1.2,5.24083137512207,,,,5308416,5254611,0.9898642080801504,0.0,524.0,102.67220523079634,78.0,98.91729676552039,72.0,-0.7081471485955655,0.6370382759465203,2.0,3.0,282.0,350.0,3.7086746862705238,0.6994
BGSP,/run/media/falconnier/Elements1/BIDS_datasets_selection/BGSP/sub-0016/ses-01/anat/sub-0016_ses-01_T1w.nii.gz,,sub-0016,ses-01,192,192,144,1.1979166,1.1979166,1.2,4.983537673950195,,,,5308416,5252279,0.98942490565924,0.0,795.0,92.07314424843007,21.0,112.3090298754569,18.0,0.1412096185028462,1.1225077902470193,2.0,3.0,322.0,399.0,2.338412956186013,0.6097
BGSP,/run/media/falconnier/Elements1/BIDS_datasets_selection/BGSP/sub-0024/ses-01/anat/sub-0024_ses-01_T1w.nii.gz,,sub-0024,ses-01,192,192,144,1.1979166,1.1979166,1.2,4.973677635192871,,,,5308416,5254645,0.9898706130039545,0.0,786.0,87.85541535156038,40.0,95.47321277273402,37.0,-0.18173172404293947,0.9151875825345566,2.0,3.0,274.0,340.0,2.3721712068708967,0.6549
BGSP,/run/media/falconnier/Elements1/BIDS_datasets_selection/BGSP/sub-0022/ses-01/anat/sub-0022_ses-01_T1w.nii.gz,,sub-0022,ses-01,192,192,144,1.1979166,1.1979166,1.2,4.958705902099609,,,,5308416,5252926,0.9895467875916281,0.0,614.0,83.8196903973138,33.0,91.39913561078706,30.0,-0.3384800219973063,0.890310990955452,2.0,3.0,257.0,323.0,3.0162527108718145,0.6534
BGSP,/run/media/falconnier/Elements1/BIDS_datasets_selection/BGSP/sub-0023/ses-01/anat/sub-0023_ses-01_T1w.nii.gz,,sub-0023,ses-01,192,192,144,1.1979166,1.1979166,1.2,5.02397346496582,,,,5308416,5253300,0.9896172417534722,0.0,763.0,80.93329392953001,37.0,87.32062395767328,34.0,-0.061791863168723093,0.9745089342946051,2.0,3.0,256.0,314.0,2.468106276809887,0.6588
BGSP,/run/media/falconnier/Elements1/BIDS_datasets_selection/BGSP/sub-0021/ses-01/anat/sub-0021_ses-01_T1w.nii.gz,,sub-0021,ses-01,192,192,144,1.1979166,1.1979166,1.2,4.485084533691406,,,,5308416,5251287,0.9892380325882523,0.0,808.0,69.24158420592894,10.0,96.82752809154002,7.0,0.8538140669490497,1.3944499892810953,2.0,3.0,281.0,351.0,2.080428299391085,0.5551
BGSP,/run/media/falconnier/Elements1/BIDS_datasets_selection/BGSP/sub-0018/ses-01/anat/sub-0018_ses-01_T1w.nii.gz,,sub-0018,ses-01,192,192,144,1.1979166,1.1979166,1.2,5.182391166687012,,,,5308416,5244959,0.9880459632402585,0.0,684.0,94.05421300719415,59.0,94.57477826179444,54.0,-0.1595482498555918,0.8716439630089077,2.0,4.0,274.0,348.0,2.839428747145043,0.6851
BGSP,/run/media/falconnier/Elements1/BIDS_datasets_selection/BGSP/sub-0025/ses-01/anat/sub-0025_ses-01_T1w.nii.gz,,sub-0025,ses-01,192,192,144,1.1979166,1.1979166,1.2,4.68007755279541,,,,5308416,5251042,0.9891918794608411,0.0,756.0,79.62438483638104,15.0,103.27044843335032,12.0,0.29234715966016056,1.2079013406836594,1.0,3.0,295.0,361.0,2.347585828094807,0.5848
BGSP,/run/media/falconnier/Elements1/BIDS_datasets_selection/BGSP/sub-0026/ses-01/anat/sub-0026_ses-01_T1w.nii.gz,,sub-0026,ses-01,192,192,144,1.1979166,1.1979166,1.2,4.702409744262695,,,,5308416,5251840,0.9893422067901234,0.0,613.0,74.67966903028272,15.0,95.46896450969078,12.0,0.30295659275373543,1.2097934535516222,2.0,3.0,277.0,342.0,2.861237206881665,0.5911
BGSP,/run/media/falconnier/Elements1/BIDS_datasets_selection/BGSP/sub-0027/ses-01/anat/sub-0027_ses-01_T1w.nii.gz,,sub-0027,ses-01,192,192,144,1.1979166,1.1979166,1.2,4.92222785949707,,,,5308416,5253142,0.9895874776957948,0.0,719.0,84.54843920076785,30.0,95.56261827955507,27.0,-0.05310115372277968,0.9938020110290748,2.0,3.0,276.0,340.0,2.5602557888717623,0.6398
BGSP,/run/media/falconnier/Elements1/BIDS_datasets_selection/BGSP/sub-0028/ses-01/anat/sub-0028_ses-01_T1w.nii.gz,,sub-0028,ses-01,192,192,144,1.1979166,1.1979166,1.2,4.784314155578613,,,,5308416,5252272,0.9894235869984568,0.0,778.0,79.76789035297486,17.0,98.5328230967126,14.0,0.11169190112164884,1.125544333381665,2.0,3.0,283.0,346.0,2.298633740915942,0.6045
BGSP,/run/media/falconnier/Elements1/BIDS_datasets_selection/BGSP/sub-0029/ses-01/anat/sub-0029_ses-01_T1w.nii.gz,,sub-0029,ses-01,192,192,144,1.1979166,1.1979166,1.2,5.134463310241699,,,,5308416,5254620,0.9898659035011574,0.0,522.0,87.7582555922217,71.0,82.48489055174498,66.0,-0.7510754079654305,0.6002539426017981,2.0,3.0,237.0,287.0,3.6182540650264374,0.7085
BGSP,/run/media/falconnier/Elements1/BIDS_datasets_selection/BGSP/sub-0031/ses-01/anat/sub-0031_ses-01_T1w.nii.gz,,sub-0031,ses-01,192,192,144,1.1979166,1.1979166,1.2,4.988803863525391,,,,5308416,5253234,0.9896048086660879,0.0,1018.0,88.01734778995187,28.0,101.43912464824999,25.0,0.07655422807839551,1.0450324664931612,2.0,3.0,291.0,364.0,1.839775648589671,0.6324
BGSP,/run/media/falconnier/Elements1/BIDS_datasets_selection/BGSP/sub-0033/ses-01/anat/sub-0033_ses-01_T1w.nii.gz,,sub-0033,ses-01,192,192,144,1.1979166,1.1979166,1.2,4.983102798461914,,,,5308416,5253737,0.989699563862365,0.0,709.0,84.37663647799651,31.0,94.18518342890259,28.0,-0.08417009820803933,0.9624138495045736,2.0,3.0,265.0,335.0,2.606262965264852,0.6445
BGSP,/run/media/falconnier/Elements1/BIDS_datasets_selection/BGSP/sub-0034/ses-01/anat/sub-0034_ses-01_T1w.nii.gz,,sub-0034,ses-01,192,192,144,1.1979166,1.1979166,1.2,4.861509323120117,,,,5308416,5250770,0.9891406400704089,0.0,511.0,73.16718690782494,43.0,75.18832374726631,40.0,-0.24212740734205962,0.8438180487811019,1.0,2.0,214.0,266.0,3.5934174725796764,0.6761
BGSP,/run/media/falconnier/Elements1/BIDS_datasets_selection/BGSP/sub-0032/ses-01/anat/sub-0032_ses-01_T1w.nii.gz,,sub-0032,ses-01,192,192,144,1.1979166,1.1979166,1.2,4.84535026550293,,,,5308416,5252398,0.989447322892554,0.0,537.0,78.54153417162979,17.0,97.33627997235725,14.0,0.2892952619291269,1.1813735857077203,2.0,3.0,285.0,351.0,3.3388323525479375,0.6039
BGSP,/run/media/falconnier/Elements1/BIDS_datasets_selection/BGSP/sub-0037/ses-01/anat/sub-0037_ses-01_T1w.nii.gz,,sub-0037,ses-01,192,192,144,1.1979166,1.1979166,1.2,5.0448713302612305,,,,5308416,5253068,0.9895735375675154,0.0,711.0,85.69153321449484,42.0,89.95376552568709,38.0,-0.29455002553457765,0.8481765394737844,2.0,3.0,255.0,320.0,2.6207296715043484,0.6682
BGSP,/run/media/falconnier/Elements1/BIDS_datasets_selection/BGSP/sub-0030/ses-01/anat/sub-0030_ses-01_T1w.nii.gz,,sub-0030,ses-01,192,192,144,1.1979166,1.1979166,1.2,4.871283531188965,,,,5308416,5252623,0.9894897084177277,0.0,582.0,85.4372741009587,19.0,102.21339613917002,16.0,-0.1291616043820043,1.0393985747482148,2.0,3.0,292.0,359.0,3.1204866765235266,0.6169
BGSP,/run/media/falconnier/Elements1/BIDS_datasets_selection/BGSP/sub-0035/ses-01/anat/sub-0035_ses-01_T1w.nii.gz,,sub-0035,ses-01,192,192,144,1.1979166,1.1979166,1.2,4.895857810974121,,,,5308416,5252182,0.9894066327883874,0.0,733.0,85.39825124110322,24.0,98.86227074188052,21.0,-0.15882171361640252,0.9880692833049705,2.0,3.0,280.0,348.0,2.497923417886921,0.6297
BGSP,/run/media/falconnier/Elements1/BIDS_datasets_selection/BGSP/sub-0036/ses-01/anat/sub-0036_ses-01_T1w.nii.gz,,sub-0036,ses-01,192,192,144,1.1979166,1.1979166,1.2,4.853157043457031,,,,5308416,5253303,0.9896178068938078,0.0,814.0,78.65020178733266,28.0,87.60899987966587,25.0,-0.22929892599626545,0.9344061448899429,2.0,3.0,251.0,307.0,2.235004004756632,0.6453
BGSP,/run/media/falconnier/Elements1/BIDS_datasets_selection/BGSP/sub-0038/ses-01/anat/sub-0038_ses-01_T1w.nii.gz,,sub-0038,ses-01,192,192,144,1.1979166,1.1979166,1.2,4.580955505371094,,,,5308416,5252131,0.9893970254026814,0.0,864.0,74.95706752173547,11.0,102.2704365318511,8.0,0.6330113324820843,1.329891227006381,2.0,3.0,293.0,370.0,1.9949983086314018,0.5649
BGSP,/run/media/falconnier/Elements1/BIDS_datasets_selection/BGSP/sub-0039/ses-01/anat/sub-0039_ses-01_T1w.nii.gz,,sub-0039,ses-01,192,192,144,1.1979166,1.1979166,1.2,4.701812744140625,,,,5308416,5251492,0.9892766505111883,0.0,758.0,74.40934728644736,15.0,95.92589628263609,12.0,0.35007994356771865,1.2262531679226307,2.0,3.0,277.0,342.0,2.323188049009616,0.5879
BGSP,/run/media/falconnier/Elements1/BIDS_datasets_selection/BGSP/sub-0040/ses-01/anat/sub-0040_ses-01_T1w.nii.gz,,sub-0040,ses-01,192,192,144,1.1979166,1.1979166,1.2,4.685174942016602,,,,5308416,5251797,0.9893341064453125,0.0,830.0,73.4593185913317,14.0,96.2427654432231,11.0,0.5630724801028646,1.2887389733447803,2.0,3.0,277.0,349.0,2.1206988402916385,0.5818
BGSP,/run/media/falconnier/Elements1/BIDS_datasets_selection/BGSP/sub-0041/ses-01/anat/sub-0041_ses-01_T1w.nii.gz,,sub-0041,ses-01,192,192,144,1.1979166,1.1979166,1.2,4.905220985412598,,,,5308416,5253381,0.9896325005425347,0.0,761.0,88.6887221772036,22.0,104.21043281502014,19.0,-0.10888368057810771,1.0157022101179143,2.0,3.0,295.0,368.0,2.4167866421260875,0.6241
BGSP,/run/media/falconnier/Elements1/BIDS_datasets_selection/BGSP/sub-0042/ses-01/anat/sub-0042_ses-01_T1w.nii.gz,,sub-0042,ses-01,192,192,144,1.1979166,1.1979166,1.2,4.733071327209473,,,,5308416,5252297,0.9894282965012539,0.0,566.0,78.33469318281125,16.0,99.30062970632679,13.0,0.23938841532703758,1.1874219819995195,2.0,3.0,288.0,353.0,3.142580890817768,0.5943
BGSP,/run/media/falconnier/Elements1/BIDS_datasets_selection/BGSP/sub-0043/ses-01/anat/sub-0043_ses-01_T1w.nii.gz,,sub-0043,ses-01,192,192,144,1.1979166,1.1979166,1.2,4.805283546447754,,,,5308416,5252591,0.9894836802541473,0.0,944.0,79.49014115129086,17.0,100.08042899507278,14.0,0.42015285916921163,1.217933913700201,2.0,3.0,290.0,363.0,1.9062936312946934,0.5976
BGSP,/run/media/falconnier/Elements1/BIDS_datasets_selection/BGSP/sub-0045/ses-01/anat/sub-0045_ses-01_T1w.nii.gz,,sub-0045,ses-01,192,192,144,1.1979166,1.1979166,1.2,5.028918266296387,,,,5308416,5253153,0.9895895498770254,0.0,765.0,81.11946253992602,37.0,88.50195700527243,34.0,0.12040852996957252,1.0245176298745364,2.0,3.0,256.0,321.0,2.475069450818959,0.6549
BGSP,/run/media/falconnier/Elements1/BIDS_datasets_selection/BGSP/sub-0047/ses-01/anat/sub-0047_ses-01_T1w.nii.gz,,sub-0047,ses-01,192,192,144,1.1979166,1.1979166,1.2,4.829536437988281,,,,5308416,5252613,0.9894878246166088,0.0,965.0,89.2611441200789,15.0,114.13233738567814,12.0,0.1791500586357686,1.1594891854586418,2.0,3.0,324.0,399.0,1.8673496279584252,0.5903
BGSP,/run/media/falconnier/Elements1/BIDS_datasets_selection/BGSP/sub-0048/ses-01/anat/sub-0048_ses-01_T1w.nii.gz,,sub-0048,ses-01,192,192,144,1.1979166,1.1979166,1.2,4.638720512390137,,,,5308416,5250364,0.9890641577449846,0.0,633.0,77.97134103464064,13.0,102.55834376851007,10.0,0.27326410824777536,1.225823229237533,1.0,2.0,294.0,363.0,2.770737798499391,0.5791
BGSP,/run/media/falconnier/Elements1/BIDS_datasets_selection/BGSP/sub-0044/ses-01/anat/sub-0044_ses-01_T1w.nii.gz,,sub-0044,ses-01,192,192,144,1.1979166,1.1979166,1.2,4.612871170043945,,,,5308416,5250961,0.9891766206717786,0.0,666.0,71.25090340606225,15.0,88.19131406480828,12.0,0.12013865616101693,1.126449005597801,1.0,2.0,250.0,314.0,2.61681283741309,0.6035
BGSP,/run/media/falconnier/Elements1/BIDS_datasets_selection/BGSP/sub-0046/ses-01/anat/sub-0046_ses-01_T1w.nii.gz,,sub-0046,ses-01,192,192,144,1.1979166,1.1979166,1.2,4.561664581298828,,,,5308416,5251836,0.9893414532696759,0.0,870.0,67.22676050813467,13.0,86.27434786972454,10.0,0.6141614465307832,1.253304884814973,2.0,2.0,245.0,310.0,1.9848335229798646,0.5899
BGSP,/run/media/falconnier/Elements1/BIDS_datasets_selection/BGSP/sub-0049/ses-01/anat/sub-0049_ses-01_T1w.nii.gz,,sub-0049,ses-01,192,192,144,1.1979166,1.1979166,1.2,4.957834243774414,,,,5308416,5252832,0.9895290798611112,0.0,682.0,89.60525693568727,25.0,104.8446723762835,22.0,-0.1474723721352902,1.0146499409278296,2.0,3.0,301.0,366.0,2.708636828517273,0.6258
BGSP,/run/media/falconnier/Elements1/BIDS_datasets_selection/BGSP/sub-0043/ses-02/anat/sub-0043_ses-02_T1w.nii.gz,,sub-0043,ses-02,192,192,144,1.1979166,1.1979166,1.2,4.743894577026367,,,,5308416,5252524,0.9894710587866512,0.0,746.0,73.73877453963085,16.0,92.97775462931835,13.0,0.4213043307117008,1.227434065974771,2.0,3.0,270.0,337.0,2.38377003560176,0.5973
BGSP,/run/media/falconnier/Elements1/BIDS_datasets_selection/BGSP/sub-0050/ses-01/anat/sub-0050_ses-01_T1w.nii.gz,,sub-0050,ses-01,192,192,144,1.1979166,1.1979166,1.2,4.870105743408203,,,,5308416,5253169,0.9895925639588156,0.0,849.0,82.109298787075,22.0,96.56678083342483,19.0,0.015989729465148095,1.0402150316111023,2.0,3.0,275.0,338.0,2.145425093504739,0.6239
BGSP,/run/media/falconnier/Elements1/BIDS_datasets_selection/BGSP/sub-0051/ses-01/anat/sub-0051_ses-01_T1w.nii.gz,,sub-0051,ses-01,192,192,144,1.1979166,1.1979166,1.2,4.931430816650391,,,,5308416,5252569,0.9894795358916859,0.0,871.0,86.39522869666253,18.0,105.58540795062598,15.0,0.11930428021222683,1.1113738484009474,2.0,3.0,304.0,373.0,2.091303507571837,0.6088
BGSP,/run/media/falconnier/Elements1/BIDS_datasets_selection/BGSP/sub-0052/ses-01/anat/sub-0052_ses-01_T1w.nii.gz,,sub-0052,ses-01,192,192,144,1.1979166,1.1979166,1.2,4.764153480529785,,,,5308416,5251860,0.9893459743923612,0.0,660.0,73.90743165278587,19.0,86.59925355029867,16.0,0.10408524345326597,1.0610729916076316,2.0,3.0,248.0,316.0,2.6825918397069253,0.6255
BGSP,/run/media/falconnier/Elements1/BIDS_datasets_selection/BGSP/sub-0053/ses-01/anat/sub-0053_ses-01_T1w.nii.gz,,sub-0053,ses-01,192,192,144,1.1979166,1.1979166,1.2,4.719393730163574,,,,5308416,5253539,0.9896622646002122,0.0,692.0,71.60754969174113,22.0,81.50924748689494,19.0,-0.1029994601527755,0.989956653403288,2.0,3.0,232.0,289.0,2.570304430220486,0.637
BGSP,/run/media/falconnier/Elements1/BIDS_datasets_selection/BGSP/sub-0054/ses-01/anat/sub-0054_ses-01_T1w.nii.gz,,sub-0054,ses-01,192,192,144,1.1979166,1.1979166,1.2,4.821579933166504,,,,5308416,5251593,0.9892956769024884,0.0,582.0,81.25890905864182,18.0,99.91751510986613,15.0,0.22808844807509532,1.1434923227398859,2.0,3.0,288.0,355.0,3.0890045089878964,0.6062
BGSP,/run/media/falconnier/Elements1/BIDS_datasets_selection/BGSP/sub-0055/ses-01/anat/sub-0055_ses-01_T1w.nii.gz,,sub-0055,ses-01,192,192,144,1.1979166,1.1979166,1.2,5.016121864318848,,,,5308416,5253415,0.9896389054663387,0.0,925.0,96.83748856696073,25.0,110.95987553684641,22.0,-0.24343787635756575,0.956361096728505,2.0,4.0,317.0,387.0,2.0181143905602075,0.6338
BGSP,/run/media/falconnier/Elements1/BIDS_datasets_selection/BGSP/sub-0056/ses-01/anat/sub-0056_ses-01_T1w.nii.gz,,sub-0056,ses-01,192,192,144,1.1979166,1.1979166,1.2,4.6478271484375,,,,5308416,5249515,0.9889042230299961,0.0,539.0,68.98790688282632,19.0,81.02534131712407,17.0,-0.029122830669607858,1.0350780863222273,1.0,2.0,231.0,285.0,3.238814990647529,0.624
BGSP,/run/media/falconnier/Elements1/BIDS_datasets_selection/BGSP/sub-0057/ses-01/anat/sub-0057_ses-01_T1w.nii.gz,,sub-0057,ses-01,192,192,144,1.1979166,1.1979166,1.2,5.082122802734375,,,,5308416,5253806,0.9897125620900848,0.0,884.0,91.33758669429362,39.0,99.00005130687553,36.0,-0.15515197665332936,0.9078472222415298,2.0,3.0,281.0,348.0,2.139143200106664,0.6559
BGSP,/run/media/falconnier/Elements1/BIDS_datasets_selection/BGSP/sub-0063/ses-01/anat/sub-0063_ses-01_T1w.nii.gz,,sub-0063,ses-01,192,192,144,1.1979166,1.1979166,1.2,4.889184951782227,,,,5308416,5252341,0.9894365852261767,0.0,757.0,81.25550511667083,24.0,94.41976854768342,21.0,-0.06277895158500302,1.019726932236872,2.0,3.0,270.0,334.0,2.4099579148554793,0.6285
BGSP,/run/media/falconnier/Elements1/BIDS_datasets_selection/BGSP/sub-0058/ses-01/anat/sub-0058_ses-01_T1w.nii.gz,,sub-0058,ses-01,192,192,144,1.1979166,1.1979166,1.2,4.858646392822266,,,,5308416,5251815,0.9893374972873263,0.0,749.0,88.54262059878347,17.0,111.74252580619982,14.0,0.16518384620934157,1.1610328729383697,2.0,3.0,323.0,395.0,2.433747533967742,0.5957
BGSP,/run/media/falconnier/Elements1/BIDS_datasets_selection/BGSP/sub-0059/ses-01/anat/sub-0059_ses-01_T1w.nii.gz,,sub-0059,ses-01,192,192,144,1.1979166,1.1979166,1.2,4.808647155761719,,,,5308416,5252269,0.9894230218581211,0.0,776.0,82.66175075952889,16.0,102.56521610377365,13.0,0.1492670148632218,1.132379060009887,2.0,3.0,294.0,364.0,2.3117046651389375,0.6026
BGSP,/run/media/falconnier/Elements1/BIDS_datasets_selection/BGSP/sub-0062/ses-01/anat/sub-0062_ses-01_T1w.nii.gz,,sub-0062,ses-01,192,192,144,1.1979166,1.1979166,1.2,4.840524673461914,,,,5308416,5252770,0.9895174002941743,0.0,814.0,77.63946755711748,23.0,89.4641259810698,20.0,0.018201925346859493,1.0174280928643058,2.0,3.0,257.0,311.0,2.2205575459326448,0.632
BGSP,/run/media/falconnier/Elements1/BIDS_datasets_selection/BGSP/sub-0061/ses-01/anat/sub-0061_ses-01_T1w.nii.gz,,sub-0061,ses-01,192,192,144,1.1979166,1.1979166,1.2,4.758200645446777,,,,5308416,5253019,0.9895643069420332,0.0,773.0,71.98275429805223,20.0,83.45344586194808,17.0,0.09947011680417805,1.0539077554840028,2.0,3.0,239.0,300.0,2.3006942384982887,0.6302
BGSP,/run/media/falconnier/Elements1/BIDS_datasets_selection/BGSP/sub-0060/ses-01/anat/sub-0060_ses-01_T1w.nii.gz,,sub-0060,ses-01,192,192,144,1.1979166,1.1979166,1.2,4.610719680786133,,,,5308416,5251702,0.9893162103346836,0.0,762.0,76.19459558063272,11.0,101.39661026509424,8.0,0.32375881915586113,1.2401824370322694,2.0,3.0,293.0,357.0,2.271099209881434,0.5743
BGSP,/run/media/falconnier/Elements1/BIDS_datasets_selection/BGSP/sub-0064/ses-01/anat/sub-0064_ses-01_T1w.nii.gz,,sub-0064,ses-01,192,192,144,1.1979166,1.1979166,1.2,4.635119438171387,,,,5308416,5248499,0.9887128288363233,0.0,1084.0,70.08687455213386,16.0,87.09329617434874,14.0,1.8121798931222806,1.3002684583819681,1.0,2.0,244.0,302.0,1.602018516914179,0.6021
BGSP,/run/media/falconnier/Elements1/BIDS_datasets_selection/BGSP/sub-0065/ses-01/anat/sub-0065_ses-01_T1w.nii.gz,,sub-0065,ses-01,192,192,144,1.1979166,1.1979166,1.2,4.918523788452148,,,,5308416,5252607,0.9894866943359375,0.0,801.0,81.44932030894373,34.0,88.00490863635434,31.0,-0.1582538328923242,0.8979539267775586,2.0,3.0,249.0,309.0,2.302490694665651,0.6569
BGSP,/run/media/falconnier/Elements1/BIDS_datasets_selection/BGSP/sub-0066/ses-01/anat/sub-0066_ses-01_T1w.nii.gz,,sub-0066,ses-01,192,192,144,1.1979166,1.1979166,1.2,4.764447212219238,,,,5308416,5252707,0.9895055323471258,0.0,848.0,80.74662569223831,17.0,100.10205033496725,14.0,0.19057369162440274,1.1478439398833347,2.0,3.0,287.0,357.0,2.1244346946891297,0.6033
BGSP,/run/media/falconnier/Elements1/BIDS_datasets_selection/BGSP/sub-0067/ses-01/anat/sub-0067_ses-01_T1w.nii.gz,,sub-0067,ses-01,192,192,144,1.1979166,1.1979166,1.2,4.498071670532227,,,,5308416,5250940,0.989172664689429,0.0,602.0,65.6047003012794,12.0,83.57818882546691,9.0,0.3211492849969688,1.1928269400113956,1.0,2.0,236.0,303.0,2.813804556019136,0.5921
BGSP,/run/media/falconnier/Elements1/BIDS_datasets_selection/BGSP/sub-0068/ses-01/anat/sub-0068_ses-01_T1w.nii.gz,,sub-0068,ses-01,192,192,144,1.1979166,1.1979166,1.2,4.757822036743164,,,,5308416,5251852,0.9893444673514661,0.0,641.0,75.07900527280663,17.0,95.38629079540537,14.0,0.35759436803561284,1.2219936783407794,2.0,3.0,276.0,342.0,2.7754397107255233,0.594
BGSP,/run/media/falconnier/Elements1/BIDS_datasets_selection/BGSP/sub-0069/ses-01/anat/sub-0069_ses-01_T1w.nii.gz,,sub-0069,ses-01,192,192,144,1.1979166,1.1979166,1.2,4.843633651733398,,,,5308416,5253076,0.9895750446084105,0.0,969.0,83.0686487307627,20.0,98.43888764003754,17.0,0.06968708549470559,1.057986725589434,2.0,3.0,279.0,351.0,1.873916494673958,0.621
BGSP,/run/media/falconnier/Elements1/BIDS_datasets_selection/BGSP/sub-0070/ses-01/anat/sub-0070_ses-01_T1w.nii.gz,,sub-0070,ses-01,192,192,144,1.1979166,1.1979166,1.2,4.549931526184082,,,,5308416,5248985,0.9888043815706983,0.0,450.0,62.47528655540071,15.0,75.1956868312176,13.0,0.17439920489384386,1.1153938160112218,1.0,2.0,215.0,268.0,3.7905273550620455,0.6149
BGSP,/run/media/falconnier/Elements1/BIDS_datasets_selection/BGSP/sub-0071/ses-01/anat/sub-0071_ses-01_T1w.nii.gz,,sub-0071,ses-01,192,192,144,1.1979166,1.1979166,1.2,4.750316619873047,,,,5308416,5252201,0.9894102120105132,0.0,800.0,75.20604123871117,17.0,92.14567394855679,14.0,0.22646823138841965,1.1436785356456565,2.0,3.0,266.0,327.0,2.2294870599400047,0.6082
BGSP,/run/media/falconnier/Elements1/BIDS_datasets_selection/BGSP/sub-0072/ses-01/anat/sub-0072_ses-01_T1w.nii.gz,,sub-0072,ses-01,192,192,144,1.1979166,1.1979166,1.2,4.697709083557129,,,,5308416,5251731,0.9893216733579282,0.0,729.0,73.56319221224392,15.0,93.01948555509047,12.0,0.2941009128725054,1.192880613523818,2.0,3.0,269.0,330.0,2.4094478967087056,0.5955
BGSP,/run/media/falconnier/Elements1/BIDS_datasets_selection/BGSP/sub-0075/ses-01/anat/sub-0075_ses-01_T1w.nii.gz,,sub-0075,ses-01,192,192,144,1.1979166,1.1979166,1.2,4.816900253295898,,,,5308416,5251111,0.9892048776885609,0.0,953.0,78.9368996389526,22.0,92.74248690737213,20.0,0.18527987551397462,1.057319880840896,1.0,2.0,264.0,325.0,1.8923635956698779,0.624
BGSP,/run/media/falconnier/Elements1/BIDS_datasets_selection/BGSP/sub-0074/ses-01/anat/sub-0074_ses-01_T1w.nii.gz,,sub-0074,ses-01,192,192,144,1.1979166,1.1979166,1.2,4.7698774337768555,,,,5308416,5252384,0.9894446855709876,0.0,1049.0,81.99809153329231,15.0,107.19887760073222,12.0,0.43221841272270023,1.262218409137345,2.0,3.0,313.0,380.0,1.7087805900259545,0.5824
BGSP,/run/media/falconnier/Elements1/BIDS_datasets_selection/BGSP/sub-0073/ses-01/anat/sub-0073_ses-01_T1w.nii.gz,,sub-0073,ses-01,192,192,144,1.1979166,1.1979166,1.2,4.743492126464844,,,,5308416,5252220,0.9894137912326388,0.0,942.0,84.0441510447011,14.0,107.87729388468172,11.0,0.2906126850735986,1.192899900286931,2.0,3.0,310.0,381.0,1.8918258954117544,0.5889
BGSP,/run/media/falconnier/Elements1/BIDS_datasets_selection/BGSP/sub-0076/ses-01/anat/sub-0076_ses-01_T1w.nii.gz,,sub-0076,ses-01,192,192,144,1.1979166,1.1979166,1.2,4.884774208068848,,,,5308416,5253504,0.9896556712962963,0.0,838.0,82.5618021800307,26.0,94.37098744162266,23.0,0.042695507941798105,1.02012576571618,2.0,3.0,270.0,337.0,2.19484485613188,0.6354
BGSP,/run/media/falconnier/Elements1/BIDS_datasets_selection/BGSP/sub-0077/ses-01/anat/sub-0077_ses-01_T1w.nii.gz,,sub-0077,ses-01,192,192,144,1.1979166,1.1979166,1.2,4.386137962341309,,,,5308416,5248597,0.9887312900872878,0.0,465.0,59.21042232810025,10.0,79.62960988195977,8.0,0.4788380549881204,1.2982244092194213,1.0,2.0,229.0,285.0,3.5339861098830894,0.5707
BGSP,/run/media/falconnier/Elements1/BIDS_datasets_selection/BGSP/sub-0078/ses-01/anat/sub-0078_ses-01_T1w.nii.gz,,sub-0078,ses-01,192,192,144,1.1979166,1.1979166,1.2,5.0176286697387695,,,,5308416,5254107,0.9897692645037616,0.0,850.0,88.57625796353214,37.0,98.29414903632644,34.0,0.0605724265007499,0.9757549658452364,2.0,3.0,279.0,346.0,2.2050458007529428,0.6469
BGSP,/run/media/falconnier/Elements1/BIDS_datasets_selection/BGSP/sub-0079/ses-01/anat/sub-0079_ses-01_T1w.nii.gz,,sub-0079,ses-01,192,192,144,1.1979166,1.1979166,1.2,4.9925079345703125,,,,5308416,5252829,0.9895285147207754,0.0,924.0,100.759030990729,18.0,125.37815646403891,15.0,0.03654621501652855,1.10558734453565,2.0,3.0,354.0,440.0,2.009284658081419,0.601
BGSP,/run/media/falconnier/Elements1/BIDS_datasets_selection/BGSP/sub-0080/ses-01/anat/sub-0080_ses-01_T1w.nii.gz,,sub-0080,ses-01,192,192,144,1.1979166,1.1979166,1.2,4.7425737380981445,,,,5308416,5252303,0.9894294267819251,0.0,585.0,75.9129073475007,21.0,86.19566042022075,18.0,-0.2170479526089153,0.935845169984315,2.0,3.0,240.0,301.0,3.042276780302995,0.637
BGSP,/run/media/falconnier/Elements1/BIDS_datasets_selection/BGSP/sub-0081/ses-01/anat/sub-0081_ses-01_T1w.nii.gz,,sub-0081,ses-01,192,192,144,1.1979166,1.1979166,1.2,4.894251823425293,,,,5308416,5252464,0.9894597559799383,0.0,946.0,79.67045561854398,27.0,90.50272305146518,24.0,0.04386603837722891,1.0114806939360417,2.0,3.0,258.0,325.0,1.929666983427296,0.6378
BGSP,/run/media/falconnier/Elements1/BIDS_datasets_selection/BGSP/sub-0085/ses-01/anat/sub-0085_ses-01_T1w.nii.gz,,sub-0085,ses-01,192,192,144,1.1979166,1.1979166,1.2,4.697371482849121,,,,5308416,5252803,0.9895236168378665,0.0,891.0,77.91327753962979,13.0,103.45797080049563,10.0,0.6321335858621002,1.3123543208572004,2.0,3.0,302.0,376.0,1.9812258735844004,0.5763
BGSP,/run/media/falconnier/Elements1/BIDS_datasets_selection/BGSP/sub-0086/ses-01/anat/sub-0086_ses-01_T1w.nii.gz,,sub-0086,ses-01,192,192,144,1.1979166,1.1979166,1.2,4.652006149291992,,,,5308416,5246225,0.988284452461902,0.0,656.0,70.07854581151209,19.0,83.85597085221616,17.0,0.3516333589339937,1.1173275675503282,1.0,2.0,236.0,304.0,2.6538535179457114,0.6164
BGSP,/run/media/falconnier/Elements1/BIDS_datasets_selection/BGSP/sub-0082/ses-01/anat/sub-0082_ses-01_T1w.nii.gz,,sub-0082,ses-01,192,192,144,1.1979166,1.1979166,1.2,4.715583801269531,,,,5308416,5251390,0.9892574357397762,0.0,619.0,81.28400671060425,14.0,105.36990495114783,11.0,0.15548699280211142,1.18205720108489,2.0,3.0,302.0,368.0,2.8504717019140937,0.5848
BGSP,/run/media/falconnier/Elements1/BIDS_datasets_selection/BGSP/sub-0084/ses-01/anat/sub-0084_ses-01_T1w.nii.gz,,sub-0084,ses-01,192,192,144,1.1979166,1.1979166,1.2,5.093649864196777,,,,5308416,5253869,0.9897244300371335,0.0,856.0,95.61754965721452,34.0,106.96843372264428,30.0,-0.09861748091039901,0.9818412842038391,2.0,4.0,310.0,385.0,2.218092310275723,0.6441
BGSP,/run/media/falconnier/Elements1/BIDS_datasets_selection/BGSP/sub-0083/ses-01/anat/sub-0083_ses-01_T1w.nii.gz,,sub-0083,ses-01,192,192,144,1.1979166,1.1979166,1.2,4.721932411193848,,,,5308416,5250333,0.9890583179615162,0.0,582.0,77.59711622100922,16.0,94.62040130627516,14.0,-0.027508246385893553,1.0764822273922807,1.0,2.0,274.0,329.0,3.036448495105047,0.6088
BGSP,/run/media/falconnier/Elements1/BIDS_datasets_selection/BGSP/sub-0088/ses-01/anat/sub-0088_ses-01_T1w.nii.gz,,sub-0088,ses-01,192,192,144,1.1979166,1.1979166,1.2,4.870643615722656,,,,5308416,5252411,0.9894497718340085,0.0,704.0,84.66262388834384,17.0,102.24785773073668,14.0,-0.12423874911967747,1.0418820806384717,2.0,3.0,291.0,356.0,2.550128695530457,0.6129
BGSP,/run/media/falconnier/Elements1/BIDS_datasets_selection/BGSP/sub-0087/ses-01/anat/sub-0087_ses-01_T1w.nii.gz,,sub-0087,ses-01,192,192,144,1.1979166,1.1979166,1.2,4.866925239562988,,,,5308416,5252891,0.9895401942877122,0.0,722.0,87.77920272855462,25.0,99.23484341892022,22.0,-0.4135769035052661,0.8949231020254188,2.0,3.0,280.0,339.0,2.5252958794022162,0.6384
BGSP,/run/media/falconnier/Elements1/BIDS_datasets_selection/BGSP/sub-0088/ses-02/anat/sub-0088_ses-02_T1w.nii.gz,,sub-0088,ses-02,192,192,144,1.1979166,1.1979166,1.2,4.700138092041016,,,,5308416,5251229,0.9892271065417632,0.0,619.0,74.83751860754883,14.0,92.10166737969631,12.0,-0.04677823842022244,1.0780012602415683,1.0,2.0,261.0,321.0,2.8252929266170206,0.6053
BGSP,/run/media/falconnier/Elements1/BIDS_datasets_selection/BGSP/sub-0089/ses-01/anat/sub-0089_ses-01_T1w.nii.gz,,sub-0089,ses-01,192,192,144,1.1979166,1.1979166,1.2,4.862612724304199,,,,5308416,5251930,0.9893591610001929,0.0,647.0,84.53613452578385,20.0,98.47984661535841,17.0,-0.27382369149988905,0.95885177092181,2.0,3.0,275.0,341.0,2.782932534623964,0.6267
BGSP,/run/media/falconnier/Elements1/BIDS_datasets_selection/BGSP/sub-0089/ses-02/anat/sub-0089_ses-02_T1w.nii.gz,,sub-0089,ses-02,192,192,144,1.1979166,1.1979166,1.2,4.782127380371094,,,,5308416,5251687,0.9893133846330054,0.0,733.0,78.5974118411855,18.0,91.76293823626668,16.0,-0.18792288858150652,0.9809705464311556,1.0,3.0,257.0,320.0,2.4352556770130587,0.6261
BGSP,/run/media/falconnier/Elements1/BIDS_datasets_selection/BGSP/sub-0090/ses-01/anat/sub-0090_ses-01_T1w.nii.gz,,sub-0090,ses-01,192,192,144,1.1979166,1.1979166,1.2,4.836827278137207,,,,5308416,5252932,0.9895479178722993,0.0,821.0,80.88576969966488,23.0,93.04813607600119,20.0,0.0022583065060017837,1.0102272311284761,2.0,3.0,267.0,331.0,2.2112998158774606,0.6325
BGSP,/run/media/falconnier/Elements1/BIDS_datasets_selection/BGSP/sub-0091/ses-01/anat/sub-0091_ses-01_T1w.nii.gz,,sub-0091,ses-01,192,192,144,1.1979166,1.1979166,1.2,4.769903182983398,,,,5308416,5251445,0.9892677966459298,0.0,1462.0,69.74334530781528,25.0,80.78322242280085,22.0,3.0018931736343966,1.2914407207426999,1.0,2.0,228.0,285.0,1.2275947058161425,0.6312
BGSP,/run/media/falconnier/Elements1/BIDS_datasets_selection/BGSP/sub-0092/ses-01/anat/sub-0092_ses-01_T1w.nii.gz,,sub-0092,ses-01,192,192,144,1.1979166,1.1979166,1.2,4.766548156738281,,,,5308416,5252000,0.9893723476080247,0.0,667.0,85.66547658035034,14.0,109.81574942773777,11.0,0.09766528927568086,1.1579698639465343,2.0,3.0,315.0,383.0,2.6709030582241127,0.5893
BGSP,/run/media/falconnier/Elements1/BIDS_datasets_selection/BGSP/sub-0092/ses-02/anat/sub-0092_ses-02_T1w.nii.gz,,sub-0092,ses-02,192,192,144,1.1979166,1.1979166,1.2,4.724477767944336,,,,5308416,5252118,0.9893945764612269,0.0,753.0,82.755045297916,13.0,107.99946546756938,10.0,0.23129573532989323,1.2033410597739034,2.0,3.0,311.0,380.0,2.3422380173126283,0.5822
BGSP,/run/media/falconnier/Elements1/BIDS_datasets_selection/BGSP/sub-0093/ses-01/anat/sub-0093_ses-01_T1w.nii.gz,,sub-0093,ses-01,192,192,144,1.1979166,1.1979166,1.2,4.667766571044922,,,,5308416,5251368,0.9892532913773148,0.0,634.0,73.51065017724905,15.0,92.12603286765261,12.0,0.12381507356885502,1.1420799272290971,2.0,3.0,264.0,324.0,2.763699844754895,0.5986
BGSP,/run/media/falconnier/Elements1/BIDS_datasets_selection/BGSP/sub-0095/ses-01/anat/sub-0095_ses-01_T1w.nii.gz,,sub-0095,ses-01,192,192,144,1.1979166,1.1979166,1.2,4.767557144165039,,,,5308416,5251757,0.9893265712408372,0.0,836.0,79.0990095314768,17.0,99.40048794233337,14.0,0.3053807993851825,1.1868310302010439,2.0,3.0,286.0,353.0,2.15144673513741,0.598
BGSP,/run/media/falconnier/Elements1/BIDS_datasets_selection/BGSP/sub-0094/ses-01/anat/sub-0094_ses-01_T1w.nii.gz,,sub-0094,ses-01,192,192,144,1.1979166,1.1979166,1.2,4.595788955688477,,,,5308416,5251875,0.9893488000940394,0.0,924.0,70.00435844341307,12.0,92.0168464862255,9.0,0.5936579884177675,1.278075582741185,2.0,3.0,264.0,329.0,1.8630154516949182,0.5801
BGSP,/run/media/falconnier/Elements1/BIDS_datasets_selection/BGSP/sub-0095/ses-02/anat/sub-0095_ses-02_T1w.nii.gz,,sub-0095,ses-02,192,192,144,1.1979166,1.1979166,1.2,4.690215110778809,,,,5308416,5251534,0.9892845624758874,0.0,751.0,75.54399133662659,15.0,96.0516733462132,12.0,0.27015329505670493,1.1907195999716131,1.0,2.0,276.0,342.0,2.3540290747657044,0.593
BGSP,/run/media/falconnier/Elements1/BIDS_datasets_selection/BGSP/sub-0096/ses-01/anat/sub-0096_ses-01_T1w.nii.gz,,sub-0096,ses-01,192,192,144,1.1979166,1.1979166,1.2,4.462368011474609,,,,5308416,5251800,0.9893346715856481,0.0,832.0,69.78821299364027,10.0,100.8167959464126,7.0,0.9220467719895464,1.446696895825853,2.0,3.0,292.0,366.0,2.01574449280908,0.5422
BGSP,/run/media/falconnier/Elements1/BIDS_datasets_selection/BGSP/sub-0097/ses-01/anat/sub-0097_ses-01_T1w.nii.gz,,sub-0097,ses-01,192,192,144,1.1979166,1.1979166,1.2,5.017007827758789,,,,5308416,5253196,0.9895976502218364,0.0,1108.0,100.02854053037427,21.0,119.76737555878059,18.0,-0.08669618727404549,1.0371980379650267,2.0,3.0,344.0,417.0,1.6914143900982122,0.6163
BGSP,/run/media/falconnier/Elements1/BIDS_datasets_selection/BGSP/sub-0098/ses-01/anat/sub-0098_ses-01_T1w.nii.gz,,sub-0098,ses-01,192,192,144,1.1979166,1.1979166,1.2,4.704069137573242,,,,5308416,5249684,0.9889360592689043,0.0,816.0,75.76397074566773,15.0,96.54474134028173,13.0,0.4145865113633409,1.2127856149671536,1.0,2.0,278.0,341.0,2.157675906225087,0.5919
BGSP,/run/media/falconnier/Elements1/BIDS_datasets_selection/BGSP/sub-0099/ses-01/anat/sub-0099_ses-01_T1w.nii.gz,,sub-0099,ses-01,192,192,144,1.1979166,1.1979166,1.2,4.715743064880371,,,,5308416,5250387,0.9890684904875578,0.0,760.0,78.48601998290793,14.0,98.21661787968473,12.0,0.25334293074001524,1.1505947749059637,1.0,2.0,284.0,343.0,2.3277668782167646,0.5987
BGSP,/run/media/falconnier/Elements1/BIDS_datasets_selection/BGSP/sub-0100/ses-01/anat/sub-0100_ses-01_T1w.nii.gz,,sub-0100,ses-01,192,192,144,1.1979166,1.1979166,1.2,4.654330253601074,,,,5308416,5251204,0.9892223970389661,0.0,661.0,72.33960021358911,14.0,92.2965969395126,11.0,0.27675614447490693,1.19962987253801,1.0,2.0,268.0,327.0,2.629375759248699,0.5917
BGSP,/run/media/falconnier/Elements1/BIDS_datasets_selection/BGSP/sub-0101/ses-01/anat/sub-0101_ses-01_T1w.nii.gz,,sub-0101,ses-01,192,192,144,1.1979166,1.1979166,1.2,4.657515525817871,,,,5308416,5252612,0.9894876362364969,0.0,790.0,73.0834978863849,14.0,94.42352614606664,11.0,0.5075475729767347,1.258418480210353,2.0,3.0,272.0,343.0,2.217281436676689,0.5874
BGSP,/run/media/falconnier/Elements1/BIDS_datasets_selection/BGSP/sub-0102/ses-01/anat/sub-0102_ses-01_T1w.nii.gz,,sub-0102,ses-01,192,192,144,1.1979166,1.1979166,1.2,4.916431427001953,,,,5308416,5252972,0.9895554530767747,0.0,811.0,87.16842922444665,23.0,101.6458936442179,20.0,0.04520623040174554,1.021914459919796,2.0,3.0,289.0,358.0,2.260415644543241,0.6268
BGSP,/run/media/falconnier/Elements1/BIDS_datasets_selection/BGSP/sub-0103/ses-01/anat/sub-0103_ses-01_T1w.nii.gz,,sub-0103,ses-01,192,192,144,1.1979166,1.1979166,1.2,4.684802055358887,,,,5308416,5251298,0.989240104769483,0.0,731.0,75.1701438387233,16.0,94.28692519676825,13.0,0.07313487873950342,1.1380242149232342,2.0,2.0,270.0,330.0,2.414460707195061,0.5983
BGSP,/run/media/falconnier/Elements1/BIDS_datasets_selection/BGSP/sub-0104/ses-01/anat/sub-0104_ses-01_T1w.nii.gz,,sub-0104,ses-01,192,192,144,1.1979166,1.1979166,1.2,4.817042350769043,,,,5308416,5252442,0.9894556116174769,0.0,707.0,74.91778186222713,23.0,86.33643542623084,20.0,0.1392484760167796,1.0595065900059166,2.0,3.0,247.0,310.0,2.550999992337152,0.6326
BGSP,/run/media/falconnier/Elements1/BIDS_datasets_selection/BGSP/sub-0105/ses-01/anat/sub-0105_ses-01_T1w.nii.gz,,sub-0105,ses-01,192,192,144,1.1979166,1.1979166,1.2,4.731637001037598,,,,5308416,5251364,0.9892525378568673,0.0,694.0,76.65257140811416,16.0,95.45509275269279,13.0,0.34468812378673075,1.1801112707166703,1.0,2.0,274.0,344.0,2.5569407919230263,0.6014
BGSP,/run/media/falconnier/Elements1/BIDS_datasets_selection/BGSP/sub-0106/ses-01/anat/sub-0106_ses-01_T1w.nii.gz,,sub-0106,ses-01,192,192,144,1.1979166,1.1979166,1.2,4.682055473327637,,,,5308416,5251444,0.9892676082658179,0.0,729.0,74.51089471771955,14.0,97.6679195672983,11.0,0.37437543576683163,1.2523825460017945,2.0,3.0,284.0,347.0,2.3979962351415165,0.581
BGSP,/run/media/falconnier/Elements1/BIDS_datasets_selection/BGSP/sub-0108/ses-01/anat/sub-0108_ses-01_T1w.nii.gz,,sub-0108,ses-01,192,192,144,1.1979166,1.1979166,1.2,4.695661544799805,,,,5308416,5251088,0.9892005449459876,0.0,744.0,74.09393348578428,14.0,96.02248798695479,11.0,0.47557742680934467,1.247880324772792,1.0,2.0,274.0,344.0,2.3582594407439923,0.5855
BGSP,/run/media/falconnier/Elements1/BIDS_datasets_selection/BGSP/sub-0109/ses-01/anat/sub-0109_ses-01_T1w.nii.gz,,sub-0109,ses-01,192,192,144,1.1979166,1.1979166,1.2,5.0814104080200195,,,,5308416,5253461,0.9896475709514854,0.0,1062.0,95.17439569837865,35.0,105.34820960722772,31.0,-0.1640269961135723,0.9399030229614037,2.0,4.0,302.0,366.0,1.791081453620466,0.6481
BGSP,/run/media/falconnier/Elements1/BIDS_datasets_selection/BGSP/sub-0107/ses-01/anat/sub-0107_ses-01_T1w.nii.gz,,sub-0107,ses-01,192,192,144,1.1979166,1.1979166,1.2,4.540884017944336,,,,5308416,5250756,0.9891380027488426,0.0,621.0,71.26240145228611,11.0,94.78090752472868,8.0,0.42149972081127984,1.2626510176823245,1.0,2.0,272.0,340.0,2.7489143511884775,0.5746
BGSP,/run/media/falconnier/Elements1/BIDS_datasets_selection/BGSP/sub-0110/ses-01/anat/sub-0110_ses-01_T1w.nii.gz,,sub-0110,ses-01,192,192,144,1.1979166,1.1979166,1.2,4.979535102844238,,,,5308416,5251636,0.9893037772472993,0.0,882.0,86.79269869427355,29.0,97.95931340226205,26.0,-0.23521663297758444,0.9511918913900627,2.0,3.0,282.0,342.0,2.10118737115198,0.6396
BGSP,/run/media/falconnier/Elements1/BIDS_datasets_selection/BGSP/sub-0111/ses-01/anat/sub-0111_ses-01_T1w.nii.gz,,sub-0111,ses-01,192,192,144,1.1979166,1.1979166,1.2,4.864331245422363,,,,5308416,5253009,0.9895624231409144,0.0,963.0,85.13802146541154,18.0,103.84103216162138,15.0,0.2099441719170665,1.1134508400149778,2.0,3.0,294.0,366.0,1.8874341803978776,0.6096
BGSP,/run/media/falconnier/Elements1/BIDS_datasets_selection/BGSP/sub-0113/ses-01/anat/sub-0113_ses-01_T1w.nii.gz,,sub-0113,ses-01,192,192,144,1.1979166,1.1979166,1.2,4.801466941833496,,,,5308416,5252781,0.9895194724754051,0.0,850.0,80.8789294661247,18.0,97.66772168768647,15.0,0.03911196556161789,1.0822635967231593,2.0,3.0,280.0,348.0,2.1234647537119886,0.6133
BGSP,/run/media/falconnier/Elements1/BIDS_datasets_selection/BGSP/sub-0112/ses-01/anat/sub-0112_ses-01_T1w.nii.gz,,sub-0112,ses-01,192,192,144,1.1979166,1.1979166,1.2,4.589853286743164,,,,5308416,5248033,0.9886250437041859,0.0,580.0,69.44624262080669,16.0,84.27452756400551,14.0,0.09429168966810098,1.0973908046564436,1.0,2.0,241.0,298.0,2.991255161189662,0.6109
BGSP,/run/media/falconnier/Elements1/BIDS_datasets_selection/BGSP/sub-0115/ses-01/anat/sub-0115_ses-01_T1w.nii.gz,,sub-0115,ses-01,192,192,144,1.1979166,1.1979166,1.2,4.698979377746582,,,,5308416,5252024,0.9893768687307098,0.0,695.0,78.82249071976823,13.0,102.60706715344016,10.0,0.3053023174737377,1.2158830013993764,2.0,3.0,293.0,362.0,2.5186152238841846,0.5834
BGSP,/run/media/falconnier/Elements1/BIDS_datasets_selection/BGSP/sub-0114/ses-01/anat/sub-0114_ses-01_T1w.nii.gz,,sub-0114,ses-01,192,192,144,1.1979166,1.1979166,1.2,4.66409969329834,,,,5308416,5252399,0.989447511272666,0.0,904.0,72.10884112193304,15.0,93.52322775776895,12.0,0.5659731658479394,1.2794489142689558,2.0,3.0,271.0,337.0,1.9398662004744576,0.5861
BGSP,/run/media/falconnier/Elements1/BIDS_datasets_selection/BGSP/sub-0117/ses-01/anat/sub-0117_ses-01_T1w.nii.gz,,sub-0117,ses-01,192,192,144,1.1979166,1.1979166,1.2,4.805183410644531,,,,5308416,5252262,0.9894217031973379,0.0,765.0,83.03734866996354,16.0,104.24723794971935,13.0,0.05364479642536768,1.134207321948431,2.0,3.0,302.0,361.0,2.350787536333475,0.5978
BGSP,/run/media/falconnier/Elements1/BIDS_datasets_selection/BGSP/sub-0116/ses-01/anat/sub-0116_ses-01_T1w.nii.gz,,sub-0116,ses-01,192,192,144,1.1979166,1.1979166,1.2,4.757912635803223,,,,5308416,5251148,0.9892118477527007,0.0,728.0,78.09505826154586,16.0,97.83620935951063,13.0,0.105129676607568,1.1395258569057445,1.0,2.0,282.0,341.0,2.4361217150742154,0.5986
BGSP,/run/media/falconnier/Elements1/BIDS_datasets_selection/BGSP/sub-0118/ses-01/anat/sub-0118_ses-01_T1w.nii.gz,,sub-0118,ses-01,192,192,144,1.1979166,1.1979166,1.2,4.891613006591797,,,,5308416,5251492,0.9892766505111883,0.0,871.0,88.68283299298561,20.0,105.60039120259509,17.0,-0.09074900638624461,1.018755211175973,2.0,3.0,297.0,365.0,2.101491377329562,0.6182
BGSP,/run/media/falconnier/Elements1/BIDS_datasets_selection/BGSP/sub-0119/ses-01/anat/sub-0119_ses-01_T1w.nii.gz,,sub-0119,ses-01,192,192,144,1.1979166,1.1979166,1.2,4.595272064208984,,,,5308416,5252036,0.9893791292920525,0.0,767.0,72.12662993932258,12.0,93.64681999523096,9.0,0.29181239918565005,1.2067323900706868,2.0,3.0,269.0,329.0,2.2576533530941063,0.5844
BGSP,/run/media/falconnier/Elements1/BIDS_datasets_selection/BGSP/sub-0119/ses-02/anat/sub-0119_ses-02_T1w.nii.gz,,sub-0119,ses-02,192,192,144,1.1979166,1.1979166,1.2,4.6523847579956055,,,,5308416,5252146,0.9893998511043596,0.0,740.0,78.88376884420197,12.0,104.6682597562117,9.0,0.35126480848883146,1.2441822812414645,2.0,3.0,301.0,372.0,2.3540723992814523,0.5756
BGSP,/run/media/falconnier/Elements1/BIDS_datasets_selection/BGSP/sub-0120/ses-01/anat/sub-0120_ses-01_T1w.nii.gz,,sub-0120,ses-01,192,192,144,1.1979166,1.1979166,1.2,4.875633239746094,,,,5308416,5252211,0.9894120958116319,0.0,1014.0,76.66770032658627,28.0,85.9784847901583,25.0,0.30470750855520023,1.020956273993097,2.0,3.0,245.0,306.0,1.8019471486219394,0.6429
BGSP,/run/media/falconnier/Elements1/BIDS_datasets_selection/BGSP/sub-0121/ses-01/anat/sub-0121_ses-01_T1w.nii.gz,,sub-0121,ses-01,192,192,144,1.1979166,1.1979166,1.2,4.80754280090332,,,,5308416,5252543,0.989474638008777,0.0,596.0,75.85221425126838,29.0,82.74466144479693,26.0,-0.3872729827320729,0.8871926332643776,2.0,3.0,235.0,291.0,3.0540016738437794,0.6534
BGSP,/run/media/falconnier/Elements1/BIDS_datasets_selection/BGSP/sub-0122/ses-01/anat/sub-0122_ses-01_T1w.nii.gz,,sub-0122,ses-01,192,192,144,1.1979166,1.1979166,1.2,4.679988861083984,,,,5308416,5251845,0.9893431486906828,0.0,645.0,74.99320695869737,15.0,95.65773511195542,12.0,0.2761009830588237,1.2026131711598806,2.0,3.0,276.0,341.0,2.7157864343203166,0.592
BGSP,/run/media/falconnier/Elements1/BIDS_datasets_selection/BGSP/sub-0123/ses-01/anat/sub-0123_ses-01_T1w.nii.gz,,sub-0123,ses-01,192,192,144,1.1979166,1.1979166,1.2,4.704319000244141,,,,5308416,5251304,0.9892412350501543,0.0,993.0,79.41568665611436,14.0,100.37001198535867,11.0,0.1961763658635589,1.1509087866696803,1.0,3.0,287.0,351.0,1.7819029118445846,0.5947
BGSP,/run/media/falconnier/Elements1/BIDS_datasets_selection/BGSP/sub-0125/ses-01/anat/sub-0125_ses-01_T1w.nii.gz,,sub-0125,ses-01,192,192,144,1.1979166,1.1979166,1.2,4.718719482421875,,,,5308416,5252779,0.9895190957151814,0.0,478.0,67.60453409519037,25.0,75.48639119866169,22.0,-0.1825000406731938,0.9665467133097448,2.0,3.0,215.0,270.0,3.699096180659806,0.6448
BGSP,/run/media/falconnier/Elements1/BIDS_datasets_selection/BGSP/sub-0124/ses-01/anat/sub-0124_ses-01_T1w.nii.gz,,sub-0124,ses-01,192,192,144,1.1979166,1.1979166,1.2,4.56712532043457,,,,5308416,5251712,0.9893180941358025,0.0,559.0,68.22953372157498,12.0,90.02789530147992,9.0,0.452241971548236,1.2777949185198763,2.0,3.0,261.0,323.0,3.074198632991921,0.5787
BGSP,/run/media/falconnier/Elements1/BIDS_datasets_selection/BGSP/sub-0126/ses-01/anat/sub-0126_ses-01_T1w.nii.gz,,sub-0126,ses-01,192,192,144,1.1979166,1.1979166,1.2,4.848488807678223,,,,5308416,5252969,0.9895548879364391,0.0,834.0,82.53422835733468,19.0,98.50488680495121,16.0,-0.08496519129612823,1.0322533458374221,2.0,3.0,279.0,341.0,2.1653563541248655,0.6177
BGSP,/run/media/falconnier/Elements1/BIDS_datasets_selection/BGSP/sub-0127/ses-01/anat/sub-0127_ses-01_T1w.nii.gz,,sub-0127,ses-01,192,192,144,1.1979166,1.1979166,1.2,4.863333702087402,,,,5308416,5252099,0.9893909972391011,0.0,1183.0,85.92231258397833,18.0,106.32182340411954,15.0,0.22586135575341526,1.1357786355276505,2.0,3.0,307.0,371.0,1.5342452960836142,0.6036
BGSP,/run/media/falconnier/Elements1/BIDS_datasets_selection/BGSP/sub-0129/ses-01/anat/sub-0129_ses-01_T1w.nii.gz,,sub-0129,ses-01,192,192,144,1.1979166,1.1979166,1.2,4.926591873168945,,,,5308416,5253353,0.989627225899402,0.0,745.0,85.93133223676384,29.0,95.66870535401542,26.0,-0.27396838183597705,0.9215142429999302,2.0,3.0,273.0,337.0,2.4742091570850175,0.6452
BGSP,/run/media/falconnier/Elements1/BIDS_datasets_selection/BGSP/sub-0128/ses-01/anat/sub-0128_ses-01_T1w.nii.gz,,sub-0128,ses-01,192,192,144,1.1979166,1.1979166,1.2,4.7627363204956055,,,,5308416,5252256,0.9894205729166666,0.0,817.0,82.81187588723779,14.0,108.76378559878135,11.0,0.3286589558812323,1.2335541516405566,2.0,3.0,313.0,385.0,2.1749825013534476,0.58
BGSP,/run/media/falconnier/Elements1/BIDS_datasets_selection/BGSP/sub-0130/ses-01/anat/sub-0130_ses-01_T1w.nii.gz,,sub-0130,ses-01,192,192,144,1.1979166,1.1979166,1.2,5.0136566162109375,,,,5308416,5253231,0.9896042435257523,0.0,808.0,82.9264121452112,41.0,87.86305310286947,38.0,-0.0809999319798882,0.9145797505934057,2.0,3.0,253.0,312.0,2.321638625167563,0.6652
BGSP,/run/media/falconnier/Elements1/BIDS_datasets_selection/BGSP/sub-0131/ses-01/anat/sub-0131_ses-01_T1w.nii.gz,,sub-0131,ses-01,192,192,144,1.1979166,1.1979166,1.2,4.663150787353516,,,,5308416,5251411,0.9892613917221258,0.0,690.0,74.88859927360475,13.0,98.31965630466532,10.0,0.3665523681188816,1.2469203689244857,2.0,3.0,281.0,347.0,2.5250766153167388,0.5804
BGSP,/run/media/falconnier/Elements1/BIDS_datasets_selection/BGSP/sub-0132/ses-01/anat/sub-0132_ses-01_T1w.nii.gz,,sub-0132,ses-01,192,192,144,1.1979166,1.1979166,1.2,4.950349807739258,,,,5308416,5253518,0.9896583086178626,0.0,1030.0,78.77721976016834,23.0,90.03859204458314,19.0,0.20967621605280318,1.0658280027728582,2.0,4.0,259.0,321.0,1.7783519986777518,0.6367
BGSP,/run/media/falconnier/Elements1/BIDS_datasets_selection/BGSP/sub-0133/ses-01/anat/sub-0133_ses-01_T1w.nii.gz,,sub-0133,ses-01,192,192,144,1.1979166,1.1979166,1.2,5.006786346435547,,,,5308416,5254741,0.9898886974946952,0.0,862.0,84.10899680878659,45.0,87.7570243591387,42.0,-0.11986826463072875,0.8605580206168594,2.0,3.0,250.0,302.0,2.1717966922066427,0.6706
BGSP,/run/media/falconnier/Elements1/BIDS_datasets_selection/BGSP/sub-0134/ses-01/anat/sub-0134_ses-01_T1w.nii.gz,,sub-0134,ses-01,192,192,144,1.1979166,1.1979166,1.2,4.758138656616211,,,,5308416,5252478,0.9894623933015047,0.0,948.0,85.56822950995702,14.0,112.8126551658164,11.0,0.3593940352664271,1.2413692499870854,2.0,3.0,324.0,401.0,1.8827701770441032,0.5784
BGSP,/run/media/falconnier/Elements1/BIDS_datasets_selection/BGSP/sub-0135/ses-01/anat/sub-0135_ses-01_T1w.nii.gz,,sub-0135,ses-01,192,192,144,1.1979166,1.1979166,1.2,5.104762077331543,,,,5308416,5253269,0.9896114019700039,0.0,800.0,93.2840305722018,39.0,101.9520860323056,35.0,-0.18627211416630862,0.9288782564383614,2.0,3.0,292.0,362.0,2.374746620204589,0.6528
BGSP,/run/media/falconnier/Elements1/BIDS_datasets_selection/BGSP/sub-0136/ses-01/anat/sub-0136_ses-01_T1w.nii.gz,,sub-0136,ses-01,192,192,144,1.1979166,1.1979166,1.2,4.610570907592773,,,,5308416,5252167,0.989403807086709,0.0,906.0,74.35225879146645,13.0,94.8881585693956,10.0,0.4969248541835851,1.2072869951334584,2.0,3.0,268.0,338.0,1.924003365733754,0.5915
BGSP,/run/media/falconnier/Elements1/BIDS_datasets_selection/BGSP/sub-0137/ses-01/anat/sub-0137_ses-01_T1w.nii.gz,,sub-0137,ses-01,192,192,144,1.1979166,1.1979166,1.2,4.699222564697266,,,,5308416,5250949,0.9891743601104359,0.0,613.0,75.10794658260821,14.0,94.11468620543539,12.0,0.39959065112913983,1.1874392892417327,1.0,2.0,268.0,336.0,2.869376211020214,0.5987
BGSP,/run/media/falconnier/Elements1/BIDS_datasets_selection/BGSP/sub-0139/ses-01/anat/sub-0139_ses-01_T1w.nii.gz,,sub-0139,ses-01,192,192,144,1.1979166,1.1979166,1.2,4.802506446838379,,,,5308416,5251443,0.989267419885706,0.0,792.0,80.76714019365726,16.0,101.315026741719,13.0,0.2534091813570245,1.1652062441229702,2.0,3.0,293.0,358.0,2.248788331576594,0.5981
BGSP,/run/media/falconnier/Elements1/BIDS_datasets_selection/BGSP/sub-0138/ses-01/anat/sub-0138_ses-01_T1w.nii.gz,,sub-0138,ses-01,192,192,144,1.1979166,1.1979166,1.2,4.664495468139648,,,,5308416,5251859,0.9893457860122492,0.0,812.0,75.24473905335235,14.0,98.98833328888254,11.0,0.411431246451444,1.2595859777463096,2.0,3.0,286.0,352.0,2.1590398812145106,0.5797
BGSP,/run/media/falconnier/Elements1/BIDS_datasets_selection/BGSP/sub-0140/ses-01/anat/sub-0140_ses-01_T1w.nii.gz,,sub-0140,ses-01,192,192,144,1.1979166,1.1979166,1.2,4.4256134033203125,,,,5308416,5249346,0.9888723867910879,0.0,649.0,62.94679832497229,10.0,85.9938030758484,8.0,0.7018772424808213,1.35255582688313,1.0,2.0,250.0,309.0,2.5563998077096226,0.5645
BGSP,/run/media/falconnier/Elements1/BIDS_datasets_selection/BGSP/sub-0141/ses-01/anat/sub-0141_ses-01_T1w.nii.gz,,sub-0141,ses-01,192,192,144,1.1979166,1.1979166,1.2,4.8321027755737305,,,,5308416,5252027,0.9893774338710455,0.0,692.0,82.86262180297246,19.0,100.86591297996532,16.0,-0.0004242316993585682,1.0896000862081319,2.0,3.0,294.0,352.0,2.5951195083514516,0.6101
BGSP,/run/media/falconnier/Elements1/BIDS_datasets_selection/BGSP/sub-0142/ses-01/anat/sub-0142_ses-01_T1w.nii.gz,,sub-0142,ses-01,192,192,144,1.1979166,1.1979166,1.2,4.515702247619629,,,,5308416,5252031,0.9893781873914931,0.0,932.0,65.02777744457335,11.0,87.8039370582805,8.0,0.9534061784306052,1.3825924381106036,2.0,3.0,254.0,320.0,1.8257752038524355,0.5702
BGSP,/run/media/falconnier/Elements1/BIDS_datasets_selection/BGSP/sub-0144/ses-01/anat/sub-0144_ses-01_T1w.nii.gz,,sub-0144,ses-01,192,192,144,1.1979166,1.1979166,1.2,4.859071731567383,,,,5308416,5252901,0.989542078088831,0.0,998.0,86.01114584112665,16.0,110.12186282569759,13.0,0.3466972432627977,1.2091289503979898,2.0,3.0,319.0,388.0,1.8144625222372728,0.5905
BGSP,/run/media/falconnier/Elements1/BIDS_datasets_selection/BGSP/sub-0143/ses-01/anat/sub-0143_ses-01_T1w.nii.gz,,sub-0143,ses-01,192,192,144,1.1979166,1.1979166,1.2,4.711726188659668,,,,5308416,5251331,0.9892463213131751,0.0,734.0,71.77216081027838,19.0,85.58261705698271,16.0,0.2619159322727853,1.1108452688996047,1.0,2.0,244.0,308.0,2.420987219599822,0.6188
BGSP,/run/media/falconnier/Elements1/BIDS_datasets_selection/BGSP/sub-0145/ses-01/anat/sub-0145_ses-01_T1w.nii.gz,,sub-0145,ses-01,192,192,144,1.1979166,1.1979166,1.2,4.737998008728027,,,,5308416,5251154,0.9892129780333719,0.0,698.0,74.04816179453125,17.0,90.73341943876208,14.0,0.12237565431652486,1.1210110338733092,1.0,2.0,262.0,322.0,2.525917733376221,0.6076
BGSP,/run/media/falconnier/Elements1/BIDS_datasets_selection/BGSP/sub-0146/ses-01/anat/sub-0146_ses-01_T1w.nii.gz,,sub-0146,ses-01,192,192,144,1.1979166,1.1979166,1.2,4.876784324645996,,,,5308416,5253047,0.989569581585166,0.0,739.0,85.02241537149773,23.0,98.68859865199275,20.0,-0.22151517779894014,0.9880853598772478,2.0,3.0,283.0,345.0,2.4714013182768837,0.6289
BGSP,/run/media/falconnier/Elements1/BIDS_datasets_selection/BGSP/sub-0148/ses-01/anat/sub-0148_ses-01_T1w.nii.gz,,sub-0148,ses-01,192,192,144,1.1979166,1.1979166,1.2,4.961382865905762,,,,5308416,5251995,0.9893714057074653,0.0,966.0,89.14339351046603,26.0,101.61186322511575,23.0,-0.01663876558048738,0.9746356999779157,2.0,3.0,285.0,354.0,1.9163799925944778,0.6357
BGSP,/run/media/falconnier/Elements1/BIDS_datasets_selection/BGSP/sub-0150/ses-01/anat/sub-0150_ses-01_T1w.nii.gz,,sub-0150,ses-01,192,192,144,1.1979166,1.1979166,1.2,4.874622344970703,,,,5308416,5252654,0.989495548201196,0.0,912.0,87.98166793396253,19.0,107.64993158969251,16.0,0.08406883535073328,1.103350803614036,2.0,3.0,308.0,379.0,2.003581637202611,0.6081
BGSP,/run/media/falconnier/Elements1/BIDS_datasets_selection/BGSP/sub-0149/ses-01/anat/sub-0149_ses-01_T1w.nii.gz,,sub-0149,ses-01,192,192,144,1.1979166,1.1979166,1.2,4.3524370193481445,,,,5308416,5249849,0.988967141987365,0.0,531.0,60.53207682735256,9.0,85.69188204309033,6.0,0.8028171728893905,1.408419794043038,1.0,2.0,248.0,311.0,3.0653394113105428,0.5502
BGSP,/run/media/falconnier/Elements1/BIDS_datasets_selection/BGSP/sub-0147/ses-01/anat/sub-0147_ses-01_T1w.nii.gz,,sub-0147,ses-01,192,192,144,1.1979166,1.1979166,1.2,4.659605026245117,,,,5308416,5248322,0.9886794855565201,0.0,675.0,71.54033746405041,15.0,88.61979528019612,13.0,0.263575149567167,1.1387298506006163,1.0,2.0,249.0,313.0,2.575176563232361,0.6027
BGSP,/run/media/falconnier/Elements1/BIDS_datasets_selection/BGSP/sub-0152/ses-01/anat/sub-0152_ses-01_T1w.nii.gz,,sub-0152,ses-01,192,192,144,1.1979166,1.1979166,1.2,4.615400314331055,,,,5308416,5250570,0.9891029640480324,0.0,628.0,67.26693063800693,16.0,82.13545979930413,14.0,0.11375766625290673,1.117685214957786,1.0,2.0,237.0,287.0,2.7701177864595365,0.6092
BGSP,/run/media/falconnier/Elements1/BIDS_datasets_selection/BGSP/sub-0151/ses-01/anat/sub-0151_ses-01_T1w.nii.gz,,sub-0151,ses-01,192,192,144,1.1979166,1.1979166,1.2,4.692516326904297,,,,5308416,5249599,0.9889200469593943,0.0,637.0,70.77752853122686,17.0,86.10375275825596,15.0,0.147156634179062,1.1142461248309323,1.0,2.0,246.0,305.0,2.758680329414942,0.6103
BGSP,/run/media/falconnier/Elements1/BIDS_datasets_selection/BGSP/sub-0154/ses-01/anat/sub-0154_ses-01_T1w.nii.gz,,sub-0154,ses-01,192,192,144,1.1979166,1.1979166,1.2,4.825657844543457,,,,5308416,5252656,0.9894959249614198,0.0,946.0,78.12204530431842,21.0,92.3270572002733,18.0,0.21569157868907984,1.0905351505535728,2.0,3.0,265.0,327.0,1.9113598093347117,0.6225
BGSP,/run/media/falconnier/Elements1/BIDS_datasets_selection/BGSP/sub-0153/ses-01/anat/sub-0153_ses-01_T1w.nii.gz,,sub-0153,ses-01,192,192,144,1.1979166,1.1979166,1.2,5.015279769897461,,,,5308416,5252027,0.9893774338710455,0.0,547.0,85.44068585329055,47.0,88.48312783725638,44.0,-0.48451921020214916,0.7985677221671618,2.0,3.0,253.0,309.0,3.43003211770943,0.6729
BGSP,/run/media/falconnier/Elements1/BIDS_datasets_selection/BGSP/sub-0155/ses-01/anat/sub-0155_ses-01_T1w.nii.gz,,sub-0155,ses-01,192,192,144,1.1979166,1.1979166,1.2,4.747957229614258,,,,5308416,5252966,0.9895543227961034,0.0,706.0,77.641142737265,15.0,101.16799213995988,11.0,0.5676382335870231,1.2890990761942671,2.0,3.0,293.0,372.0,2.4943330181463312,0.5843
BGSP,/run/media/falconnier/Elements1/BIDS_datasets_selection/BGSP/sub-0156/ses-01/anat/sub-0156_ses-01_T1w.nii.gz,,sub-0156,ses-01,192,192,144,1.1979166,1.1979166,1.2,5.054490089416504,,,,5308416,5252473,0.9894614514009452,0.0,577.0,84.7471693809754,62.0,82.8276759706346,58.0,-0.5374997860152249,0.7105683410012982,2.0,3.0,238.0,291.0,3.25988048935198,0.6944
BGSP,/run/media/falconnier/Elements1/BIDS_datasets_selection/BGSP/sub-0157/ses-01/anat/sub-0157_ses-01_T1w.nii.gz,,sub-0157,ses-01,192,192,144,1.1979166,1.1979166,1.2,4.651553153991699,,,,5308416,5250562,0.9891014570071374,0.0,579.0,73.7488074609918,12.0,94.9858833290245,9.0,0.2036698954152354,1.1808232996260823,1.0,2.0,271.0,335.0,2.985472647627027,0.5872
BGSP,/run/media/falconnier/Elements1/BIDS_datasets_selection/BGSP/sub-0158/ses-01/anat/sub-0158_ses-01_T1w.nii.gz,,sub-0158,ses-01,192,192,144,1.1979166,1.1979166,1.2,4.500032424926758,,,,5308416,5244587,0.9879758858386382,0.0,458.0,61.81264530457784,16.0,73.04472809503099,14.0,-0.1638124846029556,1.0190058198307708,1.0,2.0,209.0,252.0,3.7120904399751815,0.6211
BGSP,/run/media/falconnier/Elements1/BIDS_datasets_selection/BGSP/sub-0160/ses-01/anat/sub-0160_ses-01_T1w.nii.gz,,sub-0160,ses-01,192,192,144,1.1979166,1.1979166,1.2,4.618099212646484,,,,5308416,5251334,0.9892468864535108,0.0,830.0,73.20030948326654,12.0,97.04084129720852,9.0,0.6142224236300766,1.2945171529796573,2.0,3.0,281.0,350.0,2.0867044662976313,0.5764
BGSP,/run/media/falconnier/Elements1/BIDS_datasets_selection/BGSP/sub-0159/ses-01/anat/sub-0159_ses-01_T1w.nii.gz,,sub-0159,ses-01,192,192,144,1.1979166,1.1979166,1.2,4.719690322875977,,,,5308416,5252198,0.9894096468701775,0.0,764.0,77.07105120560954,14.0,101.1811961242443,11.0,0.5677098720629861,1.2942635711011266,2.0,3.0,292.0,370.0,2.3248425390563976,0.581
BGSP,/run/media/falconnier/Elements1/BIDS_datasets_selection/BGSP/sub-0160/ses-02/anat/sub-0160_ses-02_T1w.nii.gz,,sub-0160,ses-02,192,192,144,1.1979166,1.1979166,1.2,4.610208511352539,,,,5308416,5251507,0.9892794762128665,0.0,650.0,72.93737702339538,12.0,97.3979921085817,9.0,0.5720077396631948,1.3006541779136207,2.0,3.0,282.0,353.0,2.634343555598802,0.5734
BGSP,/run/media/falconnier/Elements1/BIDS_datasets_selection/BGSP/sub-0161/ses-01/anat/sub-0161_ses-01_T1w.nii.gz,,sub-0161,ses-01,192,192,144,1.1979166,1.1979166,1.2,4.954042434692383,,,,5308416,5252648,0.9894944179205247,0.0,923.0,89.83596635449396,27.0,102.88833489598856,24.0,-0.1858278936401172,0.9656087937484474,2.0,3.0,290.0,359.0,2.0075918952440475,0.634
BGSP,/run/media/falconnier/Elements1/BIDS_datasets_selection/BGSP/sub-0162/ses-01/anat/sub-0162_ses-01_T1w.nii.gz,,sub-0162,ses-01,192,192,144,1.1979166,1.1979166,1.2,4.904191017150879,,,,5308416,5252800,0.9895230516975309,0.0,707.0,91.87860664788303,18.0,115.61269553197758,15.0,0.21206166427339213,1.174255607471408,2.0,3.0,335.0,412.0,2.588429031234316,0.5974
BGSP,/run/media/falconnier/Elements1/BIDS_datasets_selection/BGSP/sub-0161/ses-02/anat/sub-0161_ses-02_T1w.nii.gz,,sub-0161,ses-02,192,192,144,1.1979166,1.1979166,1.2,4.8569841384887695,,,,5308416,5252178,0.9894058792679398,0.0,804.0,83.89211218660144,24.0,96.73925433532362,21.0,-0.21682551141950013,0.969315206679028,2.0,3.0,274.0,339.0,2.262337149593764,0.6311
BGSP,/run/media/falconnier/Elements1/BIDS_datasets_selection/BGSP/sub-0163/ses-01/anat/sub-0163_ses-01_T1w.nii.gz,,sub-0163,ses-01,192,192,144,1.1979166,1.1979166,1.2,5.158515930175781,,,,5308416,5252387,0.9894452507113233,0.0,741.0,96.72339776181762,49.0,102.26970554928565,46.0,-0.25332683545898416,0.8517482752657556,2.0,3.0,287.0,355.0,2.57891962812114,0.6648
BGSP,/run/media/falconnier/Elements1/BIDS_datasets_selection/BGSP/sub-0164/ses-01/anat/sub-0164_ses-01_T1w.nii.gz,,sub-0164,ses-01,192,192,144,1.1979166,1.1979166,1.2,4.703254699707031,,,,5308416,5250711,0.9891295256438078,0.0,646.0,72.04673176642173,18.0,88.53529128169373,15.0,-0.02582855523740868,1.1026594376282006,1.0,2.0,254.0,307.0,2.714023404789958,0.6066
BGSP,/run/media/falconnier/Elements1/BIDS_datasets_selection/BGSP/sub-0165/ses-01/anat/sub-0165_ses-01_T1w.nii.gz,,sub-0165,ses-01,192,192,144,1.1979166,1.1979166,1.2,4.58488655090332,,,,5308416,5251989,0.989370275426794,0.0,695.0,70.61492398403729,13.0,93.18849554086297,10.0,0.5524057079414244,1.2946490984776544,2.0,3.0,270.0,338.0,2.483671006245118,0.5788
BGSP,/run/media/falconnier/Elements1/BIDS_datasets_selection/BGSP/sub-0167/ses-01/anat/sub-0167_ses-01_T1w.nii.gz,,sub-0167,ses-01,192,192,144,1.1979166,1.1979166,1.2,4.996028900146484,,,,5308416,5253289,0.9896151695722415,0.0,760.0,90.26931832610009,27.0,103.39235626487736,24.0,-0.17327207537278788,0.9772338445727728,2.0,3.0,294.0,364.0,2.450921228252102,0.6341
BGSP,/run/media/falconnier/Elements1/BIDS_datasets_selection/BGSP/sub-0166/ses-01/anat/sub-0166_ses-01_T1w.nii.gz,,sub-0166,ses-01,192,192,144,1.1979166,1.1979166,1.2,4.491930961608887,,,,5308416,5243954,0.9878566412278164,0.0,500.0,66.82341568976386,12.0,83.46898833336014,10.0,0.09530529965333212,1.114138604599668,1.0,2.0,234.0,294.0,3.4164900150384394,0.5986
BGSP,/run/media/falconnier/Elements1/BIDS_datasets_selection/BGSP/sub-0168/ses-01/anat/sub-0168_ses-01_T1w.nii.gz,,sub-0168,ses-01,192,192,144,1.1979166,1.1979166,1.2,4.632554054260254,,,,5308416,5248864,0.9887815875771605,0.0,585.0,70.23770514915228,15.0,87.26155505342723,13.0,0.11404744486320917,1.1317761105894628,1.0,2.0,253.0,303.0,2.961073067337328,0.6016
BGSP,/run/media/falconnier/Elements1/BIDS_datasets_selection/BGSP/sub-0174/ses-01/anat/sub-0174_ses-01_T1w.nii.gz,,sub-0174,ses-01,192,192,144,1.1979166,1.1979166,1.2,4.481289863586426,,,,5308416,5245038,0.9880608452690972,0.0,505.0,63.05166101751789,11.0,82.34265724089428,9.0,0.5921757277150999,1.274317245607181,1.0,2.0,234.0,297.0,3.3526640658080815,0.582
BGSP,/run/media/falconnier/Elements1/BIDS_datasets_selection/BGSP/sub-0169/ses-01/anat/sub-0169_ses-01_T1w.nii.gz,,sub-0169,ses-01,192,192,144,1.1979166,1.1979166,1.2,4.860633850097656,,,,5308416,5252856,0.9895336009837963,0.0,712.0,80.79686231642367,26.0,93.04513673445572,23.0,-0.09636454546288009,1.000523796272228,2.0,3.0,265.0,326.0,2.5502262707732832,0.6321
BGSP,/run/media/falconnier/Elements1/BIDS_datasets_selection/BGSP/sub-0173/ses-01/anat/sub-0173_ses-01_T1w.nii.gz,,sub-0173,ses-01,192,192,144,1.1979166,1.1979166,1.2,4.881004333496094,,,,5308416,5252061,0.9893838387948496,0.0,1025.0,87.1263264078616,19.0,103.75774928235745,16.0,-0.1392444015439649,1.0111354529339398,2.0,3.0,294.0,357.0,1.7840083635900854,0.6181
BGSP,/run/media/falconnier/Elements1/BIDS_datasets_selection/BGSP/sub-0170/ses-01/anat/sub-0170_ses-01_T1w.nii.gz,,sub-0170,ses-01,192,192,144,1.1979166,1.1979166,1.2,4.795533180236816,,,,5308416,5252216,0.9894130377121914,0.0,723.0,80.62946078379107,17.0,100.17753931048246,14.0,0.07635045542012264,1.1262912878885893,2.0,3.0,288.0,351.0,2.471862315699207,0.6021
BGSP,/run/media/falconnier/Elements1/BIDS_datasets_selection/BGSP/sub-0172/ses-01/anat/sub-0172_ses-01_T1w.nii.gz,,sub-0172,ses-01,192,192,144,1.1979166,1.1979166,1.2,4.545825958251953,,,,5308416,5249923,0.9889810821156443,0.0,613.0,73.24149878007735,11.0,98.44498920503867,8.0,0.49688371759538663,1.2805126254322388,1.0,2.0,278.0,354.0,2.7895826617455888,0.5702
BGSP,/run/media/falconnier/Elements1/BIDS_datasets_selection/BGSP/sub-0171/ses-01/anat/sub-0171_ses-01_T1w.nii.gz,,sub-0171,ses-01,192,192,144,1.1979166,1.1979166,1.2,4.9265289306640625,,,,5308416,5251861,0.989346162772473,0.0,695.0,85.85157147152219,22.0,102.2611310679992,19.0,-0.07888581599748123,1.047387564435294,2.0,3.0,293.0,359.0,2.628321550090266,0.6186
BGSP,/run/media/falconnier/Elements1/BIDS_datasets_selection/BGSP/sub-0175/ses-01/anat/sub-0175_ses-01_T1w.nii.gz,,sub-0175,ses-01,192,192,144,1.1979166,1.1979166,1.2,4.698298454284668,,,,5308416,5250223,0.989037596149209,0.0,678.0,72.12183063462257,15.0,92.8721778951185,12.0,0.4230896354877829,1.250398978315957,1.0,2.0,270.0,333.0,2.5944499931566893,0.5885
BGSP,/run/media/falconnier/Elements1/BIDS_datasets_selection/BGSP/sub-0175/ses-02/anat/sub-0175_ses-02_T1w.nii.gz,,sub-0175,ses-02,192,192,144,1.1979166,1.1979166,1.2,4.820858001708984,,,,5308416,5251407,0.9892606382016782,0.0,631.0,79.00474444277505,19.0,99.55332921579897,16.0,0.2747713333470716,1.1997636852636244,2.0,3.0,291.0,355.0,2.853150889513513,0.5971
BGSP,/run/media/falconnier/Elements1/BIDS_datasets_selection/BGSP/sub-0176/ses-01/anat/sub-0176_ses-01_T1w.nii.gz,,sub-0176,ses-01,192,192,144,1.1979166,1.1979166,1.2,4.593057632446289,,,,5308416,5252124,0.9893957067418981,0.0,705.0,74.81313103041741,11.0,104.34789106063988,8.0,0.6670964649503355,1.3669858245370345,2.0,3.0,302.0,375.0,2.4275073795410433,0.5562
BGSP,/run/media/falconnier/Elements1/BIDS_datasets_selection/BGSP/sub-0177/ses-01/anat/sub-0177_ses-01_T1w.nii.gz,,sub-0177,ses-01,192,192,144,1.1979166,1.1979166,1.2,4.631336212158203,,,,5308416,5251665,0.989309240270544,0.0,838.0,79.96034305310792,12.0,106.38238756595737,9.0,0.3720703885213559,1.2439583535218879,2.0,3.0,303.0,380.0,2.0808139501906857,0.5743
BGSP,/run/media/falconnier/Elements1/BIDS_datasets_selection/BGSP/sub-0178/ses-01/anat/sub-0178_ses-01_T1w.nii.gz,,sub-0178,ses-01,192,192,144,1.1979166,1.1979166,1.2,4.714502334594727,,,,5308416,5250430,0.9890765908323689,0.0,718.0,77.8193827934093,14.0,99.46064808482406,11.0,0.10667501080203623,1.1601991990989715,1.0,2.0,285.0,346.0,2.4483760421511316,0.5904
BGSP,/run/media/falconnier/Elements1/BIDS_datasets_selection/BGSP/sub-0179/ses-01/anat/sub-0179_ses-01_T1w.nii.gz,,sub-0179,ses-01,192,192,144,1.1979166,1.1979166,1.2,4.621454238891602,,,,5308416,5248739,0.9887580400631751,0.0,676.0,68.01471286722392,15.0,83.32775490497924,13.0,0.2204398890590924,1.1373724447264886,1.0,2.0,239.0,297.0,2.5677365551495677,0.6076
BGSP,/run/media/falconnier/Elements1/BIDS_datasets_selection/BGSP/sub-0180/ses-01/anat/sub-0180_ses-01_T1w.nii.gz,,sub-0180,ses-01,192,192,144,1.1979166,1.1979166,1.2,4.694755554199219,,,,5308416,5250633,0.989114831995081,0.0,771.0,83.05154445187847,13.0,106.21742945564813,10.0,-0.01734773653930244,1.115110938555151,1.0,2.0,301.0,367.0,2.268743947086874,0.5892
BGSP,/run/media/falconnier/Elements1/BIDS_datasets_selection/BGSP/sub-0182/ses-01/anat/sub-0182_ses-01_T1w.nii.gz,,sub-0182,ses-01,192,192,144,1.1979166,1.1979166,1.2,5.194269180297852,,,,5308416,5253797,0.9897108666690779,0.0,873.0,92.27460425288605,39.0,97.96865782854617,34.0,-0.15295517618999588,0.9243681856811706,3.0,5.0,282.0,350.0,2.1833137327236005,0.6653
BGSP,/run/media/falconnier/Elements1/BIDS_datasets_selection/BGSP/sub-0181/ses-01/anat/sub-0181_ses-01_T1w.nii.gz,,sub-0181,ses-01,192,192,144,1.1979166,1.1979166,1.2,5.086634635925293,,,,5308416,5253410,0.9896379635657793,0.0,992.0,101.89316919867287,31.0,114.46280863642079,28.0,-0.3255249399267077,0.9039194827559152,2.0,3.0,324.0,396.0,1.9110357782191443,0.6411
BGSP,/run/media/falconnier/Elements1/BIDS_datasets_selection/BGSP/sub-0184/ses-01/anat/sub-0184_ses-01_T1w.nii.gz,,sub-0184,ses-01,192,192,144,1.1979166,1.1979166,1.2,4.576407432556152,,,,5308416,5250635,0.9891152087553048,0.0,569.0,71.0967625820496,12.0,91.3532222938256,9.0,0.17227821181095004,1.1749861696448127,1.0,2.0,260.0,324.0,3.023174280037086,0.5883
BGSP,/run/media/falconnier/Elements1/BIDS_datasets_selection/BGSP/sub-0185/ses-01/anat/sub-0185_ses-01_T1w.nii.gz,,sub-0185,ses-01,192,192,144,1.1979166,1.1979166,1.2,5.06934928894043,,,,5308416,5252102,0.9893915623794367,0.0,613.0,84.77590134388099,61.0,84.07171670129148,57.0,-0.436638386767775,0.7494803334429527,1.0,2.0,243.0,297.0,3.057816770071778,0.689
BGSP,/run/media/falconnier/Elements1/BIDS_datasets_selection/BGSP/sub-0183/ses-01/anat/sub-0183_ses-01_T1w.nii.gz,,sub-0183,ses-01,192,192,144,1.1979166,1.1979166,1.2,4.627448081970215,,,,5308416,5248776,0.9887650101273148,0.0,498.0,67.63032505102142,17.0,81.46471372730768,15.0,0.06036194961953445,1.0853854973322978,1.0,2.0,231.0,289.0,3.5035271812640776,0.6142
BGSP,/run/media/falconnier/Elements1/BIDS_datasets_selection/BGSP/sub-0186/ses-01/anat/sub-0186_ses-01_T1w.nii.gz,,sub-0186,ses-01,192,192,144,1.1979166,1.1979166,1.2,5.011713981628418,,,,5308416,5254233,0.9897930003978588,0.0,680.0,85.89690769328273,30.0,96.58966073877261,27.0,-0.24180124971047734,0.9543115344850647,2.0,3.0,277.0,335.0,2.728697186191398,0.6418
BGSP,/run/media/falconnier/Elements1/BIDS_datasets_selection/BGSP/sub-0187/ses-01/anat/sub-0187_ses-01_T1w.nii.gz,,sub-0187,ses-01,192,192,144,1.1979166,1.1979166,1.2,4.976927757263184,,,,5308416,5252573,0.9894802894121335,0.0,857.0,87.97822343449582,23.0,102.93378164542119,20.0,0.04883599181653242,1.0437180725397257,2.0,3.0,290.0,366.0,2.1601530474938135,0.6261
BGSP,/run/media/falconnier/Elements1/BIDS_datasets_selection/BGSP/sub-0189/ses-01/anat/sub-0189_ses-01_T1w.nii.gz,,sub-0189,ses-01,192,192,144,1.1979166,1.1979166,1.2,4.981943130493164,,,,5308416,5252833,0.989529268241223,0.0,990.0,92.15784453836625,18.0,115.04435807970071,14.0,0.37088419008855045,1.1986716550379697,2.0,3.0,336.0,415.0,1.8645317466150964,0.601
BGSP,/run/media/falconnier/Elements1/BIDS_datasets_selection/BGSP/sub-0188/ses-01/anat/sub-0188_ses-01_T1w.nii.gz,,sub-0188,ses-01,192,192,144,1.1979166,1.1979166,1.2,4.752816200256348,,,,5308416,5252918,0.989545280550733,0.0,814.0,79.88911648725528,15.0,103.38665159575952,12.0,0.39244300122292985,1.2356935317769815,2.0,3.0,299.0,369.0,2.1880688546262124,0.5863
BGSP,/run/media/falconnier/Elements1/BIDS_datasets_selection/BGSP/sub-0190/ses-01/anat/sub-0190_ses-01_T1w.nii.gz,,sub-0190,ses-01,192,192,144,1.1979166,1.1979166,1.2,4.448312759399414,,,,5308416,5251679,0.9893118775921104,0.0,756.0,63.84751409977647,11.0,88.49713979716398,8.0,0.8906394793508707,1.4061441909893015,2.0,3.0,257.0,322.0,2.22483999538398,0.5594
BGSP,/run/media/falconnier/Elements1/BIDS_datasets_selection/BGSP/sub-0191/ses-01/anat/sub-0191_ses-01_T1w.nii.gz,,sub-0191,ses-01,192,192,144,1.1979166,1.1979166,1.2,4.853363990783691,,,,5308416,5252845,0.9895315288025656,0.0,1157.0,93.6850887471456,14.0,120.38490610871231,11.0,0.20864928589481302,1.1767305962010424,2.0,3.0,347.0,426.0,1.5604906369551512,0.5882
BGSP,/run/media/falconnier/Elements1/BIDS_datasets_selection/BGSP/sub-0193/ses-01/anat/sub-0193_ses-01_T1w.nii.gz,,sub-0193,ses-01,192,192,144,1.1979166,1.1979166,1.2,4.710247993469238,,,,5308416,5251924,0.9893580307195216,0.0,737.0,76.07560752973576,14.0,99.99986640923434,11.0,0.5030022605646707,1.2797983606185641,2.0,3.0,292.0,360.0,2.3846100886907737,0.5801
BGSP,/run/media/falconnier/Elements1/BIDS_datasets_selection/BGSP/sub-0192/ses-01/anat/sub-0192_ses-01_T1w.nii.gz,,sub-0192,ses-01,192,192,144,1.1979166,1.1979166,1.2,5.030447006225586,,,,5308416,5253276,0.9896127206307871,0.0,635.0,87.09479798891206,38.0,93.80653448766307,35.0,-0.2726248105446971,0.8947945567523526,2.0,3.0,268.0,336.0,2.948595131848363,0.6584
BGSP,/run/media/falconnier/Elements1/BIDS_datasets_selection/BGSP/sub-0195/ses-01/anat/sub-0195_ses-01_T1w.nii.gz,,sub-0195,ses-01,192,192,144,1.1979166,1.1979166,1.2,5.114624977111816,,,,5308416,5253467,0.9896487012321566,0.0,680.0,80.16229225385827,24.0,91.45061939749478,18.0,0.025218783911803655,1.0898046206959124,4.0,6.0,267.0,324.0,2.7063937152103565,0.6391
BGSP,/run/media/falconnier/Elements1/BIDS_datasets_selection/BGSP/sub-0196/ses-01/anat/sub-0196_ses-01_T1w.nii.gz,,sub-0196,ses-01,192,192,144,1.1979166,1.1979166,1.2,4.818173408508301,,,,5308416,5252238,0.9894171820746528,0.0,871.0,81.51843328501107,15.0,104.17039792201956,12.0,0.3833351426775904,1.2214455860550908,2.0,3.0,304.0,373.0,2.057360885243984,0.5913
BGSP,/run/media/falconnier/Elements1/BIDS_datasets_selection/BGSP/sub-0194/ses-01/anat/sub-0194_ses-01_T1w.nii.gz,,sub-0194,ses-01,192,192,144,1.1979166,1.1979166,1.2,4.751591682434082,,,,5308416,5252738,0.9895113721305941,0.0,949.0,82.54232249923754,16.0,99.24926425882626,13.0,0.037754293053914534,1.05320780018378,2.0,3.0,281.0,349.0,1.8872134707662493,0.6145
BGSP,/run/media/falconnier/Elements1/BIDS_datasets_selection/BGSP/sub-0198/ses-01/anat/sub-0198_ses-01_T1w.nii.gz,,sub-0198,ses-01,192,192,144,1.1979166,1.1979166,1.2,4.76426887512207,,,,5308416,5252446,0.9894563651379243,0.0,766.0,78.30909694264348,14.0,101.10761991067743,11.0,0.3825730667534901,1.2301959897845383,2.0,3.0,289.0,364.0,2.320426666773364,0.5872
BGSP,/run/media/falconnier/Elements1/BIDS_datasets_selection/BGSP/sub-0197/ses-01/anat/sub-0197_ses-01_T1w.nii.gz,,sub-0197,ses-01,192,192,144,1.1979166,1.1979166,1.2,4.862179756164551,,,,5308416,5251752,0.9893256293402778,0.0,1023.0,80.40681928621153,20.0,98.05908338297402,17.0,0.16441370368249109,1.125168155818359,2.0,3.0,279.0,350.0,1.782304508834387,0.6098
BGSP,/run/media/falconnier/Elements1/BIDS_datasets_selection/BGSP/sub-0200/ses-01/anat/sub-0200_ses-01_T1w.nii.gz,,sub-0200,ses-01,192,192,144,1.1979166,1.1979166,1.2,4.80107307434082,,,,5308416,5251391,0.9892576241198882,0.0,646.0,80.0620955476368,19.0,96.78331040267528,16.0,0.16363716314084886,1.110244013461998,1.0,3.0,278.0,346.0,2.773487963815491,0.613
BGSP,/run/media/falconnier/Elements1/BIDS_datasets_selection/BGSP/sub-0199/ses-01/anat/sub-0199_ses-01_T1w.nii.gz,,sub-0199,ses-01,192,192,144,1.1979166,1.1979166,1.2,5.002562522888184,,,,5308416,5254490,0.9898414140866126,0.0,671.0,86.91712059590941,33.0,95.29438444600127,30.0,-0.36326060697403717,0.8821765129949164,2.0,3.0,271.0,330.0,2.753580960714986,0.651
BGSP,/run/media/falconnier/Elements1/BIDS_datasets_selection/BGSP/sub-0201/ses-01/anat/sub-0201_ses-01_T1w.nii.gz,,sub-0201,ses-01,192,192,144,1.1979166,1.1979166,1.2,4.614414215087891,,,,5308416,5251687,0.9893133846330054,0.0,616.0,76.53141209672245,11.0,101.61740415655122,8.0,0.26144754220561683,1.22225106078983,2.0,3.0,288.0,361.0,2.7884914614649374,0.575
BGSP,/run/media/falconnier/Elements1/BIDS_datasets_selection/BGSP/sub-0201/ses-02/anat/sub-0201_ses-02_T1w.nii.gz,,sub-0201,ses-02,192,192,144,1.1979166,1.1979166,1.2,4.45890998840332,,,,5308416,5250193,0.9890319447458527,0.0,559.0,65.62676914924842,10.0,87.24511792515216,7.0,0.30642127007742115,1.235557476554617,1.0,2.0,247.0,311.0,2.9887558832987797,0.5746
BGSP,/run/media/falconnier/Elements1/BIDS_datasets_selection/BGSP/sub-0202/ses-01/anat/sub-0202_ses-01_T1w.nii.gz,,sub-0202,ses-01,192,192,144,1.1979166,1.1979166,1.2,4.595057487487793,,,,5308416,5250656,0.9891191647376543,0.0,655.0,71.4158762257516,13.0,91.5903890525884,11.0,0.26383075354830154,1.1960306929639803,1.0,2.0,263.0,326.0,2.630630798303933,0.5893
BGSP,/run/media/falconnier/Elements1/BIDS_datasets_selection/BGSP/sub-0203/ses-01/anat/sub-0203_ses-01_T1w.nii.gz,,sub-0203,ses-01,192,192,144,1.1979166,1.1979166,1.2,4.882909774780273,,,,5308416,5252231,0.9894158634138696,0.0,779.0,86.40465185175594,22.0,101.15118403601426,19.0,-0.0850772434965954,1.0161057738894217,2.0,3.0,290.0,355.0,2.346652162014314,0.6254
BGSP,/run/media/falconnier/Elements1/BIDS_datasets_selection/BGSP/sub-0204/ses-01/anat/sub-0204_ses-01_T1w.nii.gz,,sub-0204,ses-01,192,192,144,1.1979166,1.1979166,1.2,4.898839950561523,,,,5308416,5251704,0.9893165870949074,0.0,699.0,78.34724462764848,36.0,83.99989778557247,33.0,-0.36868880689863337,0.8637793617168371,1.0,2.0,242.0,291.0,2.6165549609139127,0.6596
BGSP,/run/media/falconnier/Elements1/BIDS_datasets_selection/BGSP/sub-0205/ses-01/anat/sub-0205_ses-01_T1w.nii.gz,,sub-0205,ses-01,192,192,144,1.1979166,1.1979166,1.2,4.483792304992676,,,,5308416,5251273,0.9892353952666859,0.0,673.0,70.1672400197057,10.0,98.263103030817,7.0,0.7410990761282177,1.388077861221458,2.0,3.0,284.0,357.0,2.509087801743248,0.5546
BGSP,/run/media/falconnier/Elements1/BIDS_datasets_selection/BGSP/sub-0206/ses-01/anat/sub-0206_ses-01_T1w.nii.gz,,sub-0206,ses-01,192,192,144,1.1979166,1.1979166,1.2,4.6910600662231445,,,,5308416,5251500,0.9892781575520834,0.0,848.0,78.15652270779778,13.0,100.27433844085796,10.0,0.25546436802472705,1.1828407224440747,2.0,3.0,286.0,354.0,2.075504881511793,0.589
BGSP,/run/media/falconnier/Elements1/BIDS_datasets_selection/BGSP/sub-0207/ses-01/anat/sub-0207_ses-01_T1w.nii.gz,,sub-0207,ses-01,192,192,144,1.1979166,1.1979166,1.2,5.121079444885254,,,,5308416,5253730,0.9896982452015818,0.0,868.0,98.24529372464896,38.0,108.38682067085212,35.0,-0.1627629773061119,0.9330277418881024,2.0,3.0,307.0,381.0,2.2004700683659504,0.649
BGSP,/run/media/falconnier/Elements1/BIDS_datasets_selection/BGSP/sub-0208/ses-01/anat/sub-0208_ses-01_T1w.nii.gz,,sub-0208,ses-01,192,192,144,1.1979166,1.1979166,1.2,4.8330278396606445,,,,5308416,5252329,0.989434324664834,0.0,678.0,83.45027282182818,19.0,101.86475657089404,16.0,0.0593909825411183,1.1031256614305198,2.0,3.0,292.0,360.0,2.6668052087516516,0.6092
BGSP,/run/media/falconnier/Elements1/BIDS_datasets_selection/BGSP/sub-0209/ses-01/anat/sub-0209_ses-01_T1w.nii.gz,,sub-0209,ses-01,192,192,144,1.1979166,1.1979166,1.2,4.946480751037598,,,,5308416,5253093,0.9895782470703125,0.0,1220.0,91.66224374858774,24.0,107.18132585151547,21.0,0.31682924322915795,1.068204613404742,2.0,3.0,306.0,380.0,1.5202303236877062,0.626
BGSP,/run/media/falconnier/Elements1/BIDS_datasets_selection/BGSP/sub-0210/ses-01/anat/sub-0210_ses-01_T1w.nii.gz,,sub-0210,ses-01,192,192,144,1.1979166,1.1979166,1.2,4.7410688400268555,,,,5308416,5252154,0.9894013581452547,0.0,595.0,76.16099051931836,15.0,97.07243051863381,12.0,0.3619546811550025,1.2266681222308469,2.0,3.0,284.0,349.0,2.9847554479851275,0.5926
BGSP,/run/media/falconnier/Elements1/BIDS_datasets_selection/BGSP/sub-0212/ses-01/anat/sub-0212_ses-01_T1w.nii.gz,,sub-0212,ses-01,192,192,144,1.1979166,1.1979166,1.2,4.749164581298828,,,,5308416,5252331,0.9894347014250578,0.0,860.0,82.37896202657448,15.0,105.46944469689261,12.0,0.23396466189674747,1.1832616639002163,2.0,3.0,300.0,372.0,2.075886713907014,0.5901
BGSP,/run/media/falconnier/Elements1/BIDS_datasets_selection/BGSP/sub-0211/ses-01/anat/sub-0211_ses-01_T1w.nii.gz,,sub-0211,ses-01,192,192,144,1.1979166,1.1979166,1.2,4.721373558044434,,,,5308416,5252038,0.9893795060522762,0.0,939.0,79.42754146104808,14.0,104.71547338951838,11.0,0.39049504590017836,1.2512657110813854,2.0,3.0,301.0,372.0,1.8814021908256562,0.5786
BGSP,/run/media/falconnier/Elements1/BIDS_datasets_selection/BGSP/sub-0213/ses-01/anat/sub-0213_ses-01_T1w.nii.gz,,sub-0213,ses-01,192,192,144,1.1979166,1.1979166,1.2,5.025866508483887,,,,5308416,5252280,0.9894250940393519,0.0,1042.0,89.48017356271943,29.0,102.21209204821213,26.0,-0.12437012096663658,0.989738521171381,2.0,3.0,295.0,359.0,1.7857859552142512,0.6353
BGSP,/run/media/falconnier/Elements1/BIDS_datasets_selection/BGSP/sub-0215/ses-01/anat/sub-0215_ses-01_T1w.nii.gz,,sub-0215,ses-01,192,192,144,1.1979166,1.1979166,1.2,4.796300888061523,,,,5308416,5251918,0.9893569004388503,0.0,761.0,85.41091806840853,15.0,105.50966818985772,12.0,0.10993316550960719,1.1125750371531231,2.0,3.0,299.0,379.0,2.3690763492540587,0.6039
BGSP,/run/media/falconnier/Elements1/BIDS_datasets_selection/BGSP/sub-0214/ses-01/anat/sub-0214_ses-01_T1w.nii.gz,,sub-0214,ses-01,192,192,144,1.1979166,1.1979166,1.2,4.872382164001465,,,,5308416,5251893,0.9893521909360532,0.0,533.0,83.25807170862011,21.0,100.12666242588658,18.0,-0.05616226958624759,1.0691470889661412,2.0,3.0,288.0,352.0,3.4129057096728266,0.6151
BGSP,/run/media/falconnier/Elements1/BIDS_datasets_selection/BGSP/sub-0216/ses-01/anat/sub-0216_ses-01_T1w.nii.gz,,sub-0216,ses-01,192,192,144,1.1979166,1.1979166,1.2,4.59329891204834,,,,5308416,5251413,0.9892617684823496,0.0,1127.0,71.02509210378236,12.0,99.01319923803213,9.0,1.1523260179785622,1.4468599244826499,2.0,3.0,285.0,365.0,1.5331649112541152,0.5572
BGSP,/run/media/falconnier/Elements1/BIDS_datasets_selection/BGSP/sub-0217/ses-01/anat/sub-0217_ses-01_T1w.nii.gz,,sub-0217,ses-01,192,192,144,1.1979166,1.1979166,1.2,4.807286262512207,,,,5308416,5252553,0.9894765218098959,0.0,1075.0,78.39356499591722,21.0,91.8316486892576,18.0,0.42546344179951756,1.0880364272196794,2.0,3.0,259.0,323.0,1.6824531313758369,0.6258
BGSP,/run/media/falconnier/Elements1/BIDS_datasets_selection/BGSP/sub-0218/ses-01/anat/sub-0218_ses-01_T1w.nii.gz,,sub-0218,ses-01,192,192,144,1.1979166,1.1979166,1.2,5.044155120849609,,,,5308416,5251645,0.9893054726683064,0.0,606.0,82.25206330587844,54.0,83.24139620123393,50.0,-0.3198096234889283,0.8044817265477294,1.0,2.0,240.0,295.0,3.0760652339960943,0.6817
BGSP,/run/media/falconnier/Elements1/BIDS_datasets_selection/BGSP/sub-0219/ses-01/anat/sub-0219_ses-01_T1w.nii.gz,,sub-0219,ses-01,192,192,144,1.1979166,1.1979166,1.2,4.91825008392334,,,,5308416,5253645,0.9896822328920718,0.0,823.0,83.65463939797988,27.0,95.13458227270445,24.0,-0.15901559405729326,0.9776267801515045,2.0,3.0,273.0,335.0,2.237689966458137,0.6372
BGSP,/run/media/falconnier/Elements1/BIDS_datasets_selection/BGSP/sub-0220/ses-01/anat/sub-0220_ses-01_T1w.nii.gz,,sub-0220,ses-01,192,192,144,1.1979166,1.1979166,1.2,4.710601806640625,,,,5308416,5248311,0.9886774133752894,0.0,526.0,69.15184751818252,24.0,80.09660554442212,22.0,0.1609606941208468,1.060811076377535,1.0,2.0,229.0,288.0,3.3342123543996136,0.6297
BGSP,/run/media/falconnier/Elements1/BIDS_datasets_selection/BGSP/sub-0221/ses-01/anat/sub-0221_ses-01_T1w.nii.gz,,sub-0221,ses-01,192,192,144,1.1979166,1.1979166,1.2,4.615222930908203,,,,5308416,5251803,0.9893352367259838,0.0,862.0,74.41230849672007,12.0,100.83703148637002,9.0,0.7024238624970729,1.3374061902179435,2.0,3.0,291.0,366.0,2.014555908307387,0.5679
BGSP,/run/media/falconnier/Elements1/BIDS_datasets_selection/BGSP/sub-0222/ses-01/anat/sub-0222_ses-01_T1w.nii.gz,,sub-0222,ses-01,192,192,144,1.1979166,1.1979166,1.2,4.608425140380859,,,,5308416,5248182,0.9886531123408565,0.0,539.0,69.77735890256855,16.0,86.5704105087319,14.0,0.16902182732823157,1.1425460766105293,1.0,2.0,249.0,306.0,3.2121760813532445,0.6023
BGSP,/run/media/falconnier/Elements1/BIDS_datasets_selection/BGSP/sub-0223/ses-01/anat/sub-0223_ses-01_T1w.nii.gz,,sub-0223,ses-01,192,192,144,1.1979166,1.1979166,1.2,4.742127418518066,,,,5308416,5251520,0.989281925154321,0.0,950.0,81.66937324812626,15.0,99.8203782993098,13.0,0.028156347433257345,1.0698391231690627,1.0,2.0,283.0,346.0,1.8719794276566755,0.6077
BGSP,/run/media/falconnier/Elements1/BIDS_datasets_selection/BGSP/sub-0225/ses-01/anat/sub-0225_ses-01_T1w.nii.gz,,sub-0225,ses-01,192,192,144,1.1979166,1.1979166,1.2,4.877161979675293,,,,5308416,5252713,0.9895066626277971,0.0,865.0,85.30728882388968,23.0,98.058795011779,20.0,-0.06654908168541596,0.9765143719362117,2.0,3.0,277.0,342.0,2.1076996627546167,0.6323
BGSP,/run/media/falconnier/Elements1/BIDS_datasets_selection/BGSP/sub-0224/ses-01/anat/sub-0224_ses-01_T1w.nii.gz,,sub-0224,ses-01,192,192,144,1.1979166,1.1979166,1.2,4.816286087036133,,,,5308416,5251855,0.9893450324918017,0.0,710.0,80.00164456177865,20.0,95.06224546874864,17.0,-0.04135921753402094,1.0544884675174118,2.0,3.0,269.0,336.0,2.5443159312136805,0.6199
BGSP,/run/media/falconnier/Elements1/BIDS_datasets_selection/BGSP/sub-0226/ses-01/anat/sub-0226_ses-01_T1w.nii.gz,,sub-0226,ses-01,192,192,144,1.1979166,1.1979166,1.2,4.8831939697265625,,,,5308416,5253547,0.9896637716411073,0.0,1194.0,90.15329471688366,21.0,106.40164404066884,18.0,0.07759191704720125,1.03985197988193,2.0,3.0,303.0,374.0,1.542591535175065,0.6222
BGSP,/run/media/falconnier/Elements1/BIDS_datasets_selection/BGSP/sub-0227/ses-01/anat/sub-0227_ses-01_T1w.nii.gz,,sub-0227,ses-01,192,192,144,1.1979166,1.1979166,1.2,4.719088554382324,,,,5308416,5252540,0.9894740728684414,0.0,697.0,75.86469917411385,16.0,91.80493200433577,13.0,0.0931631316568664,1.0962748760185208,2.0,3.0,261.0,328.0,2.541888371879949,0.6129
BGSP,/run/media/falconnier/Elements1/BIDS_datasets_selection/BGSP/sub-0228/ses-01/anat/sub-0228_ses-01_T1w.nii.gz,,sub-0228,ses-01,192,192,144,1.1979166,1.1979166,1.2,4.718751907348633,,,,5308416,5251672,0.9893105589313271,0.0,607.0,80.27402777629676,16.0,100.47451473059559,13.0,0.15725405469785692,1.1458484940810711,1.0,2.0,290.0,351.0,2.928677913447734,0.5989
BGSP,/run/media/falconnier/Elements1/BIDS_datasets_selection/BGSP/sub-0229/ses-01/anat/sub-0229_ses-01_T1w.nii.gz,,sub-0229,ses-01,192,192,144,1.1979166,1.1979166,1.2,5.002950668334961,,,,5308416,5253781,0.9897078525872878,0.0,1021.0,90.04728309002603,30.0,101.69751898467022,27.0,-0.11925337148500414,0.9768024064502071,2.0,3.0,291.0,360.0,1.8415605324372908,0.64
BGSP,/run/media/falconnier/Elements1/BIDS_datasets_selection/BGSP/sub-0230/ses-01/anat/sub-0230_ses-01_T1w.nii.gz,,sub-0230,ses-01,192,192,144,1.1979166,1.1979166,1.2,5.147556304931641,,,,5308416,5253507,0.9896562364366319,0.0,784.0,94.17835990320371,48.0,98.81642768184933,44.0,-0.2201580794984359,0.8715900371937112,2.0,3.0,287.0,349.0,2.4385249854947486,0.6685
BGSP,/run/media/falconnier/Elements1/BIDS_datasets_selection/BGSP/sub-0231/ses-01/anat/sub-0231_ses-01_T1w.nii.gz,,sub-0231,ses-01,192,192,144,1.1979166,1.1979166,1.2,4.522350311279297,,,,5308416,5247267,0.9884807445384838,0.0,491.0,65.17492534685199,13.0,82.96711452946568,11.0,0.3062954781244147,1.1971966387661888,1.0,2.0,237.0,297.0,3.475749980932055,0.5921
BGSP,/run/media/falconnier/Elements1/BIDS_datasets_selection/BGSP/sub-0232/ses-01/anat/sub-0232_ses-01_T1w.nii.gz,,sub-0232,ses-01,192,192,144,1.1979166,1.1979166,1.2,4.735511779785156,,,,5308416,5252635,0.9894919689790702,0.0,890.0,77.21923948646727,16.0,95.54199381657234,13.0,0.33626958878639446,1.1517964624538024,2.0,3.0,268.0,340.0,2.002969875724204,0.6039
BGSP,/run/media/falconnier/Elements1/BIDS_datasets_selection/BGSP/sub-0233/ses-01/anat/sub-0233_ses-01_T1w.nii.gz,,sub-0233,ses-01,192,192,144,1.1979166,1.1979166,1.2,5.022995948791504,,,,5308416,5254961,0.9899301411193094,0.0,798.0,88.07200414998323,44.0,93.50215300043723,41.0,-0.2943416263404588,0.864042372161181,2.0,3.0,266.0,333.0,2.3546159914754283,0.6637
BGSP,/run/media/falconnier/Elements1/BIDS_datasets_selection/BGSP/sub-0234/ses-01/anat/sub-0234_ses-01_T1w.nii.gz,,sub-0234,ses-01,192,192,144,1.1979166,1.1979166,1.2,4.910215377807617,,,,5308416,5252941,0.9895496132933064,0.0,662.0,90.86993971567547,17.0,116.10948630853484,14.0,0.23541393084848883,1.1919627630774492,2.0,3.0,337.0,409.0,2.743710866149795,0.5911
BGSP,/run/media/falconnier/Elements1/BIDS_datasets_selection/BGSP/sub-0236/ses-01/anat/sub-0236_ses-01_T1w.nii.gz,,sub-0236,ses-01,192,192,144,1.1979166,1.1979166,1.2,4.752354621887207,,,,5308416,5252384,0.9894446855709876,0.0,865.0,79.45967583482091,17.0,96.58425177089015,14.0,0.1444300608233231,1.0948037109719546,2.0,3.0,273.0,343.0,2.0654880249266294,0.6106
BGSP,/run/media/falconnier/Elements1/BIDS_datasets_selection/BGSP/sub-0235/ses-01/anat/sub-0235_ses-01_T1w.nii.gz,,sub-0235,ses-01,192,192,144,1.1979166,1.1979166,1.2,4.57426643371582,,,,5308416,5251715,0.9893186592761382,0.0,802.0,69.91644043898042,13.0,89.07549420638168,10.0,0.43774975502276536,1.2125003961156031,2.0,3.0,253.0,322.0,2.1515811158154987,0.5923
BGSP,/run/media/falconnier/Elements1/BIDS_datasets_selection/BGSP/sub-0237/ses-01/anat/sub-0237_ses-01_T1w.nii.gz,,sub-0237,ses-01,192,192,144,1.1979166,1.1979166,1.2,4.707686424255371,,,,5308416,5251749,0.9893250641999422,0.0,816.0,75.37655588642946,15.0,96.49789968645268,12.0,0.44819104596475334,1.2355298596806683,2.0,3.0,280.0,346.0,2.1676650151374286,0.5907
BGSP,/run/media/falconnier/Elements1/BIDS_datasets_selection/BGSP/sub-0238/ses-01/anat/sub-0238_ses-01_T1w.nii.gz,,sub-0238,ses-01,192,192,144,1.1979166,1.1979166,1.2,4.689750671386719,,,,5308416,5252345,0.9894373387466242,0.0,1226.0,85.58722037489922,12.0,116.2193918421076,9.0,0.570155625146286,1.298272639952884,2.0,3.0,335.0,414.0,1.4394575951964907,0.5662
BGSP,/run/media/falconnier/Elements1/BIDS_datasets_selection/BGSP/sub-0238/ses-02/anat/sub-0238_ses-02_T1w.nii.gz,,sub-0238,ses-02,192,192,144,1.1979166,1.1979166,1.2,4.6160478591918945,,,,5308416,5251993,0.9893710289472415,0.0,796.0,75.01030865806561,13.0,99.47867949377753,10.0,0.4820230652380957,1.2793158059188943,2.0,3.0,289.0,358.0,2.1853964604536187,0.5763
BGSP,/run/media/falconnier/Elements1/BIDS_datasets_selection/BGSP/sub-0239/ses-01/anat/sub-0239_ses-01_T1w.nii.gz,,sub-0239,ses-01,192,192,144,1.1979166,1.1979166,1.2,5.27918815612793,,,,5308416,5253779,0.9897074758270641,0.0,863.0,96.62401064072166,75.0,91.31868933050086,68.0,-0.5066119185056484,0.6845522662663786,2.0,4.0,268.0,317.0,2.2583398316687093,0.7074
BGSP,/run/media/falconnier/Elements1/BIDS_datasets_selection/BGSP/sub-0240/ses-01/anat/sub-0240_ses-01_T1w.nii.gz,,sub-0240,ses-01,192,192,144,1.1979166,1.1979166,1.2,4.673070907592773,,,,5308416,5249998,0.9889952106240355,0.0,782.0,77.86077328029458,14.0,99.55185872199057,11.0,0.25956617150988803,1.1840107049061763,1.0,2.0,283.0,352.0,2.2536807488810022,0.5905
BGSP,/run/media/falconnier/Elements1/BIDS_datasets_selection/BGSP/sub-0241/ses-01/anat/sub-0241_ses-01_T1w.nii.gz,,sub-0241,ses-01,192,192,144,1.1979166,1.1979166,1.2,5.241939544677734,,,,5308416,5250894,0.9891639992042824,0.0,665.0,93.42069445698199,47.0,97.27462572215953,42.0,-0.19151396843611312,0.9139835048493818,3.0,5.0,285.0,353.0,2.890219236148837,0.6727
BGSP,/run/media/falconnier/Elements1/BIDS_datasets_selection/BGSP/sub-0242/ses-01/anat/sub-0242_ses-01_T1w.nii.gz,,sub-0242,ses-01,192,192,144,1.1979166,1.1979166,1.2,4.84437370300293,,,,5308416,5253244,0.9896066924672068,0.0,947.0,84.04299248235947,24.0,97.60134764812406,21.0,0.08101446097392628,1.0224709750742147,1.0,3.0,277.0,344.0,1.9206283661809251,0.6285
BGSP,/run/media/falconnier/Elements1/BIDS_datasets_selection/BGSP/sub-0243/ses-01/anat/sub-0243_ses-01_T1w.nii.gz,,sub-0243,ses-01,192,192,144,1.1979166,1.1979166,1.2,4.729074478149414,,,,5308416,5251299,0.9892402931495949,0.0,618.0,81.21374901714795,14.0,101.54315182845892,11.0,0.008565221920728394,1.1039046610292833,2.0,3.0,289.0,356.0,2.861589291288986,0.5988
BGSP,/run/media/falconnier/Elements1/BIDS_datasets_selection/BGSP/sub-0246/ses-01/anat/sub-0246_ses-01_T1w.nii.gz,,sub-0246,ses-01,192,192,144,1.1979166,1.1979166,1.2,4.741372108459473,,,,5308416,5252287,0.989426412700135,0.0,873.0,76.92345372596738,16.0,99.29384613211288,13.0,0.4885476151133874,1.2528405970506,2.0,3.0,289.0,353.0,2.0365623968079327,0.5876
BGSP,/run/media/falconnier/Elements1/BIDS_datasets_selection/BGSP/sub-0244/ses-01/anat/sub-0244_ses-01_T1w.nii.gz,,sub-0244,ses-01,192,192,144,1.1979166,1.1979166,1.2,5.145594596862793,,,,5308416,5253064,0.9895727840470679,0.0,909.0,103.97268774947345,42.0,113.83226099196403,39.0,-0.30893768366683094,0.8720624619456696,2.0,3.0,324.0,393.0,2.094726700645629,0.651
BGSP,/run/media/falconnier/Elements1/BIDS_datasets_selection/BGSP/sub-0245/ses-01/anat/sub-0245_ses-01_T1w.nii.gz,,sub-0245,ses-01,192,192,144,1.1979166,1.1979166,1.2,4.683316230773926,,,,5308416,5251820,0.9893384391878858,0.0,886.0,77.49465442456139,13.0,103.39279955007504,10.0,0.5225544002029965,1.2892947465017708,2.0,3.0,298.0,374.0,1.9806076561681112,0.5738
BGSP,/run/media/falconnier/Elements1/BIDS_datasets_selection/BGSP/sub-0247/ses-01/anat/sub-0247_ses-01_T1w.nii.gz,,sub-0247,ses-01,192,192,144,1.1979166,1.1979166,1.2,5.109750747680664,,,,5308416,5253802,0.9897118085696374,0.0,908.0,96.6851818930367,47.0,105.03747779857794,43.0,-0.10921717200092651,0.9300517142471342,2.0,3.0,299.0,371.0,2.106117658497696,0.655
BGSP,/run/media/falconnier/Elements1/BIDS_datasets_selection/BGSP/sub-0250/ses-01/anat/sub-0250_ses-01_T1w.nii.gz,,sub-0250,ses-01,192,192,144,1.1979166,1.1979166,1.2,4.707874298095703,,,,5308416,5252088,0.9893889250578703,0.0,983.0,78.78027196040888,13.0,105.2852642892792,10.0,0.49354861454910104,1.2834587032286784,2.0,3.0,306.0,372.0,1.7888279086463945,0.5731
BGSP,/run/media/falconnier/Elements1/BIDS_datasets_selection/BGSP/sub-0249/ses-01/anat/sub-0249_ses-01_T1w.nii.gz,,sub-0249,ses-01,192,192,144,1.1979166,1.1979166,1.2,4.695685386657715,,,,5308416,5249424,0.9888870804398148,0.0,781.0,77.12529317502263,15.0,95.5337040063753,13.0,0.2175941665684027,1.1355868916465948,1.0,2.0,273.0,336.0,2.2493264600895837,0.6026
BGSP,/run/media/falconnier/Elements1/BIDS_datasets_selection/BGSP/sub-0248/ses-01/anat/sub-0248_ses-01_T1w.nii.gz,,sub-0248,ses-01,192,192,144,1.1979166,1.1979166,1.2,4.700440406799316,,,,5308416,5252017,0.9893755500699267,0.0,969.0,76.69445357850137,13.0,98.93661756676454,10.0,0.41201034191067043,1.2234604045241813,2.0,3.0,284.0,351.0,1.8153051959969484,0.5872
BGSP,/run/media/falconnier/Elements1/BIDS_datasets_selection/BGSP/sub-0251/ses-01/anat/sub-0251_ses-01_T1w.nii.gz,,sub-0251,ses-01,192,192,144,1.1979166,1.1979166,1.2,4.748163223266602,,,,5308416,5251639,0.989304342387635,0.0,963.0,83.55540260859514,15.0,107.35751231381623,12.0,0.2731077405850879,1.188037701325053,2.0,3.0,306.0,379.0,1.8575054103876176,0.5884
BGSP,/run/media/falconnier/Elements1/BIDS_datasets_selection/BGSP/sub-0252/ses-01/anat/sub-0252_ses-01_T1w.nii.gz,,sub-0252,ses-01,192,192,144,1.1979166,1.1979166,1.2,4.947808265686035,,,,5308416,5252072,0.9893859109760802,0.0,612.0,89.59617023528999,24.0,104.64813538519215,21.0,-0.17409821389473468,1.000844760365507,2.0,3.0,295.0,370.0,3.021443560452399,0.6263
BGSP,/run/media/falconnier/Elements1/BIDS_datasets_selection/BGSP/sub-0253/ses-01/anat/sub-0253_ses-01_T1w.nii.gz,,sub-0253,ses-01,192,192,144,1.1979166,1.1979166,1.2,4.664907455444336,,,,5308416,5251451,0.9892689269266011,0.0,863.0,82.316170140405,12.0,110.11818861381653,9.0,0.3947494702940766,1.2535974053827346,2.0,3.0,315.0,392.0,2.02902060983824,0.5721
BGSP,/run/media/falconnier/Elements1/BIDS_datasets_selection/BGSP/sub-0254/ses-01/anat/sub-0254_ses-01_T1w.nii.gz,,sub-0254,ses-01,192,192,144,1.1979166,1.1979166,1.2,4.959108352661133,,,,5308416,5252374,0.9894428017698689,0.0,539.0,80.96449681610639,36.0,87.94619550767978,33.0,-0.21083630591728708,0.9274947592507681,2.0,3.0,252.0,314.0,3.440546891271704,0.6553
BGSP,/run/media/falconnier/Elements1/BIDS_datasets_selection/BGSP/sub-0255/ses-01/anat/sub-0255_ses-01_T1w.nii.gz,,sub-0255,ses-01,192,192,144,1.1979166,1.1979166,1.2,4.705506324768066,,,,5308416,5251906,0.9893546398775077,0.0,728.0,74.86947538665011,15.0,95.81348922595511,12.0,0.2276849213426182,1.193214308443864,2.0,3.0,274.0,340.0,2.4120617343563815,0.5906
BGSP,/run/media/falconnier/Elements1/BIDS_datasets_selection/BGSP/sub-0258/ses-01/anat/sub-0258_ses-01_T1w.nii.gz,,sub-0258,ses-01,192,192,144,1.1979166,1.1979166,1.2,4.957736015319824,,,,5308416,5253032,0.9895667558834876,0.0,772.0,85.16767364067076,26.0,97.82128683743052,23.0,-0.07953912532372076,1.010041744546858,2.0,3.0,281.0,345.0,2.3918300828063908,0.6336
BGSP,/run/media/falconnier/Elements1/BIDS_datasets_selection/BGSP/sub-0256/ses-01/anat/sub-0256_ses-01_T1w.nii.gz,,sub-0256,ses-01,192,192,144,1.1979166,1.1979166,1.2,4.769678115844727,,,,5308416,5253197,0.9895978386019483,0.0,808.0,79.78935608163943,20.0,95.9405855049159,17.0,0.2943864910967493,1.1441416388518868,2.0,3.0,275.0,350.0,2.259212643066833,0.6163
BGSP,/run/media/falconnier/Elements1/BIDS_datasets_selection/BGSP/sub-0257/ses-01/anat/sub-0257_ses-01_T1w.nii.gz,,sub-0257,ses-01,192,192,144,1.1979166,1.1979166,1.2,4.570732116699219,,,,5308416,5251665,0.989309240270544,0.0,697.0,76.97834134507818,11.0,105.56393980304432,8.0,0.5451267698574922,1.319842460601225,2.0,3.0,309.0,377.0,2.455605285997869,0.5625
BGSP,/run/media/falconnier/Elements1/BIDS_datasets_selection/BGSP/sub-0259/ses-01/anat/sub-0259_ses-01_T1w.nii.gz,,sub-0259,ses-01,192,192,144,1.1979166,1.1979166,1.2,5.015741348266602,,,,5308416,5253001,0.9895609161000193,0.0,607.0,81.40317677457134,40.0,85.52467190651407,37.0,-0.4302369394465977,0.8343527746287761,2.0,3.0,248.0,298.0,3.0524361481730793,0.6676
BGSP,/run/media/falconnier/Elements1/BIDS_datasets_selection/BGSP/sub-0260/ses-01/anat/sub-0260_ses-01_T1w.nii.gz,,sub-0260,ses-01,192,192,144,1.1979166,1.1979166,1.2,5.117389678955078,,,,5308416,5253341,0.9896249653380594,0.0,855.0,100.42008447576504,37.0,112.5053134789351,34.0,-0.18632714926229976,0.950224716606501,2.0,3.0,322.0,394.0,2.2323109185939396,0.6428
BGSP,/run/media/falconnier/Elements1/BIDS_datasets_selection/BGSP/sub-0261/ses-01/anat/sub-0261_ses-01_T1w.nii.gz,,sub-0261,ses-01,192,192,144,1.1979166,1.1979166,1.2,4.713107109069824,,,,5308416,5251751,0.989325440960166,0.0,904.0,82.633900579064,13.0,106.3463123482613,10.0,0.25498203474561976,1.1752112820289387,2.0,3.0,302.0,371.0,1.9493727764845132,0.5874
BGSP,/run/media/falconnier/Elements1/BIDS_datasets_selection/BGSP/sub-0263/ses-01/anat/sub-0263_ses-01_T1w.nii.gz,,sub-0263,ses-01,192,192,144,1.1979166,1.1979166,1.2,5.040153503417969,,,,5308416,5253465,0.9896483244719328,0.0,660.0,90.96474003348267,45.0,97.34198772587608,42.0,-0.4193276458569941,0.8431182563654207,2.0,3.0,277.0,341.0,2.82866989706724,0.6602
BGSP,/run/media/falconnier/Elements1/BIDS_datasets_selection/BGSP/sub-0262/ses-01/anat/sub-0262_ses-01_T1w.nii.gz,,sub-0262,ses-01,192,192,144,1.1979166,1.1979166,1.2,4.920999526977539,,,,5308416,5252968,0.9895546995563271,0.0,702.0,86.69279367397631,25.0,98.31488038059597,22.0,-0.3597100018369095,0.9222394645345952,2.0,3.0,278.0,342.0,2.6158473012168333,0.6377
BGSP,/run/media/falconnier/Elements1/BIDS_datasets_selection/BGSP/sub-0261/ses-02/anat/sub-0261_ses-02_T1w.nii.gz,,sub-0261,ses-02,192,192,144,1.1979166,1.1979166,1.2,4.725235939025879,,,,5308416,5252023,0.989376680350598,0.0,741.0,81.8442402099153,14.0,104.41047776353092,11.0,0.09883990472534698,1.1507326046529405,2.0,3.0,298.0,364.0,2.3967059700282256,0.5912
BGSP,/run/media/falconnier/Elements1/BIDS_datasets_selection/BGSP/sub-0264/ses-01/anat/sub-0264_ses-01_T1w.nii.gz,,sub-0264,ses-01,192,192,144,1.1979166,1.1979166,1.2,4.736777305603027,,,,5308416,5251614,0.9892996328848379,0.0,663.0,76.31842306003449,16.0,92.5725017306651,13.0,-0.048852267329431154,1.0670216490715256,2.0,3.0,264.0,323.0,2.6597601588489037,0.6113
BGSP,/run/media/falconnier/Elements1/BIDS_datasets_selection/BGSP/sub-0267/ses-01/anat/sub-0267_ses-01_T1w.nii.gz,,sub-0267,ses-01,192,192,144,1.1979166,1.1979166,1.2,4.703403472900391,,,,5308416,5252828,0.9895283263406636,0.0,952.0,80.48992580758403,14.0,100.71161490911896,11.0,0.19291817032654146,1.1409522112224673,2.0,3.0,288.0,361.0,1.8585417884566626,0.599
BGSP,/run/media/falconnier/Elements1/BIDS_datasets_selection/BGSP/sub-0266/ses-01/anat/sub-0266_ses-01_T1w.nii.gz,,sub-0266,ses-01,192,192,144,1.1979166,1.1979166,1.2,4.864738464355469,,,,5308416,5252642,0.9894932876398534,0.0,776.0,82.293160851244,23.0,95.73278568941899,20.0,-0.03161954462655325,1.0248853074319753,2.0,3.0,275.0,336.0,2.344589197753456,0.6282
BGSP,/run/media/falconnier/Elements1/BIDS_datasets_selection/BGSP/sub-0265/ses-01/anat/sub-0265_ses-01_T1w.nii.gz,,sub-0265,ses-01,192,192,144,1.1979166,1.1979166,1.2,4.927911758422852,,,,5308416,5252217,0.9894132260923032,0.0,1046.0,89.1296290690198,21.0,105.66771433593462,18.0,-0.06588286559960643,1.0318442895928017,2.0,3.0,303.0,367.0,1.7526854630256699,0.6203
BGSP,/run/media/falconnier/Elements1/BIDS_datasets_selection/BGSP/sub-0269/ses-01/anat/sub-0269_ses-01_T1w.nii.gz,,sub-0269,ses-01,192,192,144,1.1979166,1.1979166,1.2,5.130075454711914,,,,5308416,5253473,0.9896498315128279,0.0,815.0,93.49226654443642,70.0,91.97207171788216,65.0,-0.2563297299924443,0.7498588749160795,2.0,3.0,259.0,321.0,2.3442726027800935,0.692
BGSP,/run/media/falconnier/Elements1/BIDS_datasets_selection/BGSP/sub-0268/ses-01/anat/sub-0268_ses-01_T1w.nii.gz,,sub-0268,ses-01,192,192,144,1.1979166,1.1979166,1.2,4.769767761230469,,,,5308416,5251787,0.9893322226441936,0.0,689.0,80.2250550146074,17.0,97.16816259841073,14.0,0.017074895907903453,1.0853472724137267,2.0,3.0,278.0,346.0,2.6017910349209044,0.6122
BGSP,/run/media/falconnier/Elements1/BIDS_datasets_selection/BGSP/sub-0269/ses-02/anat/sub-0269_ses-02_T1w.nii.gz,,sub-0269,ses-02,192,192,144,1.1979166,1.1979166,1.2,5.281220436096191,,,,5308416,5254098,0.9897675690827547,0.0,877.0,103.41923161692074,77.0,101.40154718018802,71.0,-0.43109995668240986,0.7266471567771591,2.0,3.0,288.0,358.0,2.2282894797773483,0.6934
BGSP,/run/media/falconnier/Elements1/BIDS_datasets_selection/BGSP/sub-0270/ses-02/anat/sub-0270_ses-02_T1w.nii.gz,,sub-0270,ses-02,192,192,144,1.1979166,1.1979166,1.2,4.699672698974609,,,,5308416,5251837,0.9893416416497878,0.0,941.0,79.6646398203143,13.0,102.06136454429509,10.0,0.2075922929704248,1.1739456551834961,2.0,3.0,291.0,362.0,1.8700134129207373,0.5894
BGSP,/run/media/falconnier/Elements1/BIDS_datasets_selection/BGSP/sub-0272/ses-01/anat/sub-0272_ses-01_T1w.nii.gz,,sub-0272,ses-01,192,192,144,1.1979166,1.1979166,1.2,4.632327079772949,,,,5308416,5251523,0.9892824902946566,0.0,543.0,71.02233466367757,14.0,89.95809918947108,11.0,0.26313606708655746,1.1863654622597768,2.0,3.0,257.0,325.0,3.204308695884139,0.5948
BGSP,/run/media/falconnier/Elements1/BIDS_datasets_selection/BGSP/sub-0271/ses-01/anat/sub-0271_ses-01_T1w.nii.gz,,sub-0271,ses-01,192,192,144,1.1979166,1.1979166,1.2,4.899907112121582,,,,5308416,5252519,0.9894701168860918,0.0,1023.0,86.53453133629787,18.0,109.97266449915777,15.0,0.39524950155741,1.2209584126755282,2.0,3.0,321.0,394.0,1.7918562633970525,0.5937
BGSP,/run/media/falconnier/Elements1/BIDS_datasets_selection/BGSP/sub-0270/ses-01/anat/sub-0270_ses-01_T1w.nii.gz,,sub-0270,ses-01,192,192,144,1.1979166,1.1979166,1.2,4.761736869812012,,,,5308416,5252350,0.9894382806471836,0.0,1165.0,76.64167753481775,16.0,96.02739733275405,13.0,0.3487993398765452,1.1798444784695652,2.0,3.0,275.0,340.0,1.5275861999272085,0.5992
BGSP,/run/media/falconnier/Elements1/BIDS_datasets_selection/BGSP/sub-0273/ses-01/anat/sub-0273_ses-01_T1w.nii.gz,,sub-0273,ses-01,192,192,144,1.1979166,1.1979166,1.2,4.772809982299805,,,,5308416,5251920,0.9893572771990741,0.0,696.0,77.75728038507822,14.0,97.51350814443005,11.0,0.19341573667503464,1.155430708042563,2.0,3.0,283.0,344.0,2.524082609979387,0.5984
BGSP,/run/media/falconnier/Elements1/BIDS_datasets_selection/BGSP/sub-0275/ses-02/anat/sub-0275_ses-02_T1w.nii.gz,,sub-0275,ses-02,192,192,144,1.1979166,1.1979166,1.2,4.9297990798950195,,,,5308416,5253264,0.9896104600694444,0.0,909.0,90.19585785142343,21.0,105.78561326162173,18.0,-0.03223663746498495,1.0256467342921576,2.0,3.0,301.0,373.0,2.0204433882206194,0.6249
BGSP,/run/media/falconnier/Elements1/BIDS_datasets_selection/BGSP/sub-0275/ses-01/anat/sub-0275_ses-01_T1w.nii.gz,,sub-0275,ses-01,192,192,144,1.1979166,1.1979166,1.2,4.897629737854004,,,,5308416,5253162,0.9895912452980324,0.0,932.0,86.86067458037654,19.0,102.26300936076042,16.0,-0.0020968235231562105,1.0346455375023338,2.0,3.0,292.0,362.0,1.9562206062322358,0.6234
BGSP,/run/media/falconnier/Elements1/BIDS_datasets_selection/BGSP/sub-0274/ses-01/anat/sub-0274_ses-01_T1w.nii.gz,,sub-0274,ses-01,192,192,144,1.1979166,1.1979166,1.2,4.514723777770996,,,,5308416,5249369,0.9888767195336613,0.0,784.0,65.28518532417897,13.0,86.86371100623099,10.0,0.507266969176857,1.2999516497056836,1.0,2.0,254.0,309.0,2.1703741998543062,0.5754
BGSP,/run/media/falconnier/Elements1/BIDS_datasets_selection/BGSP/sub-0276/ses-01/anat/sub-0276_ses-01_T1w.nii.gz,,sub-0276,ses-01,192,192,144,1.1979166,1.1979166,1.2,4.905682563781738,,,,5308416,5252924,0.9895464108314043,0.0,882.0,87.27393048138522,20.0,104.11715353260735,17.0,0.04443418687609757,1.0632333903476292,2.0,3.0,297.0,366.0,2.079843898434922,0.6183
BGSP,/run/media/falconnier/Elements1/BIDS_datasets_selection/BGSP/sub-0277/ses-01/anat/sub-0277_ses-01_T1w.nii.gz,,sub-0277,ses-01,192,192,144,1.1979166,1.1979166,1.2,4.892838478088379,,,,5308416,5252430,0.9894533510561343,0.0,805.0,80.25519159703224,25.0,93.86076520770304,22.0,0.13830046154384812,1.0882899723943222,2.0,3.0,270.0,338.0,2.2842016249396635,0.6271
BGSP,/run/media/falconnier/Elements1/BIDS_datasets_selection/BGSP/sub-0278/ses-01/anat/sub-0278_ses-01_T1w.nii.gz,,sub-0278,ses-01,192,192,144,1.1979166,1.1979166,1.2,4.666556358337402,,,,5308416,5250080,0.9890106577932098,0.0,1117.0,73.83765961661537,15.0,94.21427294453459,12.0,0.8563310660956587,1.2617916574896553,1.0,2.0,270.0,333.0,1.5742017617474582,0.5917
BGSP,/run/media/falconnier/Elements1/BIDS_datasets_selection/BGSP/sub-0279/ses-01/anat/sub-0279_ses-01_T1w.nii.gz,,sub-0279,ses-01,192,192,144,1.1979166,1.1979166,1.2,4.702431678771973,,,,5308416,5251162,0.989214485074267,0.0,643.0,72.94445286586092,15.0,92.442996308851,12.0,0.25309478165465515,1.1879061990974216,2.0,2.0,268.0,330.0,2.7004394250779096,0.5944
BGSP,/run/media/falconnier/Elements1/BIDS_datasets_selection/BGSP/sub-0280/ses-01/anat/sub-0280_ses-01_T1w.nii.gz,,sub-0280,ses-01,192,192,144,1.1979166,1.1979166,1.2,4.956293106079102,,,,5308416,5254216,0.9897897979359568,0.0,619.0,79.40283288696163,25.0,89.61570945658346,21.0,-0.08748143396538843,1.0196621000420287,3.0,4.0,259.0,321.0,2.961515292764167,0.6418
BGSP,/run/media/falconnier/Elements1/BIDS_datasets_selection/BGSP/sub-0281/ses-01/anat/sub-0281_ses-01_T1w.nii.gz,,sub-0281,ses-01,192,192,144,1.1979166,1.1979166,1.2,4.824265480041504,,,,5308416,5252081,0.9893876063970872,0.0,854.0,78.33671891198937,19.0,93.4058477035601,16.0,0.021670079430046396,1.0528097164107928,2.0,3.0,263.0,326.0,2.107331034835658,0.6184
BGSP,/run/media/falconnier/Elements1/BIDS_datasets_selection/BGSP/sub-0282/ses-01/anat/sub-0282_ses-01_T1w.nii.gz,,sub-0282,ses-01,192,192,144,1.1979166,1.1979166,1.2,4.7779340744018555,,,,5308416,5250521,0.9890937334225501,0.0,888.0,77.88635356377014,18.0,95.65266394786413,15.0,0.3074725821068758,1.148461101445054,1.0,2.0,272.0,340.0,2.0218989858075367,0.6068
BGSP,/run/media/falconnier/Elements1/BIDS_datasets_selection/BGSP/sub-0283/ses-01/anat/sub-0283_ses-01_T1w.nii.gz,,sub-0283,ses-01,192,192,144,1.1979166,1.1979166,1.2,4.892877578735352,,,,5308416,5253002,0.9895611044801311,0.0,703.0,82.64000584808458,27.0,93.89297563934319,24.0,-0.18620389631742373,0.9705981046199686,2.0,3.0,265.0,331.0,2.606240376891705,0.6377
BGSP,/run/media/falconnier/Elements1/BIDS_datasets_selection/BGSP/sub-0285/ses-01/anat/sub-0285_ses-01_T1w.nii.gz,,sub-0285,ses-01,192,192,144,1.1979166,1.1979166,1.2,4.8575334548950195,,,,5308416,5252843,0.9895311520423418,0.0,717.0,76.72732918154988,23.0,89.68294649229064,20.0,0.11225029359958638,1.074593262836771,2.0,3.0,257.0,323.0,2.5200415060208714,0.6271
BGSP,/run/media/falconnier/Elements1/BIDS_datasets_selection/BGSP/sub-0286/ses-01/anat/sub-0286_ses-01_T1w.nii.gz,,sub-0286,ses-01,192,192,144,1.1979166,1.1979166,1.2,4.726889610290527,,,,5308416,5251355,0.9892508424358604,0.0,743.0,74.36184870381074,20.0,89.2981353016515,17.0,0.2901932400947418,1.1292481296966999,1.0,3.0,256.0,321.0,2.410152051580288,0.6161
BGSP,/run/media/falconnier/Elements1/BIDS_datasets_selection/BGSP/sub-0284/ses-01/anat/sub-0284_ses-01_T1w.nii.gz,,sub-0284,ses-01,192,192,144,1.1979166,1.1979166,1.2,4.932524681091309,,,,5308416,5252744,0.9895125024112654,0.0,1032.0,79.83664614152146,30.0,89.1010523779505,27.0,0.1740995530621423,1.0010089351333995,2.0,3.0,256.0,313.0,1.7715065703913202,0.6448
BGSP,/run/media/falconnier/Elements1/BIDS_datasets_selection/BGSP/sub-0287/ses-01/anat/sub-0287_ses-01_T1w.nii.gz,,sub-0287,ses-01,192,192,144,1.1979166,1.1979166,1.2,4.805214881896973,,,,5308416,5251907,0.9893548282576196,0.0,692.0,77.77309327830824,18.0,94.7566030365571,15.0,0.14041550364836786,1.1244156445810787,2.0,3.0,273.0,336.0,2.588482216807909,0.6103
BGSP,/run/media/falconnier/Elements1/BIDS_datasets_selection/BGSP/sub-0288/ses-01/anat/sub-0288_ses-01_T1w.nii.gz,,sub-0288,ses-01,192,192,144,1.1979166,1.1979166,1.2,4.6093244552612305,,,,5308416,5250986,0.9891813301745757,0.0,746.0,69.96974872909583,13.0,91.61487462962084,10.0,0.538314031170295,1.272431120581391,1.0,3.0,259.0,337.0,2.318133973558851,0.5816
BGSP,/run/media/falconnier/Elements1/BIDS_datasets_selection/BGSP/sub-0289/ses-01/anat/sub-0289_ses-01_T1w.nii.gz,,sub-0289,ses-01,192,192,144,1.1979166,1.1979166,1.2,4.841827392578125,,,,5308416,5250824,0.9891508125964507,0.0,497.0,77.20330256736847,27.0,89.15485846668628,24.0,0.032762071171376306,1.0443930067702336,1.0,2.0,257.0,319.0,3.6432547846583123,0.6311
BGSP,/run/media/falconnier/Elements1/BIDS_datasets_selection/BGSP/sub-0290/ses-01/anat/sub-0290_ses-01_T1w.nii.gz,,sub-0290,ses-01,192,192,144,1.1979166,1.1979166,1.2,4.87484073638916,,,,5308416,5253017,0.9895639301818094,0.0,1179.0,87.11069905161168,18.0,107.89756471995197,15.0,0.14063524638801406,1.1334191377655152,2.0,3.0,312.0,376.0,1.5473483229236473,0.6036
BGSP,/run/media/falconnier/Elements1/BIDS_datasets_selection/BGSP/sub-0291/ses-01/anat/sub-0291_ses-01_T1w.nii.gz,,sub-0291,ses-01,192,192,144,1.1979166,1.1979166,1.2,4.747371673583984,,,,5308416,5252366,0.9894412947289738,0.0,667.0,78.42787041116327,15.0,100.68673867242099,12.0,0.34417177909328833,1.2200093818970386,2.0,3.0,293.0,362.0,2.6445812472956547,0.5894
BGSP,/run/media/falconnier/Elements1/BIDS_datasets_selection/BGSP/sub-0293/ses-01/anat/sub-0293_ses-01_T1w.nii.gz,,sub-0293,ses-01,192,192,144,1.1979166,1.1979166,1.2,4.906937599182129,,,,5308416,5252948,0.9895509319540895,0.0,1013.0,84.21421076317527,20.0,100.62683942362243,17.0,0.2449810461213433,1.1194053668109791,2.0,3.0,293.0,361.0,1.8139429049635951,0.6183
BGSP,/run/media/falconnier/Elements1/BIDS_datasets_selection/BGSP/sub-0292/ses-01/anat/sub-0292_ses-01_T1w.nii.gz,,sub-0292,ses-01,192,192,144,1.1979166,1.1979166,1.2,4.9598283767700195,,,,5308416,5252095,0.9893902437186536,0.0,878.0,89.25877426055698,38.0,97.28943646560424,35.0,-0.0022577899025177928,0.9140266525919654,2.0,3.0,274.0,337.0,2.121307682835457,0.653
BGSP,/run/media/falconnier/Elements1/BIDS_datasets_selection/BGSP/sub-0294/ses-01/anat/sub-0294_ses-01_T1w.nii.gz,,sub-0294,ses-01,192,192,144,1.1979166,1.1979166,1.2,4.8667097091674805,,,,5308416,5251413,0.9892617684823496,0.0,649.0,76.21209339276876,31.0,83.93349158003684,28.0,-0.22197056408328653,0.9296716621609881,1.0,2.0,238.0,297.0,2.7919429919975816,0.6496
BGSP,/run/media/falconnier/Elements1/BIDS_datasets_selection/BGSP/sub-0295/ses-01/anat/sub-0295_ses-01_T1w.nii.gz,,sub-0295,ses-01,192,192,144,1.1979166,1.1979166,1.2,5.0404767990112305,,,,5308416,5252741,0.9895119372709298,0.0,714.0,96.83610766264698,25.0,117.56796439551528,22.0,0.34200312975689773,1.1530222711357905,2.0,3.0,337.0,422.0,2.6195434794797468,0.6115
BGSP,/run/media/falconnier/Elements1/BIDS_datasets_selection/BGSP/sub-0296/ses-01/anat/sub-0296_ses-01_T1w.nii.gz,,sub-0296,ses-01,192,192,144,1.1979166,1.1979166,1.2,4.846225738525391,,,,5308416,5251346,0.9892491470148534,0.0,860.0,80.72382737682872,19.0,98.22718382812387,16.0,0.03939175821072727,1.0988215983124954,2.0,3.0,285.0,343.0,2.098123395005831,0.6103
BGSP,/run/media/falconnier/Elements1/BIDS_datasets_selection/BGSP/sub-0297/ses-01/anat/sub-0297_ses-01_T1w.nii.gz,,sub-0297,ses-01,192,192,144,1.1979166,1.1979166,1.2,4.707281112670898,,,,5308416,5252128,0.9893964602623457,0.0,721.0,75.34302248536213,16.0,94.32803174000553,13.0,0.14003438184606853,1.1466313713603637,2.0,3.0,271.0,333.0,2.4427332557052086,0.5991
BGSP,/run/media/falconnier/Elements1/BIDS_datasets_selection/BGSP/sub-0298/ses-01/anat/sub-0298_ses-01_T1w.nii.gz,,sub-0298,ses-01,192,192,144,1.1979166,1.1979166,1.2,4.8606157302856445,,,,5308416,5252658,0.9894963017216435,0.0,783.0,83.70499716524472,18.0,103.58150361978826,15.0,0.16434396266705198,1.1427864236352803,2.0,3.0,299.0,368.0,2.3132167640169516,0.6039
BGSP,/run/media/falconnier/Elements1/BIDS_datasets_selection/BGSP/sub-0301/ses-01/anat/sub-0301_ses-01_T1w.nii.gz,,sub-0301,ses-01,192,192,144,1.1979166,1.1979166,1.2,4.67294979095459,,,,5308416,5251312,0.9892427420910493,0.0,608.0,75.69680300846721,14.0,99.20431194075387,11.0,0.42046755924097745,1.2524642786275644,1.0,2.0,285.0,354.0,2.8829481396532044,0.581
BGSP,/run/media/falconnier/Elements1/BIDS_datasets_selection/BGSP/sub-0299/ses-01/anat/sub-0299_ses-01_T1w.nii.gz,,sub-0299,ses-01,192,192,144,1.1979166,1.1979166,1.2,4.834140777587891,,,,5308416,5253131,0.9895854055145641,0.0,770.0,85.50862314303603,20.0,100.5542222536432,17.0,-0.15447604461547293,1.0035551222134433,2.0,3.0,286.0,352.0,2.3548213330891166,0.6235
BGSP,/run/media/falconnier/Elements1/BIDS_datasets_selection/BGSP/sub-0300/ses-01/anat/sub-0300_ses-01_T1w.nii.gz,,sub-0300,ses-01,192,192,144,1.1979166,1.1979166,1.2,4.62689208984375,,,,5308416,5250642,0.9891165274160879,0.0,710.0,73.81653234023572,13.0,96.26636584722168,10.0,0.22433522477172518,1.2014547282912635,1.0,2.0,275.0,336.0,2.4360076262791,0.5824
BGSP,/run/media/falconnier/Elements1/BIDS_datasets_selection/BGSP/sub-0303/ses-01/anat/sub-0303_ses-01_T1w.nii.gz,,sub-0303,ses-01,192,192,144,1.1979166,1.1979166,1.2,4.868910789489746,,,,5308416,5249233,0.9888510998384452,0.0,642.0,76.86679368204841,29.0,86.2429087147061,26.0,-0.2067147487323462,0.9546720887992582,1.0,2.0,248.0,302.0,2.808562053987369,0.642
BGSP,/run/media/falconnier/Elements1/BIDS_datasets_selection/BGSP/sub-0302/ses-01/anat/sub-0302_ses-01_T1w.nii.gz,,sub-0302,ses-01,192,192,144,1.1979166,1.1979166,1.2,5.101030349731445,,,,5308416,5253485,0.9896520920741705,0.0,609.0,92.51059325381152,45.0,98.57248315081237,42.0,-0.4341505424850438,0.8348662770394122,2.0,3.0,281.0,346.0,3.0856077057433424,0.6619
BGSP,/run/media/falconnier/Elements1/BIDS_datasets_selection/BGSP/sub-0304/ses-01/anat/sub-0304_ses-01_T1w.nii.gz,,sub-0304,ses-01,192,192,144,1.1979166,1.1979166,1.2,4.982303619384766,,,,5308416,5252488,0.9894642771026234,0.0,607.0,84.46631482070973,34.0,93.19636872033631,31.0,-0.2622418644766893,0.9283968891588643,2.0,3.0,264.0,330.0,3.0572308426594876,0.649
BGSP,/run/media/falconnier/Elements1/BIDS_datasets_selection/BGSP/sub-0305/ses-01/anat/sub-0305_ses-01_T1w.nii.gz,,sub-0305,ses-01,192,192,144,1.1979166,1.1979166,1.2,4.60963249206543,,,,5308416,5250703,0.9891280186029128,0.0,665.0,73.32406270169918,12.0,96.2415732585495,9.0,0.3486143404567046,1.234995141913308,1.0,2.0,277.0,342.0,2.5909074909944434,0.5799
BGSP,/run/media/falconnier/Elements1/BIDS_datasets_selection/BGSP/sub-0306/ses-01/anat/sub-0306_ses-01_T1w.nii.gz,,sub-0306,ses-01,192,192,144,1.1979166,1.1979166,1.2,4.862780570983887,,,,5308416,5251366,0.9892529146170911,0.0,762.0,84.13333559306284,20.0,99.85879914021243,17.0,-0.07808106362149791,1.0326088325661882,2.0,3.0,285.0,351.0,2.390614074192427,0.6197
BGSP,/run/media/falconnier/Elements1/BIDS_datasets_selection/BGSP/sub-0307/ses-01/anat/sub-0307_ses-01_T1w.nii.gz,,sub-0307,ses-01,192,192,144,1.1979166,1.1979166,1.2,4.738452911376953,,,,5308416,5250330,0.9890577528211806,0.0,795.0,77.89723922115371,17.0,95.0045554978396,15.0,0.042077477444717015,1.0931150668630623,1.0,2.0,273.0,335.0,2.2327396589927098,0.609
BGSP,/run/media/falconnier/Elements1/BIDS_datasets_selection/BGSP/sub-0308/ses-01/anat/sub-0308_ses-01_T1w.nii.gz,,sub-0308,ses-01,192,192,144,1.1979166,1.1979166,1.2,4.757445335388184,,,,5308416,5252815,0.989525877399209,0.0,891.0,82.40999825807685,15.0,105.75526689891518,12.0,0.20835393341364883,1.185313920530182,2.0,3.0,300.0,374.0,2.0124196256820963,0.5893
BGSP,/run/media/falconnier/Elements1/BIDS_datasets_selection/BGSP/sub-0309/ses-01/anat/sub-0309_ses-01_T1w.nii.gz,,sub-0309,ses-01,192,192,144,1.1979166,1.1979166,1.2,4.844625473022461,,,,5308416,5253851,0.9897210391951196,0.0,709.0,76.51535759198347,21.0,90.914076609601,18.0,0.1276747486975247,1.0943464730912145,2.0,3.0,258.0,326.0,2.5375822788307705,0.6206
BGSP,/run/media/falconnier/Elements1/BIDS_datasets_selection/BGSP/sub-0310/ses-01/anat/sub-0310_ses-01_T1w.nii.gz,,sub-0310,ses-01,192,192,144,1.1979166,1.1979166,1.2,5.158871650695801,,,,5308416,5254410,0.9898263436776621,0.0,1051.0,100.93269710585965,43.0,109.40409347326167,39.0,0.05812404865546794,0.9407176266580396,2.0,4.0,315.0,387.0,1.8324507118573408,0.6561
BGSP,/run/media/falconnier/Elements1/BIDS_datasets_selection/BGSP/sub-0311/ses-01/anat/sub-0311_ses-01_T1w.nii.gz,,sub-0311,ses-01,192,192,144,1.1979166,1.1979166,1.2,4.934481620788574,,,,5308416,5252865,0.9895352964048032,0.0,758.0,81.64917259438421,28.0,92.35989405449916,25.0,-0.06984097655969812,0.9869178355457338,2.0,3.0,261.0,328.0,2.4359247401190554,0.6395
BGSP,/run/media/falconnier/Elements1/BIDS_datasets_selection/BGSP/sub-0314/ses-01/anat/sub-0314_ses-01_T1w.nii.gz,,sub-0314,ses-01,192,192,144,1.1979166,1.1979166,1.2,4.996033668518066,,,,5308416,5253416,0.9896390938464507,0.0,726.0,91.64229579382253,25.0,105.52040088235384,22.0,-0.2397056747242443,0.9699515470623274,2.0,3.0,298.0,372.0,2.555721440438719,0.632
BGSP,/run/media/falconnier/Elements1/BIDS_datasets_selection/BGSP/sub-0313/ses-01/anat/sub-0313_ses-01_T1w.nii.gz,,sub-0313,ses-01,192,192,144,1.1979166,1.1979166,1.2,4.745491027832031,,,,5308416,5252651,0.9894949830608604,0.0,737.0,78.94548581278292,15.0,98.14992479077272,12.0,0.18363717593727147,1.1484107939953583,2.0,3.0,283.0,352.0,2.410936341481731,0.602
BGSP,/run/media/falconnier/Elements1/BIDS_datasets_selection/BGSP/sub-0312/ses-01/anat/sub-0312_ses-01_T1w.nii.gz,,sub-0312,ses-01,192,192,144,1.1979166,1.1979166,1.2,4.4833831787109375,,,,5308416,5250641,0.9891163390359761,0.0,552.0,67.1779839832889,11.0,91.61684826023019,8.0,0.5189824666957614,1.31541217083779,1.0,2.0,262.0,329.0,3.06002290897277,0.565
BGSP,/run/media/falconnier/Elements1/BIDS_datasets_selection/BGSP/sub-0315/ses-01/anat/sub-0315_ses-01_T1w.nii.gz,,sub-0315,ses-01,192,192,144,1.1979166,1.1979166,1.2,4.914546012878418,,,,5308416,5252698,0.9895038369261189,0.0,939.0,79.93126122994316,30.0,89.63338585357323,27.0,0.0914813226851483,1.0074752129278395,2.0,3.0,258.0,317.0,1.9595568365128568,0.6431
BGSP,/run/media/falconnier/Elements1/BIDS_datasets_selection/BGSP/sub-0316/ses-01/anat/sub-0316_ses-01_T1w.nii.gz,,sub-0316,ses-01,192,192,144,1.1979166,1.1979166,1.2,5.234706878662109,,,,5308416,5253812,0.9897136923707561,0.0,850.0,102.50278597711528,39.0,111.38350759587166,35.0,-0.4098041455928727,0.8700156018657066,3.0,4.0,317.0,385.0,2.2564414161940656,0.6549
BGSP,/run/media/falconnier/Elements1/BIDS_datasets_selection/BGSP/sub-0317/ses-01/anat/sub-0317_ses-01_T1w.nii.gz,,sub-0317,ses-01,192,192,144,1.1979166,1.1979166,1.2,4.93612003326416,,,,5308416,5252287,0.989426412700135,0.0,707.0,85.71642981428852,24.0,99.29939526106986,21.0,-0.14450699203719175,1.0011506831924177,2.0,3.0,284.0,349.0,2.591539909471058,0.6297
BGSP,/run/media/falconnier/Elements1/BIDS_datasets_selection/BGSP/sub-0318/ses-01/anat/sub-0318_ses-01_T1w.nii.gz,,sub-0318,ses-01,192,192,144,1.1979166,1.1979166,1.2,4.698787689208984,,,,5308416,5252607,0.9894866943359375,0.0,806.0,71.92114753683266,17.0,85.96942187138461,14.0,0.16888023035435618,1.092784053607375,2.0,3.0,243.0,308.0,2.192217094884376,0.6177
BGSP,/run/media/falconnier/Elements1/BIDS_datasets_selection/BGSP/sub-0320/ses-01/anat/sub-0320_ses-01_T1w.nii.gz,,sub-0320,ses-01,192,192,144,1.1979166,1.1979166,1.2,4.810811996459961,,,,5308416,5252334,0.9894352665653935,0.0,964.0,87.05830017664528,14.0,112.76164419151189,11.0,0.363886331305852,1.2214282819754125,2.0,3.0,325.0,404.0,1.8566999794232468,0.5855
BGSP,/run/media/falconnier/Elements1/BIDS_datasets_selection/BGSP/sub-0319/ses-01/anat/sub-0319_ses-01_T1w.nii.gz,,sub-0319,ses-01,192,192,144,1.1979166,1.1979166,1.2,4.544495582580566,,,,5308416,5251921,0.9893574655791859,0.0,1143.0,76.43635519269996,10.0,109.14242178645857,7.0,0.7988359853612308,1.3997537818907548,2.0,3.0,315.0,391.0,1.4952989807393469,0.5464
BGSP,/run/media/falconnier/Elements1/BIDS_datasets_selection/BGSP/sub-0321/ses-01/anat/sub-0321_ses-01_T1w.nii.gz,,sub-0321,ses-01,192,192,144,1.1979166,1.1979166,1.2,4.868345260620117,,,,5308416,5253057,0.9895714653862847,0.0,677.0,76.39228319814538,23.0,88.0334370391816,20.0,-0.11857600398958423,1.013077118738097,2.0,3.0,251.0,312.0,2.662941603968609,0.6326
BGSP,/run/media/falconnier/Elements1/BIDS_datasets_selection/BGSP/sub-0324/ses-01/anat/sub-0324_ses-01_T1w.nii.gz,,sub-0324,ses-01,192,192,144,1.1979166,1.1979166,1.2,4.831646919250488,,,,5308416,5252608,0.9894868827160493,0.0,869.0,84.03615118432596,17.0,102.5566602031614,14.0,0.17190712579559753,1.11114449335524,2.0,3.0,293.0,364.0,2.081385760350532,0.609
BGSP,/run/media/falconnier/Elements1/BIDS_datasets_selection/BGSP/sub-0326/ses-01/anat/sub-0326_ses-01_T1w.nii.gz,,sub-0326,ses-01,192,192,144,1.1979166,1.1979166,1.2,4.545426368713379,,,,5308416,5250930,0.9891707808883102,0.0,781.0,70.00507986204349,12.0,94.3364806080431,9.0,0.6882841586036355,1.3438969132680556,1.0,2.0,277.0,342.0,2.198149665910886,0.5704
BGSP,/run/media/falconnier/Elements1/BIDS_datasets_selection/BGSP/sub-0322/ses-01/anat/sub-0322_ses-01_T1w.nii.gz,,sub-0322,ses-01,192,192,144,1.1979166,1.1979166,1.2,5.025835037231445,,,,5308416,5253536,0.9896616994598766,0.0,917.0,92.12573683705604,25.0,110.78795406349627,21.0,0.24902481877789295,1.145406643951259,2.0,4.0,324.0,395.0,2.054195319961061,0.6165
BGSP,/run/media/falconnier/Elements1/BIDS_datasets_selection/BGSP/sub-0327/ses-01/anat/sub-0327_ses-01_T1w.nii.gz,,sub-0327,ses-01,192,192,144,1.1979166,1.1979166,1.2,4.716038703918457,,,,5308416,5252177,0.9894056908878279,0.0,972.0,81.60982426906024,14.0,106.67977675492962,11.0,0.4032155492299774,1.2341016226772872,2.0,3.0,302.0,377.0,1.8321830201230467,0.5819
BGSP,/run/media/falconnier/Elements1/BIDS_datasets_selection/BGSP/sub-0325/ses-01/anat/sub-0325_ses-01_T1w.nii.gz,,sub-0325,ses-01,192,192,144,1.1979166,1.1979166,1.2,4.816645622253418,,,,5308416,5252253,0.989420007776331,0.0,746.0,85.98286773314233,15.0,113.84664595926897,12.0,0.542897194757948,1.2911696842886236,2.0,3.0,330.0,412.0,2.4095922822577154,0.5771
BGSP,/run/media/falconnier/Elements1/BIDS_datasets_selection/BGSP/sub-0323/ses-01/anat/sub-0323_ses-01_T1w.nii.gz,,sub-0323,ses-01,192,192,144,1.1979166,1.1979166,1.2,4.397576332092285,,,,5308416,5246834,0.9883991759500386,0.0,456.0,58.87405014147579,11.0,77.77741021071931,9.0,0.5766055127209548,1.2991951094535408,1.0,2.0,225.0,282.0,3.627693847502491,0.5779
BGSP,/run/media/falconnier/Elements1/BIDS_datasets_selection/BGSP/sub-0328/ses-01/anat/sub-0328_ses-01_T1w.nii.gz,,sub-0328,ses-01,192,192,144,1.1979166,1.1979166,1.2,4.656501770019531,,,,5308416,5251810,0.989336555386767,0.0,695.0,72.35036625468172,12.0,98.16529475736216,9.0,0.7679412917081936,1.3706424797895609,2.0,3.0,286.0,362.0,2.4873391756575116,0.5679
BGSP,/run/media/falconnier/Elements1/BIDS_datasets_selection/BGSP/sub-0329/ses-01/anat/sub-0329_ses-01_T1w.nii.gz,,sub-0329,ses-01,192,192,144,1.1979166,1.1979166,1.2,4.792990684509277,,,,5308416,5251797,0.9893341064453125,0.0,879.0,82.67358334680492,17.0,103.14827210449248,14.0,0.22068664991446818,1.1454410187790824,2.0,3.0,297.0,360.0,2.047840788853671,0.6003
BGSP,/run/media/falconnier/Elements1/BIDS_datasets_selection/BGSP/sub-0330/ses-01/anat/sub-0330_ses-01_T1w.nii.gz,,sub-0330,ses-01,192,192,144,1.1979166,1.1979166,1.2,4.729208946228027,,,,5308416,5251745,0.9893243106794946,0.0,630.0,80.5491925064907,13.0,107.40554389636459,10.0,0.5467656523591296,1.3035955106697563,2.0,3.0,314.0,388.0,2.8063763313729098,0.5743
BGSP,/run/media/falconnier/Elements1/BIDS_datasets_selection/BGSP/sub-0331/ses-01/anat/sub-0331_ses-01_T1w.nii.gz,,sub-0331,ses-01,192,192,144,1.1979166,1.1979166,1.2,4.842401504516602,,,,5308416,5252960,0.9895531925154321,0.0,655.0,81.23224734245073,25.0,92.1416879305797,22.0,-0.1768555301615251,0.9567599785500824,2.0,3.0,262.0,328.0,2.7541450584463143,0.6377
BGSP,/run/media/falconnier/Elements1/BIDS_datasets_selection/BGSP/sub-0332/ses-01/anat/sub-0332_ses-01_T1w.nii.gz,,sub-0332,ses-01,192,192,144,1.1979166,1.1979166,1.2,4.610788345336914,,,,5308416,5250690,0.9891255696614584,0.0,652.0,70.47822229078464,13.0,91.64167677623132,10.0,0.43703114412420696,1.2515100019938172,1.0,2.0,264.0,329.0,2.646416741368696,0.5843
BGSP,/run/media/falconnier/Elements1/BIDS_datasets_selection/BGSP/sub-0334/ses-01/anat/sub-0334_ses-01_T1w.nii.gz,,sub-0334,ses-01,192,192,144,1.1979166,1.1979166,1.2,4.865988731384277,,,,5308416,5253324,0.9896217628761574,0.0,820.0,83.35223907758211,24.0,95.37654181352853,21.0,-0.09944129550886105,0.9919402265222792,2.0,3.0,270.0,342.0,2.2383688418800625,0.6348
BGSP,/run/media/falconnier/Elements1/BIDS_datasets_selection/BGSP/sub-0335/ses-01/anat/sub-0335_ses-01_T1w.nii.gz,,sub-0335,ses-01,192,192,144,1.1979166,1.1979166,1.2,4.895833969116211,,,,5308416,5250246,0.9890419288917824,0.0,695.0,91.7665282731514,17.0,114.52274718277853,15.0,0.18809379626559375,1.1368488566817967,1.0,2.0,324.0,405.0,2.6249684521939605,0.5996
BGSP,/run/media/falconnier/Elements1/BIDS_datasets_selection/BGSP/sub-0338/ses-01/anat/sub-0338_ses-01_T1w.nii.gz,,sub-0338,ses-01,192,192,144,1.1979166,1.1979166,1.2,4.876182556152344,,,,5308416,5252558,0.9894774637104552,0.0,778.0,87.75815726356568,19.0,107.84994320315352,16.0,0.09764396269634634,1.1178473152841855,2.0,3.0,308.0,383.0,2.347684915968888,0.6065
BGSP,/run/media/falconnier/Elements1/BIDS_datasets_selection/BGSP/sub-0333/ses-01/anat/sub-0333_ses-01_T1w.nii.gz,,sub-0333,ses-01,192,192,144,1.1979166,1.1979166,1.2,4.816695213317871,,,,5308416,5252224,0.9894145447530864,0.0,602.0,86.02587418206078,15.0,109.46306851992797,12.0,0.10540142972407907,1.1559087154163628,2.0,3.0,319.0,380.0,2.971847396576892,0.5923
BGSP,/run/media/falconnier/Elements1/BIDS_datasets_selection/BGSP/sub-0336/ses-01/anat/sub-0336_ses-01_T1w.nii.gz,,sub-0336,ses-01,192,192,144,1.1979166,1.1979166,1.2,4.865684509277344,,,,5308416,5254427,0.9898295461395641,0.0,683.0,81.0310024289994,21.0,94.6913216795803,18.0,-0.12580331374448495,1.0105889644031674,2.0,3.0,266.0,335.0,2.651952262543067,0.6264
BGSP,/run/media/falconnier/Elements1/BIDS_datasets_selection/BGSP/sub-0337/ses-01/anat/sub-0337_ses-01_T1w.nii.gz,,sub-0337,ses-01,192,192,144,1.1979166,1.1979166,1.2,4.492283821105957,,,,5308416,5249932,0.9889827775366512,0.0,739.0,71.21398791451013,10.0,97.49487725379242,7.0,0.4340994547042629,1.2923556029433818,1.0,2.0,281.0,344.0,2.2860611549621273,0.5628
BGSP,/run/media/falconnier/Elements1/BIDS_datasets_selection/BGSP/sub-0339/ses-01/anat/sub-0339_ses-01_T1w.nii.gz,,sub-0339,ses-01,192,192,144,1.1979166,1.1979166,1.2,4.690552711486816,,,,5308416,5251463,0.9892711874879436,0.0,730.0,74.08297249737835,14.0,94.59270566215234,11.0,0.28905162760441305,1.1996146989668288,2.0,3.0,273.0,336.0,2.3954771139401085,0.5913
BGSP,/run/media/falconnier/Elements1/BIDS_datasets_selection/BGSP/sub-0338/ses-02/anat/sub-0338_ses-02_T1w.nii.gz,,sub-0338,ses-02,192,192,144,1.1979166,1.1979166,1.2,4.861701965332031,,,,5308416,5252539,0.9894738844883295,0.0,776.0,84.38320020089333,18.0,103.18518536733933,15.0,0.04788421524063535,1.1011362648169707,2.0,3.0,294.0,365.0,2.3317811524643095,0.6084
BGSP,/run/media/falconnier/Elements1/BIDS_datasets_selection/BGSP/sub-0340/ses-01/anat/sub-0340_ses-01_T1w.nii.gz,,sub-0340,ses-01,192,192,144,1.1979166,1.1979166,1.2,4.670539855957031,,,,5308416,5250596,0.9891078619309414,0.0,714.0,72.14123520453678,15.0,92.0246755821137,12.0,0.45615444282879913,1.2354444453906912,1.0,2.0,268.0,329.0,2.4555315800700486,0.592
BGSP,/run/media/falconnier/Elements1/BIDS_datasets_selection/BGSP/sub-0341/ses-01/anat/sub-0341_ses-01_T1w.nii.gz,,sub-0341,ses-01,192,192,144,1.1979166,1.1979166,1.2,4.817776679992676,,,,5308416,5252700,0.9895042136863426,0.0,720.0,88.32437603518191,14.0,115.67743430609251,10.0,0.38534912263471854,1.2435264599113796,2.0,3.0,337.0,413.0,2.477391115951847,0.5812
BGSP,/run/media/falconnier/Elements1/BIDS_datasets_selection/BGSP/sub-0342/ses-01/anat/sub-0342_ses-01_T1w.nii.gz,,sub-0342,ses-01,192,192,144,1.1979166,1.1979166,1.2,4.679695129394531,,,,5308416,5251960,0.9893648124035493,0.0,800.0,78.13584223794545,13.0,104.14759280546191,10.0,0.41871271748194827,1.276680579227555,2.0,3.0,303.0,370.0,2.1972628553162186,0.5743
BGSP,/run/media/falconnier/Elements1/BIDS_datasets_selection/BGSP/sub-0343/ses-01/anat/sub-0343_ses-01_T1w.nii.gz,,sub-0343,ses-01,192,192,144,1.1979166,1.1979166,1.2,4.7049665451049805,,,,5308416,5251878,0.989349365234375,0.0,807.0,76.69248181317235,16.0,95.4652842411985,13.0,0.07964919854602437,1.1182878886279415,2.0,3.0,268.0,335.0,2.192367868431787,0.6012
BGSP,/run/media/falconnier/Elements1/BIDS_datasets_selection/BGSP/sub-0344/ses-01/anat/sub-0344_ses-01_T1w.nii.gz,,sub-0344,ses-01,192,192,144,1.1979166,1.1979166,1.2,4.820412635803223,,,,5308416,5252044,0.9893806363329475,0.0,528.0,79.63128145918046,19.0,95.45318150461837,16.0,0.03420748296184151,1.0810497057115889,2.0,3.0,272.0,342.0,3.415943255311834,0.6165
BGSP,/run/media/falconnier/Elements1/BIDS_datasets_selection/BGSP/sub-0345/ses-01/anat/sub-0345_ses-01_T1w.nii.gz,,sub-0345,ses-01,192,192,144,1.1979166,1.1979166,1.2,4.988246917724609,,,,5308416,5253456,0.9896466290509259,0.0,731.0,80.22412979189319,33.0,88.64713633937113,30.0,0.02594254358329673,1.0061628059870409,2.0,3.0,255.0,321.0,2.537972056184244,0.6495
BGSP,/run/media/falconnier/Elements1/BIDS_datasets_selection/BGSP/sub-0347/ses-01/anat/sub-0347_ses-01_T1w.nii.gz,,sub-0347,ses-01,192,192,144,1.1979166,1.1979166,1.2,4.82609748840332,,,,5308416,5252871,0.9895364266854746,0.0,647.0,84.765559253216,15.0,108.28463586635169,12.0,0.36405920032764794,1.2213747111427904,2.0,3.0,317.0,390.0,2.7612817237742524,0.5915
BGSP,/run/media/falconnier/Elements1/BIDS_datasets_selection/BGSP/sub-0348/ses-01/anat/sub-0348_ses-01_T1w.nii.gz,,sub-0348,ses-01,192,192,144,1.1979166,1.1979166,1.2,4.636539459228516,,,,5308416,5248896,0.9887876157407407,0.0,783.0,66.73050656747628,18.0,82.38712225678206,16.0,0.33652118610177073,1.1901961114199524,1.0,2.0,241.0,293.0,2.2233876213726065,0.6052
BGSP,/run/media/falconnier/Elements1/BIDS_datasets_selection/BGSP/sub-0352/ses-01/anat/sub-0352_ses-01_T1w.nii.gz,,sub-0352,ses-01,192,192,144,1.1979166,1.1979166,1.2,5.0628156661987305,,,,5308416,5254354,0.9898157943913966,0.0,1014.0,93.15981603066714,37.0,101.60962114447481,34.0,-0.2264016837451175,0.8874278516077282,2.0,3.0,289.0,353.0,1.8593513403726771,0.6529
BGSP,/run/media/falconnier/Elements1/BIDS_datasets_selection/BGSP/sub-0346/ses-01/anat/sub-0346_ses-01_T1w.nii.gz,,sub-0346,ses-01,192,192,144,1.1979166,1.1979166,1.2,5.089805603027344,,,,5308416,5252870,0.9895362383053626,0.0,849.0,93.62064242975745,36.0,103.32813585263614,33.0,-0.2473279579465233,0.9136182367653631,2.0,3.0,292.0,362.0,2.223821592552275,0.6484
BGSP,/run/media/falconnier/Elements1/BIDS_datasets_selection/BGSP/sub-0351/ses-01/anat/sub-0351_ses-01_T1w.nii.gz,,sub-0351,ses-01,192,192,144,1.1979166,1.1979166,1.2,4.946195602416992,,,,5308416,5254513,0.9898457468291859,0.0,975.0,83.71853166982363,33.0,92.46429593632212,30.0,-0.009716891154105234,0.9669292478922767,2.0,3.0,267.0,329.0,1.9010898695796183,0.6488
BGSP,/run/media/falconnier/Elements1/BIDS_datasets_selection/BGSP/sub-0349/ses-01/anat/sub-0349_ses-01_T1w.nii.gz,,sub-0349,ses-01,192,192,144,1.1979166,1.1979166,1.2,4.737383842468262,,,,5308416,5252261,0.9894215148172261,0.0,867.0,77.20189190902737,14.0,100.70323708521956,11.0,0.473197183789861,1.26314740348876,2.0,3.0,293.0,360.0,2.042993025309663,0.5833
BGSP,/run/media/falconnier/Elements1/BIDS_datasets_selection/BGSP/sub-0350/ses-01/anat/sub-0350_ses-01_T1w.nii.gz,,sub-0350,ses-01,192,192,144,1.1979166,1.1979166,1.2,4.94085693359375,,,,5308416,5253046,0.989569393205054,0.0,726.0,84.08659090363953,28.0,98.11927209566419,25.0,0.1457960895536008,1.0957866098644733,2.0,3.0,288.0,352.0,2.549174817549837,0.628
BGSP,/run/media/falconnier/Elements1/BIDS_datasets_selection/BGSP/sub-0353/ses-01/anat/sub-0353_ses-01_T1w.nii.gz,,sub-0353,ses-01,192,192,144,1.1979166,1.1979166,1.2,4.863763809204102,,,,5308416,5250412,0.9890731999903549,0.0,563.0,76.942492893891,29.0,86.92791095451865,27.0,-0.037664056361072173,1.002215965842058,1.0,2.0,250.0,310.0,3.2237779982584085,0.6396
BGSP,/run/media/falconnier/Elements1/BIDS_datasets_selection/BGSP/sub-0354/ses-01/anat/sub-0354_ses-01_T1w.nii.gz,,sub-0354,ses-01,192,192,144,1.1979166,1.1979166,1.2,4.636819839477539,,,,5308416,5250868,0.9891591013213734,0.0,810.0,69.91679908921725,14.0,89.97966746711043,11.0,0.4891582216641539,1.2495901662589475,1.0,2.0,256.0,325.0,2.154995157665448,0.5888
BGSP,/run/media/falconnier/Elements1/BIDS_datasets_selection/BGSP/sub-0355/ses-01/anat/sub-0355_ses-01_T1w.nii.gz,,sub-0355,ses-01,192,192,144,1.1979166,1.1979166,1.2,4.571197509765625,,,,5308416,5247915,0.9886028148509838,0.0,590.0,68.65825380174793,14.0,84.32799862017183,12.0,0.032861618360936706,1.0942680053143248,1.0,2.0,242.0,294.0,2.919211223901277,0.6059
BGSP,/run/media/falconnier/Elements1/BIDS_datasets_selection/BGSP/sub-0356/ses-01/anat/sub-0356_ses-01_T1w.nii.gz,,sub-0356,ses-01,192,192,144,1.1979166,1.1979166,1.2,4.534658432006836,,,,5308416,5249111,0.9888281174647955,0.0,551.0,72.61478848513586,12.0,96.57233882576749,10.0,0.2939166402957074,1.2356715638124414,1.0,2.0,277.0,339.0,3.110895720606655,0.5742
BGSP,/run/media/falconnier/Elements1/BIDS_datasets_selection/BGSP/sub-0357/ses-01/anat/sub-0357_ses-01_T1w.nii.gz,,sub-0357,ses-01,192,192,144,1.1979166,1.1979166,1.2,4.664116859436035,,,,5308416,5251954,0.9893636821228781,0.0,775.0,71.10323491028292,16.0,87.94335041142439,13.0,0.2988493132803143,1.1584097239564752,2.0,3.0,251.0,314.0,2.2532258335046498,0.6043
BGSP,/run/media/falconnier/Elements1/BIDS_datasets_selection/BGSP/sub-0359/ses-01/anat/sub-0359_ses-01_T1w.nii.gz,,sub-0359,ses-01,192,192,144,1.1979166,1.1979166,1.2,4.552445411682129,,,,5308416,5251125,0.9892075150101273,0.0,529.0,69.70335232926277,11.0,96.75667354488722,8.0,0.6548453849045197,1.3605456670773264,1.0,2.0,282.0,348.0,3.1899723266128177,0.5579
BGSP,/run/media/falconnier/Elements1/BIDS_datasets_selection/BGSP/sub-0358/ses-01/anat/sub-0358_ses-01_T1w.nii.gz,,sub-0358,ses-01,192,192,144,1.1979166,1.1979166,1.2,4.99599552154541,,,,5308416,5251192,0.9892201364776234,0.0,922.0,87.34466707749402,35.0,95.91107839790148,32.0,-0.17896465463384237,0.9221571991403953,1.0,2.0,270.0,340.0,2.0287736273555703,0.6505
BGSP,/run/media/falconnier/Elements1/BIDS_datasets_selection/BGSP/sub-0360/ses-01/anat/sub-0360_ses-01_T1w.nii.gz,,sub-0360,ses-01,192,192,144,1.1979166,1.1979166,1.2,4.995633125305176,,,,5308416,5251970,0.9893666962046682,0.0,579.0,82.89092797559773,53.0,83.24738994887551,50.0,-0.5185635048611474,0.7511926752759168,2.0,3.0,242.0,293.0,3.2149658667669128,0.6843
BGSP,/run/media/falconnier/Elements1/BIDS_datasets_selection/BGSP/sub-0366/ses-01/anat/sub-0366_ses-01_T1w.nii.gz,,sub-0366,ses-01,192,192,144,1.1979166,1.1979166,1.2,4.731134414672852,,,,5308416,5252246,0.9894186891155479,0.0,1041.0,75.47357701828894,15.0,98.91399707980347,12.0,0.7630027270497299,1.3135397325159153,2.0,3.0,286.0,358.0,1.6936932921197199,0.5817
BGSP,/run/media/falconnier/Elements1/BIDS_datasets_selection/BGSP/sub-0365/ses-01/anat/sub-0365_ses-01_T1w.nii.gz,,sub-0365,ses-01,192,192,144,1.1979166,1.1979166,1.2,5.012041091918945,,,,5308416,5252819,0.9895266309196566,0.0,811.0,98.91892486681913,18.0,120.55517323293668,15.0,-0.0908706751433952,1.0569509068202594,2.0,3.0,349.0,418.0,2.2764804970319643,0.6091
BGSP,/run/media/falconnier/Elements1/BIDS_datasets_selection/BGSP/sub-0360/ses-02/anat/sub-0360_ses-02_T1w.nii.gz,,sub-0360,ses-02,192,192,144,1.1979166,1.1979166,1.2,5.09567928314209,,,,5308416,5253402,0.9896364565248843,0.0,774.0,91.7886000347965,49.0,95.81218509885124,46.0,-0.3839778469816437,0.8274859631436261,2.0,3.0,279.0,334.0,2.441296715158115,0.67
BGSP,/run/media/falconnier/Elements1/BIDS_datasets_selection/BGSP/sub-0363/ses-01/anat/sub-0363_ses-01_T1w.nii.gz,,sub-0363,ses-01,192,192,144,1.1979166,1.1979166,1.2,4.774040222167969,,,,5308416,5251870,0.9893478581934799,0.0,872.0,84.04905795459523,17.0,102.42131514315095,14.0,0.20558043142904703,1.103861303636655,2.0,3.0,290.0,366.0,2.0650277488433844,0.6093
BGSP,/run/media/falconnier/Elements1/BIDS_datasets_selection/BGSP/sub-0364/ses-01/anat/sub-0364_ses-01_T1w.nii.gz,,sub-0364,ses-01,192,192,144,1.1979166,1.1979166,1.2,4.646540641784668,,,,5308416,5250401,0.9890711278091242,0.0,901.0,74.15360617217618,14.0,92.97559492641246,12.0,0.29574118790491877,1.1597858773843226,1.0,2.0,262.0,332.0,1.9318902315013984,0.598
BGSP,/run/media/falconnier/Elements1/BIDS_datasets_selection/BGSP/sub-0362/ses-01/anat/sub-0362_ses-01_T1w.nii.gz,,sub-0362,ses-01,192,192,144,1.1979166,1.1979166,1.2,4.714329719543457,,,,5308416,5252552,0.9894763334297839,0.0,732.0,71.81172047416189,17.0,90.37103553170385,14.0,0.38099981468848876,1.2247345437934196,2.0,3.0,262.0,327.0,2.4216281835395845,0.5982
BGSP,/run/media/falconnier/Elements1/BIDS_datasets_selection/BGSP/sub-0361/ses-01/anat/sub-0361_ses-01_T1w.nii.gz,,sub-0361,ses-01,192,192,144,1.1979166,1.1979166,1.2,4.471810340881348,,,,5308416,5240794,0.987261360074267,0.0,475.0,60.34564495379899,15.0,73.96917090962366,13.0,0.14018155075036276,1.119202618995387,1.0,2.0,211.0,260.0,3.5544715708127903,0.6066
BGSP,/run/media/falconnier/Elements1/BIDS_datasets_selection/BGSP/sub-0367/ses-01/anat/sub-0367_ses-01_T1w.nii.gz,,sub-0367,ses-01,192,192,144,1.1979166,1.1979166,1.2,4.663293838500977,,,,5308416,5252735,0.9895108069902585,0.0,715.0,74.9573644967812,13.0,100.35323084283796,9.0,0.6519102817204327,1.3301825145378279,2.0,3.0,292.0,366.0,2.4276391286580745,0.5733
BGSP,/run/media/falconnier/Elements1/BIDS_datasets_selection/BGSP/sub-0368/ses-01/anat/sub-0368_ses-01_T1w.nii.gz,,sub-0368,ses-01,192,192,144,1.1979166,1.1979166,1.2,4.814165115356445,,,,5308416,5251577,0.9892926628206983,0.0,581.0,82.76621403437481,16.0,100.79026286084674,13.0,-0.012964530450473077,1.0757638140422305,2.0,3.0,290.0,352.0,3.0837532320503986,0.6095
BGSP,/run/media/falconnier/Elements1/BIDS_datasets_selection/BGSP/sub-0371/ses-01/anat/sub-0371_ses-01_T1w.nii.gz,,sub-0371,ses-01,192,192,144,1.1979166,1.1979166,1.2,4.748371124267578,,,,5308416,5252414,0.9894503369743441,0.0,691.0,75.63040441975824,18.0,90.72654515303995,15.0,0.09399514918860286,1.0877409550883677,2.0,3.0,261.0,323.0,2.564963101975294,0.6162
BGSP,/run/media/falconnier/Elements1/BIDS_datasets_selection/BGSP/sub-0370/ses-01/anat/sub-0370_ses-01_T1w.nii.gz,,sub-0370,ses-01,192,192,144,1.1979166,1.1979166,1.2,4.8842010498046875,,,,5308416,5253007,0.9895620463806906,0.0,852.0,98.06084724425457,15.0,125.53181489587597,12.0,0.132341482711126,1.150699678995092,2.0,3.0,362.0,440.0,2.140201859598486,0.5894
BGSP,/run/media/falconnier/Elements1/BIDS_datasets_selection/BGSP/sub-0372/ses-01/anat/sub-0372_ses-01_T1w.nii.gz,,sub-0372,ses-01,192,192,144,1.1979166,1.1979166,1.2,4.5074052810668945,,,,5308416,5251010,0.9891858512972608,0.0,549.0,66.86879228948335,11.0,90.2787262643336,8.0,0.6196943499687331,1.3335130792205114,1.0,2.0,263.0,328.0,3.09810145464753,0.5696
BGSP,/run/media/falconnier/Elements1/BIDS_datasets_selection/BGSP/sub-0369/ses-01/anat/sub-0369_ses-01_T1w.nii.gz,,sub-0369,ses-01,192,192,144,1.1979166,1.1979166,1.2,4.932692527770996,,,,5308416,5251018,0.9891873583381559,0.0,649.0,82.99871034530828,26.0,96.53219154439525,23.0,0.06930475306198547,1.053825181954084,1.0,2.0,277.0,345.0,2.821527696577929,0.6284
BGSP,/run/media/falconnier/Elements1/BIDS_datasets_selection/BGSP/sub-0373/ses-01/anat/sub-0373_ses-01_T1w.nii.gz,,sub-0373,ses-01,192,192,144,1.1979166,1.1979166,1.2,4.784395217895508,,,,5308416,5252163,0.9894030535662616,0.0,675.0,77.58085782943142,18.0,97.16236073316011,15.0,0.1637001923573571,1.166226895761956,2.0,3.0,281.0,344.0,2.6426603057071723,0.5994
BGSP,/run/media/falconnier/Elements1/BIDS_datasets_selection/BGSP/sub-0375/ses-01/anat/sub-0375_ses-01_T1w.nii.gz,,sub-0375,ses-01,192,192,144,1.1979166,1.1979166,1.2,5.13517951965332,,,,5308416,5253669,0.9896867540147569,0.0,821.0,88.551407597243,37.0,95.74834525933952,32.0,-0.050789053552237284,0.9659835731156554,3.0,4.0,278.0,344.0,2.3116426660159988,0.6582
BGSP,/run/media/falconnier/Elements1/BIDS_datasets_selection/BGSP/sub-0376/ses-01/anat/sub-0376_ses-01_T1w.nii.gz,,sub-0376,ses-01,192,192,144,1.1979166,1.1979166,1.2,4.557369232177734,,,,5308416,5250872,0.989159854841821,0.0,459.0,65.65215834627087,13.0,83.24849065366607,10.0,0.15749105409989061,1.1685727657841927,1.0,2.0,240.0,292.0,3.687835301975279,0.5941
BGSP,/run/media/falconnier/Elements1/BIDS_datasets_selection/BGSP/sub-0374/ses-01/anat/sub-0374_ses-01_T1w.nii.gz,,sub-0374,ses-01,192,192,144,1.1979166,1.1979166,1.2,4.815068244934082,,,,5308416,5252653,0.989495359821084,0.0,880.0,85.00294536874985,15.0,108.9612231935783,12.0,0.35478270464853345,1.203413355107444,2.0,3.0,313.0,386.0,2.0447689012844656,0.5898
BGSP,/run/media/falconnier/Elements1/BIDS_datasets_selection/BGSP/sub-0377/ses-01/anat/sub-0377_ses-01_T1w.nii.gz,,sub-0377,ses-01,192,192,144,1.1979166,1.1979166,1.2,4.87648868560791,,,,5308416,5252797,0.9895224865571952,0.0,798.0,90.161288167047,18.0,113.44663690910856,15.0,0.15115650361728017,1.1572597290359885,2.0,3.0,327.0,400.0,2.2932316244694,0.5972
BGSP,/run/media/falconnier/Elements1/BIDS_datasets_selection/BGSP/sub-0378/ses-01/anat/sub-0378_ses-01_T1w.nii.gz,,sub-0378,ses-01,192,192,144,1.1979166,1.1979166,1.2,4.562339782714844,,,,5308416,5251931,0.9893593493803048,0.0,774.0,77.01120064220189,12.0,106.82389584595204,9.0,0.6769099831261389,1.3623823600275835,2.0,3.0,309.0,387.0,2.2321069221067202,0.5583
BGSP,/run/media/falconnier/Elements1/BIDS_datasets_selection/BGSP/sub-0379/ses-01/anat/sub-0379_ses-01_T1w.nii.gz,,sub-0379,ses-01,192,192,144,1.1979166,1.1979166,1.2,5.0209503173828125,,,,5308416,5254347,0.9898144757306134,0.0,790.0,91.93276100721936,30.0,103.52301592005932,27.0,-0.206715907529615,0.9460096618760022,2.0,3.0,293.0,363.0,2.3688028285340486,0.6409
BGSP,/run/media/falconnier/Elements1/BIDS_datasets_selection/BGSP/sub-0381/ses-01/anat/sub-0381_ses-01_T1w.nii.gz,,sub-0381,ses-01,192,192,144,1.1979166,1.1979166,1.2,4.800901412963867,,,,5308416,5251815,0.9893374972873263,0.0,975.0,77.97901620677804,18.0,98.20944703876306,15.0,0.37311564323562285,1.2068487267766899,2.0,3.0,284.0,347.0,1.8478585440664068,0.5975
BGSP,/run/media/falconnier/Elements1/BIDS_datasets_selection/BGSP/sub-0380/ses-01/anat/sub-0380_ses-01_T1w.nii.gz,,sub-0380,ses-01,192,192,144,1.1979166,1.1979166,1.2,5.004222869873047,,,,5308416,5254250,0.9897962028597608,0.0,938.0,95.2260476756911,28.0,108.7976048097144,25.0,-0.08555099168839009,0.9669132774823935,2.0,3.0,307.0,378.0,1.9873888438419007,0.6347
BGSP,/run/media/falconnier/Elements1/BIDS_datasets_selection/BGSP/sub-0383/ses-01/anat/sub-0383_ses-01_T1w.nii.gz,,sub-0383,ses-01,192,192,144,1.1979166,1.1979166,1.2,5.1033430099487305,,,,5308416,5253722,0.9896967381606867,0.0,679.0,87.56404240650724,50.0,90.08396325594352,46.0,-0.2972051351536793,0.8335560728576488,2.0,3.0,259.0,318.0,2.7792513515541626,0.6759
BGSP,/run/media/falconnier/Elements1/BIDS_datasets_selection/BGSP/sub-0382/ses-01/anat/sub-0382_ses-01_T1w.nii.gz,,sub-0382,ses-01,192,192,144,1.1979166,1.1979166,1.2,5.028989791870117,,,,5308416,5252916,0.9895449037905093,0.0,1072.0,90.28207570804483,32.0,101.68939913354338,29.0,0.054637517872895724,0.9929779888391228,2.0,3.0,289.0,358.0,1.7507832297551533,0.641
BGSP,/run/media/falconnier/Elements1/BIDS_datasets_selection/BGSP/sub-0387/ses-01/anat/sub-0387_ses-01_T1w.nii.gz,,sub-0387,ses-01,192,192,144,1.1979166,1.1979166,1.2,4.647292137145996,,,,5308416,5251342,0.9892483934944059,0.0,658.0,66.63246956682691,17.0,80.89081767496073,14.0,0.09465319951748219,1.1129751629123368,1.0,2.0,232.0,285.0,2.63868647658265,0.612
BGSP,/run/media/falconnier/Elements1/BIDS_datasets_selection/BGSP/sub-0384/ses-01/anat/sub-0384_ses-01_T1w.nii.gz,,sub-0384,ses-01,192,192,144,1.1979166,1.1979166,1.2,4.795210838317871,,,,5308416,5252751,0.9895138210720487,0.0,697.0,79.52822359179028,16.0,100.59325496507488,13.0,0.21701684770922736,1.1800382790886383,2.0,3.0,291.0,358.0,2.547036907126331,0.5954
BGSP,/run/media/falconnier/Elements1/BIDS_datasets_selection/BGSP/sub-0385/ses-01/anat/sub-0385_ses-01_T1w.nii.gz,,sub-0385,ses-01,192,192,144,1.1979166,1.1979166,1.2,4.707961082458496,,,,5308416,5253165,0.9895918104383681,0.0,880.0,78.6272704169772,15.0,97.55310579518458,12.0,0.3219120510236304,1.151139241309129,2.0,3.0,277.0,343.0,2.022214488324377,0.6027
BGSP,/run/media/falconnier/Elements1/BIDS_datasets_selection/BGSP/sub-0386/ses-01/anat/sub-0386_ses-01_T1w.nii.gz,,sub-0386,ses-01,192,192,144,1.1979166,1.1979166,1.2,4.956577301025391,,,,5308416,5255137,0.9899632960190008,0.0,572.0,81.35118494532112,32.0,88.91160559938477,29.0,-0.21757945207144758,0.9285037261397611,2.0,3.0,254.0,317.0,3.2372767747077558,0.6531
BGSP,/run/media/falconnier/Elements1/BIDS_datasets_selection/BGSP/sub-0388/ses-01/anat/sub-0388_ses-01_T1w.nii.gz,,sub-0388,ses-01,192,192,144,1.1979166,1.1979166,1.2,4.842466354370117,,,,5308416,5252096,0.9893904320987654,0.0,773.0,82.2238757631239,20.0,100.46155874725278,17.0,0.05049473723157405,1.1139590605014338,2.0,3.0,292.0,352.0,2.3449453070077997,0.6091
BGSP,/run/media/falconnier/Elements1/BIDS_datasets_selection/BGSP/sub-0389/ses-01/anat/sub-0389_ses-01_T1w.nii.gz,,sub-0389,ses-01,192,192,144,1.1979166,1.1979166,1.2,4.865301132202148,,,,5308416,5253107,0.9895808843918789,0.0,826.0,91.27868421488463,16.0,116.58130125508639,13.0,0.24601134948846282,1.1943223194020793,2.0,3.0,339.0,412.0,2.211919598653014,0.5913
BGSP,/run/media/falconnier/Elements1/BIDS_datasets_selection/BGSP/sub-0387/ses-02/anat/sub-0387_ses-02_T1w.nii.gz,,sub-0387,ses-02,192,192,144,1.1979166,1.1979166,1.2,4.679793357849121,,,,5308416,5252236,0.989416805314429,0.0,773.0,74.61006874024702,14.0,94.15181721823538,11.0,0.25651844112572864,1.169883333280823,2.0,3.0,269.0,332.0,2.2652137999852284,0.5961
BGSP,/run/media/falconnier/Elements1/BIDS_datasets_selection/BGSP/sub-0391/ses-01/anat/sub-0391_ses-01_T1w.nii.gz,,sub-0391,ses-01,192,192,144,1.1979166,1.1979166,1.2,4.804944038391113,,,,5308416,5252372,0.9894424250096451,0.0,933.0,88.01418121184105,14.0,113.77954883683961,11.0,0.2491379921672947,1.1950334410400396,2.0,3.0,329.0,402.0,1.9217478721828285,0.5859
BGSP,/run/media/falconnier/Elements1/BIDS_datasets_selection/BGSP/sub-0390/ses-01/anat/sub-0390_ses-01_T1w.nii.gz,,sub-0390,ses-01,192,192,144,1.1979166,1.1979166,1.2,4.764187812805176,,,,5308416,5251776,0.9893301504629629,0.0,717.0,77.18210125488977,18.0,95.4609172048471,15.0,0.14005420302936455,1.139889051477382,2.0,3.0,277.0,337.0,2.484936520233005,0.6041
BGSP,/run/media/falconnier/Elements1/BIDS_datasets_selection/BGSP/sub-0389/ses-02/anat/sub-0389_ses-02_T1w.nii.gz,,sub-0389,ses-02,192,192,144,1.1979166,1.1979166,1.2,4.841387748718262,,,,5308416,5253088,0.9895773051697531,0.0,675.0,88.03787391340103,15.0,112.54912037439152,12.0,0.2561788154863933,1.2005997468249376,2.0,3.0,327.0,399.0,2.675980711327219,0.5911
BGSP,/run/media/falconnier/Elements1/BIDS_datasets_selection/BGSP/sub-0392/ses-01/anat/sub-0392_ses-01_T1w.nii.gz,,sub-0392,ses-01,192,192,144,1.1979166,1.1979166,1.2,4.600554466247559,,,,5308416,5251181,0.9892180642963927,0.0,674.0,68.17129194365991,13.0,90.28240820251638,10.0,0.6274981765593974,1.3192809896439268,2.0,2.0,264.0,327.0,2.552013237285153,0.5775
BGSP,/run/media/falconnier/Elements1/BIDS_datasets_selection/BGSP/sub-0393/ses-01/anat/sub-0393_ses-01_T1w.nii.gz,,sub-0393,ses-01,192,192,144,1.1979166,1.1979166,1.2,5.254788398742676,,,,5308416,5254133,0.9897741623866705,0.0,789.0,96.04655534985505,63.0,95.64737842741587,59.0,-0.2545304026079842,0.8016561024984088,2.0,3.0,272.0,343.0,2.45785192111554,0.6882
BGSP,/run/media/falconnier/Elements1/BIDS_datasets_selection/BGSP/sub-0394/ses-01/anat/sub-0394_ses-01_T1w.nii.gz,,sub-0394,ses-01,192,192,144,1.1979166,1.1979166,1.2,4.7882490158081055,,,,5308416,5251333,0.9892466980733989,0.0,712.0,82.49294721930603,17.0,99.45480272863958,14.0,-0.17159802202809704,1.0236796296015935,2.0,3.0,279.0,347.0,2.510488888039412,0.6132
BGSP,/run/media/falconnier/Elements1/BIDS_datasets_selection/BGSP/sub-0395/ses-01/anat/sub-0395_ses-01_T1w.nii.gz,,sub-0395,ses-01,192,192,144,1.1979166,1.1979166,1.2,4.94284725189209,,,,5308416,5252677,0.9894998809437693,0.0,993.0,88.1070328520105,17.0,108.01998835770183,14.0,0.17544243722710107,1.1291138061938026,2.0,3.0,315.0,382.0,1.8367363991676866,0.6077
BGSP,/run/media/falconnier/Elements1/BIDS_datasets_selection/BGSP/sub-0398/ses-01/anat/sub-0398_ses-01_T1w.nii.gz,,sub-0398,ses-01,192,192,144,1.1979166,1.1979166,1.2,4.546751022338867,,,,5308416,5249709,0.9889407687717013,0.0,720.0,69.76164983620997,12.0,88.66869359884554,10.0,0.2031981748126208,1.1666761916290955,1.0,2.0,257.0,313.0,2.3767276009033296,0.5923
BGSP,/run/media/falconnier/Elements1/BIDS_datasets_selection/BGSP/sub-0396/ses-01/anat/sub-0396_ses-01_T1w.nii.gz,,sub-0396,ses-01,192,192,144,1.1979166,1.1979166,1.2,4.6875810623168945,,,,5308416,5252079,0.9893872296368634,0.0,671.0,78.47411510756027,13.0,103.7268253433768,10.0,0.4136642147375049,1.2565016567667582,2.0,3.0,297.0,372.0,2.6020383327864747,0.5775
BGSP,/run/media/falconnier/Elements1/BIDS_datasets_selection/BGSP/sub-0397/ses-01/anat/sub-0397_ses-01_T1w.nii.gz,,sub-0397,ses-01,192,192,144,1.1979166,1.1979166,1.2,5.037531852722168,,,,5308416,5255105,0.9899572678554205,0.0,1074.0,89.52369591092851,43.0,95.92222009365094,40.0,-0.04549644424910815,0.9243581023418734,2.0,3.0,277.0,344.0,1.757658861901595,0.6606
BGSP,/run/media/falconnier/Elements1/BIDS_datasets_selection/BGSP/sub-0399/ses-01/anat/sub-0399_ses-01_T1w.nii.gz,,sub-0399,ses-01,192,192,144,1.1979166,1.1979166,1.2,5.170696258544922,,,,5308416,5253668,0.9896865656346451,0.0,705.0,97.24727238188633,36.0,106.16864152577234,33.0,-0.3697902766605319,0.8835526012661885,2.0,3.0,303.0,371.0,2.6993130891288564,0.6528
BGSP,/run/media/falconnier/Elements1/BIDS_datasets_selection/BGSP/sub-0401/ses-01/anat/sub-0401_ses-01_T1w.nii.gz,,sub-0401,ses-01,192,192,144,1.1979166,1.1979166,1.2,4.732427597045898,,,,5308416,5251939,0.9893608564211999,0.0,696.0,80.3402480493395,13.0,104.85977666895164,10.0,0.2804841620737393,1.2174533663894174,2.0,3.0,302.0,371.0,2.5202574224934655,0.5824
BGSP,/run/media/falconnier/Elements1/BIDS_datasets_selection/BGSP/sub-0402/ses-01/anat/sub-0402_ses-01_T1w.nii.gz,,sub-0402,ses-01,192,192,144,1.1979166,1.1979166,1.2,4.937666893005371,,,,5308416,5253499,0.9896547293957368,0.0,1107.0,87.71094540990681,27.0,100.99175247497666,24.0,0.5767603737004774,1.090254270555411,2.0,3.0,289.0,364.0,1.6749689930067353,0.6326
BGSP,/run/media/falconnier/Elements1/BIDS_datasets_selection/BGSP/sub-0400/ses-01/anat/sub-0400_ses-01_T1w.nii.gz,,sub-0400,ses-01,192,192,144,1.1979166,1.1979166,1.2,5.0428924560546875,,,,5308416,5253651,0.9896833631727431,0.0,642.0,93.19297551359998,33.0,104.20165449733211,29.0,-0.034527047395543686,1.0012248881771695,2.0,3.0,303.0,378.0,2.937402671291869,0.6445
BGSP,/run/media/falconnier/Elements1/BIDS_datasets_selection/BGSP/sub-0403/ses-01/anat/sub-0403_ses-01_T1w.nii.gz,,sub-0403,ses-01,192,192,144,1.1979166,1.1979166,1.2,4.755637168884277,,,,5308416,5249454,0.9888927318431713,0.0,585.0,73.6921135036139,22.0,87.20807032107754,20.0,0.07062997617455657,1.0689824056652106,1.0,2.0,250.0,305.0,3.0399261855844677,0.6212
BGSP,/run/media/falconnier/Elements1/BIDS_datasets_selection/BGSP/sub-0404/ses-01/anat/sub-0404_ses-01_T1w.nii.gz,,sub-0404,ses-01,192,192,144,1.1979166,1.1979166,1.2,4.959477424621582,,,,5308416,5252596,0.9894846221547068,0.0,685.0,86.4102064959879,26.0,99.07235026487294,23.0,-0.21559397917548484,0.9753581358338769,2.0,3.0,283.0,346.0,2.680898597802446,0.6338
BGSP,/run/media/falconnier/Elements1/BIDS_datasets_selection/BGSP/sub-0406/ses-01/anat/sub-0406_ses-01_T1w.nii.gz,,sub-0406,ses-01,192,192,144,1.1979166,1.1979166,1.2,4.56490421295166,,,,5308416,5250860,0.9891575942804784,0.0,714.0,73.9299173849617,11.0,99.81579417367627,8.0,0.3896270508553852,1.2651462910455775,1.0,2.0,284.0,352.0,2.3939044656263935,0.5684
BGSP,/run/media/falconnier/Elements1/BIDS_datasets_selection/BGSP/sub-0405/ses-01/anat/sub-0405_ses-01_T1w.nii.gz,,sub-0405,ses-01,192,192,144,1.1979166,1.1979166,1.2,4.3810272216796875,,,,5308416,5247782,0.9885777602961034,0.0,543.0,62.79089070392025,10.0,83.91935166432528,8.0,0.4737214795647069,1.2761973697165818,1.0,2.0,240.0,299.0,3.0583635754909264,0.5726
BGSP,/run/media/falconnier/Elements1/BIDS_datasets_selection/BGSP/sub-0407/ses-01/anat/sub-0407_ses-01_T1w.nii.gz,,sub-0407,ses-01,192,192,144,1.1979166,1.1979166,1.2,4.597402572631836,,,,5308416,5251120,0.9892065731095679,0.0,1027.0,75.93403902405582,11.0,103.16170870964493,8.0,0.5933847076029011,1.3046575741873951,1.0,2.0,293.0,368.0,1.6714478498430083,0.5661
BGSP,/run/media/falconnier/Elements1/BIDS_datasets_selection/BGSP/sub-0408/ses-01/anat/sub-0408_ses-01_T1w.nii.gz,,sub-0408,ses-01,192,192,144,1.1979166,1.1979166,1.2,4.431744575500488,,,,5308416,5248647,0.9887407090928819,0.0,486.0,62.34710697823649,10.0,82.66971062774742,8.0,0.43081167879987126,1.2668340401275595,1.0,2.0,239.0,296.0,3.415225483311491,0.576
BGSP,/run/media/falconnier/Elements1/BIDS_datasets_selection/BGSP/sub-0409/ses-01/anat/sub-0409_ses-01_T1w.nii.gz,,sub-0409,ses-01,192,192,144,1.1979166,1.1979166,1.2,4.870306968688965,,,,5308416,5253968,0.9897430796682098,0.0,730.0,79.45766951759127,28.0,88.89792231982281,25.0,-0.07613561468034424,0.9721098029813527,2.0,3.0,253.0,316.0,2.498768216510107,0.6438
BGSP,/run/media/falconnier/Elements1/BIDS_datasets_selection/BGSP/sub-0412/ses-01/anat/sub-0412_ses-01_T1w.nii.gz,,sub-0412,ses-01,192,192,144,1.1979166,1.1979166,1.2,4.557272911071777,,,,5308416,5250157,0.9890251630618249,0.0,639.0,72.29087834897128,12.0,97.55670711388723,9.0,0.5126890590690873,1.2987922535359933,1.0,2.0,279.0,352.0,2.695018147173145,0.5691
BGSP,/run/media/falconnier/Elements1/BIDS_datasets_selection/BGSP/sub-0410/ses-01/anat/sub-0410_ses-01_T1w.nii.gz,,sub-0410,ses-01,192,192,144,1.1979166,1.1979166,1.2,4.618825912475586,,,,5308416,5246496,0.9883355034722222,0.0,473.0,66.1532885949022,20.0,76.31350911661899,18.0,-0.08290985987726307,1.0053262450405096,1.0,2.0,216.0,266.0,3.6880204893598014,0.631
BGSP,/run/media/falconnier/Elements1/BIDS_datasets_selection/BGSP/sub-0411/ses-01/anat/sub-0411_ses-01_T1w.nii.gz,,sub-0411,ses-01,192,192,144,1.1979166,1.1979166,1.2,4.85135555267334,,,,5308416,5255304,0.9899947554976852,0.0,597.0,73.32615905759211,28.0,80.78112392656611,25.0,-0.15208031473582384,0.9552760953561746,2.0,3.0,229.0,289.0,3.043818695755416,0.6503
BGSP,/run/media/falconnier/Elements1/BIDS_datasets_selection/BGSP/sub-0415/ses-01/anat/sub-0415_ses-01_T1w.nii.gz,,sub-0415,ses-01,192,192,144,1.1979166,1.1979166,1.2,4.629026412963867,,,,5308416,5250809,0.9891479868947723,0.0,604.0,71.27341272554382,13.0,90.41160100647211,10.0,0.15994399389538483,1.1661666760757003,1.0,2.0,261.0,320.0,2.8635379732914243,0.5937
BGSP,/run/media/falconnier/Elements1/BIDS_datasets_selection/BGSP/sub-0413/ses-01/anat/sub-0413_ses-01_T1w.nii.gz,,sub-0413,ses-01,192,192,144,1.1979166,1.1979166,1.2,5.029871940612793,,,,5308416,5252875,0.9895371802059221,0.0,779.0,87.15143973538301,43.0,92.07575646062605,40.0,-0.3202465155901737,0.8507952883560027,2.0,3.0,260.0,325.0,2.410968642389677,0.6656
BGSP,/run/media/falconnier/Elements1/BIDS_datasets_selection/BGSP/sub-0414/ses-01/anat/sub-0414_ses-01_T1w.nii.gz,,sub-0414,ses-01,192,192,144,1.1979166,1.1979166,1.2,4.79559326171875,,,,5308416,5251998,0.9893719708478009,0.0,735.0,75.67758879573068,18.0,93.70575092090365,15.0,0.32054001340955773,1.1847497883005256,2.0,3.0,271.0,338.0,2.4351771479977415,0.6043
BGSP,/run/media/falconnier/Elements1/BIDS_datasets_selection/BGSP/sub-0416/ses-01/anat/sub-0416_ses-01_T1w.nii.gz,,sub-0416,ses-01,192,192,144,1.1979166,1.1979166,1.2,4.62716007232666,,,,5308416,5251673,0.9893107473114391,0.0,659.0,70.90188669401161,13.0,93.57910467675383,10.0,0.44431274924269104,1.271755213138907,2.0,3.0,271.0,335.0,2.608880898133778,0.5785
BGSP,/run/media/falconnier/Elements1/BIDS_datasets_selection/BGSP/sub-0417/ses-01/anat/sub-0417_ses-01_T1w.nii.gz,,sub-0417,ses-01,192,192,144,1.1979166,1.1979166,1.2,4.841170310974121,,,,5308416,5253205,0.9895993456428434,0.0,836.0,75.9136772694003,24.0,86.22382383017461,21.0,0.0647672091622824,0.9955878384666048,2.0,3.0,242.0,303.0,2.1609230819534813,0.6378
BGSP,/run/media/falconnier/Elements1/BIDS_datasets_selection/BGSP/sub-0418/ses-01/anat/sub-0418_ses-01_T1w.nii.gz,,sub-0418,ses-01,192,192,144,1.1979166,1.1979166,1.2,4.710728645324707,,,,5308416,5252277,0.9894245288990162,0.0,739.0,78.18860086777602,14.0,103.64588146336332,11.0,0.3805728087469116,1.2633292775763194,2.0,3.0,300.0,368.0,2.3780723865249476,0.5767
BGSP,/run/media/falconnier/Elements1/BIDS_datasets_selection/BGSP/sub-0419/ses-01/anat/sub-0419_ses-01_T1w.nii.gz,,sub-0419,ses-01,192,192,144,1.1979166,1.1979166,1.2,4.787271499633789,,,,5308416,5252982,0.9895573368778935,0.0,1039.0,77.46068918568538,19.0,92.32881344562625,16.0,0.3727312831716172,1.1230551571222442,2.0,3.0,266.0,330.0,1.7287932392532768,0.6192
BGSP,/run/media/falconnier/Elements1/BIDS_datasets_selection/BGSP/sub-0420/ses-01/anat/sub-0420_ses-01_T1w.nii.gz,,sub-0420,ses-01,192,192,144,1.1979166,1.1979166,1.2,4.6458024978637695,,,,5308416,5250777,0.9891419587311922,0.0,523.0,73.44171919698742,15.0,92.0817595204431,12.0,0.14490679780894444,1.149815998397079,1.0,2.0,263.0,325.0,3.3451023602597916,0.5984
BGSP,/run/media/falconnier/Elements1/BIDS_datasets_selection/BGSP/sub-0421/ses-01/anat/sub-0421_ses-01_T1w.nii.gz,,sub-0421,ses-01,192,192,144,1.1979166,1.1979166,1.2,4.979301452636719,,,,5308416,5253273,0.9896121554904513,0.0,1136.0,92.8696317514814,24.0,107.98274357266412,21.0,0.1042033854476454,1.018640046755674,2.0,3.0,302.0,378.0,1.6427964613743051,0.6282
BGSP,/run/media/falconnier/Elements1/BIDS_datasets_selection/BGSP/sub-0422/ses-01/anat/sub-0422_ses-01_T1w.nii.gz,,sub-0422,ses-01,192,192,144,1.1979166,1.1979166,1.2,4.552251815795898,,,,5308416,5251882,0.9893501187548225,0.0,654.0,64.30739076011228,13.0,84.8669243568422,10.0,0.6557439356869614,1.3252639704560798,2.0,3.0,247.0,311.0,2.5996590614176536,0.5794
BGSP,/run/media/falconnier/Elements1/BIDS_datasets_selection/BGSP/sub-0425/ses-01/anat/sub-0425_ses-01_T1w.nii.gz,,sub-0425,ses-01,192,192,144,1.1979166,1.1979166,1.2,4.6576995849609375,,,,5308416,5251490,0.9892762737509645,0.0,760.0,69.99383641595053,16.0,87.93592294819855,13.0,0.4063670887145703,1.212664825137633,1.0,2.0,256.0,316.0,2.3181860805502255,0.5984
BGSP,/run/media/falconnier/Elements1/BIDS_datasets_selection/BGSP/sub-0426/ses-01/anat/sub-0426_ses-01_T1w.nii.gz,,sub-0426,ses-01,192,192,144,1.1979166,1.1979166,1.2,4.783359527587891,,,,5308416,5253165,0.9895918104383681,0.0,757.0,81.23950323281298,17.0,102.12420611640799,14.0,0.27238241274905794,1.1823649848363638,2.0,3.0,295.0,366.0,2.3751431545799373,0.5979
BGSP,/run/media/falconnier/Elements1/BIDS_datasets_selection/BGSP/sub-0424/ses-01/anat/sub-0424_ses-01_T1w.nii.gz,,sub-0424,ses-01,192,192,144,1.1979166,1.1979166,1.2,4.952640533447266,,,,5308416,5252566,0.9894789707513503,0.0,793.0,88.86620253795954,25.0,103.21943266748309,22.0,-0.21003536465484718,0.9831539544953107,2.0,3.0,294.0,356.0,2.326692687851084,0.6284
BGSP,/run/media/falconnier/Elements1/BIDS_datasets_selection/BGSP/sub-0423/ses-01/anat/sub-0423_ses-01_T1w.nii.gz,,sub-0423,ses-01,192,192,144,1.1979166,1.1979166,1.2,4.9899702072143555,,,,5308416,5252546,0.9894752031491126,0.0,1048.0,96.77168538838117,20.0,116.3465179624378,17.0,0.15653470023766625,1.0734364419643432,2.0,3.0,331.0,406.0,1.7741195721080043,0.6148
BGSP,/run/media/falconnier/Elements1/BIDS_datasets_selection/BGSP/sub-0427/ses-01/anat/sub-0427_ses-01_T1w.nii.gz,,sub-0427,ses-01,192,192,144,1.1979166,1.1979166,1.2,4.573097229003906,,,,5308416,5249991,0.9889938919632523,0.0,704.0,69.27640675955445,13.0,89.22418936229548,11.0,0.31912377814393666,1.2055494151799224,1.0,2.0,256.0,315.0,2.43928482526138,0.5875
BGSP,/run/media/falconnier/Elements1/BIDS_datasets_selection/BGSP/sub-0428/ses-01/anat/sub-0428_ses-01_T1w.nii.gz,,sub-0428,ses-01,192,192,144,1.1979166,1.1979166,1.2,4.7015533447265625,,,,5308416,5251714,0.9893184708960262,0.0,775.0,77.78616238431871,14.0,102.86292900724487,11.0,0.4469361429543559,1.2693225903726484,2.0,3.0,296.0,371.0,2.2636909871182924,0.5774
BGSP,/run/media/falconnier/Elements1/BIDS_datasets_selection/BGSP/sub-0429/ses-01/anat/sub-0429_ses-01_T1w.nii.gz,,sub-0429,ses-01,192,192,144,1.1979166,1.1979166,1.2,5.381962776184082,,,,5308416,5243992,0.9878637996720679,0.0,855.0,105.70396255371861,91.0,97.92260411181604,82.0,-0.5253930544756811,0.6461385805839862,2.0,4.0,286.0,348.0,2.303628998830798,0.7135
BGSP,/run/media/falconnier/Elements1/BIDS_datasets_selection/BGSP/sub-0430/ses-01/anat/sub-0430_ses-01_T1w.nii.gz,,sub-0430,ses-01,192,192,144,1.1979166,1.1979166,1.2,5.1639299392700195,,,,5308416,5253347,0.9896260956187307,0.0,845.0,93.6453367729183,53.0,97.01829572533579,49.0,-0.34516459901188856,0.812038127460564,2.0,3.0,278.0,340.0,2.2514761697393717,0.6726
BGSP,/run/media/falconnier/Elements1/BIDS_datasets_selection/BGSP/sub-0431/ses-01/anat/sub-0431_ses-01_T1w.nii.gz,,sub-0431,ses-01,192,192,144,1.1979166,1.1979166,1.2,4.615114212036133,,,,5308416,5245996,0.9882413134162809,0.0,775.0,66.29178596399997,19.0,79.86487280056178,17.0,0.7078651924210422,1.181696835487819,1.0,2.0,224.0,287.0,2.2234980451376227,0.6142
BGSP,/run/media/falconnier/Elements1/BIDS_datasets_selection/BGSP/sub-0432/ses-01/anat/sub-0432_ses-01_T1w.nii.gz,,sub-0432,ses-01,192,192,144,1.1979166,1.1979166,1.2,4.623652458190918,,,,5308416,5252132,0.9893972137827932,0.0,712.0,75.92957774100118,11.0,102.75231380097394,8.0,0.4476403488098222,1.287660861582537,2.0,3.0,296.0,366.0,2.4128472568283486,0.5678
BGSP,/run/media/falconnier/Elements1/BIDS_datasets_selection/BGSP/sub-0433/ses-01/anat/sub-0433_ses-01_T1w.nii.gz,,sub-0433,ses-01,192,192,144,1.1979166,1.1979166,1.2,4.697582244873047,,,,5308416,5251692,0.9893143265335648,0.0,714.0,77.73292893033332,14.0,99.74566855673599,11.0,0.17185017538249747,1.175649647216579,2.0,3.0,286.0,350.0,2.4576444672763174,0.589
BGSP,/run/media/falconnier/Elements1/BIDS_datasets_selection/BGSP/sub-0434/ses-01/anat/sub-0434_ses-01_T1w.nii.gz,,sub-0434,ses-01,192,192,144,1.1979166,1.1979166,1.2,4.685222625732422,,,,5308416,5251792,0.9893331645447531,0.0,784.0,74.2469538016738,15.0,97.32908513502467,12.0,0.44241907373295497,1.2767372486629096,2.0,3.0,285.0,346.0,2.245440816900328,0.5815
BGSP,/run/media/falconnier/Elements1/BIDS_datasets_selection/BGSP/sub-0435/ses-01/anat/sub-0435_ses-01_T1w.nii.gz,,sub-0435,ses-01,192,192,144,1.1979166,1.1979166,1.2,4.46413516998291,,,,5308416,5247579,0.9885395191333912,0.0,499.0,67.22192595861826,11.0,86.3662172432253,9.0,0.08147651230939346,1.1498159800382688,1.0,2.0,244.0,302.0,3.388653769702001,0.5877
BGSP,/run/media/falconnier/Elements1/BIDS_datasets_selection/BGSP/sub-0436/ses-01/anat/sub-0436_ses-01_T1w.nii.gz,,sub-0436,ses-01,192,192,144,1.1979166,1.1979166,1.2,4.733147621154785,,,,5308416,5249423,0.9888868920597029,0.0,531.0,76.55270455438627,20.0,91.185004331961,18.0,0.036388158010873806,1.067943912088636,1.0,2.0,261.0,320.0,3.363994356773837,0.6185
BGSP,/run/media/falconnier/Elements1/BIDS_datasets_selection/BGSP/sub-0438/ses-01/anat/sub-0438_ses-01_T1w.nii.gz,,sub-0438,ses-01,192,192,144,1.1979166,1.1979166,1.2,4.530725479125977,,,,5308416,5249103,0.9888266104239004,0.0,649.0,67.62645389126484,11.0,88.37917039542567,9.0,0.41628764932498497,1.233027786326682,1.0,2.0,252.0,314.0,2.5966681637464712,0.5814
BGSP,/run/media/falconnier/Elements1/BIDS_datasets_selection/BGSP/sub-0439/ses-01/anat/sub-0439_ses-01_T1w.nii.gz,,sub-0439,ses-01,192,192,144,1.1979166,1.1979166,1.2,4.791179656982422,,,,5308416,5252368,0.9894416714891975,0.0,777.0,82.8921414112644,15.0,108.2202925920957,12.0,0.350392265267486,1.237512824973818,2.0,3.0,311.0,385.0,2.2963860778223344,0.5826
BGSP,/run/media/falconnier/Elements1/BIDS_datasets_selection/BGSP/sub-0437/ses-01/anat/sub-0437_ses-01_T1w.nii.gz,,sub-0437,ses-01,192,192,144,1.1979166,1.1979166,1.2,4.546618461608887,,,,5308416,5251342,0.9892483934944059,0.0,807.0,70.74382091282571,12.0,97.19425124368865,9.0,0.7016577000309696,1.3615586190644584,2.0,2.0,282.0,351.0,2.1241982239166215,0.5624
BGSP,/run/media/falconnier/Elements1/BIDS_datasets_selection/BGSP/sub-0440/ses-01/anat/sub-0440_ses-01_T1w.nii.gz,,sub-0440,ses-01,192,192,144,1.1979166,1.1979166,1.2,4.848562240600586,,,,5308416,5252590,0.9894834918740355,0.0,532.0,78.8042304843896,30.0,86.6612722683816,27.0,-0.2696180833930111,0.9208854144776547,1.0,3.0,248.0,308.0,3.443012540417276,0.6502
BGSP,/run/media/falconnier/Elements1/BIDS_datasets_selection/BGSP/sub-0441/ses-01/anat/sub-0441_ses-01_T1w.nii.gz,,sub-0441,ses-01,192,192,144,1.1979166,1.1979166,1.2,4.794681549072266,,,,5308416,5252179,0.9894060676480517,0.0,628.0,80.04286144855307,20.0,97.34619340037112,17.0,0.10608309571573038,1.1251911734989655,2.0,3.0,279.0,347.0,2.8975328450234334,0.6114
BGSP,/run/media/falconnier/Elements1/BIDS_datasets_selection/BGSP/sub-0442/ses-01/anat/sub-0442_ses-01_T1w.nii.gz,,sub-0442,ses-01,192,192,144,1.1979166,1.1979166,1.2,4.9161529541015625,,,,5308416,5252867,0.989535673165027,0.0,906.0,81.47113185999189,27.0,92.79900299793653,24.0,-0.01463186969443564,1.0011106994301375,2.0,3.0,266.0,325.0,2.0213930253069594,0.6366
BGSP,/run/media/falconnier/Elements1/BIDS_datasets_selection/BGSP/sub-0443/ses-01/anat/sub-0443_ses-01_T1w.nii.gz,,sub-0443,ses-01,192,192,144,1.1979166,1.1979166,1.2,4.599956512451172,,,,5308416,5251559,0.9892892719786844,0.0,578.0,71.66518094912387,12.0,95.5416154055336,9.0,0.5722450876197058,1.3040982256704332,2.0,3.0,275.0,346.0,2.985949860847352,0.5745
BGSP,/run/media/falconnier/Elements1/BIDS_datasets_selection/BGSP/sub-0445/ses-01/anat/sub-0445_ses-01_T1w.nii.gz,,sub-0445,ses-01,192,192,144,1.1979166,1.1979166,1.2,5.1461591720581055,,,,5308416,5253427,0.9896411660276814,0.0,965.0,96.70577605818069,41.0,106.73201396172458,38.0,0.14775219849352172,0.9821318944116716,2.0,3.0,304.0,377.0,1.9764502174845708,0.649
BGSP,/run/media/falconnier/Elements1/BIDS_datasets_selection/BGSP/sub-0444/ses-01/anat/sub-0444_ses-01_T1w.nii.gz,,sub-0444,ses-01,192,192,144,1.1979166,1.1979166,1.2,4.8848161697387695,,,,5308416,5254597,0.989861570758584,0.0,813.0,81.17581462479426,26.0,93.85509152780308,23.0,0.15941663977230336,1.0690431765834811,2.0,3.0,270.0,339.0,2.26357014723152,0.6315
BGSP,/run/media/falconnier/Elements1/BIDS_datasets_selection/BGSP/sub-0446/ses-01/anat/sub-0446_ses-01_T1w.nii.gz,,sub-0446,ses-01,192,192,144,1.1979166,1.1979166,1.2,5.256620407104492,,,,5308416,5253388,0.9896338192033179,0.0,682.0,98.95490433982793,53.0,102.65558323212828,49.0,-0.4579104665145546,0.8141307003367096,2.0,4.0,294.0,360.0,2.8270761032297393,0.6727
BGSP,/run/media/falconnier/Elements1/BIDS_datasets_selection/BGSP/sub-0447/ses-01/anat/sub-0447_ses-01_T1w.nii.gz,,sub-0447,ses-01,192,192,144,1.1979166,1.1979166,1.2,4.81754207611084,,,,5308416,5251462,0.9892709991078318,0.0,1100.0,91.64370779032582,15.0,125.83613638054636,11.0,0.8475597807205615,1.3894846383767863,2.0,3.0,370.0,456.0,1.6576254290218488,0.5632
BGSP,/run/media/falconnier/Elements1/BIDS_datasets_selection/BGSP/sub-0448/ses-01/anat/sub-0448_ses-01_T1w.nii.gz,,sub-0448,ses-01,192,192,144,1.1979166,1.1979166,1.2,4.850340843200684,,,,5308416,5252904,0.9895426432291666,0.0,858.0,85.61400170267723,19.0,102.04775863394997,16.0,0.04130195975617701,1.0469946845644547,2.0,3.0,288.0,356.0,2.11615305869004,0.6184
BGSP,/run/media/falconnier/Elements1/BIDS_datasets_selection/BGSP/sub-0451/ses-01/anat/sub-0451_ses-01_T1w.nii.gz,,sub-0451,ses-01,192,192,144,1.1979166,1.1979166,1.2,4.662912368774414,,,,5308416,5251752,0.9893256293402778,0.0,807.0,75.4755702477954,13.0,98.31226080683382,10.0,0.32684538754653714,1.2203428994155818,2.0,3.0,281.0,349.0,2.1617488222432946,0.5833
BGSP,/run/media/falconnier/Elements1/BIDS_datasets_selection/BGSP/sub-0449/ses-01/anat/sub-0449_ses-01_T1w.nii.gz,,sub-0449,ses-01,192,192,144,1.1979166,1.1979166,1.2,4.752555847167969,,,,5308416,5251983,0.9893691451461227,0.0,775.0,76.72667485785846,19.0,88.70227462544815,16.0,-0.10618684730054007,0.9821347050787669,2.0,3.0,248.0,311.0,2.293214499938865,0.6302
BGSP,/run/media/falconnier/Elements1/BIDS_datasets_selection/BGSP/sub-0450/ses-01/anat/sub-0450_ses-01_T1w.nii.gz,,sub-0450,ses-01,192,192,144,1.1979166,1.1979166,1.2,4.534025192260742,,,,5308416,5251805,0.9893356134862076,0.0,880.0,69.58720230473142,12.0,95.62090885882276,9.0,0.8521272740078696,1.3791722967623457,2.0,3.0,276.0,345.0,1.9494670593521686,0.5627
BGSP,/run/media/falconnier/Elements1/BIDS_datasets_selection/BGSP/sub-0452/ses-01/anat/sub-0452_ses-01_T1w.nii.gz,,sub-0452,ses-01,192,192,144,1.1979166,1.1979166,1.2,4.971867561340332,,,,5308416,5252799,0.989522863317419,0.0,725.0,87.1748509699305,29.0,98.51013008011763,26.0,-0.28519796020637145,0.9380376066452449,2.0,3.0,281.0,343.0,2.543898965857862,0.6392
BGSP,/run/media/falconnier/Elements1/BIDS_datasets_selection/BGSP/sub-0453/ses-01/anat/sub-0453_ses-01_T1w.nii.gz,,sub-0453,ses-01,192,192,144,1.1979166,1.1979166,1.2,4.554901123046875,,,,5308416,5250824,0.9891508125964507,0.0,559.0,68.1662167690252,13.0,86.20492139907351,10.0,0.09387850224464467,1.1441706582948752,1.0,2.0,243.0,305.0,3.0754367075999474,0.5949
BGSP,/run/media/falconnier/Elements1/BIDS_datasets_selection/BGSP/sub-0455/ses-01/anat/sub-0455_ses-01_T1w.nii.gz,,sub-0455,ses-01,192,192,144,1.1979166,1.1979166,1.2,4.773685455322266,,,,5308416,5252338,0.9894360200858411,0.0,1180.0,86.73477049649128,15.0,113.68249286025467,12.0,0.507939098354286,1.2586491630855043,2.0,3.0,326.0,407.0,1.5294643617455828,0.581
BGSP,/run/media/falconnier/Elements1/BIDS_datasets_selection/BGSP/sub-0454/ses-01/anat/sub-0454_ses-01_T1w.nii.gz,,sub-0454,ses-01,192,192,144,1.1979166,1.1979166,1.2,4.925378799438477,,,,5308416,5253156,0.9895901150173612,0.0,729.0,84.22500930868986,26.0,96.29020465445853,23.0,-0.12449285856685677,0.9928478177060436,2.0,3.0,275.0,340.0,2.5212769222017375,0.6352
BGSP,/run/media/falconnier/Elements1/BIDS_datasets_selection/BGSP/sub-0456/ses-01/anat/sub-0456_ses-01_T1w.nii.gz,,sub-0456,ses-01,192,192,144,1.1979166,1.1979166,1.2,4.828611373901367,,,,5308416,5253597,0.9896731906467013,0.0,836.0,74.2312775418442,28.0,83.84454903058264,25.0,0.16662214529093733,1.036993164832841,2.0,3.0,239.0,297.0,2.1766917888769197,0.6407
BGSP,/run/media/falconnier/Elements1/BIDS_datasets_selection/BGSP/sub-0457/ses-01/anat/sub-0457_ses-01_T1w.nii.gz,,sub-0457,ses-01,192,192,144,1.1979166,1.1979166,1.2,4.782137870788574,,,,5308416,5253168,0.9895923755787037,0.0,827.0,75.93117105716017,24.0,87.76972115239897,21.0,0.11928582487797224,1.057229229501194,2.0,3.0,253.0,314.0,2.1897244092989165,0.6313
BGSP,/run/media/falconnier/Elements1/BIDS_datasets_selection/BGSP/sub-0461/ses-01/anat/sub-0461_ses-01_T1w.nii.gz,,sub-0461,ses-01,192,192,144,1.1979166,1.1979166,1.2,4.7348785400390625,,,,5308416,5252044,0.9893806363329475,0.0,958.0,74.77186234540305,16.0,90.44420294409372,13.0,0.4660073568530265,1.153128601912831,2.0,3.0,256.0,328.0,1.8587561557695784,0.6133
BGSP,/run/media/falconnier/Elements1/BIDS_datasets_selection/BGSP/sub-0459/ses-01/anat/sub-0459_ses-01_T1w.nii.gz,,sub-0459,ses-01,192,192,144,1.1979166,1.1979166,1.2,4.787111282348633,,,,5308416,5252443,0.9894557999975887,0.0,666.0,83.35055021063532,15.0,107.74089942470722,12.0,0.23708193816097367,1.2024906026864515,2.0,3.0,308.0,383.0,2.6751815308175924,0.5865
BGSP,/run/media/falconnier/Elements1/BIDS_datasets_selection/BGSP/sub-0462/ses-01/anat/sub-0462_ses-01_T1w.nii.gz,,sub-0462,ses-01,192,192,144,1.1979166,1.1979166,1.2,4.73201847076416,,,,5308416,5253305,0.9896181836540316,0.0,783.0,72.88431492174927,20.0,86.98090902553076,17.0,0.1566890095100737,1.1081617619511854,2.0,3.0,250.0,313.0,2.277828319636937,0.6189
BGSP,/run/media/falconnier/Elements1/BIDS_datasets_selection/BGSP/sub-0458/ses-01/anat/sub-0458_ses-01_T1w.nii.gz,,sub-0458,ses-01,192,192,144,1.1979166,1.1979166,1.2,4.730385780334473,,,,5308416,5251970,0.9893666962046682,0.0,855.0,81.67849511707036,14.0,102.69738732147503,11.0,0.13283388115109984,1.1341218818314398,2.0,3.0,295.0,361.0,2.0682422461671717,0.5967
BGSP,/run/media/falconnier/Elements1/BIDS_datasets_selection/BGSP/sub-0464/ses-01/anat/sub-0464_ses-01_T1w.nii.gz,,sub-0464,ses-01,192,192,144,1.1979166,1.1979166,1.2,4.767000198364258,,,,5308416,5253035,0.9895673210238233,0.0,876.0,80.2372866352499,16.0,98.62387902016758,13.0,0.3421107710461535,1.1524881265883833,2.0,3.0,283.0,353.0,2.0488771109963118,0.6067
BGSP,/run/media/falconnier/Elements1/BIDS_datasets_selection/BGSP/sub-0460/ses-01/anat/sub-0460_ses-01_T1w.nii.gz,,sub-0460,ses-01,192,192,144,1.1979166,1.1979166,1.2,4.776679039001465,,,,5308416,5252316,0.9894318757233797,0.0,923.0,79.52940436180916,15.0,102.56066227499876,12.0,0.5156611869482011,1.237686882510928,2.0,3.0,292.0,365.0,1.9268235544059484,0.5877
BGSP,/run/media/falconnier/Elements1/BIDS_datasets_selection/BGSP/sub-0463/ses-01/anat/sub-0463_ses-01_T1w.nii.gz,,sub-0463,ses-01,192,192,144,1.1979166,1.1979166,1.2,4.611932754516602,,,,5308416,5251373,0.9892542332778742,0.0,855.0,71.41110581937333,13.0,93.3983986248068,10.0,0.521030476513471,1.2746969758416355,2.0,2.0,273.0,334.0,2.0353719596255977,0.5822
BGSP,/run/media/falconnier/Elements1/BIDS_datasets_selection/BGSP/sub-0464/ses-02/anat/sub-0464_ses-02_T1w.nii.gz,,sub-0464,ses-02,192,192,144,1.1979166,1.1979166,1.2,4.709053039550781,,,,5308416,5252479,0.9894625816816165,0.0,826.0,75.65332693381544,16.0,92.43238023528728,13.0,0.37459616988569433,1.1490804441236897,2.0,3.0,266.0,331.0,2.1492072860979587,0.6091
BGSP,/run/media/falconnier/Elements1/BIDS_datasets_selection/BGSP/sub-0465/ses-01/anat/sub-0465_ses-01_T1w.nii.gz,,sub-0465,ses-01,192,192,144,1.1979166,1.1979166,1.2,4.855218887329102,,,,5308416,5252679,0.9895002577039931,0.0,620.0,78.2738412151209,21.0,94.22733076651045,18.0,0.2023838670678586,1.1318302919936276,2.0,3.0,274.0,341.0,2.909838577158397,0.6154
BGSP,/run/media/falconnier/Elements1/BIDS_datasets_selection/BGSP/sub-0466/ses-01/anat/sub-0466_ses-01_T1w.nii.gz,,sub-0466,ses-01,192,192,144,1.1979166,1.1979166,1.2,4.591758728027344,,,,5308416,5248140,0.9886452003761574,0.0,626.0,74.83579801605902,12.0,98.83261261615455,10.0,0.20581176058145667,1.2082811150061954,1.0,2.0,283.0,346.0,2.753001908397521,0.5768
BGSP,/run/media/falconnier/Elements1/BIDS_datasets_selection/BGSP/sub-0467/ses-01/anat/sub-0467_ses-01_T1w.nii.gz,,sub-0467,ses-01,192,192,144,1.1979166,1.1979166,1.2,4.921566009521484,,,,5308416,5252960,0.9895531925154321,0.0,1458.0,89.05889060643904,21.0,106.13489035942187,18.0,0.4535363907024079,1.10826873440799,2.0,3.0,302.0,373.0,1.266406153128855,0.6188
BGSP,/run/media/falconnier/Elements1/BIDS_datasets_selection/BGSP/sub-0468/ses-01/anat/sub-0468_ses-01_T1w.nii.gz,,sub-0468,ses-01,192,192,144,1.1979166,1.1979166,1.2,4.782155990600586,,,,5308416,5251029,0.9891894305193866,0.0,868.0,78.03637210916185,17.0,95.68807860247412,14.0,0.18374878507769488,1.1198519374269675,1.0,2.0,276.0,335.0,2.054438988664062,0.6071
BGSP,/run/media/falconnier/Elements1/BIDS_datasets_selection/BGSP/sub-0469/ses-01/anat/sub-0469_ses-01_T1w.nii.gz,,sub-0469,ses-01,192,192,144,1.1979166,1.1979166,1.2,4.819326400756836,,,,5308416,5252490,0.9894646538628472,0.0,761.0,80.6866069235734,15.0,102.28447627638954,12.0,0.4354561733721827,1.225326327189376,2.0,3.0,298.0,370.0,2.357122534851937,0.5948
BGSP,/run/media/falconnier/Elements1/BIDS_datasets_selection/BGSP/sub-0470/ses-01/anat/sub-0470_ses-01_T1w.nii.gz,,sub-0470,ses-01,192,192,144,1.1979166,1.1979166,1.2,4.994834899902344,,,,5308416,5252795,0.9895221097969714,0.0,673.0,89.77431386528505,32.0,101.6538751427255,29.0,-0.2309791245789059,0.9703262812899969,2.0,3.0,292.0,358.0,2.780210354133304,0.6389
BGSP,/run/media/falconnier/Elements1/BIDS_datasets_selection/BGSP/sub-0471/ses-01/anat/sub-0471_ses-01_T1w.nii.gz,,sub-0471,ses-01,192,192,144,1.1979166,1.1979166,1.2,4.934444427490234,,,,5308416,5254467,0.9898370813440394,0.0,824.0,81.44852960347833,36.0,88.10580666691247,33.0,0.021646728721994357,0.9249116970741881,2.0,3.0,248.0,309.0,2.2394487222127735,0.6567
BGSP,/run/media/falconnier/Elements1/BIDS_datasets_selection/BGSP/sub-0476/ses-01/anat/sub-0476_ses-01_T1w.nii.gz,,sub-0476,ses-01,192,192,144,1.1979166,1.1979166,1.2,4.564332962036133,,,,5308416,5250195,0.9890323215060763,0.0,592.0,75.76104278031578,11.0,104.34137349710684,8.0,0.539260352990075,1.3195706488436507,1.0,2.0,302.0,370.0,2.895697697563456,0.5605
BGSP,/run/media/falconnier/Elements1/BIDS_datasets_selection/BGSP/sub-0472/ses-01/anat/sub-0472_ses-01_T1w.nii.gz,,sub-0472,ses-01,192,192,144,1.1979166,1.1979166,1.2,4.619161605834961,,,,5308416,5251563,0.9892900254991319,0.0,719.0,73.8207823080481,13.0,96.92010711670932,10.0,0.4479039817268933,1.2579748353783407,1.0,2.0,279.0,346.0,2.416888495047115,0.5802
BGSP,/run/media/falconnier/Elements1/BIDS_datasets_selection/BGSP/sub-0474/ses-01/anat/sub-0474_ses-01_T1w.nii.gz,,sub-0474,ses-01,192,192,144,1.1979166,1.1979166,1.2,4.800122261047363,,,,5308416,5252171,0.9894045606071566,0.0,867.0,77.40634149192782,17.0,97.91730859475977,14.0,0.34045495201293763,1.2041084723508435,2.0,3.0,283.0,346.0,2.064893019220682,0.5956
BGSP,/run/media/falconnier/Elements1/BIDS_datasets_selection/BGSP/sub-0473/ses-01/anat/sub-0473_ses-01_T1w.nii.gz,,sub-0473,ses-01,192,192,144,1.1979166,1.1979166,1.2,5.234519004821777,,,,5308416,5254229,0.9897922468774113,0.0,753.0,106.84289892960508,48.0,115.61024092372037,44.0,-0.2560124125072716,0.9041221777194806,2.0,4.0,334.0,410.0,2.580559998118036,0.6566
BGSP,/run/media/falconnier/Elements1/BIDS_datasets_selection/BGSP/sub-0475/ses-01/anat/sub-0475_ses-01_T1w.nii.gz,,sub-0475,ses-01,192,192,144,1.1979166,1.1979166,1.2,4.707347869873047,,,,5308416,5251409,0.989261014961902,0.0,898.0,69.91069158772436,16.0,86.88312847178078,13.0,0.1792192361988718,1.1585444773582867,2.0,3.0,252.0,308.0,1.9456279927915316,0.6025
BGSP,/run/media/falconnier/Elements1/BIDS_datasets_selection/BGSP/sub-0477/ses-01/anat/sub-0477_ses-01_T1w.nii.gz,,sub-0477,ses-01,192,192,144,1.1979166,1.1979166,1.2,4.834250450134277,,,,5308416,5253754,0.989702766324267,0.0,962.0,81.26282730405725,21.0,95.15368639071772,18.0,0.0925132948404066,1.048115306827119,2.0,3.0,269.0,337.0,1.8890618685530058,0.6259
BGSP,/run/media/falconnier/Elements1/BIDS_datasets_selection/BGSP/sub-0478/ses-01/anat/sub-0478_ses-01_T1w.nii.gz,,sub-0478,ses-01,192,192,144,1.1979166,1.1979166,1.2,4.917849540710449,,,,5308416,5252474,0.9894616397810571,0.0,781.0,89.43431381097746,20.0,110.54330118839043,17.0,0.14542007147722646,1.140119174921686,2.0,3.0,319.0,389.0,2.3547172732670307,0.6044
BGSP,/run/media/falconnier/Elements1/BIDS_datasets_selection/BGSP/sub-0479/ses-01/anat/sub-0479_ses-01_T1w.nii.gz,,sub-0479,ses-01,192,192,144,1.1979166,1.1979166,1.2,4.475397109985352,,,,5308416,5248435,0.9887007725091628,0.0,652.0,64.63180033667179,11.0,85.6713919542521,9.0,0.48317530902875916,1.2726707586865804,1.0,2.0,245.0,306.0,2.5745557930632623,0.5762
BGSP,/run/media/falconnier/Elements1/BIDS_datasets_selection/BGSP/sub-0481/ses-01/anat/sub-0481_ses-01_T1w.nii.gz,,sub-0481,ses-01,192,192,144,1.1979166,1.1979166,1.2,4.495340347290039,,,,5308416,5250836,0.9891530731577932,0.0,617.0,69.39709486260854,10.0,94.04794486109247,7.0,0.37880339370688487,1.2708457320870503,1.0,2.0,269.0,332.0,2.726704633024345,0.5669
BGSP,/run/media/falconnier/Elements1/BIDS_datasets_selection/BGSP/sub-0485/ses-01/anat/sub-0485_ses-01_T1w.nii.gz,,sub-0485,ses-01,192,192,144,1.1979166,1.1979166,1.2,4.9972333908081055,,,,5308416,5253155,0.9895899266372492,0.0,882.0,96.30960784519017,20.0,118.78038552793959,17.0,0.2171207124891006,1.1583122239082435,2.0,3.0,349.0,422.0,2.117727836581388,0.6055
BGSP,/run/media/falconnier/Elements1/BIDS_datasets_selection/BGSP/sub-0480/ses-01/anat/sub-0480_ses-01_T1w.nii.gz,,sub-0480,ses-01,192,192,144,1.1979166,1.1979166,1.2,4.926257133483887,,,,5308416,5252609,0.9894870710961613,0.0,679.0,83.71279263314669,24.0,96.47584377862894,21.0,-0.09742672423747001,1.0043775268408204,2.0,3.0,274.0,342.0,2.6973544223932127,0.632
BGSP,/run/media/falconnier/Elements1/BIDS_datasets_selection/BGSP/sub-0483/ses-01/anat/sub-0483_ses-01_T1w.nii.gz,,sub-0483,ses-01,192,192,144,1.1979166,1.1979166,1.2,4.963321685791016,,,,5308416,5252712,0.9895064742476852,0.0,658.0,87.2728592391892,27.0,100.07111748616497,24.0,-0.06904259594167073,1.0142038184609536,2.0,3.0,288.0,359.0,2.8089888151092968,0.6342
BGSP,/run/media/falconnier/Elements1/BIDS_datasets_selection/BGSP/sub-0482/ses-01/anat/sub-0482_ses-01_T1w.nii.gz,,sub-0482,ses-01,192,192,144,1.1979166,1.1979166,1.2,5.030669212341309,,,,5308416,5253636,0.9896805374710648,0.0,681.0,91.87235468920953,28.0,105.14763912411073,25.0,-0.24296983043643117,0.9703299817720122,2.0,3.0,299.0,369.0,2.7411409413169863,0.6346
BGSP,/run/media/falconnier/Elements1/BIDS_datasets_selection/BGSP/sub-0484/ses-01/anat/sub-0484_ses-01_T1w.nii.gz,,sub-0484,ses-01,192,192,144,1.1979166,1.1979166,1.2,4.922884941101074,,,,5308416,5252890,0.9895400059076003,0.0,860.0,90.78559040832761,20.0,107.40660224620727,17.0,0.041247719323715515,1.0403913916669225,2.0,3.0,302.0,377.0,2.138551935926939,0.6212
BGSP,/run/media/falconnier/Elements1/BIDS_datasets_selection/BGSP/sub-0486/ses-01/anat/sub-0486_ses-01_T1w.nii.gz,,sub-0486,ses-01,192,192,144,1.1979166,1.1979166,1.2,5.186199188232422,,,,5308416,5251541,0.9892858811366705,0.0,839.0,98.94604612246196,52.0,104.81712106473222,49.0,-0.21503584659379937,0.8633518938999194,2.0,3.0,296.0,370.0,2.286631928084146,0.664
BGSP,/run/media/falconnier/Elements1/BIDS_datasets_selection/BGSP/sub-0487/ses-01/anat/sub-0487_ses-01_T1w.nii.gz,,sub-0487,ses-01,192,192,144,1.1979166,1.1979166,1.2,4.82579231262207,,,,5308416,5252132,0.9893972137827932,0.0,718.0,80.8017443202113,19.0,100.55253901249968,16.0,0.21636378486781416,1.1711909429713958,2.0,3.0,292.0,358.0,2.512092589836331,0.6021
BGSP,/run/media/falconnier/Elements1/BIDS_datasets_selection/BGSP/sub-0488/ses-01/anat/sub-0488_ses-01_T1w.nii.gz,,sub-0488,ses-01,192,192,144,1.1979166,1.1979166,1.2,4.797248840332031,,,,5308416,5252074,0.989386287736304,0.0,746.0,86.36866388401991,14.0,111.04324187742645,11.0,0.20181800459118593,1.1761664051270544,2.0,3.0,318.0,391.0,2.396103564944544,0.5879
BGSP,/run/media/falconnier/Elements1/BIDS_datasets_selection/BGSP/sub-0490/ses-01/anat/sub-0490_ses-01_T1w.nii.gz,,sub-0490,ses-01,192,192,144,1.1979166,1.1979166,1.2,4.886678695678711,,,,5308416,5252808,0.9895245587384259,0.0,657.0,86.02436335004059,22.0,100.21281111541549,19.0,-0.22423004594177742,0.9804459137568852,2.0,3.0,281.0,351.0,2.771135066298962,0.6271
BGSP,/run/media/falconnier/Elements1/BIDS_datasets_selection/BGSP/sub-0489/ses-01/anat/sub-0489_ses-01_T1w.nii.gz,,sub-0489,ses-01,192,192,144,1.1979166,1.1979166,1.2,4.72880744934082,,,,5308416,5252427,0.9894527859157987,0.0,837.0,76.77653454298365,14.0,101.46839717955216,11.0,0.5337208768884918,1.2923775278690215,2.0,3.0,293.0,366.0,2.112233210642844,0.5783
BGSP,/run/media/falconnier/Elements1/BIDS_datasets_selection/BGSP/sub-0491/ses-01/anat/sub-0491_ses-01_T1w.nii.gz,,sub-0491,ses-01,192,192,144,1.1979166,1.1979166,1.2,4.609895706176758,,,,5308416,5249159,0.988837159710166,0.0,552.0,71.9223429886578,13.0,89.28840904626976,11.0,0.12267578925134526,1.108860052413106,1.0,2.0,249.0,314.0,3.1246238867575995,0.6014
BGSP,/run/media/falconnier/Elements1/BIDS_datasets_selection/BGSP/sub-0492/ses-01/anat/sub-0492_ses-01_T1w.nii.gz,,sub-0492,ses-01,192,192,144,1.1979166,1.1979166,1.2,4.764303207397461,,,,5308416,5252237,0.989416993694541,0.0,800.0,81.07813737270423,15.0,100.61553909238734,12.0,0.011469626957731904,1.100835712211349,2.0,3.0,287.0,351.0,2.224453041977935,0.6022
BGSP,/run/media/falconnier/Elements1/BIDS_datasets_selection/BGSP/sub-0495/ses-01/anat/sub-0495_ses-01_T1w.nii.gz,,sub-0495,ses-01,192,192,144,1.1979166,1.1979166,1.2,4.964159965515137,,,,5308416,5253089,0.989577493549865,0.0,1208.0,91.2793065185075,22.0,110.10896283547163,19.0,0.2572250514357055,1.1218812877492443,2.0,3.0,317.0,391.0,1.538696869679172,0.6142
BGSP,/run/media/falconnier/Elements1/BIDS_datasets_selection/BGSP/sub-0494/ses-01/anat/sub-0494_ses-01_T1w.nii.gz,,sub-0494,ses-01,192,192,144,1.1979166,1.1979166,1.2,4.600292205810547,,,,5308416,5251600,0.9892969955632716,0.0,994.0,73.29691275039988,12.0,97.14963261647408,9.0,0.6078049730158281,1.2826012852751871,2.0,3.0,278.0,347.0,1.7473933627310545,0.5764
BGSP,/run/media/falconnier/Elements1/BIDS_datasets_selection/BGSP/sub-0496/ses-01/anat/sub-0496_ses-01_T1w.nii.gz,,sub-0496,ses-01,192,192,144,1.1979166,1.1979166,1.2,4.952652931213379,,,,5308416,5253557,0.9896656554422261,0.0,676.0,87.90009721032817,23.0,105.13950412475805,20.0,0.011870277058600553,1.073298628552338,2.0,3.0,303.0,371.0,2.713678709598411,0.6173
BGSP,/run/media/falconnier/Elements1/BIDS_datasets_selection/BGSP/sub-0493/ses-01/anat/sub-0493_ses-01_T1w.nii.gz,,sub-0493,ses-01,192,192,144,1.1979166,1.1979166,1.2,4.872455596923828,,,,5308416,5250993,0.9891826488353588,0.0,589.0,81.99310301880044,21.0,96.5832396446012,19.0,-0.04436611406875768,1.0378058585517618,1.0,3.0,275.0,342.0,3.079285802858675,0.6229
BGSP,/run/media/falconnier/Elements1/BIDS_datasets_selection/BGSP/sub-0497/ses-01/anat/sub-0497_ses-01_T1w.nii.gz,,sub-0497,ses-01,192,192,144,1.1979166,1.1979166,1.2,4.744359016418457,,,,5308416,5250913,0.9891675784264082,0.0,840.0,79.12387293409736,15.0,99.15887428716178,12.0,0.20865591433663866,1.1492913558965356,1.0,2.0,284.0,350.0,2.1136291917214125,0.5983
BGSP,/run/media/falconnier/Elements1/BIDS_datasets_selection/BGSP/sub-0495/ses-02/anat/sub-0495_ses-02_T1w.nii.gz,,sub-0495,ses-02,192,192,144,1.1979166,1.1979166,1.2,4.801225662231445,,,,5308416,5252340,0.9894363968460648,0.0,1147.0,79.01406858657285,19.0,96.24405612767748,16.0,0.44900322282875216,1.165126033323674,2.0,3.0,278.0,344.0,1.5768079532246784,0.6105
BGSP,/run/media/falconnier/Elements1/BIDS_datasets_selection/BGSP/sub-0498/ses-01/anat/sub-0498_ses-01_T1w.nii.gz,,sub-0498,ses-01,192,192,144,1.1979166,1.1979166,1.2,5.011075973510742,,,,5308416,5219477,0.9832456612292632,0.0,838.0,90.82192928525214,35.0,100.12647291773716,32.0,-0.2740601098719382,0.9008201459571822,2.0,3.0,281.0,351.0,2.210779338514536,0.6465
BGSP,/run/media/falconnier/Elements1/BIDS_datasets_selection/BGSP/sub-0501/ses-01/anat/sub-0501_ses-01_T1w.nii.gz,,sub-0501,ses-01,192,192,144,1.1979166,1.1979166,1.2,4.762226104736328,,,,5308416,5251839,0.9893420184100116,0.0,800.0,76.27101687618375,17.0,96.8200152492277,14.0,0.2835655477615071,1.2088359562775521,2.0,3.0,284.0,339.0,2.2283039574044348,0.5943
BGSP,/run/media/falconnier/Elements1/BIDS_datasets_selection/BGSP/sub-0499/ses-01/anat/sub-0499_ses-01_T1w.nii.gz,,sub-0499,ses-01,192,192,144,1.1979166,1.1979166,1.2,4.795533180236816,,,,5308416,5252331,0.9894347014250578,0.0,735.0,81.80985737570614,16.0,104.03682031415275,13.0,0.21739291333445898,1.1885617795842223,2.0,3.0,302.0,368.0,2.4394818095515025,0.5932
BGSP,/run/media/falconnier/Elements1/BIDS_datasets_selection/BGSP/sub-0500/ses-01/anat/sub-0500_ses-01_T1w.nii.gz,,sub-0500,ses-01,192,192,144,1.1979166,1.1979166,1.2,4.868949890136719,,,,5308416,5252252,0.9894198193962191,0.0,830.0,86.71062431886361,18.0,103.98700556168276,15.0,-0.03950275105672274,1.0390997749883264,2.0,3.0,295.0,361.0,2.186138891636365,0.6154
BGSP,/run/media/falconnier/Elements1/BIDS_datasets_selection/BGSP/sub-0502/ses-01/anat/sub-0502_ses-01_T1w.nii.gz,,sub-0502,ses-01,192,192,144,1.1979166,1.1979166,1.2,4.71498966217041,,,,5308416,5251862,0.9893463511525848,0.0,680.0,78.76369390513308,15.0,99.73902009327512,12.0,0.19116272039267468,1.1665821546447896,2.0,3.0,289.0,354.0,2.5915308561330153,0.5943
BGSP,/run/media/falconnier/Elements1/BIDS_datasets_selection/BGSP/sub-0503/ses-01/anat/sub-0503_ses-01_T1w.nii.gz,,sub-0503,ses-01,192,192,144,1.1979166,1.1979166,1.2,4.5845947265625,,,,5308416,5251137,0.9892097755714699,0.0,560.0,70.6547231580513,12.0,92.39866262464753,9.0,0.34736687703480973,1.2359165136811245,1.0,2.0,265.0,331.0,3.0751525188465276,0.5817
BGSP,/run/media/falconnier/Elements1/BIDS_datasets_selection/BGSP/sub-0504/ses-01/anat/sub-0504_ses-01_T1w.nii.gz,,sub-0504,ses-01,192,192,144,1.1979166,1.1979166,1.2,4.666922569274902,,,,5308416,5249237,0.9888518533588927,0.0,650.0,71.51227292652247,16.0,86.81939915934174,14.0,0.09733869140922691,1.097547525116829,1.0,2.0,248.0,309.0,2.683206790045988,0.6109
BGSP,/run/media/falconnier/Elements1/BIDS_datasets_selection/BGSP/sub-0506/ses-01/anat/sub-0506_ses-01_T1w.nii.gz,,sub-0506,ses-01,192,192,144,1.1979166,1.1979166,1.2,5.101107597351074,,,,5308416,5252217,0.9894132260923032,0.0,676.0,92.02849729933094,45.0,97.33205536561398,42.0,-0.4201559270640258,0.829991838688929,2.0,3.0,277.0,341.0,2.788474174760406,0.6647
BGSP,/run/media/falconnier/Elements1/BIDS_datasets_selection/BGSP/sub-0510/ses-01/anat/sub-0510_ses-01_T1w.nii.gz,,sub-0510,ses-01,192,192,144,1.1979166,1.1979166,1.2,4.836667060852051,,,,5308416,5252028,0.9893776222511574,0.0,762.0,83.15238837264386,20.0,100.28942077363207,17.0,0.010943581089284393,1.0809412157756844,2.0,3.0,287.0,354.0,2.4002730295467685,0.6139
BGSP,/run/media/falconnier/Elements1/BIDS_datasets_selection/BGSP/sub-0507/ses-01/anat/sub-0507_ses-01_T1w.nii.gz,,sub-0507,ses-01,192,192,144,1.1979166,1.1979166,1.2,4.6634321212768555,,,,5308416,5250907,0.9891664481457368,0.0,563.0,72.67556424061596,16.0,89.248485578801,14.0,0.02281098351371691,1.1022630606817883,1.0,2.0,258.0,313.0,3.1123101851615678,0.6065
BGSP,/run/media/falconnier/Elements1/BIDS_datasets_selection/BGSP/sub-0505/ses-01/anat/sub-0505_ses-01_T1w.nii.gz,,sub-0505,ses-01,192,192,144,1.1979166,1.1979166,1.2,4.800442695617676,,,,5308416,5251718,0.9893192244164738,0.0,687.0,82.83438943218201,20.0,100.72504327161909,17.0,0.00040950746141543704,1.093629578605976,2.0,3.0,292.0,349.0,2.6361382011510854,0.6108
BGSP,/run/media/falconnier/Elements1/BIDS_datasets_selection/BGSP/sub-0507/ses-02/anat/sub-0507_ses-02_T1w.nii.gz,,sub-0507,ses-02,192,192,144,1.1979166,1.1979166,1.2,4.612173080444336,,,,5308416,5250432,0.9890769675925926,0.0,457.0,69.5012595154075,16.0,85.45407312253971,14.0,0.04891231030109289,1.111921913090282,1.0,2.0,247.0,301.0,3.7761608821196693,0.6061
BGSP,/run/media/falconnier/Elements1/BIDS_datasets_selection/BGSP/sub-0509/ses-01/anat/sub-0509_ses-01_T1w.nii.gz,,sub-0509,ses-01,192,192,144,1.1979166,1.1979166,1.2,4.996342658996582,,,,5308416,5251896,0.9893527560763888,0.0,1058.0,90.94964542329095,32.0,100.86351097187817,29.0,-0.039259066781297314,0.9213854755798262,2.0,3.0,284.0,349.0,1.754641262725318,0.6461
BGSP,/run/media/falconnier/Elements1/BIDS_datasets_selection/BGSP/sub-0508/ses-01/anat/sub-0508_ses-01_T1w.nii.gz,,sub-0508,ses-01,192,192,144,1.1979166,1.1979166,1.2,4.650591850280762,,,,5308416,5244009,0.9878670021339699,0.0,640.0,68.34487278721299,19.0,81.81706730874778,17.0,0.430126594106353,1.1428881020971828,1.0,2.0,231.0,296.0,2.752727973245082,0.6167
BGSP,/run/media/falconnier/Elements1/BIDS_datasets_selection/BGSP/sub-0512/ses-01/anat/sub-0512_ses-01_T1w.nii.gz,,sub-0512,ses-01,192,192,144,1.1979166,1.1979166,1.2,4.760552406311035,,,,5308416,5253550,0.9896643367814429,0.0,880.0,77.99467407752853,18.0,93.67394872916564,15.0,0.0920878837776451,1.092898490431989,2.0,3.0,267.0,335.0,2.0489970317674424,0.6162
BGSP,/run/media/falconnier/Elements1/BIDS_datasets_selection/BGSP/sub-0511/ses-01/anat/sub-0511_ses-01_T1w.nii.gz,,sub-0511,ses-01,192,192,144,1.1979166,1.1979166,1.2,4.9521379470825195,,,,5308416,5253213,0.9896008526837384,0.0,1120.0,92.89513255982577,19.0,112.31896318707726,16.0,0.13536881844725723,1.0785175564480565,2.0,3.0,317.0,394.0,1.6476354589344326,0.6126
BGSP,/run/media/falconnier/Elements1/BIDS_datasets_selection/BGSP/sub-0513/ses-01/anat/sub-0513_ses-01_T1w.nii.gz,,sub-0513,ses-01,192,192,144,1.1979166,1.1979166,1.2,4.779523849487305,,,,5308416,5252288,0.9894266010802469,0.0,1006.0,77.23552516541362,15.0,101.45172523219946,12.0,0.44004928019041056,1.2721123060046917,2.0,3.0,293.0,360.0,1.7729975821467931,0.5808
BGSP,/run/media/falconnier/Elements1/BIDS_datasets_selection/BGSP/sub-0514/ses-01/anat/sub-0514_ses-01_T1w.nii.gz,,sub-0514,ses-01,192,192,144,1.1979166,1.1979166,1.2,5.151678085327148,,,,5308416,5252785,0.9895202259958527,0.0,766.0,97.11654465202744,44.0,105.37765944032859,41.0,-0.3021579114297266,0.9023357379990856,2.0,3.0,301.0,369.0,2.516117678626037,0.6554
BGSP,/run/media/falconnier/Elements1/BIDS_datasets_selection/BGSP/sub-0515/ses-01/anat/sub-0515_ses-01_T1w.nii.gz,,sub-0515,ses-01,192,192,144,1.1979166,1.1979166,1.2,5.031950950622559,,,,5308416,5254018,0.989752498673804,0.0,817.0,89.82911440349082,42.0,96.04050316973633,39.0,-0.41778947107047726,0.8465495723098584,2.0,3.0,274.0,336.0,2.3007683495943914,0.6608
BGSP,/run/media/falconnier/Elements1/BIDS_datasets_selection/BGSP/sub-0516/ses-01/anat/sub-0516_ses-01_T1w.nii.gz,,sub-0516,ses-01,192,192,144,1.1979166,1.1979166,1.2,4.904468536376953,,,,5308416,5252557,0.9894772753303434,0.0,761.0,81.36807863294011,26.0,94.14406705762606,23.0,0.007888366125526236,1.0325244986926179,2.0,3.0,270.0,331.0,2.4088479110887033,0.6305
BGSP,/run/media/falconnier/Elements1/BIDS_datasets_selection/BGSP/sub-0518/ses-01/anat/sub-0518_ses-01_T1w.nii.gz,,sub-0518,ses-01,192,192,144,1.1979166,1.1979166,1.2,4.981654167175293,,,,5308416,5253035,0.9895673210238233,0.0,1021.0,93.12020593809103,25.0,106.94858819244396,22.0,0.07771214217679612,0.9990910015852649,2.0,3.0,302.0,374.0,1.8322023668042688,0.6328
BGSP,/run/media/falconnier/Elements1/BIDS_datasets_selection/BGSP/sub-0517/ses-01/anat/sub-0517_ses-01_T1w.nii.gz,,sub-0517,ses-01,192,192,144,1.1979166,1.1979166,1.2,4.637730598449707,,,,5308416,5252179,0.9894060676480517,0.0,822.0,76.38314212063221,12.0,103.78130232808735,9.0,0.6377274070405328,1.3368415077663458,2.0,3.0,301.0,378.0,2.1202343124589134,0.5669
BGSP,/run/media/falconnier/Elements1/BIDS_datasets_selection/BGSP/sub-0519/ses-01/anat/sub-0519_ses-01_T1w.nii.gz,,sub-0519,ses-01,192,192,144,1.1979166,1.1979166,1.2,4.676387786865234,,,,5308416,5251503,0.989278722692419,0.0,673.0,76.75465785699828,12.0,102.30039041732873,9.0,0.42630737981441325,1.2671119667774182,2.0,3.0,294.0,367.0,2.5765592813313574,0.574
BGSP,/run/media/falconnier/Elements1/BIDS_datasets_selection/BGSP/sub-0519/ses-02/anat/sub-0519_ses-02_T1w.nii.gz,,sub-0519,ses-02,192,192,144,1.1979166,1.1979166,1.2,4.61448860168457,,,,5308416,5250193,0.9890319447458527,0.0,756.0,73.59592361652228,11.0,98.42172267406718,8.0,0.38230903734956234,1.2621520895686928,1.0,2.0,283.0,350.0,2.2847795033005336,0.5724
BGSP,/run/media/falconnier/Elements1/BIDS_datasets_selection/BGSP/sub-0520/ses-01/anat/sub-0520_ses-01_T1w.nii.gz,,sub-0520,ses-01,192,192,144,1.1979166,1.1979166,1.2,4.749817848205566,,,,5308416,5252432,0.989453727816358,0.0,881.0,76.66948148971753,14.0,99.67568713559658,11.0,0.4549388409534121,1.2593661379851806,2.0,3.0,291.0,356.0,2.009892706889332,0.5847
BGSP,/run/media/falconnier/Elements1/BIDS_datasets_selection/BGSP/sub-0523/ses-01/anat/sub-0523_ses-01_T1w.nii.gz,,sub-0523,ses-01,192,192,144,1.1979166,1.1979166,1.2,4.530620574951172,,,,5308416,5251697,0.9893152684341242,0.0,627.0,66.67388331809698,12.0,89.24813509097245,9.0,0.644244605098232,1.3296716346826536,2.0,2.0,256.0,327.0,2.7255057573936923,0.5733
BGSP,/run/media/falconnier/Elements1/BIDS_datasets_selection/BGSP/sub-0522/ses-01/anat/sub-0522_ses-01_T1w.nii.gz,,sub-0522,ses-01,192,192,144,1.1979166,1.1979166,1.2,4.775570869445801,,,,5308416,5249053,0.9888171914183064,0.0,488.0,69.5043681212592,26.0,79.15676516588016,24.0,0.1761786731472461,1.0619877710899759,1.0,2.0,227.0,285.0,3.66486055667519,0.637
BGSP,/run/media/falconnier/Elements1/BIDS_datasets_selection/BGSP/sub-0521/ses-01/anat/sub-0521_ses-01_T1w.nii.gz,,sub-0521,ses-01,192,192,144,1.1979166,1.1979166,1.2,4.9641008377075195,,,,5308416,5252776,0.9895185305748457,0.0,1036.0,89.86761990231452,24.0,104.82269801951462,21.0,0.16559551500371228,1.050055442676248,2.0,3.0,299.0,373.0,1.7850102507133798,0.6271
BGSP,/run/media/falconnier/Elements1/BIDS_datasets_selection/BGSP/sub-0524/ses-01/anat/sub-0524_ses-01_T1w.nii.gz,,sub-0524,ses-01,192,192,144,1.1979166,1.1979166,1.2,5.116957664489746,,,,5308416,5253187,0.9895959548008295,0.0,689.0,93.89183594644547,40.0,102.7674882499512,36.0,-0.23496325435927812,0.9497315157178899,2.0,3.0,297.0,365.0,2.7849151528542926,0.6529
BGSP,/run/media/falconnier/Elements1/BIDS_datasets_selection/BGSP/sub-0526/ses-01/anat/sub-0526_ses-01_T1w.nii.gz,,sub-0526,ses-01,192,192,144,1.1979166,1.1979166,1.2,4.594369888305664,,,,5308416,5250490,0.9890878936390818,0.0,475.0,61.976333637431935,18.0,73.8483929818333,15.0,0.22232437507461666,1.1206999194436427,1.0,2.0,209.0,263.0,3.6364742144325235,0.6196
BGSP,/run/media/falconnier/Elements1/BIDS_datasets_selection/BGSP/sub-0525/ses-01/anat/sub-0525_ses-01_T1w.nii.gz,,sub-0525,ses-01,192,192,144,1.1979166,1.1979166,1.2,4.884543418884277,,,,5308416,5252918,0.989545280550733,0.0,692.0,79.33697803773065,24.0,90.46197955173326,21.0,-0.21631247760613315,0.9645407412882824,2.0,3.0,257.0,315.0,2.608273439863885,0.6361
BGSP,/run/media/falconnier/Elements1/BIDS_datasets_selection/BGSP/sub-0527/ses-01/anat/sub-0527_ses-01_T1w.nii.gz,,sub-0527,ses-01,192,192,144,1.1979166,1.1979166,1.2,4.770668029785156,,,,5308416,5251626,0.9893018934461806,0.0,664.0,83.80295378993097,15.0,107.3694896681828,12.0,0.19973235288042224,1.1821794606604354,2.0,3.0,307.0,377.0,2.6941468949626706,0.5898
BGSP,/run/media/falconnier/Elements1/BIDS_datasets_selection/BGSP/sub-0528/ses-01/anat/sub-0528_ses-01_T1w.nii.gz,,sub-0528,ses-01,192,192,144,1.1979166,1.1979166,1.2,4.673585891723633,,,,5308416,5252414,0.9894503369743441,0.0,636.0,77.76730623290548,13.0,100.85608824473198,10.0,0.23790594165783263,1.2021511468213095,2.0,3.0,290.0,357.0,2.753742584232822,0.585
BGSP,/run/media/falconnier/Elements1/BIDS_datasets_selection/BGSP/sub-0529/ses-01/anat/sub-0529_ses-01_T1w.nii.gz,,sub-0529,ses-01,192,192,144,1.1979166,1.1979166,1.2,4.690345764160156,,,,5308416,5252125,0.98939589512201,0.0,805.0,74.24834766880072,16.0,88.02893663410877,14.0,0.008819071609241558,1.0352739558623798,2.0,3.0,250.0,306.0,2.1869238613358553,0.6203
BGSP,/run/media/falconnier/Elements1/BIDS_datasets_selection/BGSP/sub-0531/ses-01/anat/sub-0531_ses-01_T1w.nii.gz,,sub-0531,ses-01,192,192,144,1.1979166,1.1979166,1.2,4.660256385803223,,,,5308416,5252669,0.9894983739028742,0.0,1058.0,73.37089011319769,17.0,87.70556890661065,14.0,0.43707231045913186,1.1124930608719856,2.0,3.0,246.0,311.0,1.6711022217656264,0.6177
BGSP,/run/media/falconnier/Elements1/BIDS_datasets_selection/BGSP/sub-0533/ses-01/anat/sub-0533_ses-01_T1w.nii.gz,,sub-0533,ses-01,192,192,144,1.1979166,1.1979166,1.2,4.602231979370117,,,,5308416,5249990,0.9889937035831404,0.0,680.0,69.47302680576534,13.0,90.77348544708052,10.0,0.5811448836293818,1.2839842117581357,1.0,2.0,264.0,328.0,2.5355847348056817,0.5824
BGSP,/run/media/falconnier/Elements1/BIDS_datasets_selection/BGSP/sub-0532/ses-01/anat/sub-0532_ses-01_T1w.nii.gz,,sub-0532,ses-01,192,192,144,1.1979166,1.1979166,1.2,4.818979263305664,,,,5308416,5252425,0.9894524091555749,0.0,740.0,84.49552311551331,15.0,105.76711885814831,12.0,0.1932365770784754,1.1489600688795205,2.0,3.0,305.0,377.0,2.416013092617026,0.599
BGSP,/run/media/falconnier/Elements1/BIDS_datasets_selection/BGSP/sub-0530/ses-01/anat/sub-0530_ses-01_T1w.nii.gz,,sub-0530,ses-01,192,192,144,1.1979166,1.1979166,1.2,5.026062965393066,,,,5308416,5255171,0.9899697009428048,0.0,1035.0,82.83817900502191,44.0,86.98714040431369,40.0,0.10823568108323878,0.9346994072213365,2.0,3.0,252.0,310.0,1.815965218154198,0.6689
BGSP,/run/media/falconnier/Elements1/BIDS_datasets_selection/BGSP/sub-0534/ses-01/anat/sub-0534_ses-01_T1w.nii.gz,,sub-0534,ses-01,192,192,144,1.1979166,1.1979166,1.2,5.0397491455078125,,,,5308416,5253655,0.9896841166931906,0.0,659.0,97.7040026419702,25.0,111.55262177955795,22.0,-0.34138796972275953,0.9260981841010464,2.0,3.0,316.0,388.0,2.816913871639985,0.6349
BGSP,/run/media/falconnier/Elements1/BIDS_datasets_selection/BGSP/sub-0536/ses-01/anat/sub-0536_ses-01_T1w.nii.gz,,sub-0536,ses-01,192,192,144,1.1979166,1.1979166,1.2,4.756954193115234,,,,5308416,5252360,0.9894401644483025,0.0,705.0,70.73669664684066,25.0,80.42725255198879,22.0,0.09584888205219233,1.041275449000153,2.0,3.0,231.0,291.0,2.5434549934218866,0.638
BGSP,/run/media/falconnier/Elements1/BIDS_datasets_selection/BGSP/sub-0535/ses-01/anat/sub-0535_ses-01_T1w.nii.gz,,sub-0535,ses-01,192,192,144,1.1979166,1.1979166,1.2,4.7702741622924805,,,,5308416,5251375,0.989254610038098,0.0,573.0,74.85040394182477,20.0,90.62527191126975,17.0,0.09452841643346588,1.1187370352692765,1.0,3.0,259.0,324.0,3.1401055069378243,0.6131
BGSP,/run/media/falconnier/Elements1/BIDS_datasets_selection/BGSP/sub-0538/ses-01/anat/sub-0538_ses-01_T1w.nii.gz,,sub-0538,ses-01,192,192,144,1.1979166,1.1979166,1.2,4.76845645904541,,,,5308416,5250710,0.989129337263696,0.0,887.0,72.27206149263624,25.0,81.01870440145716,23.0,0.30585384309709474,1.011037627929048,1.0,2.0,232.0,287.0,2.0180335529089923,0.6426
BGSP,/run/media/falconnier/Elements1/BIDS_datasets_selection/BGSP/sub-0537/ses-01/anat/sub-0537_ses-01_T1w.nii.gz,,sub-0537,ses-01,192,192,144,1.1979166,1.1979166,1.2,4.7752838134765625,,,,5308416,5250899,0.9891649411048418,0.0,687.0,80.53954322869284,18.0,103.09431285494202,15.0,0.31654683500795144,1.2202740480589855,1.0,2.0,299.0,367.0,2.611945166984123,0.5906
BGSP,/run/media/falconnier/Elements1/BIDS_datasets_selection/BGSP/sub-0539/ses-01/anat/sub-0539_ses-01_T1w.nii.gz,,sub-0539,ses-01,192,192,144,1.1979166,1.1979166,1.2,4.602806091308594,,,,5308416,5250885,0.9891623037832754,0.0,843.0,67.82165292136469,14.0,87.86720642060844,11.0,0.6088992969454194,1.2800831435288504,1.0,2.0,254.0,315.0,2.055809087958874,0.5862
BGSP,/run/media/falconnier/Elements1/BIDS_datasets_selection/BGSP/sub-0540/ses-01/anat/sub-0540_ses-01_T1w.nii.gz,,sub-0540,ses-01,192,192,144,1.1979166,1.1979166,1.2,4.696518898010254,,,,5308416,5252369,0.9894418598693094,0.0,522.0,73.37005016212684,14.0,94.69361556697689,11.0,0.45642244295532963,1.2589283496071388,2.0,3.0,276.0,343.0,3.356447665477504,0.5877
BGSP,/run/media/falconnier/Elements1/BIDS_datasets_selection/BGSP/sub-0541/ses-01/anat/sub-0541_ses-01_T1w.nii.gz,,sub-0541,ses-01,192,192,144,1.1979166,1.1979166,1.2,5.132900238037109,,,,5308416,5252531,0.9894723774474344,0.0,972.0,97.71964239716053,41.0,106.29420671386033,38.0,-0.2571030071320082,0.8850708971930615,2.0,3.0,304.0,373.0,1.952181199984697,0.6538
BGSP,/run/media/falconnier/Elements1/BIDS_datasets_selection/BGSP/sub-0546/ses-01/anat/sub-0546_ses-01_T1w.nii.gz,,sub-0546,ses-01,192,192,144,1.1979166,1.1979166,1.2,4.888369560241699,,,,5308416,5254567,0.9898559193552277,0.0,781.0,79.76194365777428,24.0,94.56619851017958,21.0,0.16456742007849456,1.1119349272306818,2.0,3.0,272.0,342.0,2.3438697365255394,0.6218
BGSP,/run/media/falconnier/Elements1/BIDS_datasets_selection/BGSP/sub-0543/ses-01/anat/sub-0543_ses-01_T1w.nii.gz,,sub-0543,ses-01,192,192,144,1.1979166,1.1979166,1.2,4.992830276489258,,,,5308416,5252549,0.9894757682894483,0.0,847.0,95.65051044740373,25.0,110.8777588601122,22.0,-0.22940474108814346,0.9638178024423181,2.0,3.0,311.0,385.0,2.205357728295727,0.6288
BGSP,/run/media/falconnier/Elements1/BIDS_datasets_selection/BGSP/sub-0542/ses-01/anat/sub-0542_ses-01_T1w.nii.gz,,sub-0542,ses-01,192,192,144,1.1979166,1.1979166,1.2,5.0083770751953125,,,,5308416,5252989,0.9895586555386767,0.0,864.0,89.49517598456802,36.0,97.82618649742639,33.0,-0.26177355733357466,0.8840443903013414,2.0,3.0,277.0,341.0,2.153518575815213,0.6519
BGSP,/run/media/falconnier/Elements1/BIDS_datasets_selection/BGSP/sub-0542/ses-02/anat/sub-0542_ses-02_T1w.nii.gz,,sub-0542,ses-02,192,192,144,1.1979166,1.1979166,1.2,4.831109046936035,,,,5308416,5252354,0.9894390341676311,0.0,603.0,75.59764783561809,28.0,83.47230488402778,25.0,-0.3337603932740447,0.9028776253878992,2.0,3.0,238.0,293.0,2.98345534630873,0.6483
BGSP,/run/media/falconnier/Elements1/BIDS_datasets_selection/BGSP/sub-0544/ses-01/anat/sub-0544_ses-01_T1w.nii.gz,,sub-0544,ses-01,192,192,144,1.1979166,1.1979166,1.2,5.0551862716674805,,,,5308416,5252598,0.9894849989149306,0.0,751.0,87.5514096072077,44.0,92.9494387381645,41.0,-0.17298618581561165,0.8809100328045186,2.0,3.0,265.0,328.0,2.503688033758565,0.6637
BGSP,/run/media/falconnier/Elements1/BIDS_datasets_selection/BGSP/sub-0545/ses-01/anat/sub-0545_ses-01_T1w.nii.gz,,sub-0545,ses-01,192,192,144,1.1979166,1.1979166,1.2,4.735140800476074,,,,5308416,5251367,0.9892531029972029,0.0,649.0,78.24541514618956,20.0,90.95206856304925,18.0,-0.25446749850444883,0.9622750818593353,1.0,2.0,254.70000000018626,317.0,2.733663072432548,0.6276
BGSP,/run/media/falconnier/Elements1/BIDS_datasets_selection/BGSP/sub-0547/ses-01/anat/sub-0547_ses-01_T1w.nii.gz,,sub-0547,ses-01,192,192,144,1.1979166,1.1979166,1.2,5.17055606842041,,,,5308416,5254411,0.9898265320577739,0.0,863.0,95.43826130083848,45.0,102.49955517874778,41.0,-0.23764059280305805,0.909843686505098,2.0,3.0,296.0,365.0,2.2245018105678342,0.6599
BGSP,/run/media/falconnier/Elements1/BIDS_datasets_selection/BGSP/sub-0548/ses-01/anat/sub-0548_ses-01_T1w.nii.gz,,sub-0548,ses-01,192,192,144,1.1979166,1.1979166,1.2,4.657623291015625,,,,5308416,5251190,0.9892197597173997,0.0,598.0,76.02008306688579,13.0,100.7908527130843,10.0,0.3189689820524757,1.2474045532113636,1.0,2.0,289.0,357.0,2.926326040755389,0.5761
BGSP,/run/media/falconnier/Elements1/BIDS_datasets_selection/BGSP/sub-0549/ses-01/anat/sub-0549_ses-01_T1w.nii.gz,,sub-0549,ses-01,192,192,144,1.1979166,1.1979166,1.2,4.7881011962890625,,,,5308416,5252313,0.989431310583044,0.0,477.0,77.46131447230962,24.0,87.35821496310544,21.0,-0.4571695785572141,0.8925440841717475,2.0,3.0,244.0,301.0,3.7418447165864324,0.6396
BGSP,/run/media/falconnier/Elements1/BIDS_datasets_selection/BGSP/sub-0550/ses-01/anat/sub-0550_ses-01_T1w.nii.gz,,sub-0550,ses-01,192,192,144,1.1979166,1.1979166,1.2,4.892055511474609,,,,5308416,5252606,0.9894865059558257,0.0,689.0,78.59684925920581,26.0,90.36846072855998,23.0,0.011768720560256352,1.0364930031759172,2.0,3.0,257.0,322.0,2.6443479167956667,0.6334
BGSP,/run/media/falconnier/Elements1/BIDS_datasets_selection/BGSP/sub-0551/ses-01/anat/sub-0551_ses-01_T1w.nii.gz,,sub-0551,ses-01,192,192,144,1.1979166,1.1979166,1.2,4.677220344543457,,,,5308416,5251919,0.9893570888189622,0.0,606.0,72.51930541959996,18.0,86.89099611813891,15.0,0.04182012897973575,1.082558846743132,1.0,2.0,249.0,310.0,2.9179617588212343,0.6167
BGSP,/run/media/falconnier/Elements1/BIDS_datasets_selection/BGSP/sub-0556/ses-01/anat/sub-0556_ses-01_T1w.nii.gz,,sub-0556,ses-01,192,192,144,1.1979166,1.1979166,1.2,4.723538398742676,,,,5308416,5252124,0.9893957067418981,0.0,823.0,83.16648045628779,13.0,109.69656443922723,10.0,0.26960859507814705,1.2242462753485495,2.0,3.0,315.0,388.0,2.1535063400783283,0.578
BGSP,/run/media/falconnier/Elements1/BIDS_datasets_selection/BGSP/sub-0554/ses-01/anat/sub-0554_ses-01_T1w.nii.gz,,sub-0554,ses-01,192,192,144,1.1979166,1.1979166,1.2,5.10628604888916,,,,5308416,5253878,0.9897261254581404,0.0,906.0,96.92017306073723,33.0,108.21597373915273,30.0,-0.19762707992454276,0.9462682065693068,2.0,3.0,312.0,379.0,2.0897482801725737,0.6444
BGSP,/run/media/falconnier/Elements1/BIDS_datasets_selection/BGSP/sub-0552/ses-01/anat/sub-0552_ses-01_T1w.nii.gz,,sub-0552,ses-01,192,192,144,1.1979166,1.1979166,1.2,5.22334098815918,,,,5308416,5254192,0.9897852768132716,0.0,821.0,103.72021292712562,50.0,109.94857179321158,46.0,-0.47748316134236957,0.8164748254925296,2.0,4.0,313.0,384.0,2.3443053885227787,0.664
BGSP,/run/media/falconnier/Elements1/BIDS_datasets_selection/BGSP/sub-0553/ses-01/anat/sub-0553_ses-01_T1w.nii.gz,,sub-0553,ses-01,192,192,144,1.1979166,1.1979166,1.2,4.749612808227539,,,,5308416,5251618,0.9893003864052855,0.0,762.0,73.930948138269,17.0,90.12908871030643,14.0,0.15595280887253882,1.1209840803023154,2.0,3.0,261.0,319.0,2.332575113246029,0.6099
BGSP,/run/media/falconnier/Elements1/BIDS_datasets_selection/BGSP/sub-0555/ses-01/anat/sub-0555_ses-01_T1w.nii.gz,,sub-0555,ses-01,192,192,144,1.1979166,1.1979166,1.2,4.963017463684082,,,,5308416,5252710,0.9895060974874614,0.0,624.0,86.46951573568691,24.0,102.39094132738832,21.0,-0.029688377533874544,1.062532032684282,2.0,3.0,296.0,361.0,2.954082378818041,0.6215
BGSP,/run/media/falconnier/Elements1/BIDS_datasets_selection/BGSP/sub-0558/ses-01/anat/sub-0558_ses-01_T1w.nii.gz,,sub-0558,ses-01,192,192,144,1.1979166,1.1979166,1.2,4.6209306716918945,,,,5308416,5250139,0.9890217722198109,0.0,519.0,69.00201727992345,15.0,84.46366276046878,13.0,0.1477958664166108,1.1289094176918981,1.0,2.0,243.0,298.0,3.3498596662529385,0.6081
BGSP,/run/media/falconnier/Elements1/BIDS_datasets_selection/BGSP/sub-0557/ses-01/anat/sub-0557_ses-01_T1w.nii.gz,,sub-0557,ses-01,192,192,144,1.1979166,1.1979166,1.2,4.929699897766113,,,,5308416,5252743,0.9895123140311536,0.0,901.0,81.46068692110008,31.0,90.73648055122491,28.0,0.07755482189287166,0.9966999452070819,2.0,3.0,262.0,326.0,2.0427172217277656,0.6456
BGSP,/run/media/falconnier/Elements1/BIDS_datasets_selection/BGSP/sub-0559/ses-01/anat/sub-0559_ses-01_T1w.nii.gz,,sub-0559,ses-01,192,192,144,1.1979166,1.1979166,1.2,4.637432098388672,,,,5308416,5249753,0.9889490574966242,0.0,461.0,67.38844837080906,18.0,80.03018852887477,16.0,0.09547311893284949,1.0913691579630904,1.0,2.0,229.0,284.0,3.8034391311673916,0.6205
BGSP,/run/media/falconnier/Elements1/BIDS_datasets_selection/BGSP/sub-0560/ses-01/anat/sub-0560_ses-01_T1w.nii.gz,,sub-0560,ses-01,192,192,144,1.1979166,1.1979166,1.2,4.889921188354492,,,,5308416,5253735,0.9896991871021412,0.0,697.0,83.97163313338035,25.0,96.20363220232228,22.0,-0.1994918012324174,0.9656679225378763,2.0,3.0,270.0,339.0,2.614140705233204,0.6339
BGSP,/run/media/falconnier/Elements1/BIDS_datasets_selection/BGSP/sub-0561/ses-01/anat/sub-0561_ses-01_T1w.nii.gz,,sub-0561,ses-01,192,192,144,1.1979166,1.1979166,1.2,4.688902854919434,,,,5308416,5251448,0.9892683617862654,0.0,768.0,75.20885858528924,16.0,93.01828209187785,13.0,0.24742208332428905,1.1546594497060854,2.0,3.0,264.0,334.0,2.3279381457650903,0.6043
BGSP,/run/media/falconnier/Elements1/BIDS_datasets_selection/BGSP/sub-0562/ses-01/anat/sub-0562_ses-01_T1w.nii.gz,,sub-0562,ses-01,192,192,144,1.1979166,1.1979166,1.2,4.782859802246094,,,,5308416,5251973,0.9893672613450039,0.0,1106.0,75.67761429847411,22.0,87.70610592396791,19.0,0.34427456103083287,1.0617930367168398,2.0,3.0,249.0,308.0,1.6280619444461542,0.6299
BGSP,/run/media/falconnier/Elements1/BIDS_datasets_selection/BGSP/sub-0563/ses-01/anat/sub-0563_ses-01_T1w.nii.gz,,sub-0563,ses-01,192,192,144,1.1979166,1.1979166,1.2,4.8260908126831055,,,,5308416,5252130,0.9893968370225694,0.0,971.0,82.6114066102705,18.0,103.00921590772674,15.0,0.16586464968830095,1.1484514564877384,2.0,3.0,296.0,366.0,1.862406709972631,0.6009
BGSP,/run/media/falconnier/Elements1/BIDS_datasets_selection/BGSP/sub-0564/ses-01/anat/sub-0564_ses-01_T1w.nii.gz,,sub-0564,ses-01,192,192,144,1.1979166,1.1979166,1.2,4.807662010192871,,,,5308416,5249939,0.9889840961974344,0.0,595.0,78.07391723980031,23.0,88.89058574001146,21.0,-0.31477734592487483,0.9275093409380886,1.0,2.0,254.0,305.0,3.008641127731386,0.6355
BGSP,/run/media/falconnier/Elements1/BIDS_datasets_selection/BGSP/sub-0565/ses-01/anat/sub-0565_ses-01_T1w.nii.gz,,sub-0565,ses-01,192,192,144,1.1979166,1.1979166,1.2,4.883487701416016,,,,5308416,5251551,0.9892877649377894,0.0,704.0,79.16087114073538,21.0,96.53537104689067,18.0,0.1626821172809323,1.145111180213866,2.0,3.0,280.0,345.0,2.5790998511242362,0.6103
BGSP,/run/media/falconnier/Elements1/BIDS_datasets_selection/BGSP/sub-0568/ses-01/anat/sub-0568_ses-01_T1w.nii.gz,,sub-0568,ses-01,192,192,144,1.1979166,1.1979166,1.2,4.677141189575195,,,,5308416,5250783,0.9891430890118634,0.0,606.0,75.96756236165159,14.0,94.45344174393514,12.0,0.06569974368132936,1.107706289687452,1.0,2.0,267.0,331.0,2.890288101470576,0.6011
BGSP,/run/media/falconnier/Elements1/BIDS_datasets_selection/BGSP/sub-0570/ses-01/anat/sub-0570_ses-01_T1w.nii.gz,,sub-0570,ses-01,192,192,144,1.1979166,1.1979166,1.2,4.655141830444336,,,,5308416,5250705,0.9891283953631366,0.0,1204.0,77.10138638525683,13.0,99.63239724170697,10.0,0.5602962818048942,1.224074178267777,1.0,2.0,282.0,347.0,1.4577917748537608,0.5861
BGSP,/run/media/falconnier/Elements1/BIDS_datasets_selection/BGSP/sub-0572/ses-01/anat/sub-0572_ses-01_T1w.nii.gz,,sub-0572,ses-01,192,192,144,1.1979166,1.1979166,1.2,4.784826278686523,,,,5308416,5251175,0.9892169340157214,0.0,1114.0,77.44347998305142,25.0,88.90907867542037,22.0,0.3351415082040172,1.0487873261984506,1.0,2.0,252.0,312.0,1.6282150208211432,0.6335
BGSP,/run/media/falconnier/Elements1/BIDS_datasets_selection/BGSP/sub-0569/ses-01/anat/sub-0569_ses-01_T1w.nii.gz,,sub-0569,ses-01,192,192,144,1.1979166,1.1979166,1.2,5.135886192321777,,,,5308416,5254416,0.9898274739583334,0.0,961.0,93.05094381564003,35.0,104.91798575883891,31.0,0.2273501644418392,1.0630312828535347,2.0,3.0,302.0,378.0,1.9936052154073804,0.6419
BGSP,/run/media/falconnier/Elements1/BIDS_datasets_selection/BGSP/sub-0567/ses-01/anat/sub-0567_ses-01_T1w.nii.gz,,sub-0567,ses-01,192,192,144,1.1979166,1.1979166,1.2,4.536746025085449,,,,5308416,5251612,0.9892992561246142,0.0,778.0,73.24764986446067,11.0,101.17558357563689,8.0,0.5759289728532391,1.3276502974040523,2.0,3.0,289.0,364.0,2.1794159977801364,0.5597
BGSP,/run/media/falconnier/Elements1/BIDS_datasets_selection/BGSP/sub-0566/ses-01/anat/sub-0566_ses-01_T1w.nii.gz,,sub-0566,ses-01,192,192,144,1.1979166,1.1979166,1.2,4.780886650085449,,,,5308416,5252103,0.9893917507595487,0.0,724.0,79.20535640675745,18.0,96.18375152727472,15.0,-0.03984175774383747,1.0748984818264395,2.0,3.0,277.0,335.0,2.4652213504998786,0.6109
BGSP,/run/media/falconnier/Elements1/BIDS_datasets_selection/BGSP/sub-0573/ses-01/anat/sub-0573_ses-01_T1w.nii.gz,,sub-0573,ses-01,192,192,144,1.1979166,1.1979166,1.2,4.656554222106934,,,,5308416,5251982,0.9893689567660108,0.0,1072.0,79.06423098936745,14.0,104.07223559525369,11.0,0.5365212850109868,1.272580963207806,2.0,3.0,300.0,373.0,1.6497022321000832,0.5794
BGSP,/run/media/falconnier/Elements1/BIDS_datasets_selection/BGSP/sub-0571/ses-01/anat/sub-0571_ses-01_T1w.nii.gz,,sub-0571,ses-01,192,192,144,1.1979166,1.1979166,1.2,4.885302543640137,,,,5308416,5252624,0.9894898967978395,0.0,1272.0,86.5020047123114,18.0,105.95888234837248,15.0,0.16391342891962202,1.10992604484202,2.0,3.0,304.0,371.0,1.4382008765251024,0.6076
BGSP,/run/media/falconnier/Elements1/BIDS_datasets_selection/BGSP/sub-0574/ses-01/anat/sub-0574_ses-01_T1w.nii.gz,,sub-0574,ses-01,192,192,144,1.1979166,1.1979166,1.2,4.681232452392578,,,,5308416,5251751,0.989325440960166,0.0,766.0,75.59821590932243,13.0,98.93464021124223,10.0,0.3168038320316602,1.2358057768173816,2.0,3.0,288.0,349.0,2.2953759821039585,0.5815
BGSP,/run/media/falconnier/Elements1/BIDS_datasets_selection/BGSP/sub-0575/ses-01/anat/sub-0575_ses-01_T1w.nii.gz,,sub-0575,ses-01,192,192,144,1.1979166,1.1979166,1.2,4.619732856750488,,,,5308416,5249638,0.9889273937837577,0.0,624.0,66.41001570013017,17.0,81.53227786615606,14.0,0.27445799164099594,1.1544897171241288,1.0,2.0,232.0,291.0,2.78859348783796,0.6072
BGSP,/run/media/falconnier/Elements1/BIDS_datasets_selection/BGSP/sub-0576/ses-01/anat/sub-0576_ses-01_T1w.nii.gz,,sub-0576,ses-01,192,192,144,1.1979166,1.1979166,1.2,4.692551612854004,,,,5308416,5252245,0.9894185007354359,0.0,1052.0,74.35824185657752,14.0,92.03158161399936,11.0,0.43628532520913854,1.1748233223209175,2.0,3.0,262.0,334.0,1.6721122759995448,0.604
BGSP,/run/media/falconnier/Elements1/BIDS_datasets_selection/BGSP/sub-0577/ses-01/anat/sub-0577_ses-01_T1w.nii.gz,,sub-0577,ses-01,192,192,144,1.1979166,1.1979166,1.2,4.651653289794922,,,,5308416,5251834,0.9893410765094521,0.0,655.0,70.26657906552263,14.0,89.55019350768069,11.0,0.3167193589452997,1.20717001194444,2.0,3.0,256.0,323.0,2.63960854245162,0.5925
BGSP,/run/media/falconnier/Elements1/BIDS_datasets_selection/BGSP/sub-0579/ses-01/anat/sub-0579_ses-01_T1w.nii.gz,,sub-0579,ses-01,192,192,144,1.1979166,1.1979166,1.2,4.738286018371582,,,,5308416,5251204,0.9892223970389661,0.0,961.0,74.91295253431403,16.0,92.3503410232482,13.0,0.27166637403350613,1.1454256280995325,2.0,2.0,266.0,324.0,1.8466737885646238,0.6053
BGSP,/run/media/falconnier/Elements1/BIDS_datasets_selection/BGSP/sub-0578/ses-01/anat/sub-0578_ses-01_T1w.nii.gz,,sub-0578,ses-01,192,192,144,1.1979166,1.1979166,1.2,5.086103439331055,,,,5308416,5254163,0.989779813790027,0.0,720.0,86.92443230253801,50.0,89.6358982586491,46.0,-0.19935187935887466,0.8531916492503815,2.0,3.0,258.0,317.0,2.62016593196431,0.6752
BGSP,/run/media/falconnier/Elements1/BIDS_datasets_selection/BGSP/sub-0582/ses-02/anat/sub-0582_ses-02_T1w.nii.gz,,sub-0582,ses-02,192,192,144,1.1979166,1.1979166,1.2,4.970776557922363,,,,5308416,5252100,0.9893911856192129,0.0,710.0,89.77774223643875,21.0,111.88334965771749,18.0,0.31798190573769114,1.18940376672825,2.0,3.0,325.0,400.0,2.590046377779186,0.6013
BGSP,/run/media/falconnier/Elements1/BIDS_datasets_selection/BGSP/sub-0581/ses-01/anat/sub-0581_ses-01_T1w.nii.gz,,sub-0581,ses-01,192,192,144,1.1979166,1.1979166,1.2,4.911389350891113,,,,5308416,5251706,0.9893169638551311,0.0,619.0,78.66105204670635,28.0,87.80892135521442,25.0,-0.22183745244335418,0.9478942122473897,1.0,3.0,253.0,308.0,2.9502815449271034,0.6443
BGSP,/run/media/falconnier/Elements1/BIDS_datasets_selection/BGSP/sub-0583/ses-01/anat/sub-0583_ses-01_T1w.nii.gz,,sub-0583,ses-01,192,192,144,1.1979166,1.1979166,1.2,4.694799423217773,,,,5308416,5251055,0.9891943284022955,0.0,562.0,75.89999552470884,13.0,97.55593727361726,10.0,0.28773641351760615,1.2015774218271214,1.0,2.0,279.0,347.0,3.121316977869406,0.5884
BGSP,/run/media/falconnier/Elements1/BIDS_datasets_selection/BGSP/sub-0585/ses-01/anat/sub-0585_ses-01_T1w.nii.gz,,sub-0585,ses-01,192,192,144,1.1979166,1.1979166,1.2,5.093745231628418,,,,5308416,5253363,0.9896291097005209,0.0,912.0,94.26935488752633,44.0,101.10298890500117,41.0,-0.2789164905794488,0.8679102321992606,2.0,3.0,286.0,353.0,2.0780619650468353,0.6595
BGSP,/run/media/falconnier/Elements1/BIDS_datasets_selection/BGSP/sub-0584/ses-01/anat/sub-0584_ses-01_T1w.nii.gz,,sub-0584,ses-01,192,192,144,1.1979166,1.1979166,1.2,4.7472944259643555,,,,5308416,5251458,0.9892702455873843,0.0,775.0,76.64731128002929,17.0,94.37513670452572,14.0,0.15982483609812448,1.1308230652009688,2.0,3.0,274.0,332.0,2.283952946041422,0.6057
BGSP,/run/media/falconnier/Elements1/BIDS_datasets_selection/BGSP/sub-0582/ses-01/anat/sub-0582_ses-01_T1w.nii.gz,,sub-0582,ses-01,192,192,144,1.1979166,1.1979166,1.2,4.889975547790527,,,,5308416,5251869,0.9893476698133681,0.0,765.0,90.08648007023785,16.0,114.42331512936578,13.0,0.22742504278818876,1.1797196178693863,2.0,3.0,331.0,405.0,2.3864454099022474,0.593
BGSP,/run/media/falconnier/Elements1/BIDS_datasets_selection/BGSP/sub-0580/ses-01/anat/sub-0580_ses-01_T1w.nii.gz,,sub-0580,ses-01,192,192,144,1.1979166,1.1979166,1.2,4.846247673034668,,,,5308416,5252779,0.9895190957151814,0.0,668.0,86.60010424957913,15.0,109.36152681404093,12.0,0.2080635515779088,1.1656079360494997,2.0,3.0,316.0,390.0,2.678851614312564,0.5957
BGSP,/run/media/falconnier/Elements1/BIDS_datasets_selection/BGSP/sub-0586/ses-01/anat/sub-0586_ses-01_T1w.nii.gz,,sub-0586,ses-01,192,192,144,1.1979166,1.1979166,1.2,4.753975868225098,,,,5308416,5252486,0.9894639003423997,0.0,709.0,78.65537747268627,15.0,101.5685356893249,12.0,0.3903212949969186,1.2415313666642733,2.0,3.0,295.0,365.0,2.497391799164918,0.5874
BGSP,/run/media/falconnier/Elements1/BIDS_datasets_selection/BGSP/sub-0587/ses-01/anat/sub-0587_ses-01_T1w.nii.gz,,sub-0587,ses-01,192,192,144,1.1979166,1.1979166,1.2,5.043820381164551,,,,5308416,5254335,0.9898122151692709,0.0,505.0,85.58650504773678,54.0,86.91787047131103,50.0,-0.5401336086860069,0.7526897099999185,2.0,3.0,249.0,304.0,3.699524198777159,0.6801
BGSP,/run/media/falconnier/Elements1/BIDS_datasets_selection/BGSP/sub-0588/ses-01/anat/sub-0588_ses-01_T1w.nii.gz,,sub-0588,ses-01,192,192,144,1.1979166,1.1979166,1.2,4.666250228881836,,,,5308416,5251985,0.9893695219063464,0.0,690.0,72.73421249299075,13.0,94.96561200181453,10.0,0.45031726799811045,1.2580168390185347,2.0,3.0,273.0,344.0,2.5111103760266493,0.5828
BGSP,/run/media/falconnier/Elements1/BIDS_datasets_selection/BGSP/sub-0589/ses-01/anat/sub-0589_ses-01_T1w.nii.gz,,sub-0589,ses-01,192,192,144,1.1979166,1.1979166,1.2,4.732586860656738,,,,5308416,5252028,0.9893776222511574,0.0,557.0,74.91419524039095,17.0,90.39633471771471,14.0,0.019192565681160012,1.079704720279096,2.0,3.0,256.0,324.0,3.1852341635686288,0.6137
BGSP,/run/media/falconnier/Elements1/BIDS_datasets_selection/BGSP/sub-0591/ses-01/anat/sub-0591_ses-01_T1w.nii.gz,,sub-0591,ses-01,192,192,144,1.1979166,1.1979166,1.2,4.527233123779297,,,,5308416,5251291,0.9892387861086999,0.0,778.0,67.2632265094431,11.0,91.39149059299108,8.0,0.7442845918596874,1.3560137091927098,2.0,2.0,265.0,332.0,2.1766671456577438,0.567
BGSP,/run/media/falconnier/Elements1/BIDS_datasets_selection/BGSP/sub-0590/ses-01/anat/sub-0590_ses-01_T1w.nii.gz,,sub-0590,ses-01,192,192,144,1.1979166,1.1979166,1.2,5.082610130310059,,,,5308416,5253143,0.9895876660759066,0.0,916.0,94.80088663110827,38.0,103.70676693473824,34.0,-0.29533140392965507,0.8954499811863318,2.0,3.0,294.0,367.0,2.063152709099285,0.6521
BGSP,/run/media/falconnier/Elements1/BIDS_datasets_selection/BGSP/sub-0592/ses-01/anat/sub-0592_ses-01_T1w.nii.gz,,sub-0592,ses-01,192,192,144,1.1979166,1.1979166,1.2,5.000191688537598,,,,5308416,5253880,0.9897265022183642,0.0,669.0,89.11009158945389,29.0,100.86336112148011,26.0,-0.1911498228186992,0.969101842148157,2.0,3.0,291.0,355.0,2.7698487010943458,0.639
BGSP,/run/media/falconnier/Elements1/BIDS_datasets_selection/BGSP/sub-0595/ses-01/anat/sub-0595_ses-01_T1w.nii.gz,,sub-0595,ses-01,192,192,144,1.1979166,1.1979166,1.2,4.638800621032715,,,,5308416,5251706,0.9893169638551311,0.0,702.0,74.67872040057078,13.0,99.20005390145553,10.0,0.4776670390587592,1.283077177799538,2.0,3.0,288.0,355.0,2.47768865213873,0.5757
BGSP,/run/media/falconnier/Elements1/BIDS_datasets_selection/BGSP/sub-0593/ses-01/anat/sub-0593_ses-01_T1w.nii.gz,,sub-0593,ses-01,192,192,144,1.1979166,1.1979166,1.2,4.988892555236816,,,,5308416,5252596,0.9894846221547068,0.0,841.0,91.52697846931308,27.0,106.39965789131577,24.0,-0.1679068271534505,1.0018243620097926,2.0,3.0,306.0,367.0,2.2200221072872495,0.6284
BGSP,/run/media/falconnier/Elements1/BIDS_datasets_selection/BGSP/sub-0596/ses-01/anat/sub-0596_ses-01_T1w.nii.gz,,sub-0596,ses-01,192,192,144,1.1979166,1.1979166,1.2,4.904460906982422,,,,5308416,5251474,0.9892732596691743,0.0,707.0,85.7478220400596,24.0,98.4416534450762,22.0,-0.20178922386790354,0.9670765985502823,1.0,3.0,277.0,347.0,2.5905495119500173,0.6328
BGSP,/run/media/falconnier/Elements1/BIDS_datasets_selection/BGSP/sub-0594/ses-01/anat/sub-0594_ses-01_T1w.nii.gz,,sub-0594,ses-01,192,192,144,1.1979166,1.1979166,1.2,4.892640113830566,,,,5308416,5252359,0.9894399760681906,0.0,1019.0,83.06165058405185,23.0,98.56410308234494,20.0,0.4379471553158951,1.1427995238518598,2.0,3.0,287.0,359.0,1.8099157666725758,0.6212
BGSP,/run/media/falconnier/Elements1/BIDS_datasets_selection/BGSP/sub-0597/ses-01/anat/sub-0597_ses-01_T1w.nii.gz,,sub-0597,ses-01,192,192,144,1.1979166,1.1979166,1.2,4.9178571701049805,,,,5308416,5253006,0.9895618580005787,0.0,601.0,79.61324791938178,35.0,84.89550679064973,32.0,-0.4041393892487677,0.8377985444564414,2.0,3.0,243.0,298.0,3.0308861760469235,0.6616
BGSP,/run/media/falconnier/Elements1/BIDS_datasets_selection/BGSP/sub-0598/ses-01/anat/sub-0598_ses-01_T1w.nii.gz,,sub-0598,ses-01,192,192,144,1.1979166,1.1979166,1.2,5.009418487548828,,,,5308416,5253189,0.9895963315610532,0.0,867.0,92.44676252843749,32.0,103.67957886294194,29.0,-0.22172972190958795,0.9411915237461363,2.0,3.0,294.0,360.0,2.175248901390549,0.6424
BGSP,/run/media/falconnier/Elements1/BIDS_datasets_selection/BGSP/sub-0599/ses-01/anat/sub-0599_ses-01_T1w.nii.gz,,sub-0599,ses-01,192,192,144,1.1979166,1.1979166,1.2,4.859984397888184,,,,5308416,5252356,0.9894394109278549,0.0,1167.0,88.07593278140324,18.0,107.79997537017417,15.0,0.29218139546912036,1.127978710849223,2.0,3.0,305.0,380.0,1.5679462931925199,0.6081
BGSP,/run/media/falconnier/Elements1/BIDS_datasets_selection/BGSP/sub-0600/ses-01/anat/sub-0600_ses-01_T1w.nii.gz,,sub-0600,ses-01,192,192,144,1.1979166,1.1979166,1.2,5.182978630065918,,,,5308416,5253228,0.9896036783854166,0.0,574.0,100.82564225272537,48.0,107.3009881949049,45.0,-0.4746927401626957,0.8227936034013765,2.0,3.0,307.0,369.0,3.334698403155838,0.662
BGSP,/run/media/falconnier/Elements1/BIDS_datasets_selection/BGSP/sub-0604/ses-01/anat/sub-0604_ses-01_T1w.nii.gz,,sub-0604,ses-01,192,192,144,1.1979166,1.1979166,1.2,4.69077205657959,,,,5308416,5252197,0.9894094584900656,0.0,898.0,81.58503955582778,13.0,109.0254921741198,10.0,0.3814805025359451,1.259208191753603,2.0,3.0,314.0,384.0,1.9542101359497435,0.5729
BGSP,/run/media/falconnier/Elements1/BIDS_datasets_selection/BGSP/sub-0601/ses-01/anat/sub-0601_ses-01_T1w.nii.gz,,sub-0601,ses-01,192,192,144,1.1979166,1.1979166,1.2,4.732122421264648,,,,5308416,5251506,0.9892792878327547,0.0,1274.0,83.98482016396821,15.0,109.2541009366961,12.0,0.37511504136323914,1.2317952727164507,2.0,3.0,315.0,389.0,1.4188978134558554,0.5838
BGSP,/run/media/falconnier/Elements1/BIDS_datasets_selection/BGSP/sub-0602/ses-01/anat/sub-0602_ses-01_T1w.nii.gz,,sub-0602,ses-01,192,192,144,1.1979166,1.1979166,1.2,4.684295654296875,,,,5308416,5252626,0.9894902735580633,0.0,1105.0,71.39599545065649,13.0,95.72411005518595,10.0,1.1523480223708393,1.4410711284840763,2.0,3.0,287.0,354.0,1.5931903273186483,0.574
BGSP,/run/media/falconnier/Elements1/BIDS_datasets_selection/BGSP/sub-0603/ses-01/anat/sub-0603_ses-01_T1w.nii.gz,,sub-0603,ses-01,192,192,144,1.1979166,1.1979166,1.2,4.867404937744141,,,,5308416,5252460,0.9894590024594907,0.0,904.0,82.15007691634015,21.0,103.2088547150851,18.0,0.4547544274414861,1.2453048301489968,2.0,3.0,304.0,370.0,2.0241055679016466,0.5992
BGSP,/run/media/falconnier/Elements1/BIDS_datasets_selection/BGSP/sub-0605/ses-01/anat/sub-0605_ses-01_T1w.nii.gz,,sub-0605,ses-01,192,192,144,1.1979166,1.1979166,1.2,4.61783504486084,,,,5308416,5251784,0.989331657503858,0.0,576.0,70.57542884475066,14.0,91.3244186876057,11.0,0.37344355595250045,1.2333650713396853,2.0,3.0,262.0,330.0,3.0147533778779754,0.5863
BGSP,/run/media/falconnier/Elements1/BIDS_datasets_selection/BGSP/sub-0606/ses-01/anat/sub-0606_ses-01_T1w.nii.gz,,sub-0606,ses-01,192,192,144,1.1979166,1.1979166,1.2,4.592983245849609,,,,5308416,5250864,0.9891583478009259,0.0,569.0,72.24170441283567,12.0,96.3103875714358,9.0,0.43346591860215566,1.2716385475805807,1.0,2.0,276.0,345.0,3.0308256256152606,0.574
BGSP,/run/media/falconnier/Elements1/BIDS_datasets_selection/BGSP/sub-0608/ses-02/anat/sub-0608_ses-02_T1w.nii.gz,,sub-0608,ses-02,192,192,144,1.1979166,1.1979166,1.2,4.958796501159668,,,,5308416,5253065,0.9895729724271798,0.0,985.0,87.4942980907337,29.0,99.56968819404344,26.0,0.15996497908160956,1.0157142774955532,2.0,3.0,283.0,351.0,1.8852363243883905,0.6369
BGSP,/run/media/falconnier/Elements1/BIDS_datasets_selection/BGSP/sub-0607/ses-01/anat/sub-0607_ses-01_T1w.nii.gz,,sub-0607,ses-01,192,192,144,1.1979166,1.1979166,1.2,4.667264938354492,,,,5308416,5251164,0.9892148618344907,0.0,610.0,71.14279900608703,15.0,90.64687154216217,12.0,0.3146613735849555,1.2132291870505765,1.0,2.0,262.0,324.0,2.8651777753311105,0.5925
BGSP,/run/media/falconnier/Elements1/BIDS_datasets_selection/BGSP/sub-0608/ses-01/anat/sub-0608_ses-01_T1w.nii.gz,,sub-0608,ses-01,192,192,144,1.1979166,1.1979166,1.2,4.975186347961426,,,,5308416,5253854,0.9897216043354552,0.0,730.0,86.22687250159598,31.0,97.65663271741643,28.0,-0.013394534955179171,1.0110636111257774,2.0,3.0,282.0,349.0,2.5432637588035742,0.6393
BGSP,/run/media/falconnier/Elements1/BIDS_datasets_selection/BGSP/sub-0609/ses-01/anat/sub-0609_ses-01_T1w.nii.gz,,sub-0609,ses-01,192,192,144,1.1979166,1.1979166,1.2,5.016578674316406,,,,5308416,5253055,0.9895710886260609,0.0,724.0,90.50200140680042,36.0,99.97032091570046,33.0,-0.20829290907456954,0.9349871928350907,2.0,3.0,285.0,355.0,2.5948915338164027,0.6485
BGSP,/run/media/falconnier/Elements1/BIDS_datasets_selection/BGSP/sub-0610/ses-01/anat/sub-0610_ses-01_T1w.nii.gz,,sub-0610,ses-01,192,192,144,1.1979166,1.1979166,1.2,4.836833953857422,,,,5308416,5252629,0.9894908386983989,0.0,921.0,79.08612696613449,23.0,91.9805910681804,20.0,0.17640800940424928,1.0596348149933894,2.0,3.0,260.0,328.0,1.9749936997253952,0.6287
BGSP,/run/media/falconnier/Elements1/BIDS_datasets_selection/BGSP/sub-0613/ses-01/anat/sub-0613_ses-01_T1w.nii.gz,,sub-0613,ses-01,192,192,144,1.1979166,1.1979166,1.2,4.688140869140625,,,,5308416,5251843,0.989342771930459,0.0,879.0,74.56151126376017,15.0,96.61865702392086,12.0,0.4347224878499083,1.246237738296473,2.0,3.0,280.0,345.0,2.003126619531103,0.5858
BGSP,/run/media/falconnier/Elements1/BIDS_datasets_selection/BGSP/sub-0611/ses-01/anat/sub-0611_ses-01_T1w.nii.gz,,sub-0611,ses-01,192,192,144,1.1979166,1.1979166,1.2,4.937600135803223,,,,5308416,5252608,0.9894868827160493,0.0,661.0,84.40768852349157,27.0,95.95156528291596,24.0,-0.23185650082709985,0.9592981009713188,2.0,3.0,272.0,337.0,2.77535296474459,0.6372
BGSP,/run/media/falconnier/Elements1/BIDS_datasets_selection/BGSP/sub-0612/ses-01/anat/sub-0612_ses-01_T1w.nii.gz,,sub-0612,ses-01,192,192,144,1.1979166,1.1979166,1.2,4.701302528381348,,,,5308416,5252361,0.9894403528284144,0.0,982.0,77.13180681982827,13.0,103.94831985057759,10.0,0.7040266251446399,1.33801806166735,2.0,3.0,301.0,377.0,1.7887255393850998,0.5704
BGSP,/run/media/falconnier/Elements1/BIDS_datasets_selection/BGSP/sub-0615/ses-01/anat/sub-0615_ses-01_T1w.nii.gz,,sub-0615,ses-01,192,192,144,1.1979166,1.1979166,1.2,4.447259902954102,,,,5308416,5243432,0.9877583068094136,0.0,510.0,59.98221622784467,15.0,72.12978602348308,13.0,-0.0717449039581628,1.057791575156785,1.0,2.0,209.0,250.0,3.3187652077485694,0.614
BGSP,/run/media/falconnier/Elements1/BIDS_datasets_selection/BGSP/sub-0614/ses-01/anat/sub-0614_ses-01_T1w.nii.gz,,sub-0614,ses-01,192,192,144,1.1979166,1.1979166,1.2,4.7797698974609375,,,,5308416,5252096,0.9893904320987654,0.0,863.0,80.77565832764671,17.0,98.80205462975404,14.0,-0.023000301980227622,1.0769050668667752,2.0,3.0,280.0,345.0,2.07444351113758,0.608
BGSP,/run/media/falconnier/Elements1/BIDS_datasets_selection/BGSP/sub-0616/ses-01/anat/sub-0616_ses-01_T1w.nii.gz,,sub-0616,ses-01,192,192,144,1.1979166,1.1979166,1.2,5.0026960372924805,,,,5308416,5252287,0.989426412700135,0.0,747.0,92.51036834049624,34.0,102.17754722770692,31.0,-0.3325876541647932,0.8968386775764992,2.0,3.0,292.0,358.0,2.506067935607481,0.6479
BGSP,/run/media/falconnier/Elements1/BIDS_datasets_selection/BGSP/sub-0618/ses-01/anat/sub-0618_ses-01_T1w.nii.gz,,sub-0618,ses-01,192,192,144,1.1979166,1.1979166,1.2,5.164608001708984,,,,5308416,5253809,0.9897131272304205,0.0,966.0,102.90040102333374,40.0,114.04357890612997,36.0,-0.1686443658391612,0.9436856305712729,2.0,4.0,329.0,402.0,1.9795091103569105,0.6473
BGSP,/run/media/falconnier/Elements1/BIDS_datasets_selection/BGSP/sub-0617/ses-01/anat/sub-0617_ses-01_T1w.nii.gz,,sub-0617,ses-01,192,192,144,1.1979166,1.1979166,1.2,4.991865158081055,,,,5308416,5251515,0.9892809832537616,0.0,665.0,84.36010789267478,43.0,88.805308839144,40.0,-0.37239351120641473,0.8317821294581595,2.0,3.0,252.0,313.0,2.788300896131184,0.6665
BGSP,/run/media/falconnier/Elements1/BIDS_datasets_selection/BGSP/sub-0619/ses-01/anat/sub-0619_ses-01_T1w.nii.gz,,sub-0619,ses-01,192,192,144,1.1979166,1.1979166,1.2,4.823022842407227,,,,5308416,5252704,0.9895049672067902,0.0,793.0,83.45040421085977,16.0,108.7910636786746,13.0,0.48770226601218836,1.273557942295354,2.0,3.0,318.0,393.0,2.2688273680543074,0.5836
BGSP,/run/media/falconnier/Elements1/BIDS_datasets_selection/BGSP/sub-0620/ses-01/anat/sub-0620_ses-01_T1w.nii.gz,,sub-0620,ses-01,192,192,144,1.1979166,1.1979166,1.2,4.727888107299805,,,,5308416,5251644,0.9893052842881944,0.0,646.0,77.45739410363689,14.0,99.9043243803866,11.0,0.31113996960453516,1.2204385156057997,2.0,3.0,291.0,355.0,2.714761500655489,0.5874
BGSP,/run/media/falconnier/Elements1/BIDS_datasets_selection/BGSP/sub-0621/ses-01/anat/sub-0621_ses-01_T1w.nii.gz,,sub-0621,ses-01,192,192,144,1.1979166,1.1979166,1.2,4.850114822387695,,,,5308416,5251850,0.9893440905912423,0.0,882.0,82.85488504050953,22.0,97.80458793646812,19.0,0.06468101529537007,1.0613256956308594,2.0,3.0,279.0,347.0,2.0781126479862086,0.6226
BGSP,/run/media/falconnier/Elements1/BIDS_datasets_selection/BGSP/sub-0625/ses-01/anat/sub-0625_ses-01_T1w.nii.gz,,sub-0625,ses-01,192,192,144,1.1979166,1.1979166,1.2,4.6847333908081055,,,,5308416,5252131,0.9893970254026814,0.0,787.0,77.5618715527088,14.0,95.72247648508528,11.0,0.09829735339509282,1.1030077213568015,2.0,3.0,271.0,339.0,2.2331878105837015,0.6043
BGSP,/run/media/falconnier/Elements1/BIDS_datasets_selection/BGSP/sub-0622/ses-01/anat/sub-0622_ses-01_T1w.nii.gz,,sub-0622,ses-01,192,192,144,1.1979166,1.1979166,1.2,5.031345367431641,,,,5308416,5252187,0.9894075746889468,0.0,683.0,94.25771778499129,23.0,111.59159206696151,20.0,-0.01986684554086171,1.0461039231176494,2.0,3.0,321.0,392.0,2.7167349611797755,0.6209
BGSP,/run/media/falconnier/Elements1/BIDS_datasets_selection/BGSP/sub-0624/ses-01/anat/sub-0624_ses-01_T1w.nii.gz,,sub-0624,ses-01,192,192,144,1.1979166,1.1979166,1.2,4.652800559997559,,,,5308416,5251893,0.9893521909360532,0.0,602.0,69.41115251205613,14.0,92.84350419512226,11.0,0.7913652965548219,1.3708542016466474,2.0,3.0,273.0,338.0,2.8831413618181876,0.5742
BGSP,/run/media/falconnier/Elements1/BIDS_datasets_selection/BGSP/sub-0626/ses-01/anat/sub-0626_ses-01_T1w.nii.gz,,sub-0626,ses-01,192,192,144,1.1979166,1.1979166,1.2,4.6762189865112305,,,,5308416,5251789,0.9893325994044174,0.0,767.0,77.49180650631622,13.0,102.35620941167993,10.0,0.42927551320139123,1.2668602524057089,2.0,3.0,300.0,365.0,2.2938419702942907,0.5779
BGSP,/run/media/falconnier/Elements1/BIDS_datasets_selection/BGSP/sub-0623/ses-01/anat/sub-0623_ses-01_T1w.nii.gz,,sub-0623,ses-01,192,192,144,1.1979166,1.1979166,1.2,4.939470291137695,,,,5308416,5253351,0.9896268491391782,0.0,826.0,83.1705008860059,27.0,94.526589864257,24.0,-0.14738109270352062,0.9850446363435004,2.0,3.0,271.0,331.0,2.237330875323748,0.6378
BGSP,/run/media/falconnier/Elements1/BIDS_datasets_selection/BGSP/sub-0627/ses-01/anat/sub-0627_ses-01_T1w.nii.gz,,sub-0627,ses-01,192,192,144,1.1979166,1.1979166,1.2,4.889749526977539,,,,5308416,5251657,0.9893077332296489,0.0,792.0,84.45005547772827,21.0,101.42446186141797,18.0,-0.04262641691817537,1.0631261940882153,2.0,3.0,291.0,354.0,2.2997016496129166,0.6154
BGSP,/run/media/falconnier/Elements1/BIDS_datasets_selection/BGSP/sub-0628/ses-01/anat/sub-0628_ses-01_T1w.nii.gz,,sub-0628,ses-01,192,192,144,1.1979166,1.1979166,1.2,4.803071022033691,,,,5308416,5253617,0.9896769582489391,0.0,686.0,77.39697526485087,18.0,93.18137564497682,15.0,0.0016146877905462986,1.0696754011140805,2.0,3.0,265.0,326.0,2.5923025537707685,0.6147
BGSP,/run/media/falconnier/Elements1/BIDS_datasets_selection/BGSP/sub-0629/ses-01/anat/sub-0629_ses-01_T1w.nii.gz,,sub-0629,ses-01,192,192,144,1.1979166,1.1979166,1.2,5.111860275268555,,,,5308416,5253676,0.9896880726755402,0.0,762.0,92.0909561229128,29.0,104.08176972424704,25.0,-0.12793813007498267,0.9933435986084306,3.0,4.0,302.0,369.0,2.465005492149887,0.6405
BGSP,/run/media/falconnier/Elements1/BIDS_datasets_selection/BGSP/sub-0630/ses-01/anat/sub-0630_ses-01_T1w.nii.gz,,sub-0630,ses-01,192,192,144,1.1979166,1.1979166,1.2,4.806200981140137,,,,5308416,5251619,0.9893005747853973,0.0,838.0,78.94126877825676,16.0,98.35683895419851,13.0,0.041645462604503525,1.1261946276497279,2.0,3.0,283.0,344.0,2.1314266569098206,0.601
BGSP,/run/media/falconnier/Elements1/BIDS_datasets_selection/BGSP/sub-0631/ses-01/anat/sub-0631_ses-01_T1w.nii.gz,,sub-0631,ses-01,192,192,144,1.1979166,1.1979166,1.2,4.799712181091309,,,,5308416,5251467,0.9892719410083912,0.0,635.0,82.83789691528101,16.0,102.92665958575255,13.0,0.09918549396855703,1.121852158610299,2.0,3.0,293.0,361.0,2.8274688250763056,0.6016
BGSP,/run/media/falconnier/Elements1/BIDS_datasets_selection/BGSP/sub-0632/ses-01/anat/sub-0632_ses-01_T1w.nii.gz,,sub-0632,ses-01,192,192,144,1.1979166,1.1979166,1.2,4.892755508422852,,,,5308416,5253025,0.9895654372227045,0.0,557.0,70.1570194316608,19.0,82.67972263311438,15.0,0.4687418460096615,1.18731585851949,2.0,4.0,239.0,303.0,3.2230982897631724,0.6259
BGSP,/run/media/falconnier/Elements1/BIDS_datasets_selection/BGSP/sub-0633/ses-01/anat/sub-0633_ses-01_T1w.nii.gz,,sub-0633,ses-01,192,192,144,1.1979166,1.1979166,1.2,5.065675735473633,,,,5308416,5253774,0.9897065339265047,0.0,914.0,90.14084675130678,38.0,98.01839402521547,35.0,-0.23910937081148154,0.9067900726846349,2.0,3.0,279.0,346.0,2.0615682830802236,0.6547
BGSP,/run/media/falconnier/Elements1/BIDS_datasets_selection/BGSP/sub-0634/ses-01/anat/sub-0634_ses-01_T1w.nii.gz,,sub-0634,ses-01,192,192,144,1.1979166,1.1979166,1.2,4.908905029296875,,,,5308416,5252720,0.9895079812885802,0.0,856.0,94.02388914695625,19.0,119.39980938800085,15.0,0.29461858550823417,1.20530408498721,2.0,3.0,347.0,426.0,2.1671193419377874,0.5942
BGSP,/run/media/falconnier/Elements1/BIDS_datasets_selection/BGSP/sub-0638/ses-01/anat/sub-0638_ses-01_T1w.nii.gz,,sub-0638,ses-01,192,192,144,1.1979166,1.1979166,1.2,4.904353141784668,,,,5308416,5252222,0.9894141679928626,0.0,723.0,86.0583183650653,22.0,103.27631927545218,19.0,-0.02505643340926511,1.0669402145859226,2.0,3.0,298.0,364.0,2.5203898396654636,0.6158
BGSP,/run/media/falconnier/Elements1/BIDS_datasets_selection/BGSP/sub-0636/ses-01/anat/sub-0636_ses-01_T1w.nii.gz,,sub-0636,ses-01,192,192,144,1.1979166,1.1979166,1.2,4.5585737228393555,,,,5308416,5246706,0.9883750632957176,0.0,518.0,65.81919512928684,16.0,80.03909092150306,14.0,0.2227977653365043,1.118819762175307,1.0,2.0,227.0,282.0,3.296373256150074,0.6101
BGSP,/run/media/falconnier/Elements1/BIDS_datasets_selection/BGSP/sub-0635/ses-01/anat/sub-0635_ses-01_T1w.nii.gz,,sub-0635,ses-01,192,192,144,1.1979166,1.1979166,1.2,4.717303276062012,,,,5308416,5252065,0.9893845923152971,0.0,856.0,79.26300055311577,13.0,103.51542816761003,10.0,0.3653983612992868,1.2293794970253449,2.0,3.0,297.0,367.0,2.056401572890876,0.5822
BGSP,/run/media/falconnier/Elements1/BIDS_datasets_selection/BGSP/sub-0637/ses-01/anat/sub-0637_ses-01_T1w.nii.gz,,sub-0637,ses-01,192,192,144,1.1979166,1.1979166,1.2,4.908289909362793,,,,5308416,5253679,0.9896886378158758,0.0,912.0,85.47453679602427,28.0,97.47921003927797,25.0,0.11042589804680958,1.0149689380730158,2.0,3.0,279.0,347.0,2.018820079344785,0.6361
BGSP,/run/media/falconnier/Elements1/BIDS_datasets_selection/BGSP/sub-0639/ses-01/anat/sub-0639_ses-01_T1w.nii.gz,,sub-0639,ses-01,192,192,144,1.1979166,1.1979166,1.2,4.799385070800781,,,,5308416,5252522,0.9894706820264275,0.0,704.0,78.65663999122707,22.0,90.74639449524078,19.0,-0.019192111953953983,1.0031457130628874,2.0,3.0,258.0,321.0,2.54854918592081,0.6312
BGSP,/run/media/falconnier/Elements1/BIDS_datasets_selection/BGSP/sub-0640/ses-01/anat/sub-0640_ses-01_T1w.nii.gz,,sub-0640,ses-01,192,192,144,1.1979166,1.1979166,1.2,4.813732147216797,,,,5308416,5252706,0.9895053439670138,0.0,677.0,82.42710557187095,20.0,98.96560778224263,17.0,-0.01703383375801204,1.0685007705940492,2.0,3.0,283.0,351.0,2.666881270632328,0.6157
BGSP,/run/media/falconnier/Elements1/BIDS_datasets_selection/BGSP/sub-0641/ses-01/anat/sub-0641_ses-01_T1w.nii.gz,,sub-0641,ses-01,192,192,144,1.1979166,1.1979166,1.2,4.732336044311523,,,,5308416,5251449,0.9892685501663773,0.0,999.0,71.55497006635693,16.0,89.822714429177,13.0,0.5590319016169802,1.2278672000156474,2.0,3.0,262.0,318.0,1.776219444023568,0.5989
BGSP,/run/media/falconnier/Elements1/BIDS_datasets_selection/BGSP/sub-0643/ses-01/anat/sub-0643_ses-01_T1w.nii.gz,,sub-0643,ses-01,192,192,144,1.1979166,1.1979166,1.2,4.748346328735352,,,,5308416,5252161,0.9894026768060378,0.0,574.0,78.30690947973605,16.0,96.08945935740519,13.0,0.04898662975451895,1.100419125788666,2.0,3.0,272.0,344.0,3.1024550014680443,0.6069
BGSP,/run/media/falconnier/Elements1/BIDS_datasets_selection/BGSP/sub-0642/ses-01/anat/sub-0642_ses-01_T1w.nii.gz,,sub-0642,ses-01,192,192,144,1.1979166,1.1979166,1.2,5.134766578674316,,,,5308416,5254235,0.9897933771580826,0.0,922.0,95.2237107780676,51.0,98.74539687373878,47.0,-0.26061710981466124,0.8167710048575946,2.0,3.0,279.0,342.0,2.067613912418342,0.6726
BGSP,/run/media/falconnier/Elements1/BIDS_datasets_selection/BGSP/sub-0644/ses-01/anat/sub-0644_ses-01_T1w.nii.gz,,sub-0644,ses-01,192,192,144,1.1979166,1.1979166,1.2,4.875234603881836,,,,5308416,5251004,0.9891847210165895,0.0,614.0,82.11966892426668,21.0,96.47147343475821,19.0,-0.05531239258117937,1.0294085137424869,1.0,2.0,276.0,337.0,2.944956815460937,0.6238
BGSP,/run/media/falconnier/Elements1/BIDS_datasets_selection/BGSP/sub-0647/ses-01/anat/sub-0647_ses-01_T1w.nii.gz,,sub-0647,ses-01,192,192,144,1.1979166,1.1979166,1.2,4.767012596130371,,,,5308416,5251258,0.9892325695650077,0.0,555.0,75.17522125174577,23.0,86.42891339330583,21.0,-0.14706090494113466,0.9890144451022749,1.0,2.0,248.0,302.0,3.222289269241773,0.6324
BGSP,/run/media/falconnier/Elements1/BIDS_datasets_selection/BGSP/sub-0645/ses-01/anat/sub-0645_ses-01_T1w.nii.gz,,sub-0645,ses-01,192,192,144,1.1979166,1.1979166,1.2,4.986696243286133,,,,5308416,5253704,0.9896933473186729,0.0,708.0,84.21675907131426,34.0,93.02294484358694,31.0,-0.11392049197389209,0.9550487149505611,2.0,3.0,263.0,330.0,2.61801568025599,0.6488
BGSP,/run/media/falconnier/Elements1/BIDS_datasets_selection/BGSP/sub-0646/ses-01/anat/sub-0646_ses-01_T1w.nii.gz,,sub-0646,ses-01,192,192,144,1.1979166,1.1979166,1.2,4.800355911254883,,,,5308416,5251378,0.9892551751784336,0.0,553.0,77.54152909960014,23.0,91.43505686164612,20.0,-0.009186673493720487,1.0520075497554529,1.0,2.0,263.0,319.0,3.253509724117152,0.6228
BGSP,/run/media/falconnier/Elements1/BIDS_datasets_selection/BGSP/sub-0648/ses-01/anat/sub-0648_ses-01_T1w.nii.gz,,sub-0648,ses-01,192,192,144,1.1979166,1.1979166,1.2,4.903018951416016,,,,5308416,5253427,0.9896411660276814,0.0,871.0,82.26998566840274,24.0,93.85814758450837,21.0,-0.015034449674815153,0.986104688633526,2.0,3.0,265.0,328.0,2.099472413893611,0.6358
BGSP,/run/media/falconnier/Elements1/BIDS_datasets_selection/BGSP/sub-0648/ses-02/anat/sub-0648_ses-02_T1w.nii.gz,,sub-0648,ses-02,192,192,144,1.1979166,1.1979166,1.2,4.831297874450684,,,,5308416,5252908,0.9895433967496142,0.0,784.0,81.48397801750954,21.0,93.99537902603385,19.0,-0.20713364732866868,0.9663467589665102,2.0,3.0,265.0,328.0,2.3032291938287344,0.631
BGSP,/run/media/falconnier/Elements1/BIDS_datasets_selection/BGSP/sub-0651/ses-01/anat/sub-0651_ses-01_T1w.nii.gz,,sub-0651,ses-01,192,192,144,1.1979166,1.1979166,1.2,4.933321952819824,,,,5308416,5252138,0.9893983440634645,0.0,802.0,84.24481934785415,22.0,100.99432500698477,19.0,0.0781935698416798,1.0924552507473417,2.0,3.0,294.0,355.0,2.277092367764585,0.6165
BGSP,/run/media/falconnier/Elements1/BIDS_datasets_selection/BGSP/sub-0652/ses-01/anat/sub-0652_ses-01_T1w.nii.gz,,sub-0652,ses-01,192,192,144,1.1979166,1.1979166,1.2,4.779146194458008,,,,5308416,5252603,0.98948594081549,0.0,853.0,87.3060810040279,14.0,112.39179106684836,11.0,0.1923146317037081,1.1752349662122785,2.0,3.0,324.0,395.0,2.102174914933681,0.5874
BGSP,/run/media/falconnier/Elements1/BIDS_datasets_selection/BGSP/sub-0649/ses-01/anat/sub-0649_ses-01_T1w.nii.gz,,sub-0649,ses-01,192,192,144,1.1979166,1.1979166,1.2,5.295083045959473,,,,5308416,5238112,0.9867561246141975,0.0,980.0,95.5717256522961,70.0,92.24373766663781,64.0,-0.36956301600252095,0.7432523482255987,2.0,3.0,267.0,328.0,1.9819180835698686,0.6988
BGSP,/run/media/falconnier/Elements1/BIDS_datasets_selection/BGSP/sub-0650/ses-01/anat/sub-0650_ses-01_T1w.nii.gz,,sub-0650,ses-01,192,192,144,1.1979166,1.1979166,1.2,4.862282752990723,,,,5308416,5253901,0.9897304582007137,0.0,635.0,78.25170972958949,25.0,87.8933882200528,22.0,-0.28847310348536404,0.9310356941112382,2.0,3.0,248.0,309.0,2.851960705970329,0.6419
BGSP,/run/media/falconnier/Elements1/BIDS_datasets_selection/BGSP/sub-0653/ses-01/anat/sub-0653_ses-01_T1w.nii.gz,,sub-0653,ses-01,192,192,144,1.1979166,1.1979166,1.2,5.014636993408203,,,,5308416,5252557,0.9894772753303434,0.0,744.0,82.50125872027662,34.0,89.55727055581173,31.0,-0.3091964636087954,0.8970453351050972,2.0,3.0,257.0,315.0,2.490553088603692,0.6553
BGSP,/run/media/falconnier/Elements1/BIDS_datasets_selection/BGSP/sub-0655/ses-01/anat/sub-0655_ses-01_T1w.nii.gz,,sub-0655,ses-01,192,192,144,1.1979166,1.1979166,1.2,4.915735244750977,,,,5308416,5253436,0.9896428614486883,0.0,1146.0,84.88169761656943,24.0,97.8100352614363,21.0,-0.11375403020598585,0.9889690292755713,2.0,3.0,275.0,342.0,1.6084521431976788,0.6319
BGSP,/run/media/falconnier/Elements1/BIDS_datasets_selection/BGSP/sub-0656/ses-01/anat/sub-0656_ses-01_T1w.nii.gz,,sub-0656,ses-01,192,192,144,1.1979166,1.1979166,1.2,4.769231796264648,,,,5308416,5252351,0.9894384690272955,0.0,901.0,80.39521006878634,16.0,100.51139474412602,13.0,0.22938528854430507,1.155724667192863,2.0,3.0,288.0,354.0,1.9800797013966598,0.5999
BGSP,/run/media/falconnier/Elements1/BIDS_datasets_selection/BGSP/sub-0654/ses-01/anat/sub-0654_ses-01_T1w.nii.gz,,sub-0654,ses-01,192,192,144,1.1979166,1.1979166,1.2,4.840044021606445,,,,5308416,5252422,0.9894518440152392,0.0,868.0,84.32422375810626,18.0,104.8908207884288,15.0,0.12606877060445187,1.1344593217497734,2.0,3.0,302.0,365.0,2.0886185557594135,0.6016
BGSP,/run/media/falconnier/Elements1/BIDS_datasets_selection/BGSP/sub-0657/ses-01/anat/sub-0657_ses-01_T1w.nii.gz,,sub-0657,ses-01,192,192,144,1.1979166,1.1979166,1.2,4.9926652908325195,,,,5308416,5253241,0.9896061273268711,0.0,672.0,82.82111309951324,35.0,90.72753414292379,32.0,-0.06426326753893896,0.9731652644696719,2.0,3.0,260.0,323.0,2.7692526952467866,0.6526
BGSP,/run/media/falconnier/Elements1/BIDS_datasets_selection/BGSP/sub-0656/ses-02/anat/sub-0656_ses-02_T1w.nii.gz,,sub-0656,ses-02,192,192,144,1.1979166,1.1979166,1.2,4.73198127746582,,,,5308416,5252205,0.9894109655309606,0.0,728.0,79.41799834545681,14.0,99.90854295338835,11.0,0.1073132510306527,1.1401271973375855,2.0,3.0,284.0,353.0,2.4272543561138322,0.5971
BGSP,/run/media/falconnier/Elements1/BIDS_datasets_selection/BGSP/sub-0658/ses-01/anat/sub-0658_ses-01_T1w.nii.gz,,sub-0658,ses-01,192,192,144,1.1979166,1.1979166,1.2,4.726797103881836,,,,5308416,5251355,0.9892508424358604,0.0,752.0,76.75376260031935,17.0,93.54434723905855,14.0,0.044147301011760565,1.0906980883371797,2.0,3.0,269.0,325.0,2.363850782861294,0.6095
BGSP,/run/media/falconnier/Elements1/BIDS_datasets_selection/BGSP/sub-0659/ses-01/anat/sub-0659_ses-01_T1w.nii.gz,,sub-0659,ses-01,192,192,144,1.1979166,1.1979166,1.2,4.942770957946777,,,,5308416,5251099,0.9892026171272184,0.0,660.0,85.6255568596212,26.0,100.37098379813187,23.0,0.21149703971517075,1.0894787453576373,1.0,3.0,286.0,362.0,2.793251433362925,0.6254
BGSP,/run/media/falconnier/Elements1/BIDS_datasets_selection/BGSP/sub-0661/ses-01/anat/sub-0661_ses-01_T1w.nii.gz,,sub-0661,ses-01,192,192,144,1.1979166,1.1979166,1.2,4.90303897857666,,,,5308416,5252410,0.9894495834538966,0.0,866.0,82.64271410647683,24.0,96.8891453926816,21.0,0.006870655934373637,1.0454291772888578,2.0,3.0,277.0,341.0,2.1158230731174283,0.6254
BGSP,/run/media/falconnier/Elements1/BIDS_datasets_selection/BGSP/sub-0660/ses-01/anat/sub-0660_ses-01_T1w.nii.gz,,sub-0660,ses-01,192,192,144,1.1979166,1.1979166,1.2,4.920331001281738,,,,5308416,5253457,0.9896468174310378,0.0,577.0,85.92986294548523,23.0,102.61251012463613,20.0,0.05273202533325927,1.0951651274370553,2.0,3.0,295.0,367.0,3.204407397327474,0.6186
BGSP,/run/media/falconnier/Elements1/BIDS_datasets_selection/BGSP/sub-0662/ses-01/anat/sub-0662_ses-01_T1w.nii.gz,,sub-0662,ses-01,192,192,144,1.1979166,1.1979166,1.2,4.710777282714844,,,,5308416,5250920,0.9891688970871914,0.0,555.0,75.43862580271647,15.0,97.70761044386072,12.0,0.4400947536491526,1.2568640617907645,1.0,3.0,284.0,353.0,3.196907769828523,0.5862
BGSP,/run/media/falconnier/Elements1/BIDS_datasets_selection/BGSP/sub-0663/ses-01/anat/sub-0663_ses-01_T1w.nii.gz,,sub-0663,ses-01,192,192,144,1.1979166,1.1979166,1.2,4.425677299499512,,,,5308416,5250785,0.9891434657720872,0.0,618.0,64.92623636275339,10.0,88.12716668330927,7.0,0.5783946806022882,1.3186411697833689,1.0,2.0,252.0,320.0,2.7014956695273953,0.5669
BGSP,/run/media/falconnier/Elements1/BIDS_datasets_selection/BGSP/sub-0664/ses-01/anat/sub-0664_ses-01_T1w.nii.gz,,sub-0664,ses-01,192,192,144,1.1979166,1.1979166,1.2,4.727136611938477,,,,5308416,5252216,0.9894130377121914,0.0,967.0,81.83294403733586,14.0,103.83227052972155,11.0,0.15223144640920383,1.145685633439356,2.0,3.0,297.0,362.0,1.8310476540657972,0.5932
BGSP,/run/media/falconnier/Elements1/BIDS_datasets_selection/BGSP/sub-0665/ses-02/anat/sub-0665_ses-02_T1w.nii.gz,,sub-0665,ses-02,192,192,144,1.1979166,1.1979166,1.2,5.136847496032715,,,,5308416,5253501,0.9896551061559606,0.0,824.0,95.79923407266887,34.0,107.33725494996828,30.0,-0.0755702687089932,0.9989510102183476,2.0,4.0,315.0,384.0,2.3159606302448568,0.6437
BGSP,/run/media/falconnier/Elements1/BIDS_datasets_selection/BGSP/sub-0666/ses-01/anat/sub-0666_ses-01_T1w.nii.gz,,sub-0666,ses-01,192,192,144,1.1979166,1.1979166,1.2,4.912776947021484,,,,5308416,5252481,0.9894629584418403,0.0,836.0,83.06845660174687,28.0,94.07478665685585,25.0,-0.04591898894414026,0.9919858249909439,2.0,3.0,269.0,333.0,2.2044717005190124,0.6389
BGSP,/run/media/falconnier/Elements1/BIDS_datasets_selection/BGSP/sub-0665/ses-01/anat/sub-0665_ses-01_T1w.nii.gz,,sub-0665,ses-01,192,192,144,1.1979166,1.1979166,1.2,5.138364791870117,,,,5308416,5253758,0.9897035198447145,0.0,880.0,92.34538001179347,42.0,99.58171178056493,38.0,-0.06468372015665169,0.9614591023496883,2.0,4.0,291.0,358.0,2.1821610787449157,0.6589
BGSP,/run/media/falconnier/Elements1/BIDS_datasets_selection/BGSP/sub-0667/ses-01/anat/sub-0667_ses-01_T1w.nii.gz,,sub-0667,ses-01,192,192,144,1.1979166,1.1979166,1.2,4.751116752624512,,,,5308416,5252334,0.9894352665653935,0.0,602.0,85.8252249380942,13.0,112.69494893643521,10.0,0.21807518657924296,1.2041171904184516,2.0,3.0,323.0,396.0,2.938438344644873,0.5795
BGSP,/run/media/falconnier/Elements1/BIDS_datasets_selection/BGSP/sub-0668/ses-01/anat/sub-0668_ses-01_T1w.nii.gz,,sub-0668,ses-01,192,192,144,1.1979166,1.1979166,1.2,4.883417129516602,,,,5308416,5251950,0.9893629286024306,0.0,626.0,83.0714738335285,23.0,99.3671132682364,20.0,0.01752300519494865,1.0827726567065337,2.0,3.0,286.0,353.0,2.918401545557456,0.6174
BGSP,/run/media/falconnier/Elements1/BIDS_datasets_selection/BGSP/sub-0669/ses-01/anat/sub-0669_ses-01_T1w.nii.gz,,sub-0669,ses-01,192,192,144,1.1979166,1.1979166,1.2,4.648348808288574,,,,5308416,5252313,0.989431310583044,0.0,798.0,74.30386536369787,13.0,96.71743585671841,10.0,0.3693443897265847,1.2379098523511436,2.0,3.0,279.0,345.0,2.1887761038568603,0.5839
BGSP,/run/media/falconnier/Elements1/BIDS_datasets_selection/BGSP/sub-0670/ses-01/anat/sub-0670_ses-01_T1w.nii.gz,,sub-0670,ses-01,192,192,144,1.1979166,1.1979166,1.2,4.709073066711426,,,,5308416,5252864,0.9895351080246914,0.0,730.0,76.87287887141186,15.0,95.29772983687405,12.0,0.16524078321863822,1.1366763623253562,2.0,3.0,271.0,342.0,2.4148634825917052,0.6031
BGSP,/run/media/falconnier/Elements1/BIDS_datasets_selection/BGSP/sub-0671/ses-01/anat/sub-0671_ses-01_T1w.nii.gz,,sub-0671,ses-01,192,192,144,1.1979166,1.1979166,1.2,4.854503631591797,,,,5308416,5253288,0.9896149811921297,0.0,742.0,85.6462055763933,17.0,108.02327988249682,14.0,0.27113358494076145,1.1935937452216419,2.0,3.0,316.0,385.0,2.444198219516268,0.5967
BGSP,/run/media/falconnier/Elements1/BIDS_datasets_selection/BGSP/sub-0672/ses-01/anat/sub-0672_ses-01_T1w.nii.gz,,sub-0672,ses-01,192,192,144,1.1979166,1.1979166,1.2,4.546470642089844,,,,5308416,5250588,0.9891063548900463,0.0,559.0,72.3517506991598,11.0,95.30664855064468,8.0,0.3021495011463209,1.2305370558061455,1.0,2.0,276.0,337.0,3.0727540452847757,0.5784
BGSP,/run/media/falconnier/Elements1/BIDS_datasets_selection/BGSP/sub-0675/ses-01/anat/sub-0675_ses-01_T1w.nii.gz,,sub-0675,ses-01,192,192,144,1.1979166,1.1979166,1.2,4.731927871704102,,,,5308416,5252039,0.9893796944323882,0.0,1062.0,79.74780537615962,14.0,103.57243183963259,11.0,0.33607041427557327,1.2282820974711435,2.0,3.0,301.0,367.0,1.6689405420756245,0.5846
BGSP,/run/media/falconnier/Elements1/BIDS_datasets_selection/BGSP/sub-0674/ses-01/anat/sub-0674_ses-01_T1w.nii.gz,,sub-0674,ses-01,192,192,144,1.1979166,1.1979166,1.2,4.896701812744141,,,,5308416,5251070,0.9891971541039738,0.0,696.0,79.68867202303531,36.0,86.11325101286718,33.0,-0.16221154457648979,0.9013257787344777,1.0,2.0,244.0,304.0,2.6258561855378817,0.6564
BGSP,/run/media/falconnier/Elements1/BIDS_datasets_selection/BGSP/sub-0676/ses-01/anat/sub-0676_ses-01_T1w.nii.gz,,sub-0676,ses-01,192,192,144,1.1979166,1.1979166,1.2,4.8144636154174805,,,,5308416,5251463,0.9892711874879436,0.0,569.0,80.18267671313689,25.0,90.56263316846936,22.0,-0.31478790612028007,0.9281720953555269,2.0,3.0,256.0,317.0,3.1848283908167674,0.6392
BGSP,/run/media/falconnier/Elements1/BIDS_datasets_selection/BGSP/sub-0673/ses-01/anat/sub-0673_ses-01_T1w.nii.gz,,sub-0673,ses-01,192,192,144,1.1979166,1.1979166,1.2,4.886015892028809,,,,5308416,5252383,0.9894444971908758,0.0,589.0,75.55268113540083,33.0,81.37007659990651,30.0,-0.3617651928783481,0.8740772250658895,2.0,3.0,232.0,285.0,3.092310092677916,0.6582
BGSP,/run/media/falconnier/Elements1/BIDS_datasets_selection/BGSP/sub-0677/ses-01/anat/sub-0677_ses-01_T1w.nii.gz,,sub-0677,ses-01,192,192,144,1.1979166,1.1979166,1.2,4.81040096282959,,,,5308416,5252152,0.9894009813850309,0.0,833.0,88.76392686274122,17.0,107.32958720369176,14.0,-0.007457463822052812,1.0572375832513063,2.0,3.0,306.0,378.0,2.1813015985136452,0.6122
BGSP,/run/media/falconnier/Elements1/BIDS_datasets_selection/BGSP/sub-0678/ses-01/anat/sub-0678_ses-01_T1w.nii.gz,,sub-0678,ses-01,192,192,144,1.1979166,1.1979166,1.2,4.561779022216797,,,,5308416,5249972,0.9889903127411266,0.0,799.0,67.23702945463329,14.0,83.4260664351952,12.0,0.2561470345595689,1.1570330766215127,1.0,2.0,240.0,294.0,2.1587777724086137,0.6027
BGSP,/run/media/falconnier/Elements1/BIDS_datasets_selection/BGSP/sub-0679/ses-02/anat/sub-0679_ses-02_T1w.nii.gz,,sub-0679,ses-02,192,192,144,1.1979166,1.1979166,1.2,4.878985404968262,,,,5308416,5252296,0.989428108121142,0.0,1104.0,89.97051537080165,18.0,109.3923536098034,15.0,0.17373015867036923,1.0890046004415257,2.0,3.0,308.0,383.0,1.656911167626383,0.6101
BGSP,/run/media/falconnier/Elements1/BIDS_datasets_selection/BGSP/sub-0679/ses-01/anat/sub-0679_ses-01_T1w.nii.gz,,sub-0679,ses-01,192,192,144,1.1979166,1.1979166,1.2,4.855774879455566,,,,5308416,5252306,0.9894299919222608,0.0,900.0,90.01013707122166,17.0,109.7205887803769,14.0,-0.04406141529941365,1.053350953698752,2.0,3.0,308.0,383.0,2.01199359143476,0.6087
BGSP,/run/media/falconnier/Elements1/BIDS_datasets_selection/BGSP/sub-0680/ses-01/anat/sub-0680_ses-01_T1w.nii.gz,,sub-0680,ses-01,192,192,144,1.1979166,1.1979166,1.2,4.763753890991211,,,,5308416,5252897,0.9895413245683835,0.0,940.0,83.14509917099079,15.0,109.12386271552205,11.0,0.4020803987084034,1.2547506090099898,2.0,3.0,317.0,388.0,1.8990006149574232,0.5808
BGSP,/run/media/falconnier/Elements1/BIDS_datasets_selection/BGSP/sub-0681/ses-01/anat/sub-0681_ses-01_T1w.nii.gz,,sub-0681,ses-01,192,192,144,1.1979166,1.1979166,1.2,5.046587944030762,,,,5308416,5253130,0.9895852171344521,0.0,941.0,99.69812549851231,23.0,116.48149769740832,20.0,-0.22403421556602598,0.978042648793911,2.0,3.0,330.0,404.0,1.9841063151676714,0.6257
BGSP,/run/media/falconnier/Elements1/BIDS_datasets_selection/BGSP/sub-0682/ses-01/anat/sub-0682_ses-01_T1w.nii.gz,,sub-0682,ses-01,192,192,144,1.1979166,1.1979166,1.2,4.905023574829102,,,,5308416,5251912,0.989355770158179,0.0,660.0,91.57604392457452,18.0,113.0768049797501,15.0,0.0663454456753576,1.1118723605763459,2.0,3.0,325.0,401.0,2.767970117645664,0.6042
BGSP,/run/media/falconnier/Elements1/BIDS_datasets_selection/BGSP/sub-0683/ses-01/anat/sub-0683_ses-01_T1w.nii.gz,,sub-0683,ses-01,192,192,144,1.1979166,1.1979166,1.2,5.141463279724121,,,,5308416,5253332,0.9896232699170525,0.0,870.0,98.2350506307235,42.0,107.15414317707027,38.0,-0.2478676205521837,0.9150111252922539,2.0,3.0,309.0,377.0,2.2045463165143446,0.6534
BGSP,/run/media/falconnier/Elements1/BIDS_datasets_selection/BGSP/sub-0686/ses-01/anat/sub-0686_ses-01_T1w.nii.gz,,sub-0686,ses-01,192,192,144,1.1979166,1.1979166,1.2,4.834301948547363,,,,5308416,5252076,0.9893866644965278,0.0,909.0,80.59114357827266,17.0,101.16673884728394,14.0,0.3033785675976697,1.1920098918542534,2.0,3.0,294.0,361.0,1.9801720633763975,0.5986
BGSP,/run/media/falconnier/Elements1/BIDS_datasets_selection/BGSP/sub-0684/ses-01/anat/sub-0684_ses-01_T1w.nii.gz,,sub-0684,ses-01,192,192,144,1.1979166,1.1979166,1.2,4.936331748962402,,,,5308416,5252738,0.9895113721305941,0.0,1029.0,82.9806790287275,22.0,100.95582487971944,19.0,0.28312427006981533,1.1567977964184555,2.0,3.0,294.0,359.0,1.7802251976057972,0.6114
BGSP,/run/media/falconnier/Elements1/BIDS_datasets_selection/BGSP/sub-0690/ses-01/anat/sub-0690_ses-01_T1w.nii.gz,,sub-0690,ses-01,192,192,144,1.1979166,1.1979166,1.2,4.845766067504883,,,,5308416,5252705,0.989505155586902,0.0,1147.0,89.87518088299267,15.0,115.68156521407755,12.0,0.393648472413747,1.2065901223142472,2.0,3.0,334.0,406.0,1.5793470083962586,0.5877
BGSP,/run/media/falconnier/Elements1/BIDS_datasets_selection/BGSP/sub-0685/ses-01/anat/sub-0685_ses-01_T1w.nii.gz,,sub-0685,ses-01,192,192,144,1.1979166,1.1979166,1.2,4.756796836853027,,,,5308416,5251317,0.9892436839916088,0.0,539.0,75.23847484354877,17.0,94.17430824173184,14.0,0.2771651151273944,1.185341831292687,1.0,2.0,274.0,336.0,3.2936875472581324,0.5996
BGSP,/run/media/falconnier/Elements1/BIDS_datasets_selection/BGSP/sub-0687/ses-01/anat/sub-0687_ses-01_T1w.nii.gz,,sub-0687,ses-01,192,192,144,1.1979166,1.1979166,1.2,4.777872085571289,,,,5308416,5252495,0.9894655957634066,0.0,594.0,74.55537758722284,16.0,95.3822757665277,12.0,0.4772086738686463,1.269602311129091,2.0,3.0,281.0,343.0,3.001441188205165,0.5922
BGSP,/run/media/falconnier/Elements1/BIDS_datasets_selection/BGSP/sub-0688/ses-01/anat/sub-0688_ses-01_T1w.nii.gz,,sub-0688,ses-01,192,192,144,1.1979166,1.1979166,1.2,4.695146560668945,,,,5308416,5251915,0.9893563352985146,0.0,1165.0,78.30167015269669,13.0,99.6102589610732,10.0,0.3794496247622692,1.1832276315334458,2.0,3.0,285.0,352.0,1.507010356538568,0.5924
BGSP,/run/media/falconnier/Elements1/BIDS_datasets_selection/BGSP/sub-0689/ses-01/anat/sub-0689_ses-01_T1w.nii.gz,,sub-0689,ses-01,192,192,144,1.1979166,1.1979166,1.2,4.658992767333984,,,,5308416,5251554,0.989288330078125,0.0,839.0,73.06260565920107,14.0,94.65536106389281,11.0,0.32590306894765053,1.2223437519529774,2.0,3.0,272.0,337.0,2.082187940194661,0.5857
BGSP,/run/media/falconnier/Elements1/BIDS_datasets_selection/BGSP/sub-0691/ses-01/anat/sub-0691_ses-01_T1w.nii.gz,,sub-0691,ses-01,192,192,144,1.1979166,1.1979166,1.2,4.760978698730469,,,,5308416,5252171,0.9894045606071566,0.0,952.0,79.60023997695428,14.0,103.778171534025,11.0,0.4232209081311473,1.25452950598273,2.0,3.0,303.0,369.0,1.8668908350311741,0.5834
BGSP,/run/media/falconnier/Elements1/BIDS_datasets_selection/BGSP/sub-0692/ses-01/anat/sub-0692_ses-01_T1w.nii.gz,,sub-0692,ses-01,192,192,144,1.1979166,1.1979166,1.2,4.8581085205078125,,,,5308416,5252068,0.9893851574556327,0.0,1230.0,87.59873406056434,16.0,109.361198193395,13.0,0.2895699211044378,1.1459896669900982,2.0,3.0,316.0,384.0,1.4693441628250754,0.5997
BGSP,/run/media/falconnier/Elements1/BIDS_datasets_selection/BGSP/sub-0693/ses-01/anat/sub-0693_ses-01_T1w.nii.gz,,sub-0693,ses-01,192,192,144,1.1979166,1.1979166,1.2,4.965876579284668,,,,5308416,5252561,0.989478028850791,0.0,911.0,82.88544292964899,26.0,96.38223359296417,23.0,0.04899032044720064,1.056232830894712,2.0,3.0,273.0,343.0,2.0286760983114775,0.629
BGSP,/run/media/falconnier/Elements1/BIDS_datasets_selection/BGSP/sub-0694/ses-01/anat/sub-0694_ses-01_T1w.nii.gz,,sub-0694,ses-01,192,192,144,1.1979166,1.1979166,1.2,4.830251693725586,,,,5308416,5252528,0.9894718123070988,0.0,824.0,81.90396167331235,17.0,101.39211076818245,14.0,0.27230409095859276,1.1552304591298412,2.0,3.0,292.0,361.0,2.1874954684632266,0.6037
BGSP,/run/media/falconnier/Elements1/BIDS_datasets_selection/BGSP/sub-0696/ses-01/anat/sub-0696_ses-01_T1w.nii.gz,,sub-0696,ses-01,192,192,144,1.1979166,1.1979166,1.2,4.685488700866699,,,,5308416,5251086,0.9892001681857638,0.0,633.0,69.65395501044927,18.0,85.67277024887139,15.0,0.14590514401435684,1.1450929913470886,1.0,2.0,247.0,305.0,2.784964096471535,0.6067
BGSP,/run/media/falconnier/Elements1/BIDS_datasets_selection/BGSP/sub-0695/ses-01/anat/sub-0695_ses-01_T1w.nii.gz,,sub-0695,ses-01,192,192,144,1.1979166,1.1979166,1.2,4.685373306274414,,,,5308416,5251906,0.9893546398775077,0.0,550.0,71.06866116796455,17.0,88.16564341788515,14.0,0.24724384659573628,1.179231682891865,2.0,3.0,255.0,317.0,3.2107804452000015,0.6036
BGSP,/run/media/falconnier/Elements1/BIDS_datasets_selection/BGSP/sub-0698/ses-01/anat/sub-0698_ses-01_T1w.nii.gz,,sub-0698,ses-01,192,192,144,1.1979166,1.1979166,1.2,4.7589826583862305,,,,5308416,5249970,0.9889899359809028,0.0,553.0,73.563698268752,18.0,88.5270304074094,16.0,0.13703253501578327,1.106177755418316,1.0,2.0,255.0,315.0,3.207482375799258,0.6147
BGSP,/run/media/falconnier/Elements1/BIDS_datasets_selection/BGSP/sub-0699/ses-01/anat/sub-0699_ses-01_T1w.nii.gz,,sub-0699,ses-01,192,192,144,1.1979166,1.1979166,1.2,4.730303764343262,,,,5308416,5250703,0.9891280186029128,0.0,733.0,81.90253000407755,14.0,101.58120447558008,12.0,0.007811108183819471,1.0893033668954257,1.0,2.0,290.0,353.0,2.4113176400518217,0.6017
BGSP,/run/media/falconnier/Elements1/BIDS_datasets_selection/BGSP/sub-0697/ses-01/anat/sub-0697_ses-01_T1w.nii.gz,,sub-0697,ses-01,192,192,144,1.1979166,1.1979166,1.2,5.366961479187012,,,,5308416,5254798,0.9898994351610725,0.0,1004.0,115.32875859357486,73.0,116.95524482082097,68.0,-0.5852588838755413,0.7330254235171985,2.0,4.0,337.0,403.0,1.960478876286315,0.6805
BGSP,/run/media/falconnier/Elements1/BIDS_datasets_selection/BGSP/sub-0700/ses-01/anat/sub-0700_ses-01_T1w.nii.gz,,sub-0700,ses-01,192,192,144,1.1979166,1.1979166,1.2,4.664252281188965,,,,5308416,5252037,0.9893793176721644,0.0,776.0,77.27168982244413,14.0,96.57645250634494,11.0,0.12729907418698394,1.1246929489744248,2.0,3.0,274.0,343.0,2.2561025566737674,0.5993
BGSP,/run/media/falconnier/Elements1/BIDS_datasets_selection/BGSP/sub-0701/ses-01/anat/sub-0701_ses-01_T1w.nii.gz,,sub-0701,ses-01,192,192,144,1.1979166,1.1979166,1.2,4.780575752258301,,,,5308416,5252740,0.9895117488908179,0.0,1305.0,81.46951343489303,17.0,98.81682118341587,14.0,0.7397317213646382,1.1656405652698232,2.0,3.0,278.0,354.0,1.374526576624448,0.6118
BGSP,/run/media/falconnier/Elements1/BIDS_datasets_selection/BGSP/sub-0702/ses-01/anat/sub-0702_ses-01_T1w.nii.gz,,sub-0702,ses-01,192,192,144,1.1979166,1.1979166,1.2,4.666786193847656,,,,5308416,5251716,0.98931884765625,0.0,591.0,79.96435507936835,13.0,105.88143371735102,10.0,0.3530691027601085,1.2469331876188696,2.0,3.0,306.0,378.0,2.96827414140325,0.5765
BGSP,/run/media/falconnier/Elements1/BIDS_datasets_selection/BGSP/sub-0703/ses-01/anat/sub-0703_ses-01_T1w.nii.gz,,sub-0703,ses-01,192,192,144,1.1979166,1.1979166,1.2,4.656313896179199,,,,5308416,5251370,0.9892536681375386,0.0,747.0,74.21048278830095,13.0,96.18873459628792,10.0,0.27865189925394374,1.2085347922359797,2.0,3.0,276.0,343.0,2.3333881567135983,0.5852
BGSP,/run/media/falconnier/Elements1/BIDS_datasets_selection/BGSP/sub-0705/ses-01/anat/sub-0705_ses-01_T1w.nii.gz,,sub-0705,ses-01,192,192,144,1.1979166,1.1979166,1.2,5.011724472045898,,,,5308416,5252127,0.9893962718822338,0.0,620.0,84.90857551616708,41.0,90.52964332565303,38.0,-0.3376896828445992,0.8712067564938902,2.0,3.0,262.0,321.0,3.009486843592373,0.662
BGSP,/run/media/falconnier/Elements1/BIDS_datasets_selection/BGSP/sub-0706/ses-01/anat/sub-0706_ses-01_T1w.nii.gz,,sub-0706,ses-01,192,192,144,1.1979166,1.1979166,1.2,4.62611198425293,,,,5308416,5250313,0.9890545503592786,0.0,903.0,72.98877476447595,13.0,93.11671370236948,11.0,0.3393436251732225,1.2049911309506107,1.0,2.0,268.0,333.0,1.926015011773592,0.5914
BGSP,/run/media/falconnier/Elements1/BIDS_datasets_selection/BGSP/sub-0704/ses-01/anat/sub-0704_ses-01_T1w.nii.gz,,sub-0704,ses-01,192,192,144,1.1979166,1.1979166,1.2,4.719961166381836,,,,5308416,5251652,0.9893067913290895,0.0,689.0,69.2727412250469,17.0,86.7506835829881,14.0,0.4064066918566165,1.2187938391593676,2.0,3.0,251.0,312.0,2.5467978985040594,0.6001
BGSP,/run/media/falconnier/Elements1/BIDS_datasets_selection/BGSP/sub-0709/ses-01/anat/sub-0709_ses-01_T1w.nii.gz,,sub-0709,ses-01,192,192,144,1.1979166,1.1979166,1.2,4.687848091125488,,,,5308416,5252425,0.9894524091555749,0.0,783.0,78.12508317586638,14.0,103.41552355895799,11.0,0.45443395777586026,1.2725563396307449,2.0,3.0,296.0,371.0,2.251112827112258,0.5774
BGSP,/run/media/falconnier/Elements1/BIDS_datasets_selection/BGSP/sub-0711/ses-01/anat/sub-0711_ses-01_T1w.nii.gz,,sub-0711,ses-01,192,192,144,1.1979166,1.1979166,1.2,4.6852827072143555,,,,5308416,5251067,0.9891965889636382,0.0,709.0,74.34683484328042,15.0,95.50658616029246,12.0,0.4074500133773866,1.23127083072384,1.0,2.0,273.0,345.0,2.4776410429099203,0.5891
BGSP,/run/media/falconnier/Elements1/BIDS_datasets_selection/BGSP/sub-0707/ses-01/anat/sub-0707_ses-01_T1w.nii.gz,,sub-0707,ses-01,192,192,144,1.1979166,1.1979166,1.2,4.735420227050781,,,,5308416,5251007,0.9891852861569251,0.0,698.0,82.54854030855415,13.0,107.2150719862753,10.0,0.18679327731159656,1.1893190654484165,1.0,3.0,306.0,378.0,2.53247479509771,0.5839
BGSP,/run/media/falconnier/Elements1/BIDS_datasets_selection/BGSP/sub-0708/ses-01/anat/sub-0708_ses-01_T1w.nii.gz,,sub-0708,ses-01,192,192,144,1.1979166,1.1979166,1.2,4.859435081481934,,,,5308416,5252087,0.9893887366777585,0.0,673.0,84.55145640199791,19.0,103.91685709079862,16.0,0.032457424225199816,1.1045207069275575,2.0,3.0,297.0,368.0,2.6860987432521606,0.6063
BGSP,/run/media/falconnier/Elements1/BIDS_datasets_selection/BGSP/sub-0710/ses-01/anat/sub-0710_ses-01_T1w.nii.gz,,sub-0710,ses-01,192,192,144,1.1979166,1.1979166,1.2,5.09658145904541,,,,5308416,5252505,0.9894674795645254,0.0,986.0,102.06726771321493,25.0,119.59388966163723,21.0,0.05535224838659092,1.0441671965146375,2.0,4.0,344.0,426.0,1.918971305066116,0.6254
BGSP,/run/media/falconnier/Elements1/BIDS_datasets_selection/BGSP/sub-0712/ses-01/anat/sub-0712_ses-01_T1w.nii.gz,,sub-0712,ses-01,192,192,144,1.1979166,1.1979166,1.2,4.708766937255859,,,,5308416,5252039,0.9893796944323882,0.0,1061.0,77.29287425321861,14.0,100.89298017620443,11.0,0.6215446341899442,1.26743451714964,2.0,3.0,287.0,358.0,1.6631469048352934,0.5828
BGSP,/run/media/falconnier/Elements1/BIDS_datasets_selection/BGSP/sub-0713/ses-01/anat/sub-0713_ses-01_T1w.nii.gz,,sub-0713,ses-01,192,192,144,1.1979166,1.1979166,1.2,5.043387413024902,,,,5308416,5253949,0.989739500446084,0.0,1043.0,101.67363044445236,22.0,121.44821907154426,19.0,-0.049182069963392916,1.040490039365172,2.0,3.0,345.0,427.0,1.8014653025542788,0.6174
BGSP,/run/media/falconnier/Elements1/BIDS_datasets_selection/BGSP/sub-0714/ses-01/anat/sub-0714_ses-01_T1w.nii.gz,,sub-0714,ses-01,192,192,144,1.1979166,1.1979166,1.2,4.725714683532715,,,,5308416,5249939,0.9889840961974344,0.0,523.0,72.31825645974172,19.0,87.55361465032877,17.0,0.30099177769639684,1.144199341362565,1.0,2.0,250.0,319.0,3.3765957323578286,0.6126
BGSP,/run/media/falconnier/Elements1/BIDS_datasets_selection/BGSP/sub-0715/ses-01/anat/sub-0715_ses-01_T1w.nii.gz,,sub-0715,ses-01,192,192,144,1.1979166,1.1979166,1.2,4.564801216125488,,,,5308416,5250691,0.9891257580415702,0.0,808.0,71.06345583847916,11.0,97.85824900542693,8.0,0.7186875902967698,1.3587867066711172,1.0,2.0,282.0,352.0,2.118777188319114,0.5614
BGSP,/run/media/falconnier/Elements1/BIDS_datasets_selection/BGSP/sub-0716/ses-01/anat/sub-0716_ses-01_T1w.nii.gz,,sub-0716,ses-01,192,192,144,1.1979166,1.1979166,1.2,5.299831390380859,,,,5308416,5233065,0.9858053701895254,0.0,1126.0,105.80361145905889,79.0,104.520545646906,73.0,-0.44826434000896986,0.742926225620496,2.0,3.0,306.0,357.0,1.7315768748799256,0.6892
BGSP,/run/media/falconnier/Elements1/BIDS_datasets_selection/BGSP/sub-0719/ses-01/anat/sub-0719_ses-01_T1w.nii.gz,,sub-0719,ses-01,192,192,144,1.1979166,1.1979166,1.2,4.776848793029785,,,,5308416,5251991,0.9893706521870177,0.0,767.0,82.11276009421951,17.0,99.23655161228945,14.0,-0.06640147167992128,1.0448959951335266,2.0,3.0,281.0,348.0,2.3386309455393657,0.6124
BGSP,/run/media/falconnier/Elements1/BIDS_datasets_selection/BGSP/sub-0718/ses-01/anat/sub-0718_ses-01_T1w.nii.gz,,sub-0718,ses-01,192,192,144,1.1979166,1.1979166,1.2,4.809093475341797,,,,5308416,5252519,0.9894701168860918,0.0,834.0,85.81136860237916,16.0,107.97593455734413,13.0,0.10285816971335704,1.1348313512434776,2.0,3.0,309.0,377.0,2.1638324265880233,0.5968
BGSP,/run/media/falconnier/Elements1/BIDS_datasets_selection/BGSP/sub-0723/ses-01/anat/sub-0723_ses-01_T1w.nii.gz,,sub-0723,ses-01,192,192,144,1.1979166,1.1979166,1.2,4.9294633865356445,,,,5308416,5252376,0.9894431785300926,0.0,757.0,84.62263173847417,22.0,100.09703248511131,19.0,0.04428401183565844,1.0690910161851856,2.0,3.0,289.0,359.0,2.4218097790756232,0.6219
BGSP,/run/media/falconnier/Elements1/BIDS_datasets_selection/BGSP/sub-0720/ses-01/anat/sub-0720_ses-01_T1w.nii.gz,,sub-0720,ses-01,192,192,144,1.1979166,1.1979166,1.2,4.927233695983887,,,,5308416,5253120,0.9895833333333334,0.0,651.0,83.19261924342105,26.0,95.09442734009336,23.0,0.007137526333431232,1.0080537873367335,2.0,3.0,270.0,337.0,2.8025644061273387,0.6351
BGSP,/run/media/falconnier/Elements1/BIDS_datasets_selection/BGSP/sub-0717/ses-01/anat/sub-0717_ses-01_T1w.nii.gz,,sub-0717,ses-01,192,192,144,1.1979166,1.1979166,1.2,4.755315780639648,,,,5308416,5251287,0.9892380325882523,0.0,952.0,75.69536667868277,18.0,91.66640055340052,15.0,0.28887026418243034,1.1328575478873149,1.0,2.0,263.0,327.0,1.8804464589736845,0.6126
BGSP,/run/media/falconnier/Elements1/BIDS_datasets_selection/BGSP/sub-0722/ses-01/anat/sub-0722_ses-01_T1w.nii.gz,,sub-0722,ses-01,192,192,144,1.1979166,1.1979166,1.2,4.959615707397461,,,,5308416,5252480,0.9894627700617284,0.0,739.0,87.66868831485317,30.0,99.06849574191497,27.0,-0.20224168692980005,0.956762557425364,2.0,3.0,281.0,346.0,2.508341511060636,0.6394
BGSP,/run/media/falconnier/Elements1/BIDS_datasets_selection/BGSP/sub-0721/ses-01/anat/sub-0721_ses-01_T1w.nii.gz,,sub-0721,ses-01,192,192,144,1.1979166,1.1979166,1.2,4.687333106994629,,,,5308416,5251480,0.9892743899498457,0.0,706.0,74.44349745214683,14.0,94.94601859774608,11.0,0.22862887590638925,1.1862613765863315,1.0,3.0,271.0,338.0,2.4786688385422084,0.5918
BGSP,/run/media/falconnier/Elements1/BIDS_datasets_selection/BGSP/sub-0724/ses-01/anat/sub-0724_ses-01_T1w.nii.gz,,sub-0724,ses-01,192,192,144,1.1979166,1.1979166,1.2,4.972269058227539,,,,5308416,5252963,0.9895537576557677,0.0,747.0,88.8908372284366,29.0,100.70862475016553,26.0,-0.23120111142800148,0.9532158090265819,2.0,3.0,289.0,351.0,2.4869918541027793,0.6383
BGSP,/run/media/falconnier/Elements1/BIDS_datasets_selection/BGSP/sub-0725/ses-01/anat/sub-0725_ses-01_T1w.nii.gz,,sub-0725,ses-01,192,192,144,1.1979166,1.1979166,1.2,5.220755577087402,,,,5308416,5254593,0.9898608172381366,0.0,846.0,101.58184867981213,51.0,108.12703081871952,47.0,-0.3224420652866229,0.8689356702497869,2.0,3.0,309.0,382.0,2.2893169169096823,0.6628
BGSP,/run/media/falconnier/Elements1/BIDS_datasets_selection/BGSP/sub-0726/ses-01/anat/sub-0726_ses-01_T1w.nii.gz,,sub-0726,ses-01,192,192,144,1.1979166,1.1979166,1.2,5.002779006958008,,,,5308416,5252418,0.9894510904947916,0.0,926.0,86.86356512372016,41.0,92.62272339850475,38.0,-0.24321714165576358,0.8583316334961079,1.0,3.0,264.0,316.0,2.0122468675000507,0.6615
BGSP,/run/media/falconnier/Elements1/BIDS_datasets_selection/BGSP/sub-0727/ses-01/anat/sub-0727_ses-01_T1w.nii.gz,,sub-0727,ses-01,192,192,144,1.1979166,1.1979166,1.2,5.045009613037109,,,,5308416,5254627,0.9898672221619406,0.0,804.0,92.38537311972857,33.0,104.38454392711252,30.0,-0.06047297380766059,1.003823671828186,2.0,3.0,300.0,372.0,2.3539682890848233,0.6403
BGSP,/run/media/falconnier/Elements1/BIDS_datasets_selection/BGSP/sub-0728/ses-01/anat/sub-0728_ses-01_T1w.nii.gz,,sub-0728,ses-01,192,192,144,1.1979166,1.1979166,1.2,4.631829261779785,,,,5308416,5252125,0.98939589512201,0.0,715.0,74.95431353975772,12.0,101.7236334454761,9.0,0.5960765988660364,1.3309054599175247,2.0,3.0,298.0,365.0,2.416125309535635,0.5673
BGSP,/run/media/falconnier/Elements1/BIDS_datasets_selection/BGSP/sub-0731/ses-01/anat/sub-0731_ses-01_T1w.nii.gz,,sub-0731,ses-01,192,192,144,1.1979166,1.1979166,1.2,4.750158309936523,,,,5308416,5252694,0.9895030834056713,0.0,697.0,77.01358769423842,16.0,98.32422506556433,13.0,0.4115796101756608,1.2354281492404466,2.0,3.0,287.0,356.0,2.539139108393909,0.592
BGSP,/run/media/falconnier/Elements1/BIDS_datasets_selection/BGSP/sub-0730/ses-01/anat/sub-0730_ses-01_T1w.nii.gz,,sub-0730,ses-01,192,192,144,1.1979166,1.1979166,1.2,4.952245712280273,,,,5308416,5252757,0.9895149513527199,0.0,868.0,81.30617845066885,37.0,88.19065141648488,34.0,-0.18173741958547884,0.925802655896854,2.0,3.0,252.0,314.0,2.141146936211716,0.6558
BGSP,/run/media/falconnier/Elements1/BIDS_datasets_selection/BGSP/sub-0732/ses-01/anat/sub-0732_ses-01_T1w.nii.gz,,sub-0732,ses-01,192,192,144,1.1979166,1.1979166,1.2,4.603214263916016,,,,5308416,5249707,0.9889403920114777,0.0,579.0,67.9781999262054,14.0,88.23304363485549,11.0,0.679765300713497,1.2950218922775225,1.0,2.0,253.0,322.0,2.989269859616687,0.5854
BGSP,/run/media/falconnier/Elements1/BIDS_datasets_selection/BGSP/sub-0729/ses-01/anat/sub-0729_ses-01_T1w.nii.gz,,sub-0729,ses-01,192,192,144,1.1979166,1.1979166,1.2,5.130568504333496,,,,5308416,5253173,0.9895933174792632,0.0,1238.0,99.063595659233,38.0,109.68294799569797,35.0,-0.165402595690479,0.9398878568803998,2.0,3.0,315.0,388.0,1.5479740576344703,0.6475
BGSP,/run/media/falconnier/Elements1/BIDS_datasets_selection/BGSP/sub-0733/ses-01/anat/sub-0733_ses-01_T1w.nii.gz,,sub-0733,ses-01,192,192,144,1.1979166,1.1979166,1.2,4.968900680541992,,,,5308416,5252795,0.9895221097969714,0.0,662.0,83.53551490206642,34.0,91.32580149449679,31.0,-0.3017808739397485,0.905895761275356,2.0,3.0,261.0,321.0,2.7927549597204298,0.6525
BGSP,/run/media/falconnier/Elements1/BIDS_datasets_selection/BGSP/sub-0735/ses-01/anat/sub-0735_ses-01_T1w.nii.gz,,sub-0735,ses-01,192,192,144,1.1979166,1.1979166,1.2,4.766313552856445,,,,5308416,5252489,0.9894644654827354,0.0,699.0,75.71501073110291,20.0,89.90543639459406,17.0,0.16568697191474957,1.0934579586178306,2.0,3.0,256.0,324.0,2.5599905497138433,0.6206
BGSP,/run/media/falconnier/Elements1/BIDS_datasets_selection/BGSP/sub-0734/ses-01/anat/sub-0734_ses-01_T1w.nii.gz,,sub-0734,ses-01,192,192,144,1.1979166,1.1979166,1.2,4.564467430114746,,,,5308416,5251035,0.9891905608000578,0.0,928.0,70.32952855960777,12.0,93.65167104222238,9.0,0.8189588768143294,1.3277206996023463,2.0,3.0,268.0,340.0,1.854724156706282,0.575
BGSP,/run/media/falconnier/Elements1/BIDS_datasets_selection/BGSP/sub-0736/ses-01/anat/sub-0736_ses-01_T1w.nii.gz,,sub-0736,ses-01,192,192,144,1.1979166,1.1979166,1.2,4.607956886291504,,,,5308416,5251441,0.9892670431254823,0.0,607.0,74.26931179461027,12.0,99.8338801581665,9.0,0.4865261411902795,1.2927070719681815,2.0,3.0,288.0,358.0,2.8445075747423196,0.5707
BGSP,/run/media/falconnier/Elements1/BIDS_datasets_selection/BGSP/sub-0738/ses-01/anat/sub-0738_ses-01_T1w.nii.gz,,sub-0738,ses-01,192,192,144,1.1979166,1.1979166,1.2,4.718754768371582,,,,5308416,5252286,0.9894262243200231,0.0,886.0,76.06490373905763,14.0,99.76690380619583,11.0,0.6848189624672232,1.3053949193716212,2.0,3.0,290.0,363.0,1.9943673411186815,0.5813
BGSP,/run/media/falconnier/Elements1/BIDS_datasets_selection/BGSP/sub-0737/ses-01/anat/sub-0737_ses-01_T1w.nii.gz,,sub-0737,ses-01,192,192,144,1.1979166,1.1979166,1.2,4.916421890258789,,,,5308416,5252105,0.9893921275197723,0.0,974.0,93.45576202303648,15.0,122.56163024169557,12.0,0.33377001231700376,1.2284700232978543,2.0,3.0,356.0,433.0,1.8650539862020588,0.5802
BGSP,/run/media/falconnier/Elements1/BIDS_datasets_selection/BGSP/sub-0739/ses-01/anat/sub-0739_ses-01_T1w.nii.gz,,sub-0739,ses-01,192,192,144,1.1979166,1.1979166,1.2,5.192695617675781,,,,5308416,5253133,0.9895857822747878,0.0,762.0,96.89970385291977,58.0,99.76593991030808,54.0,-0.4534184489358233,0.7892285436989288,2.0,3.0,286.0,348.0,2.5092067474238697,0.6751
BGSP,/run/media/falconnier/Elements1/BIDS_datasets_selection/BGSP/sub-0740/ses-01/anat/sub-0740_ses-01_T1w.nii.gz,,sub-0740,ses-01,192,192,144,1.1979166,1.1979166,1.2,4.903689384460449,,,,5308416,5252290,0.9894269778404707,0.0,605.0,80.55049245186386,28.0,90.12667938160419,25.0,-0.32396527190921587,0.9249696574577646,2.0,3.0,253.0,315.0,3.024329969940096,0.6433
BGSP,/run/media/falconnier/Elements1/BIDS_datasets_selection/BGSP/sub-0741/ses-01/anat/sub-0741_ses-01_T1w.nii.gz,,sub-0741,ses-01,192,192,144,1.1979166,1.1979166,1.2,4.739847183227539,,,,5308416,5251908,0.9893550166377315,0.0,684.0,79.6967974305719,16.0,95.35640827084606,14.0,-0.16806527622064626,1.0154302202834096,1.0,3.0,265.0,335.0,2.590568504541146,0.6163
BGSP,/run/media/falconnier/Elements1/BIDS_datasets_selection/BGSP/sub-0742/ses-01/anat/sub-0742_ses-01_T1w.nii.gz,,sub-0742,ses-01,192,192,144,1.1979166,1.1979166,1.2,4.743081092834473,,,,5308416,5252507,0.9894678563247492,0.0,929.0,81.62212463496003,14.0,104.14508249160805,11.0,0.20413995729719936,1.1760923091441904,2.0,3.0,304.0,364.0,1.9059784706923553,0.5914
BGSP,/run/media/falconnier/Elements1/BIDS_datasets_selection/BGSP/sub-0746/ses-01/anat/sub-0746_ses-01_T1w.nii.gz,,sub-0746,ses-01,192,192,144,1.1979166,1.1979166,1.2,4.7684831619262695,,,,5308416,5249287,0.9888612723644868,0.0,624.0,74.9377582136393,19.0,91.51508962054217,16.0,0.19846853867114467,1.1297512681670794,1.0,2.0,260.0,325.0,2.856184936682154,0.609
BGSP,/run/media/falconnier/Elements1/BIDS_datasets_selection/BGSP/sub-0745/ses-01/anat/sub-0745_ses-01_T1w.nii.gz,,sub-0745,ses-01,192,192,144,1.1979166,1.1979166,1.2,4.766069412231445,,,,5308416,5252314,0.9894314989631559,0.0,617.0,82.05817911876555,14.0,104.55583079090945,11.0,0.14884896497151345,1.1652183117914292,2.0,3.0,299.0,370.0,2.871550470557531,0.592
BGSP,/run/media/falconnier/Elements1/BIDS_datasets_selection/BGSP/sub-0744/ses-01/anat/sub-0744_ses-01_T1w.nii.gz,,sub-0744,ses-01,192,192,144,1.1979166,1.1979166,1.2,4.712958335876465,,,,5308416,5252408,0.9894492066936729,0.0,1126.0,79.36353611524467,13.0,106.50649126660872,10.0,0.7218413666494548,1.3289878371408455,2.0,3.0,307.0,383.0,1.5730691335248106,0.572
BGSP,/run/media/falconnier/Elements1/BIDS_datasets_selection/BGSP/sub-0743/ses-01/anat/sub-0743_ses-01_T1w.nii.gz,,sub-0743,ses-01,192,192,144,1.1979166,1.1979166,1.2,5.043150901794434,,,,5308416,5253663,0.9896856237340856,0.0,881.0,90.06504623535997,45.0,94.49492553966918,42.0,-0.5147724575887263,0.7898633691443019,2.0,3.0,265.0,325.0,2.135900845919073,0.6677
BGSP,/run/media/falconnier/Elements1/BIDS_datasets_selection/BGSP/sub-0748/ses-01/anat/sub-0748_ses-01_T1w.nii.gz,,sub-0748,ses-01,192,192,144,1.1979166,1.1979166,1.2,4.4355010986328125,,,,5308416,5248690,0.9887488094376929,0.0,840.0,66.4100598435038,10.0,87.61037811352509,8.0,0.4140786712034621,1.2370924475684946,1.0,2.0,251.0,309.0,1.9936971895792386,0.5774
BGSP,/run/media/falconnier/Elements1/BIDS_datasets_selection/BGSP/sub-0749/ses-01/anat/sub-0749_ses-01_T1w.nii.gz,,sub-0749,ses-01,192,192,144,1.1979166,1.1979166,1.2,4.837470054626465,,,,5308416,5252464,0.9894597559799383,0.0,1174.0,87.42063686681146,15.0,112.54399015869056,12.0,0.2547501254257649,1.195067354014912,2.0,3.0,326.0,397.0,1.5347167386659517,0.5878
BGSP,/run/media/falconnier/Elements1/BIDS_datasets_selection/BGSP/sub-0747/ses-01/anat/sub-0747_ses-01_T1w.nii.gz,,sub-0747,ses-01,192,192,144,1.1979166,1.1979166,1.2,4.578064918518066,,,,5308416,5251033,0.989190184039834,0.0,598.0,74.3865357540126,12.0,100.29127485072733,9.0,0.4634573155095296,1.2839645244114712,2.0,3.0,286.0,360.0,2.889179428016207,0.5694
BGSP,/run/media/falconnier/Elements1/BIDS_datasets_selection/BGSP/sub-0750/ses-01/anat/sub-0750_ses-01_T1w.nii.gz,,sub-0750,ses-01,192,192,144,1.1979166,1.1979166,1.2,5.033746719360352,,,,5308416,5252938,0.9895490481529707,0.0,635.0,77.05673910485903,36.0,83.87906481843679,32.0,0.15236596401338787,1.0279606961693268,2.0,3.0,243.0,303.0,2.922588687164926,0.6558
BGSP,/run/media/falconnier/Elements1/BIDS_datasets_selection/BGSP/sub-0750/ses-02/anat/sub-0750_ses-02_T1w.nii.gz,,sub-0750,ses-02,192,192,144,1.1979166,1.1979166,1.2,4.949199676513672,,,,5308416,5250665,0.9891208601586613,0.0,582.0,79.31149711512732,36.0,87.40456344708328,33.0,0.11324074392730177,0.9996735005075904,1.0,2.0,250.0,314.0,3.1592810858947464,0.6496
BGSP,/run/media/falconnier/Elements1/BIDS_datasets_selection/BGSP/sub-0751/ses-01/anat/sub-0751_ses-01_T1w.nii.gz,,sub-0751,ses-01,192,192,144,1.1979166,1.1979166,1.2,4.703210830688477,,,,5308416,5251444,0.9892676082658179,0.0,685.0,80.82266648944557,12.0,107.7217975100107,9.0,0.37862757090858956,1.2597083844434187,2.0,3.0,311.0,382.0,2.5475929092701217,0.5739
BGSP,/run/media/falconnier/Elements1/BIDS_datasets_selection/BGSP/sub-0753/ses-01/anat/sub-0753_ses-01_T1w.nii.gz,,sub-0753,ses-01,192,192,144,1.1979166,1.1979166,1.2,4.893693923950195,,,,5308416,5251274,0.9892355836467979,0.0,735.0,87.12211912766311,20.0,105.19181536979659,17.0,-0.06375415095299486,1.0606348836519681,2.0,3.0,304.0,364.0,2.4814472304552644,0.6129
BGSP,/run/media/falconnier/Elements1/BIDS_datasets_selection/BGSP/sub-0755/ses-01/anat/sub-0755_ses-01_T1w.nii.gz,,sub-0755,ses-01,192,192,144,1.1979166,1.1979166,1.2,4.657382011413574,,,,5308416,5251851,0.9893442789713541,0.0,770.0,77.14934905807495,13.0,98.87731242072324,10.0,0.1521085077270734,1.1597694934761211,2.0,3.0,283.0,346.0,2.2517314520681473,0.5892
BGSP,/run/media/falconnier/Elements1/BIDS_datasets_selection/BGSP/sub-0754/ses-01/anat/sub-0754_ses-01_T1w.nii.gz,,sub-0754,ses-01,192,192,144,1.1979166,1.1979166,1.2,4.76530647277832,,,,5308416,5252372,0.9894424250096451,0.0,863.0,81.7323540678383,14.0,105.14622000854436,11.0,0.22842617387951147,1.1863354127223884,2.0,3.0,299.0,371.0,2.0587456143267784,0.5882
BGSP,/run/media/falconnier/Elements1/BIDS_datasets_selection/BGSP/sub-0752/ses-01/anat/sub-0752_ses-01_T1w.nii.gz,,sub-0752,ses-01,192,192,144,1.1979166,1.1979166,1.2,5.084230422973633,,,,5308416,5253196,0.9895976502218364,0.0,947.0,90.19879383902676,32.0,100.1411062596326,28.0,-0.19955286353075197,0.9305979811194927,2.0,3.0,286.0,345.0,1.970878822664082,0.6466
BGSP,/run/media/falconnier/Elements1/BIDS_datasets_selection/BGSP/sub-0756/ses-01/anat/sub-0756_ses-01_T1w.nii.gz,,sub-0756,ses-01,192,192,144,1.1979166,1.1979166,1.2,4.780850410461426,,,,5308416,5249556,0.9889119466145834,0.0,795.0,77.75688115337755,20.0,92.44997782478976,18.0,0.08315055958622253,1.0675712064933442,1.0,2.0,265.0,326.0,2.243494105207377,0.619
BGSP,/run/media/falconnier/Elements1/BIDS_datasets_selection/BGSP/sub-0757/ses-01/anat/sub-0757_ses-01_T1w.nii.gz,,sub-0757,ses-01,192,192,144,1.1979166,1.1979166,1.2,4.703459739685059,,,,5308416,5251130,0.9892084569106867,0.0,769.0,81.06401517387685,14.0,105.01932815863408,11.0,0.23291440194639668,1.2013735670137335,1.0,3.0,300.0,372.0,2.3269162924975237,0.5853
BGSP,/run/media/falconnier/Elements1/BIDS_datasets_selection/BGSP/sub-0758/ses-01/anat/sub-0758_ses-01_T1w.nii.gz,,sub-0758,ses-01,192,192,144,1.1979166,1.1979166,1.2,4.748378753662109,,,,5308416,5250574,0.9891037175684799,0.0,1112.0,74.18128208458732,20.0,89.20763303593475,17.0,0.27841909770458306,1.1186418462680883,1.0,2.0,260.0,313.0,1.6014324083361746,0.6152
BGSP,/run/media/falconnier/Elements1/BIDS_datasets_selection/BGSP/sub-0759/ses-01/anat/sub-0759_ses-01_T1w.nii.gz,,sub-0759,ses-01,192,192,144,1.1979166,1.1979166,1.2,4.896676063537598,,,,5308416,5253619,0.9896773350091628,0.0,893.0,78.92135288074753,33.0,85.84140881032778,30.0,-0.1693605965554683,0.9069687329627523,2.0,3.0,246.0,303.0,2.0464560227812876,0.6544
BGSP,/run/media/falconnier/Elements1/BIDS_datasets_selection/BGSP/sub-0760/ses-01/anat/sub-0760_ses-01_T1w.nii.gz,,sub-0760,ses-01,192,192,144,1.1979166,1.1979166,1.2,4.706981658935547,,,,5308416,5250462,0.9890826189959491,0.0,653.0,74.05251823553813,17.0,93.43397148107452,14.0,0.25146958407558984,1.1901927429632602,1.0,2.0,269.0,331.0,2.708521653127697,0.5964
BGSP,/run/media/falconnier/Elements1/BIDS_datasets_selection/BGSP/sub-0761/ses-01/anat/sub-0761_ses-01_T1w.nii.gz,,sub-0761,ses-01,192,192,144,1.1979166,1.1979166,1.2,4.833403587341309,,,,5308416,5251939,0.9893608564211999,0.0,627.0,83.05730017047037,16.0,102.48750807937708,13.0,0.055528064528186594,1.1089435288573608,2.0,3.0,295.0,362.0,2.8680129397506366,0.6047
BGSP,/run/media/falconnier/Elements1/BIDS_datasets_selection/BGSP/sub-0762/ses-01/anat/sub-0762_ses-01_T1w.nii.gz,,sub-0762,ses-01,192,192,144,1.1979166,1.1979166,1.2,4.5269880294799805,,,,5308416,5248325,0.9886800506968557,0.0,588.0,66.56124706453964,14.0,82.71843153090745,12.0,0.2747491559754014,1.1555186280726057,1.0,2.0,235.0,294.0,2.9208805944548843,0.6017
BGSP,/run/media/falconnier/Elements1/BIDS_datasets_selection/BGSP/sub-0763/ses-01/anat/sub-0763_ses-01_T1w.nii.gz,,sub-0763,ses-01,192,192,144,1.1979166,1.1979166,1.2,4.825204849243164,,,,5308416,5253128,0.9895848403742284,0.0,1162.0,84.080077051235,18.0,102.35103842207192,15.0,0.3212107129168924,1.1331672727373183,2.0,3.0,293.0,366.0,1.5594267769125725,0.6105
BGSP,/run/media/falconnier/Elements1/BIDS_datasets_selection/BGSP/sub-0765/ses-01/anat/sub-0765_ses-01_T1w.nii.gz,,sub-0765,ses-01,192,192,144,1.1979166,1.1979166,1.2,4.75516414642334,,,,5308416,5253729,0.9896980568214699,0.0,1020.0,80.0350505326788,17.0,94.30735820731367,14.0,0.005190298241172453,1.0191594823606525,2.0,3.0,266.0,330.0,1.7607839189410066,0.6228
BGSP,/run/media/falconnier/Elements1/BIDS_datasets_selection/BGSP/sub-0764/ses-01/anat/sub-0764_ses-01_T1w.nii.gz,,sub-0764,ses-01,192,192,144,1.1979166,1.1979166,1.2,4.828981399536133,,,,5308416,5251611,0.9892990677445023,0.0,745.0,85.31875856760907,21.0,100.74169460102623,18.0,-0.2601343210376337,0.9902591145014656,2.0,3.0,281.0,350.0,2.452772803356254,0.6217
BGSP,/run/media/falconnier/Elements1/BIDS_datasets_selection/BGSP/sub-0768/ses-01/anat/sub-0768_ses-01_T1w.nii.gz,,sub-0768,ses-01,192,192,144,1.1979166,1.1979166,1.2,4.935227394104004,,,,5308416,5252871,0.9895364266854746,0.0,713.0,81.57402494750013,30.0,91.46125758048184,27.0,-0.16850193553053616,0.9745777244410625,2.0,3.0,264.0,324.0,2.5802599437431994,0.6431
BGSP,/run/media/falconnier/Elements1/BIDS_datasets_selection/BGSP/sub-0766/ses-01/anat/sub-0766_ses-01_T1w.nii.gz,,sub-0766,ses-01,192,192,144,1.1979166,1.1979166,1.2,4.626880645751953,,,,5308416,5251286,0.9892378442081404,0.0,785.0,74.93407253004311,12.0,99.79663732033411,9.0,0.4311719326916572,1.262834910039775,1.0,2.0,284.0,354.0,2.1985412728125255,0.5742
BGSP,/run/media/falconnier/Elements1/BIDS_datasets_selection/BGSP/sub-0767/ses-01/anat/sub-0767_ses-01_T1w.nii.gz,,sub-0767,ses-01,192,192,144,1.1979166,1.1979166,1.2,4.649661064147949,,,,5308416,5249480,0.9888976297260802,0.0,574.0,70.82138573725398,16.0,88.76094212044434,14.0,0.2397101696862678,1.1731773159772643,1.0,2.0,254.0,315.0,3.0568669768244945,0.5988
BGSP,/run/media/falconnier/Elements1/BIDS_datasets_selection/BGSP/sub-0769/ses-01/anat/sub-0769_ses-01_T1w.nii.gz,,sub-0769,ses-01,192,192,144,1.1979166,1.1979166,1.2,4.938996315002441,,,,5308416,5252648,0.9894944179205247,0.0,1291.0,90.05251903420903,24.0,105.0961216629252,21.0,0.18032782629073418,1.0386911681059963,2.0,3.0,298.0,370.0,1.4264971142399334,0.6266
BGSP,/run/media/falconnier/Elements1/BIDS_datasets_selection/BGSP/sub-0770/ses-01/anat/sub-0770_ses-01_T1w.nii.gz,,sub-0770,ses-01,192,192,144,1.1979166,1.1979166,1.2,5.025609970092773,,,,5308416,5254148,0.9897769880883488,0.0,624.0,91.60071090498403,33.0,101.42918199029009,30.0,-0.39138415106936764,0.8919263259369655,2.0,3.0,287.0,352.0,2.990952939919726,0.6473
BGSP,/run/media/falconnier/Elements1/BIDS_datasets_selection/BGSP/sub-0771/ses-01/anat/sub-0771_ses-01_T1w.nii.gz,,sub-0771,ses-01,192,192,144,1.1979166,1.1979166,1.2,4.8714799880981445,,,,5308416,5251982,0.9893689567660108,0.0,1351.0,86.05831265225204,18.0,106.17691665083413,15.0,0.3598649363980728,1.1472366523814619,2.0,3.0,305.0,371.0,1.3456694481062157,0.6048
BGSP,/run/media/falconnier/Elements1/BIDS_datasets_selection/BGSP/sub-0773/ses-01/anat/sub-0773_ses-01_T1w.nii.gz,,sub-0773,ses-01,192,192,144,1.1979166,1.1979166,1.2,4.632177352905273,,,,5308416,5251600,0.9892969955632716,0.0,731.0,70.18730805849646,13.0,92.28039314704476,10.0,0.49090731621209294,1.2791696394254548,1.0,2.0,268.0,330.0,2.371167280245963,0.5801
BGSP,/run/media/falconnier/Elements1/BIDS_datasets_selection/BGSP/sub-0772/ses-01/anat/sub-0772_ses-01_T1w.nii.gz,,sub-0772,ses-01,192,192,144,1.1979166,1.1979166,1.2,4.919485092163086,,,,5308416,5252188,0.9894077630690586,0.0,674.0,84.83300236015923,24.0,97.94809831927954,21.0,-0.13376929630328904,0.9942474566282001,2.0,3.0,279.0,349.0,2.7057797972243702,0.6308
BGSP,/run/media/falconnier/Elements1/BIDS_datasets_selection/BGSP/sub-0775/ses-01/anat/sub-0775_ses-01_T1w.nii.gz,,sub-0775,ses-01,192,192,144,1.1979166,1.1979166,1.2,4.825252532958984,,,,5308416,5252529,0.9894720006872106,0.0,790.0,77.64262262997501,22.0,92.17401271246919,19.0,0.3363221974179158,1.1214039924286159,2.0,3.0,266.0,329.0,2.289112899330516,0.6208
BGSP,/run/media/falconnier/Elements1/BIDS_datasets_selection/BGSP/sub-0774/ses-01/anat/sub-0774_ses-01_T1w.nii.gz,,sub-0774,ses-01,192,192,144,1.1979166,1.1979166,1.2,5.067696571350098,,,,5308416,5251725,0.9893205430772569,0.0,618.0,84.56808591462806,42.0,90.46885890733624,39.0,-0.19203663762726597,0.9147168225079033,2.0,3.0,262.0,322.0,3.0311192392970527,0.6611
BGSP,/run/media/falconnier/Elements1/BIDS_datasets_selection/BGSP/sub-0776/ses-01/anat/sub-0776_ses-01_T1w.nii.gz,,sub-0776,ses-01,192,192,144,1.1979166,1.1979166,1.2,4.975781440734863,,,,5308416,5252436,0.9894544813368056,0.0,800.0,91.30225308790055,22.0,112.81766927402435,19.0,0.20164250757403623,1.1505366431349804,2.0,3.0,325.0,397.0,2.321638753306671,0.6046
BGSP,/run/media/falconnier/Elements1/BIDS_datasets_selection/BGSP/sub-0777/ses-01/anat/sub-0777_ses-01_T1w.nii.gz,,sub-0777,ses-01,192,192,144,1.1979166,1.1979166,1.2,4.951606750488281,,,,5308416,5252670,0.9894985622829862,0.0,953.0,79.87988756194468,37.0,86.055553003461,34.0,-0.0025499952887391153,0.9404758183755716,2.0,3.0,249.0,305.0,1.9421350935601946,0.6585
BGSP,/run/media/falconnier/Elements1/BIDS_datasets_selection/BGSP/sub-0778/ses-01/anat/sub-0778_ses-01_T1w.nii.gz,,sub-0778,ses-01,192,192,144,1.1979166,1.1979166,1.2,5.189623832702637,,,,5308416,5253564,0.9896669741030093,0.0,724.0,93.24654063412952,37.0,99.03109246316663,32.0,-0.4563824461779338,0.8520550120969278,3.0,5.0,281.0,340.0,2.6157975901088553,0.6645
BGSP,/run/media/falconnier/Elements1/BIDS_datasets_selection/BGSP/sub-0780/ses-01/anat/sub-0780_ses-01_T1w.nii.gz,,sub-0780,ses-01,192,192,144,1.1979166,1.1979166,1.2,5.015642166137695,,,,5308416,5253821,0.9897153877917632,0.0,961.0,93.52148978809899,31.0,105.0559360580014,28.0,-0.1498507918340497,0.9507488377573261,2.0,3.0,296.0,368.0,1.9582053479486745,0.6418
BGSP,/run/media/falconnier/Elements1/BIDS_datasets_selection/BGSP/sub-0782/ses-01/anat/sub-0782_ses-01_T1w.nii.gz,,sub-0782,ses-01,192,192,144,1.1979166,1.1979166,1.2,4.86551570892334,,,,5308416,5252087,0.9893887366777585,0.0,750.0,81.46769731727598,24.0,93.28400159242618,22.0,-0.10593256082888836,0.9798532985687237,2.0,3.0,266.0,330.0,2.4232445342276554,0.6339
BGSP,/run/media/falconnier/Elements1/BIDS_datasets_selection/BGSP/sub-0781/ses-01/anat/sub-0781_ses-01_T1w.nii.gz,,sub-0781,ses-01,192,192,144,1.1979166,1.1979166,1.2,4.75628662109375,,,,5308416,5250653,0.9891185995973186,0.0,846.0,85.08358826987805,14.0,108.88323049806321,11.0,0.36112148742583416,1.191149692936908,1.0,2.0,308.0,389.0,2.1126704769300138,0.5896
BGSP,/run/media/falconnier/Elements1/BIDS_datasets_selection/BGSP/sub-0779/ses-01/anat/sub-0779_ses-01_T1w.nii.gz,,sub-0779,ses-01,192,192,144,1.1979166,1.1979166,1.2,5.094456672668457,,,,5308416,5254109,0.9897696412639854,0.0,734.0,92.99471937106749,31.0,105.52617388856552,27.0,-0.061335617825053035,1.010066472281972,2.0,4.0,305.0,379.0,2.5616288568460766,0.6387
BGSP,/run/media/falconnier/Elements1/BIDS_datasets_selection/BGSP/sub-0783/ses-01/anat/sub-0783_ses-01_T1w.nii.gz,,sub-0783,ses-01,192,192,144,1.1979166,1.1979166,1.2,4.743029594421387,,,,5308416,5252581,0.9894817964530286,0.0,722.0,78.17506898037365,17.0,94.61120630118144,14.0,-0.016988115908888712,1.0689870634832062,2.0,3.0,267.0,334.0,2.466010503901955,0.6125
BGSP,/run/media/falconnier/Elements1/BIDS_datasets_selection/BGSP/sub-0784/ses-01/anat/sub-0784_ses-01_T1w.nii.gz,,sub-0784,ses-01,192,192,144,1.1979166,1.1979166,1.2,5.06459903717041,,,,5308416,5252686,0.9895015763647762,0.0,692.0,91.37045960866497,40.0,98.89969479636615,37.0,-0.36678976380662665,0.8661811903095707,2.0,3.0,282.0,347.0,2.6980584228463234,0.6558
BGSP,/run/media/falconnier/Elements1/BIDS_datasets_selection/BGSP/sub-0786/ses-01/anat/sub-0786_ses-01_T1w.nii.gz,,sub-0786,ses-01,192,192,144,1.1979166,1.1979166,1.2,4.997000694274902,,,,5308416,5254575,0.9898574263961227,0.0,574.0,87.34579371309763,36.0,95.63061412239023,33.0,-0.31889623525643085,0.9179292094257564,2.0,3.0,280.0,332.0,3.2675947513737023,0.6522
BGSP,/run/media/falconnier/Elements1/BIDS_datasets_selection/BGSP/sub-0785/ses-01/anat/sub-0785_ses-01_T1w.nii.gz,,sub-0785,ses-01,192,192,144,1.1979166,1.1979166,1.2,4.783806800842285,,,,5308416,5251984,0.9893693335262346,0.0,1031.0,83.83895095643855,15.0,102.66411842572175,12.0,0.15386972461588266,1.1027084607489517,2.0,3.0,293.0,365.0,1.7336582719633127,0.6074
BGSP,/run/media/falconnier/Elements1/BIDS_datasets_selection/BGSP/sub-0787/ses-01/anat/sub-0787_ses-01_T1w.nii.gz,,sub-0787,ses-01,192,192,144,1.1979166,1.1979166,1.2,5.091733932495117,,,,5308416,5252948,0.9895509319540895,0.0,1198.0,94.93884938514526,39.0,104.41330707681561,35.0,0.14260796907193907,0.971210547550269,2.0,3.0,293.0,368.0,1.5947218025279006,0.6505
BGSP,/run/media/falconnier/Elements1/BIDS_datasets_selection/BGSP/sub-0788/ses-01/anat/sub-0788_ses-01_T1w.nii.gz,,sub-0788,ses-01,192,192,144,1.1979166,1.1979166,1.2,4.639064788818359,,,,5308416,5251245,0.9892301206235532,0.0,817.0,73.75530107622097,13.0,93.67543178395316,10.0,0.17408761182761,1.1604282845982907,1.0,2.0,267.0,329.0,2.1290154708590503,0.5929
BGSP,/run/media/falconnier/Elements1/BIDS_datasets_selection/BGSP/sub-0789/ses-01/anat/sub-0789_ses-01_T1w.nii.gz,,sub-0789,ses-01,192,192,144,1.1979166,1.1979166,1.2,4.924106597900391,,,,5308416,5252192,0.9894085165895061,0.0,1194.0,87.20054940870402,29.0,99.38787957221092,26.0,0.17832255452871104,1.0166849296712688,2.0,3.0,282.0,348.0,1.5571227648349717,0.6362
BGSP,/run/media/falconnier/Elements1/BIDS_datasets_selection/BGSP/sub-0789/ses-02/anat/sub-0789_ses-02_T1w.nii.gz,,sub-0789,ses-02,192,192,144,1.1979166,1.1979166,1.2,4.799679756164551,,,,5308416,5251924,0.9893580307195216,0.0,1186.0,77.3469882656337,30.0,87.1077168354729,27.0,0.4734791204467488,1.042251365162384,1.0,2.0,247.0,309.0,1.5350024635815225,0.6411
BGSP,/run/media/falconnier/Elements1/BIDS_datasets_selection/BGSP/sub-0790/ses-01/anat/sub-0790_ses-01_T1w.nii.gz,,sub-0790,ses-01,192,192,144,1.1979166,1.1979166,1.2,4.637350082397461,,,,5308416,5251126,0.9892077033902392,0.0,717.0,75.55823646204642,13.0,98.607182565104,10.0,0.38962666999547135,1.234963519974819,2.0,3.0,284.0,351.0,2.4264791013875935,0.5824
BGSP,/run/media/falconnier/Elements1/BIDS_datasets_selection/BGSP/sub-0791/ses-01/anat/sub-0791_ses-01_T1w.nii.gz,,sub-0791,ses-01,192,192,144,1.1979166,1.1979166,1.2,4.875990867614746,,,,5308416,5253139,0.989586912555459,0.0,779.0,84.04921248038553,22.0,98.46589213569507,19.0,-0.08989264667595176,1.0224306834090349,2.0,3.0,280.0,346.0,2.345514684682188,0.6255
BGSP,/run/media/falconnier/Elements1/BIDS_datasets_selection/BGSP/sub-0792/ses-01/anat/sub-0792_ses-01_T1w.nii.gz,,sub-0792,ses-01,192,192,144,1.1979166,1.1979166,1.2,4.908699989318848,,,,5308416,5252415,0.989450525354456,0.0,803.0,80.7699353535469,21.0,95.06774552608299,18.0,0.19711999217677478,1.0867288686189343,2.0,3.0,269.0,340.0,2.2739055376469555,0.6242
BGSP,/run/media/falconnier/Elements1/BIDS_datasets_selection/BGSP/sub-0794/ses-01/anat/sub-0794_ses-01_T1w.nii.gz,,sub-0794,ses-01,192,192,144,1.1979166,1.1979166,1.2,5.0717010498046875,,,,5308416,5253459,0.9896471941912616,0.0,888.0,86.1078059236781,54.0,87.27498026229296,50.0,-0.26422954081434247,0.8039167084591542,2.0,3.0,250.0,302.0,2.1267378964041646,0.6813
BGSP,/run/media/falconnier/Elements1/BIDS_datasets_selection/BGSP/sub-0793/ses-01/anat/sub-0793_ses-01_T1w.nii.gz,,sub-0793,ses-01,192,192,144,1.1979166,1.1979166,1.2,5.031131744384766,,,,5308416,5252424,0.9894522207754629,0.0,747.0,97.42758676755723,25.0,113.62427423491064,22.0,-0.19130335806598575,0.9853282872952205,2.0,3.0,320.0,400.0,2.507762518522281,0.6265
BGSP,/run/media/falconnier/Elements1/BIDS_datasets_selection/BGSP/sub-0795/ses-01/anat/sub-0795_ses-01_T1w.nii.gz,,sub-0795,ses-01,192,192,144,1.1979166,1.1979166,1.2,4.664616584777832,,,,5308416,5251241,0.9892293671031057,0.0,753.0,75.12164838749545,13.0,98.25131726499824,10.0,0.4136994394346507,1.243274112618157,2.0,3.0,280.0,350.0,2.3290944738890995,0.5817
BGSP,/run/media/falconnier/Elements1/BIDS_datasets_selection/BGSP/sub-0796/ses-01/anat/sub-0796_ses-01_T1w.nii.gz,,sub-0796,ses-01,192,192,144,1.1979166,1.1979166,1.2,5.220810890197754,,,,5308416,5232018,0.9856081362123843,0.0,659.0,93.93940770081448,80.0,86.71691501112149,73.0,-0.6968449987977117,0.6020788129670794,2.0,3.0,252.0,304.0,2.9006057237406786,0.7136
BGSP,/run/media/falconnier/Elements1/BIDS_datasets_selection/BGSP/sub-0797/ses-01/anat/sub-0797_ses-01_T1w.nii.gz,,sub-0797,ses-01,192,192,144,1.1979166,1.1979166,1.2,5.128728866577148,,,,5308416,5228536,0.9849521966628086,0.0,657.0,90.0859638338533,56.0,91.67405797451188,52.0,-0.31708642875052684,0.8068398178740166,2.0,3.0,263.0,323.0,2.8621271544547744,0.678
BGSP,/run/media/falconnier/Elements1/BIDS_datasets_selection/BGSP/sub-0798/ses-01/anat/sub-0798_ses-01_T1w.nii.gz,,sub-0798,ses-01,192,192,144,1.1979166,1.1979166,1.2,5.0557451248168945,,,,5308416,5252991,0.9895590322989004,0.0,975.0,96.17340958703336,26.0,111.80872548653495,23.0,-0.043530422587323425,1.0161250180594987,2.0,3.0,316.0,396.0,1.9292922225121978,0.6284
BGSP,/run/media/falconnier/Elements1/BIDS_datasets_selection/BGSP/sub-0799/ses-02/anat/sub-0799_ses-02_T1w.nii.gz,,sub-0799,ses-02,192,192,144,1.1979166,1.1979166,1.2,5.037908554077148,,,,5308416,5252532,0.9894725658275463,0.0,764.0,94.42489279456079,32.0,106.67128433634163,29.0,-0.12573500471632038,0.9611366060631196,2.0,3.0,303.0,373.0,2.4664777527220663,0.6392
BGSP,/run/media/falconnier/Elements1/BIDS_datasets_selection/BGSP/sub-0799/ses-01/anat/sub-0799_ses-01_T1w.nii.gz,,sub-0799,ses-01,192,192,144,1.1979166,1.1979166,1.2,5.188145637512207,,,,5308416,5253465,0.9896483244719328,0.0,1038.0,106.21575246051891,38.0,117.8398420153115,35.0,-0.286365775605979,0.9001934053023395,2.0,3.0,334.0,410.0,1.8440316709583988,0.646
BGSP,/run/media/falconnier/Elements1/BIDS_datasets_selection/BGSP/sub-0800/ses-01/anat/sub-0800_ses-01_T1w.nii.gz,,sub-0800,ses-01,192,192,144,1.1979166,1.1979166,1.2,4.9448347091674805,,,,5308416,5252604,0.9894861291956019,0.0,942.0,90.13137217273565,19.0,112.04918684082256,16.0,0.2676450272401967,1.1588536920612371,2.0,3.0,325.0,397.0,1.9423808032531575,0.6021
BGSP,/run/media/falconnier/Elements1/BIDS_datasets_selection/BGSP/sub-0801/ses-01/anat/sub-0801_ses-01_T1w.nii.gz,,sub-0801,ses-01,192,192,144,1.1979166,1.1979166,1.2,4.635759353637695,,,,5308416,5250436,0.9890777211130402,0.0,594.0,71.32643993755947,15.0,89.81875751619577,12.0,0.22880849705241157,1.1704015292849417,1.0,2.0,258.0,317.0,2.93780965172822,0.5967
BGSP,/run/media/falconnier/Elements1/BIDS_datasets_selection/BGSP/sub-0805/ses-01/anat/sub-0805_ses-01_T1w.nii.gz,,sub-0805,ses-01,192,192,144,1.1979166,1.1979166,1.2,4.727049827575684,,,,5308416,5250047,0.9890044412495177,0.0,662.0,72.66769002258457,18.0,88.19842880089618,16.0,0.027859225831415202,1.0917461788810083,1.0,2.0,252.0,308.0,2.6630053505534694,0.6113
BGSP,/run/media/falconnier/Elements1/BIDS_datasets_selection/BGSP/sub-0804/ses-01/anat/sub-0804_ses-01_T1w.nii.gz,,sub-0804,ses-01,192,192,144,1.1979166,1.1979166,1.2,4.973628044128418,,,,5308416,5252697,0.9895036485460069,0.0,545.0,87.32465360175925,22.0,101.8382067240644,19.0,-0.2284106594150508,0.985995806587897,2.0,3.0,290.0,355.0,3.36824275183619,0.6269
BGSP,/run/media/falconnier/Elements1/BIDS_datasets_selection/BGSP/sub-0802/ses-01/anat/sub-0802_ses-01_T1w.nii.gz,,sub-0802,ses-01,192,192,144,1.1979166,1.1979166,1.2,5.033674240112305,,,,5308416,5252358,0.9894397876880787,0.0,918.0,92.11368075062667,31.0,102.8361352682558,28.0,-0.26369923833971587,0.9138678007028284,2.0,3.0,293.0,354.0,2.0301737362272294,0.6437
BGSP,/run/media/falconnier/Elements1/BIDS_datasets_selection/BGSP/sub-0803/ses-01/anat/sub-0803_ses-01_T1w.nii.gz,,sub-0803,ses-01,192,192,144,1.1979166,1.1979166,1.2,4.762790679931641,,,,5308416,5252011,0.9893744197892554,0.0,583.0,78.22693726269804,20.0,90.5177640427924,18.0,-0.2502523308474873,0.9630724696690843,1.0,2.0,258.0,314.0,3.067332270658877,0.6295
BGSP,/run/media/falconnier/Elements1/BIDS_datasets_selection/BGSP/sub-0808/ses-01/anat/sub-0808_ses-01_T1w.nii.gz,,sub-0808,ses-01,192,192,144,1.1979166,1.1979166,1.2,5.044105529785156,,,,5308416,5253053,0.9895707118658372,0.0,1072.0,95.9101337831543,29.0,109.35991355962656,26.0,0.03624599735490852,0.9862160723555697,2.0,3.0,307.0,378.0,1.7588076343557677,0.6358
BGSP,/run/media/falconnier/Elements1/BIDS_datasets_selection/BGSP/sub-0807/ses-01/anat/sub-0807_ses-01_T1w.nii.gz,,sub-0807,ses-01,192,192,144,1.1979166,1.1979166,1.2,4.879620552062988,,,,5308416,5252517,0.9894697401258681,0.0,753.0,83.64345303404063,26.0,94.88930520561712,23.0,-0.2841023789031092,0.9344101969923647,2.0,3.0,267.0,332.0,2.4285852500692116,0.6375
BGSP,/run/media/falconnier/Elements1/BIDS_datasets_selection/BGSP/sub-0810/ses-01/anat/sub-0810_ses-01_T1w.nii.gz,,sub-0810,ses-01,192,192,144,1.1979166,1.1979166,1.2,5.222103118896484,,,,5308416,5254991,0.989935792522666,0.0,940.0,96.94854206220334,66.0,96.89349072502247,61.0,-0.1951091161166718,0.7922349560897283,2.0,3.0,276.0,341.0,2.047840346859907,0.6867
BGSP,/run/media/falconnier/Elements1/BIDS_datasets_selection/BGSP/sub-0809/ses-01/anat/sub-0809_ses-01_T1w.nii.gz,,sub-0809,ses-01,192,192,144,1.1979166,1.1979166,1.2,4.90980339050293,,,,5308416,5252772,0.9895177770543981,0.0,729.0,85.67174588959887,21.0,100.1778250512137,18.0,-0.15025105976234787,0.998054582908813,2.0,3.0,281.0,352.0,2.499538210730384,0.6258
BGSP,/run/media/falconnier/Elements1/BIDS_datasets_selection/BGSP/sub-0806/ses-01/anat/sub-0806_ses-01_T1w.nii.gz,,sub-0806,ses-01,192,192,144,1.1979166,1.1979166,1.2,4.891116142272949,,,,5308416,5252002,0.9893727243682484,0.0,1274.0,90.07741676412157,16.0,113.21557011187487,13.0,0.26803656736886516,1.1605989583388177,2.0,3.0,325.0,399.0,1.4394242391403766,0.5973
BGSP,/run/media/falconnier/Elements1/BIDS_datasets_selection/BGSP/sub-0811/ses-01/anat/sub-0811_ses-01_T1w.nii.gz,,sub-0811,ses-01,192,192,144,1.1979166,1.1979166,1.2,4.893155097961426,,,,5308416,5253581,0.9896701765649113,0.0,801.0,85.20199802763106,26.0,96.99673336120394,23.0,-0.09774181581613473,0.9848257391250679,2.0,3.0,278.0,347.0,2.292544136689712,0.6366
BGSP,/run/media/falconnier/Elements1/BIDS_datasets_selection/BGSP/sub-0811/ses-02/anat/sub-0811_ses-02_T1w.nii.gz,,sub-0811,ses-02,192,192,144,1.1979166,1.1979166,1.2,4.851117134094238,,,,5308416,5253122,0.9895837100935571,0.0,875.0,84.23196586715481,24.0,96.54361617125005,21.0,-0.06884582441132236,0.988504853062036,2.0,3.0,276.0,344.0,2.0857045639645615,0.6337
BGSP,/run/media/falconnier/Elements1/BIDS_datasets_selection/BGSP/sub-0813/ses-01/anat/sub-0813_ses-01_T1w.nii.gz,,sub-0813,ses-01,192,192,144,1.1979166,1.1979166,1.2,4.672708511352539,,,,5308416,5248144,0.9886459538966049,0.0,506.0,66.83819289257308,19.0,79.16884972099741,17.0,0.04859932575920434,1.0726131515955293,1.0,2.0,229.0,279.0,3.462495573327689,0.6209
BGSP,/run/media/falconnier/Elements1/BIDS_datasets_selection/BGSP/sub-0812/ses-01/anat/sub-0812_ses-01_T1w.nii.gz,,sub-0812,ses-01,192,192,144,1.1979166,1.1979166,1.2,5.102298736572266,,,,5308416,5253824,0.9897159529320988,0.0,1033.0,100.16421239082239,38.0,111.09830849350477,35.0,0.016855849963839376,0.9527772155217614,2.0,3.0,312.0,391.0,1.847501514209742,0.6467
BGSP,/run/media/falconnier/Elements1/BIDS_datasets_selection/BGSP/sub-0814/ses-01/anat/sub-0814_ses-01_T1w.nii.gz,,sub-0814,ses-01,192,192,144,1.1979166,1.1979166,1.2,4.52911376953125,,,,5308416,5249854,0.9889680838879243,0.0,542.0,67.59283686746336,12.0,88.13222824927526,9.0,0.23099659948452844,1.206040391306382,1.0,2.0,251.0,313.0,3.134334177960828,0.5825
BGSP,/run/media/falconnier/Elements1/BIDS_datasets_selection/BGSP/sub-0815/ses-01/anat/sub-0815_ses-01_T1w.nii.gz,,sub-0815,ses-01,192,192,144,1.1979166,1.1979166,1.2,5.121481895446777,,,,5308416,5253144,0.9895878544560185,0.0,802.0,92.521104504274,50.0,96.32146150584062,46.0,-0.441096746310341,0.8072886630370711,2.0,3.0,277.0,334.0,2.366236532158899,0.6709
BGSP,/run/media/falconnier/Elements1/BIDS_datasets_selection/BGSP/sub-0816/ses-01/anat/sub-0816_ses-01_T1w.nii.gz,,sub-0816,ses-01,192,192,144,1.1979166,1.1979166,1.2,5.1270751953125,,,,5308416,5239467,0.9870113796657987,0.0,739.0,89.85239662736687,52.0,91.59681971165556,48.0,-0.24398786843140785,0.833953936355081,2.0,3.0,262.0,328.0,2.573899942247617,0.6787
BGSP,/run/media/falconnier/Elements1/BIDS_datasets_selection/BGSP/sub-0820/ses-01/anat/sub-0820_ses-01_T1w.nii.gz,,sub-0820,ses-01,192,192,144,1.1979166,1.1979166,1.2,4.8318376541137695,,,,5308416,5250898,0.9891647527247299,0.0,733.0,84.8847088631316,17.0,106.40477657014202,14.0,0.1834585985598518,1.1589984473363062,1.0,2.0,304.0,379.0,2.477927517452335,0.5986
BGSP,/run/media/falconnier/Elements1/BIDS_datasets_selection/BGSP/sub-0818/ses-01/anat/sub-0818_ses-01_T1w.nii.gz,,sub-0818,ses-01,192,192,144,1.1979166,1.1979166,1.2,4.937134742736816,,,,5308416,5252737,0.9895111837504823,0.0,858.0,87.8250076103182,20.0,107.48074556870262,17.0,0.09696353298729532,1.120927236257692,2.0,3.0,309.0,381.0,2.148316824532165,0.6085
BGSP,/run/media/falconnier/Elements1/BIDS_datasets_selection/BGSP/sub-0817/ses-01/anat/sub-0817_ses-01_T1w.nii.gz,,sub-0817,ses-01,192,192,144,1.1979166,1.1979166,1.2,4.843441963195801,,,,5308416,5252074,0.989386287736304,0.0,672.0,84.3579323139773,18.0,106.34429974055743,15.0,0.1592799412680801,1.1643147081084966,2.0,3.0,306.0,377.0,2.682769344160035,0.5965
BGSP,/run/media/falconnier/Elements1/BIDS_datasets_selection/BGSP/sub-0819/ses-01/anat/sub-0819_ses-01_T1w.nii.gz,,sub-0819,ses-01,192,192,144,1.1979166,1.1979166,1.2,4.648838996887207,,,,5308416,5252006,0.989373477888696,0.0,861.0,77.33665479437761,12.0,104.58616929418302,9.0,0.5964370756197783,1.3200315671909002,2.0,3.0,303.0,378.0,2.0280192020779917,0.5686
BGSP,/run/media/falconnier/Elements1/BIDS_datasets_selection/BGSP/sub-0821/ses-01/anat/sub-0821_ses-01_T1w.nii.gz,,sub-0821,ses-01,192,192,144,1.1979166,1.1979166,1.2,4.680423736572266,,,,5308416,5249663,0.9889321032865548,0.0,496.0,74.59649428925248,16.0,90.7582546421262,14.0,-0.09743295614119951,1.0535282429158728,1.0,2.0,256.0,318.37999999988824,3.537011444349445,0.6095
BGSP,/run/media/falconnier/Elements1/BIDS_datasets_selection/BGSP/sub-0823/ses-01/anat/sub-0823_ses-01_T1w.nii.gz,,sub-0823,ses-01,192,192,144,1.1979166,1.1979166,1.2,4.639615058898926,,,,5308416,5251921,0.9893574655791859,0.0,959.0,70.51216973751129,14.0,88.57811107165126,11.0,0.46356281699192703,1.203093054817329,2.0,3.0,252.0,320.0,1.818982170346741,0.5983
BGSP,/run/media/falconnier/Elements1/BIDS_datasets_selection/BGSP/sub-0822/ses-01/anat/sub-0822_ses-01_T1w.nii.gz,,sub-0822,ses-01,192,192,144,1.1979166,1.1979166,1.2,4.851801872253418,,,,5308416,5252695,0.9895032717857832,0.0,876.0,83.1429030240667,19.0,102.5142616789121,16.0,0.14004775086844168,1.1367369321170278,2.0,3.0,296.0,364.0,2.07709384149476,0.6055
BGSP,/run/media/falconnier/Elements1/BIDS_datasets_selection/BGSP/sub-0824/ses-02/anat/sub-0824_ses-02_T1w.nii.gz,,sub-0824,ses-02,192,192,144,1.1979166,1.1979166,1.2,4.765266418457031,,,,5308416,5252472,0.9894612630208334,0.0,714.0,83.93562383578627,15.0,111.59449227126429,11.0,0.6491035632261841,1.3239569431703064,2.0,3.0,328.0,407.0,2.503790672308533,0.5761
BGSP,/run/media/falconnier/Elements1/BIDS_datasets_selection/BGSP/sub-0824/ses-01/anat/sub-0824_ses-01_T1w.nii.gz,,sub-0824,ses-01,192,192,144,1.1979166,1.1979166,1.2,4.749597549438477,,,,5308416,5252749,0.9895134443118249,0.0,891.0,86.13778023659611,13.0,116.63154839080798,9.0,0.6604532300890611,1.3305706743130297,2.0,3.0,342.0,422.0,1.992753476064083,0.5681
BGSP,/run/media/falconnier/Elements1/BIDS_datasets_selection/BGSP/sub-0825/ses-01/anat/sub-0825_ses-01_T1w.nii.gz,,sub-0825,ses-01,192,192,144,1.1979166,1.1979166,1.2,5.19925594329834,,,,5308416,5253813,0.9897138807508681,0.0,971.0,97.81253862670788,48.0,105.16005967092849,44.0,-0.12637004540779895,0.9345632552654766,2.0,3.0,303.0,374.0,1.9941675571758977,0.6596
BGSP,/run/media/falconnier/Elements1/BIDS_datasets_selection/BGSP/sub-0826/ses-01/anat/sub-0826_ses-01_T1w.nii.gz,,sub-0826,ses-01,192,192,144,1.1979166,1.1979166,1.2,4.573973655700684,,,,5308416,5249193,0.9888435646339699,0.0,579.0,71.81724714637087,11.0,95.76397124377928,8.0,0.44935169563697075,1.2683300099890604,1.0,2.0,274.0,343.0,2.9541729289747,0.5735
BGSP,/run/media/falconnier/Elements1/BIDS_datasets_selection/BGSP/sub-0827/ses-01/anat/sub-0827_ses-01_T1w.nii.gz,,sub-0827,ses-01,192,192,144,1.1979166,1.1979166,1.2,5.02780818939209,,,,5308416,5253524,0.9896594388985339,0.0,971.0,83.88957907111494,46.0,87.47895460657722,43.0,-0.12049313480099766,0.8837633912668424,2.0,3.0,253.0,311.0,1.9409787787283939,0.6711
BGSP,/run/media/falconnier/Elements1/BIDS_datasets_selection/BGSP/sub-0828/ses-01/anat/sub-0828_ses-01_T1w.nii.gz,,sub-0828,ses-01,192,192,144,1.1979166,1.1979166,1.2,5.064128875732422,,,,5308416,5252711,0.9895062858675733,0.0,927.0,86.68885800113503,41.0,92.62404357384418,38.0,-0.16072221510667228,0.9097452354718134,2.0,3.0,265.0,331.0,2.0317642388426504,0.6616
BGSP,/run/media/falconnier/Elements1/BIDS_datasets_selection/BGSP/sub-0829/ses-01/anat/sub-0829_ses-01_T1w.nii.gz,,sub-0829,ses-01,192,192,144,1.1979166,1.1979166,1.2,4.569982528686523,,,,5308416,5251210,0.9892235273196374,0.0,516.0,68.68688740309376,12.0,88.62989262469091,9.0,0.24057344214398002,1.2000877287560574,1.0,2.0,251.0,316.0,3.3128668439174205,0.5871
BGSP,/run/media/falconnier/Elements1/BIDS_datasets_selection/BGSP/sub-0830/ses-01/anat/sub-0830_ses-01_T1w.nii.gz,,sub-0830,ses-01,192,192,144,1.1979166,1.1979166,1.2,4.81239128112793,,,,5308416,5252363,0.9894407295886382,0.0,736.0,83.86643821076342,18.0,102.01326461345926,15.0,-0.0531443735468482,1.0691587809986807,2.0,3.0,288.0,359.0,2.4553063800880315,0.6102
BGSP,/run/media/falconnier/Elements1/BIDS_datasets_selection/BGSP/sub-0833/ses-01/anat/sub-0833_ses-01_T1w.nii.gz,,sub-0833,ses-01,192,192,144,1.1979166,1.1979166,1.2,4.97976016998291,,,,5308416,5251975,0.9893676381052277,0.0,689.0,80.87636174962752,39.0,85.39902333731264,36.0,-0.3472634155149734,0.8446897360731541,2.0,3.0,243.0,300.0,2.6711983117641855,0.6656
BGSP,/run/media/falconnier/Elements1/BIDS_datasets_selection/BGSP/sub-0832/ses-01/anat/sub-0832_ses-01_T1w.nii.gz,,sub-0832,ses-01,192,192,144,1.1979166,1.1979166,1.2,4.913591384887695,,,,5308416,5253386,0.9896334424430941,0.0,912.0,83.39345823817249,20.0,98.91414325406527,17.0,0.07372506957758862,1.073168863814814,2.0,3.0,280.0,346.0,2.0054531980557706,0.6214
BGSP,/run/media/falconnier/Elements1/BIDS_datasets_selection/BGSP/sub-0835/ses-01/anat/sub-0835_ses-01_T1w.nii.gz,,sub-0835,ses-01,192,192,144,1.1979166,1.1979166,1.2,4.649870872497559,,,,5308416,5252113,0.9893936345606674,0.0,1038.0,66.68655091769732,18.0,81.45928762451729,15.0,1.05741524089951,1.2663540546123333,2.0,3.0,233.0,294.0,1.7018461873947786,0.6108
BGSP,/run/media/falconnier/Elements1/BIDS_datasets_selection/BGSP/sub-0831/ses-01/anat/sub-0831_ses-01_T1w.nii.gz,,sub-0831,ses-01,192,192,144,1.1979166,1.1979166,1.2,5.060730934143066,,,,5308416,5252228,0.9894152982735339,0.0,737.0,93.2818402019105,31.0,104.7619768410163,28.0,-0.34428613901798544,0.9178043420201041,2.0,3.0,303.0,361.0,2.531918150494418,0.6414
BGSP,/run/media/falconnier/Elements1/BIDS_datasets_selection/BGSP/sub-0834/ses-01/anat/sub-0834_ses-01_T1w.nii.gz,,sub-0834,ses-01,192,192,144,1.1979166,1.1979166,1.2,4.938566207885742,,,,5308416,5252294,0.9894277313609182,0.0,842.0,84.95378000546047,29.0,94.38216872438643,26.0,-0.24357083304003213,0.9200563144147347,2.0,3.0,271.0,326.0,2.189476601241393,0.6458
BGSP,/run/media/falconnier/Elements1/BIDS_datasets_selection/BGSP/sub-0836/ses-01/anat/sub-0836_ses-01_T1w.nii.gz,,sub-0836,ses-01,192,192,144,1.1979166,1.1979166,1.2,4.762045860290527,,,,5308416,5251881,0.9893499303747106,0.0,853.0,74.62052129513216,19.0,91.90617304724007,16.0,0.3455290575976693,1.1824724084465292,2.0,3.0,267.0,332.0,2.1029938172215417,0.6065
BGSP,/run/media/falconnier/Elements1/BIDS_datasets_selection/BGSP/sub-0837/ses-01/anat/sub-0837_ses-01_T1w.nii.gz,,sub-0837,ses-01,192,192,144,1.1979166,1.1979166,1.2,4.651088714599609,,,,5308416,5251612,0.9892992561246142,0.0,705.0,70.68268352650577,14.0,93.85744194036812,11.0,0.6825184688796164,1.3350258179911796,2.0,3.0,275.0,341.0,2.467625057028717,0.5767
BGSP,/run/media/falconnier/Elements1/BIDS_datasets_selection/BGSP/sub-0840/ses-01/anat/sub-0840_ses-01_T1w.nii.gz,,sub-0840,ses-01,192,192,144,1.1979166,1.1979166,1.2,4.486347198486328,,,,5308416,5251504,0.9892789110725309,0.0,685.0,64.96755538984641,10.0,89.29669837961683,7.0,0.7054421442779661,1.3607843912007305,2.0,3.0,257.0,325.0,2.431669057787719,0.5624
BGSP,/run/media/falconnier/Elements1/BIDS_datasets_selection/BGSP/sub-0839/ses-01/anat/sub-0839_ses-01_T1w.nii.gz,,sub-0839,ses-01,192,192,144,1.1979166,1.1979166,1.2,5.142006874084473,,,,5308416,5254126,0.9897728437258874,0.0,831.0,97.98908020096968,42.0,106.26055849183338,39.0,-0.3391502573344467,0.8738038879594854,2.0,3.0,301.0,374.0,2.2955739520315754,0.6553
BGSP,/run/media/falconnier/Elements1/BIDS_datasets_selection/BGSP/sub-0838/ses-01/anat/sub-0838_ses-01_T1w.nii.gz,,sub-0838,ses-01,192,192,144,1.1979166,1.1979166,1.2,4.818500518798828,,,,5308416,5252234,0.9894164285542052,0.0,581.0,79.81712124783473,20.0,96.99217560966837,17.0,0.08076149427501589,1.117701993905589,2.0,3.0,282.0,344.0,3.1199528436244464,0.6115
BGSP,/run/media/falconnier/Elements1/BIDS_datasets_selection/BGSP/sub-0842/ses-01/anat/sub-0842_ses-01_T1w.nii.gz,,sub-0842,ses-01,192,192,144,1.1979166,1.1979166,1.2,4.770551681518555,,,,5308416,5254343,0.989813722210166,0.0,575.0,80.85198511022216,17.0,95.30674392286578,14.0,-0.34308536026815206,0.9582202869829585,2.0,3.0,267.0,326.0,3.1025144955297286,0.6222
BGSP,/run/media/falconnier/Elements1/BIDS_datasets_selection/BGSP/sub-0841/ses-01/anat/sub-0841_ses-01_T1w.nii.gz,,sub-0841,ses-01,192,192,144,1.1979166,1.1979166,1.2,4.51255989074707,,,,5308416,5251508,0.9892796645929784,0.0,535.0,67.64229131898875,11.0,90.0794195379194,8.0,0.5003912633395609,1.290832020583173,1.0,2.0,260.0,326.0,3.1771177339391645,0.5748
BGSP,/run/media/falconnier/Elements1/BIDS_datasets_selection/BGSP/sub-0844/ses-01/anat/sub-0844_ses-01_T1w.nii.gz,,sub-0844,ses-01,192,192,144,1.1979166,1.1979166,1.2,4.982093811035156,,,,5308416,5252629,0.9894908386983989,0.0,797.0,89.24016582933993,27.0,103.28717513891137,24.0,-0.001608281707506709,1.0364488593598231,2.0,3.0,299.0,368.0,2.3388916136263234,0.6305
BGSP,/run/media/falconnier/Elements1/BIDS_datasets_selection/BGSP/sub-0843/ses-01/anat/sub-0843_ses-01_T1w.nii.gz,,sub-0843,ses-01,192,192,144,1.1979166,1.1979166,1.2,4.615817070007324,,,,5308416,5251806,0.9893358018663194,0.0,789.0,68.91528342821498,14.0,89.14705685946106,11.0,0.4084044553684154,1.2440287392178806,2.0,3.0,256.0,320.0,2.1898606636612135,0.5867
BGSP,/run/media/falconnier/Elements1/BIDS_datasets_selection/BGSP/sub-0845/ses-01/anat/sub-0845_ses-01_T1w.nii.gz,,sub-0845,ses-01,192,192,144,1.1979166,1.1979166,1.2,4.8045549392700195,,,,5308416,5251302,0.9892408582899306,0.0,645.0,83.268368301804,17.0,102.17835577159244,14.0,0.02355513752760041,1.0933004327020894,2.0,3.0,291.0,362.0,2.7721945405291484,0.6066
BGSP,/run/media/falconnier/Elements1/BIDS_datasets_selection/BGSP/sub-0846/ses-01/anat/sub-0846_ses-01_T1w.nii.gz,,sub-0846,ses-01,192,192,144,1.1979166,1.1979166,1.2,4.854724884033203,,,,5308416,5253263,0.9896102716893326,0.0,758.0,82.9669177042916,19.0,100.80926798035348,16.0,0.08537357314522787,1.106162895141717,2.0,3.0,289.0,359.0,2.3967397447062364,0.6114
BGSP,/run/media/falconnier/Elements1/BIDS_datasets_selection/BGSP/sub-0849/ses-01/anat/sub-0849_ses-01_T1w.nii.gz,,sub-0849,ses-01,192,192,144,1.1979166,1.1979166,1.2,4.824222564697266,,,,5308416,5251751,0.989325440960166,0.0,808.0,87.81286641350665,17.0,107.16286548775236,14.0,0.03649677193852652,1.0756510446239056,2.0,3.0,301.0,380.0,2.2463368923656595,0.6085
BGSP,/run/media/falconnier/Elements1/BIDS_datasets_selection/BGSP/sub-0847/ses-01/anat/sub-0847_ses-01_T1w.nii.gz,,sub-0847,ses-01,192,192,144,1.1979166,1.1979166,1.2,5.248067855834961,,,,5308416,5253417,0.9896392822265625,0.0,1133.0,104.3572229274775,39.0,115.14747801554897,35.0,-0.14126438271965558,0.9463155226582264,2.0,4.0,334.0,406.0,1.706925728746953,0.6492
BGSP,/run/media/falconnier/Elements1/BIDS_datasets_selection/BGSP/sub-0849/ses-02/anat/sub-0849_ses-02_T1w.nii.gz,,sub-0849,ses-02,192,192,144,1.1979166,1.1979166,1.2,4.7928314208984375,,,,5308416,5252485,0.9894637119622878,0.0,706.0,82.23882371867792,18.0,98.66062890418078,15.0,0.02339524422074657,1.062120842139739,2.0,3.0,279.0,352.0,2.5415829830950747,0.6157
BGSP,/run/media/falconnier/Elements1/BIDS_datasets_selection/BGSP/sub-0848/ses-01/anat/sub-0848_ses-01_T1w.nii.gz,,sub-0848,ses-01,192,192,144,1.1979166,1.1979166,1.2,4.865138053894043,,,,5308416,5253560,0.9896662205825617,0.0,645.0,80.09049482636536,24.0,93.50196454783297,21.0,0.13902672799614724,1.0820284578218788,2.0,3.0,270.0,339.0,2.8175558086427794,0.6276
BGSP,/run/media/falconnier/Elements1/BIDS_datasets_selection/BGSP/sub-0850/ses-01/anat/sub-0850_ses-01_T1w.nii.gz,,sub-0850,ses-01,192,192,144,1.1979166,1.1979166,1.2,5.064990997314453,,,,5308416,5252900,0.9895418897087191,0.0,811.0,92.93329798777818,44.0,100.11181001066014,41.0,-0.28107058560014586,0.8917182403456007,2.0,3.0,289.0,354.0,2.3372512275968464,0.658
BGSP,/run/media/falconnier/Elements1/BIDS_datasets_selection/BGSP/sub-0851/ses-01/anat/sub-0851_ses-01_T1w.nii.gz,,sub-0851,ses-01,192,192,144,1.1979166,1.1979166,1.2,5.11301326751709,,,,5308416,5253421,0.98964003574701,0.0,1023.0,108.07803867232418,20.0,133.85287005499276,16.0,0.11953573412402196,1.1223636332311844,2.0,4.0,380.0,467.0,1.8537529708308673,0.6035
BGSP,/run/media/falconnier/Elements1/BIDS_datasets_selection/BGSP/sub-0853/ses-01/anat/sub-0853_ses-01_T1w.nii.gz,,sub-0853,ses-01,192,192,144,1.1979166,1.1979166,1.2,4.7280731201171875,,,,5308416,5252290,0.9894269778404707,0.0,870.0,74.1840623804093,18.0,93.51610037199542,15.0,0.31359016700316156,1.2044676080376568,2.0,3.0,269.0,333.0,2.0497254527576323,0.5973
BGSP,/run/media/falconnier/Elements1/BIDS_datasets_selection/BGSP/sub-0852/ses-01/anat/sub-0852_ses-01_T1w.nii.gz,,sub-0852,ses-01,192,192,144,1.1979166,1.1979166,1.2,4.8208723068237305,,,,5308416,5250782,0.9891429006317516,0.0,546.0,80.62827575016445,21.0,94.74728060198991,19.0,-0.12042595134498235,1.0135039952386187,1.0,2.0,270.0,329.0,3.2948088751498283,0.6236
BGSP,/run/media/falconnier/Elements1/BIDS_datasets_selection/BGSP/sub-0854/ses-01/anat/sub-0854_ses-01_T1w.nii.gz,,sub-0854,ses-01,192,192,144,1.1979166,1.1979166,1.2,4.699296951293945,,,,5308416,5251053,0.9891939516420718,0.0,1120.0,81.51488910890825,12.0,104.70322703430112,9.0,0.22430094924285315,1.1686890603370967,1.0,2.0,299.0,369.0,1.5691262548820775,0.5879
BGSP,/run/media/falconnier/Elements1/BIDS_datasets_selection/BGSP/sub-0855/ses-01/anat/sub-0855_ses-01_T1w.nii.gz,,sub-0855,ses-01,192,192,144,1.1979166,1.1979166,1.2,4.496905326843262,,,,5308416,5177855,0.9754049042124807,0.0,728.0,70.64270030736667,19.0,84.05910718116569,18.0,-0.15318684138406224,1.0114623272498036,1.0,1.0,241.0,291.0,2.3692402492366007,0.6126
BGSP,/run/media/falconnier/Elements1/BIDS_datasets_selection/BGSP/sub-0856/ses-01/anat/sub-0856_ses-01_T1w.nii.gz,,sub-0856,ses-01,192,192,144,1.1979166,1.1979166,1.2,4.740091323852539,,,,5308416,5251272,0.9892352068865741,0.0,783.0,82.19555052566311,14.0,105.26468462621368,11.0,0.32216503707529665,1.1956871451260744,2.0,3.0,300.0,377.0,2.268646337244896,0.5897
BGSP,/run/media/falconnier/Elements1/BIDS_datasets_selection/BGSP/sub-0859/ses-01/anat/sub-0859_ses-01_T1w.nii.gz,,sub-0859,ses-01,192,192,144,1.1979166,1.1979166,1.2,4.9474992752075195,,,,5308416,5252368,0.9894416714891975,0.0,919.0,90.44798841208384,21.0,109.22874577980198,18.0,-0.14942664996852484,1.0437421150541368,2.0,3.0,311.0,377.0,2.003685046163561,0.6131
BGSP,/run/media/falconnier/Elements1/BIDS_datasets_selection/BGSP/sub-0857/ses-01/anat/sub-0857_ses-01_T1w.nii.gz,,sub-0857,ses-01,192,192,144,1.1979166,1.1979166,1.2,5.039516448974609,,,,5308416,5251725,0.9893205430772569,0.0,644.0,90.61253131114063,37.0,100.95592198553506,34.0,-0.1933163586750264,0.9572847469336151,2.0,3.0,287.0,356.0,2.9188722294993568,0.6452
BGSP,/run/media/falconnier/Elements1/BIDS_datasets_selection/BGSP/sub-0858/ses-01/anat/sub-0858_ses-01_T1w.nii.gz,,sub-0858,ses-01,192,192,144,1.1979166,1.1979166,1.2,4.629307746887207,,,,5308416,5251283,0.9892372790678048,0.0,665.0,76.46479498438762,13.0,100.94459906630208,10.0,0.3383962142110448,1.2439141422574236,2.0,3.0,292.0,358.0,2.6154859689831955,0.5778
BGSP,/run/media/falconnier/Elements1/BIDS_datasets_selection/BGSP/sub-0860/ses-01/anat/sub-0860_ses-01_T1w.nii.gz,,sub-0860,ses-01,192,192,144,1.1979166,1.1979166,1.2,4.574811935424805,,,,5308416,5252415,0.989450525354456,0.0,799.0,73.14460814691908,11.0,100.80797749642574,8.0,0.7441453811743148,1.372741295891596,2.0,3.0,292.0,366.0,2.1504532820002304,0.5614
BGSP,/run/media/falconnier/Elements1/BIDS_datasets_selection/BGSP/sub-0861/ses-01/anat/sub-0861_ses-01_T1w.nii.gz,,sub-0861,ses-01,192,192,144,1.1979166,1.1979166,1.2,4.9782209396362305,,,,5308416,5252901,0.989542078088831,0.0,620.0,87.52846322441637,25.0,102.23224959898579,22.0,0.014576297370412217,1.0495094201032809,2.0,3.0,291.0,369.0,2.9780194509206432,0.6269
BGSP,/run/media/falconnier/Elements1/BIDS_datasets_selection/BGSP/sub-0865/ses-01/anat/sub-0865_ses-01_T1w.nii.gz,,sub-0865,ses-01,192,192,144,1.1979166,1.1979166,1.2,4.7484025955200195,,,,5308416,5251382,0.9892559286988811,0.0,816.0,81.88670391908263,14.0,105.3084274066125,11.0,0.30950863746662494,1.200672793707798,1.0,3.0,302.0,374.0,2.1774571572156636,0.588
BGSP,/run/media/falconnier/Elements1/BIDS_datasets_selection/BGSP/sub-0863/ses-01/anat/sub-0863_ses-01_T1w.nii.gz,,sub-0863,ses-01,192,192,144,1.1979166,1.1979166,1.2,4.809465408325195,,,,5308416,5252352,0.9894386574074074,0.0,703.0,85.70235505921919,14.0,110.79482394767527,11.0,0.29357841577269417,1.2015626047119314,2.0,3.0,317.0,394.0,2.5292707907468275,0.5861
BGSP,/run/media/falconnier/Elements1/BIDS_datasets_selection/BGSP/sub-0862/ses-01/anat/sub-0862_ses-01_T1w.nii.gz,,sub-0862,ses-01,192,192,144,1.1979166,1.1979166,1.2,4.611903190612793,,,,5308416,5251976,0.9893678264853395,0.0,707.0,75.75827231502961,12.0,102.21772420339201,9.0,0.48054478421129687,1.2919766119525957,2.0,3.0,294.0,368.0,2.437443577338199,0.5693
BGSP,/run/media/falconnier/Elements1/BIDS_datasets_selection/BGSP/sub-0864/ses-01/anat/sub-0864_ses-01_T1w.nii.gz,,sub-0864,ses-01,192,192,144,1.1979166,1.1979166,1.2,4.761466026306152,,,,5308416,5249524,0.9889059184510031,0.0,586.0,77.29496026687372,17.0,94.86837178203828,14.0,0.007918327047696128,1.102974667483635,1.0,2.0,270.0,334.0,3.048700214660463,0.6068
BGSP,/run/media/falconnier/Elements1/BIDS_datasets_selection/BGSP/sub-0866/ses-01/anat/sub-0866_ses-01_T1w.nii.gz,,sub-0866,ses-01,192,192,144,1.1979166,1.1979166,1.2,4.674566268920898,,,,5308416,5249894,0.9889756190923997,0.0,656.0,70.41189022102161,15.0,89.14776317908955,13.0,0.24334947091570847,1.184909175201657,1.0,2.0,257.0,315.0,2.645867627498156,0.5946
BGSP,/run/media/falconnier/Elements1/BIDS_datasets_selection/BGSP/sub-0867/ses-01/anat/sub-0867_ses-01_T1w.nii.gz,,sub-0867,ses-01,192,192,144,1.1979166,1.1979166,1.2,4.6506757736206055,,,,5308416,5251338,0.9892476399739584,0.0,561.0,74.14399035064969,13.0,97.75596274245518,10.0,0.28532690599786825,1.234351100800522,1.0,3.0,282.0,345.0,3.0973463475171448,0.5784
BGSP,/run/media/falconnier/Elements1/BIDS_datasets_selection/BGSP/sub-0868/ses-01/anat/sub-0868_ses-01_T1w.nii.gz,,sub-0868,ses-01,192,192,144,1.1979166,1.1979166,1.2,4.887449264526367,,,,5308416,5252417,0.9894509021146798,0.0,788.0,85.09250560265873,20.0,101.74342557544676,17.0,0.021425225223138167,1.0617682792423355,2.0,3.0,289.0,359.0,2.312019054851425,0.6173
BGSP,/run/media/falconnier/Elements1/BIDS_datasets_selection/BGSP/sub-0871/ses-01/anat/sub-0871_ses-01_T1w.nii.gz,,sub-0871,ses-01,192,192,144,1.1979166,1.1979166,1.2,4.684055328369141,,,,5308416,5251296,0.9892397280092593,0.0,679.0,74.84324345837675,14.0,94.30029054429541,11.0,0.15110128638261333,1.1509661234697546,2.0,3.0,271.0,332.0,2.570205976205524,0.5962
BGSP,/run/media/falconnier/Elements1/BIDS_datasets_selection/BGSP/sub-0869/ses-01/anat/sub-0869_ses-01_T1w.nii.gz,,sub-0869,ses-01,192,192,144,1.1979166,1.1979166,1.2,4.549127578735352,,,,5308416,5247188,0.9884658625096451,0.0,625.0,64.3779241376524,14.0,82.91810679443671,12.0,0.5881292730790637,1.2711389871700607,1.0,2.0,240.0,300.0,2.7341224276917817,0.588
BGSP,/run/media/falconnier/Elements1/BIDS_datasets_selection/BGSP/sub-0870/ses-01/anat/sub-0870_ses-01_T1w.nii.gz,,sub-0870,ses-01,192,192,144,1.1979166,1.1979166,1.2,4.873355865478516,,,,5308416,5253016,0.9895637418016975,0.0,704.0,79.59581238663655,24.0,90.63670834221728,21.0,-0.12366462097796704,0.9754092413539771,2.0,3.0,256.0,320.0,2.5752384736871075,0.6365
BGSP,/run/media/falconnier/Elements1/BIDS_datasets_selection/BGSP/sub-0875/ses-01/anat/sub-0875_ses-01_T1w.nii.gz,,sub-0875,ses-01,192,192,144,1.1979166,1.1979166,1.2,4.682681083679199,,,,5308416,5252004,0.9893731011284722,0.0,601.0,77.48142175824695,14.0,100.71951465834562,11.0,0.2673228974489512,1.2138227238811863,2.0,3.0,288.0,358.0,2.9143886179842404,0.5841
BGSP,/run/media/falconnier/Elements1/BIDS_datasets_selection/BGSP/sub-0874/ses-01/anat/sub-0874_ses-01_T1w.nii.gz,,sub-0874,ses-01,192,192,144,1.1979166,1.1979166,1.2,4.794528961181641,,,,5308416,5252275,0.9894241521387924,0.0,688.0,84.0770567039997,15.0,107.5737642163815,12.0,0.18967872352036164,1.1783922779566167,2.0,3.0,311.0,380.0,2.585358047506804,0.5903
BGSP,/run/media/falconnier/Elements1/BIDS_datasets_selection/BGSP/sub-0872/ses-01/anat/sub-0872_ses-01_T1w.nii.gz,,sub-0872,ses-01,192,192,144,1.1979166,1.1979166,1.2,4.6135149002075195,,,,5308416,5251702,0.9893162103346836,0.0,696.0,72.24945589068078,12.0,96.7770369014203,9.0,0.5793897327835338,1.3143047890028026,2.0,3.0,281.0,350.0,2.4732535285055643,0.5726
BGSP,/run/media/falconnier/Elements1/BIDS_datasets_selection/BGSP/sub-0873/ses-01/anat/sub-0873_ses-01_T1w.nii.gz,,sub-0873,ses-01,192,192,144,1.1979166,1.1979166,1.2,5.122637748718262,,,,5308416,5252882,0.9895384988667052,0.0,753.0,92.33061469875014,45.0,99.00778399419198,42.0,-0.23205308547760461,0.9013645025553909,2.0,3.0,282.0,350.0,2.533801418363397,0.6601
BGSP,/run/media/falconnier/Elements1/BIDS_datasets_selection/BGSP/sub-0876/ses-01/anat/sub-0876_ses-01_T1w.nii.gz,,sub-0876,ses-01,192,192,144,1.1979166,1.1979166,1.2,4.598055839538574,,,,5308416,5252122,0.9893953299816743,0.0,891.0,68.62940274426222,14.0,91.2292039774412,11.0,0.6675563122774872,1.330658767588742,2.0,3.0,265.0,330.0,1.9533512567054951,0.5764
BGSP,/run/media/falconnier/Elements1/BIDS_datasets_selection/BGSP/sub-0877/ses-01/anat/sub-0877_ses-01_T1w.nii.gz,,sub-0877,ses-01,192,192,144,1.1979166,1.1979166,1.2,4.661524772644043,,,,5308416,5252035,0.9893789409119406,0.0,702.0,74.778529274843,13.0,100.5095147002076,10.0,0.5797968772935911,1.321781115057554,2.0,3.0,294.0,361.0,2.4749920633177713,0.5713
BGSP,/run/media/falconnier/Elements1/BIDS_datasets_selection/BGSP/sub-0878/ses-01/anat/sub-0878_ses-01_T1w.nii.gz,,sub-0878,ses-01,192,192,144,1.1979166,1.1979166,1.2,4.642763137817383,,,,5308416,5251181,0.9892180642963927,0.0,672.0,73.33675719804745,13.0,94.2457193882264,10.0,0.26263840956844,1.1922395716720744,1.0,2.0,268.0,333.0,2.582000906221893,0.5885
BGSP,/run/media/falconnier/Elements1/BIDS_datasets_selection/BGSP/sub-0879/ses-01/anat/sub-0879_ses-01_T1w.nii.gz,,sub-0879,ses-01,192,192,144,1.1979166,1.1979166,1.2,5.285539627075195,,,,5308416,5252752,0.9895140094521605,0.0,1121.0,110.43356530062718,58.0,116.57763839567774,54.0,-0.17111448783726502,0.851329750652789,2.0,3.0,332.0,403.0,1.7447856810185114,0.6653
BGSP,/run/media/falconnier/Elements1/BIDS_datasets_selection/BGSP/sub-0880/ses-01/anat/sub-0880_ses-01_T1w.nii.gz,,sub-0880,ses-01,192,192,144,1.1979166,1.1979166,1.2,5.084636688232422,,,,5308416,5252338,0.9894360200858411,0.0,925.0,95.02170309679232,37.0,107.25005568116786,34.0,-0.14041531346575953,0.9879092213706762,2.0,3.0,310.0,379.0,2.0537526867128184,0.6402
BGSP,/run/media/falconnier/Elements1/BIDS_datasets_selection/BGSP/sub-0881/ses-01/anat/sub-0881_ses-01_T1w.nii.gz,,sub-0881,ses-01,192,192,144,1.1979166,1.1979166,1.2,4.8690996170043945,,,,5308416,5252617,0.9894885781370564,0.0,1283.0,90.63661390122296,16.0,115.87804002576664,13.0,0.4715222481066079,1.2033599626181735,2.0,3.0,330.0,409.0,1.4118922614633518,0.5906
BGSP,/run/media/falconnier/Elements1/BIDS_datasets_selection/BGSP/sub-0884/ses-01/anat/sub-0884_ses-01_T1w.nii.gz,,sub-0884,ses-01,192,192,144,1.1979166,1.1979166,1.2,4.770922660827637,,,,5308416,5252425,0.9894524091555749,0.0,694.0,76.96115660861412,21.0,91.79285624925596,18.0,-0.026282805317654923,1.0579066293519903,1.0,2.0,264.0,316.0,2.5734376836929007,0.6182
BGSP,/run/media/falconnier/Elements1/BIDS_datasets_selection/BGSP/sub-0883/ses-01/anat/sub-0883_ses-01_T1w.nii.gz,,sub-0883,ses-01,192,192,144,1.1979166,1.1979166,1.2,4.827876091003418,,,,5308416,5252410,0.9894495834538966,0.0,915.0,86.24343625116852,15.0,111.42176159102887,12.0,0.23832759340189957,1.1956844670525675,2.0,3.0,318.0,393.0,1.9644453488168792,0.5865
BGSP,/run/media/falconnier/Elements1/BIDS_datasets_selection/BGSP/sub-0885/ses-01/anat/sub-0885_ses-01_T1w.nii.gz,,sub-0885,ses-01,192,192,144,1.1979166,1.1979166,1.2,4.649003982543945,,,,5308416,5251681,0.989312254352334,0.0,886.0,77.79982409441853,14.0,102.16130115077851,11.0,0.5145520426173276,1.2667896587631333,2.0,3.0,294.0,366.0,1.9974984994600538,0.5804
BGSP,/run/media/falconnier/Elements1/BIDS_datasets_selection/BGSP/sub-0882/ses-01/anat/sub-0882_ses-01_T1w.nii.gz,,sub-0882,ses-01,192,192,144,1.1979166,1.1979166,1.2,4.914870262145996,,,,5308416,5252861,0.9895345428843557,0.0,890.0,90.46030458449215,21.0,107.16670455051754,18.0,-0.047144344056320175,1.0338555400160692,2.0,3.0,307.0,374.0,2.0709641070291758,0.6206
BGSP,/run/media/falconnier/Elements1/BIDS_datasets_selection/BGSP/sub-0882/ses-02/anat/sub-0882_ses-02_T1w.nii.gz,,sub-0882,ses-02,192,192,144,1.1979166,1.1979166,1.2,4.906174659729004,,,,5308416,5253050,0.9895701467255016,0.0,935.0,88.19248817353728,22.0,102.79321748666706,19.0,-0.05669848692074497,1.0091322301993346,2.0,3.0,292.0,358.0,1.9630474149838666,0.6272
BGSP,/run/media/falconnier/Elements1/BIDS_datasets_selection/BGSP/sub-0887/ses-01/anat/sub-0887_ses-01_T1w.nii.gz,,sub-0887,ses-01,192,192,144,1.1979166,1.1979166,1.2,5.027228355407715,,,,5308416,5249955,0.9889871102792246,0.0,841.0,82.92842757699827,48.0,88.94455249950765,45.0,1.4655109675434383,1.1652107137569636,1.0,2.0,248.0,328.0,2.226301577448528,0.6609
BGSP,/run/media/falconnier/Elements1/BIDS_datasets_selection/BGSP/sub-0886/ses-01/anat/sub-0886_ses-01_T1w.nii.gz,,sub-0886,ses-01,192,192,144,1.1979166,1.1979166,1.2,4.919611930847168,,,,5308416,5251933,0.9893597261405286,0.0,680.0,75.56109874212028,33.0,82.35861688867989,30.0,-0.20335969529207043,0.9268145811497674,2.0,3.0,233.0,290.0,2.6859381229255983,0.654
BGSP,/run/media/falconnier/Elements1/BIDS_datasets_selection/BGSP/sub-0888/ses-01/anat/sub-0888_ses-01_T1w.nii.gz,,sub-0888,ses-01,192,192,144,1.1979166,1.1979166,1.2,4.536050796508789,,,,5308416,5249380,0.988878791714892,0.0,539.0,65.39733739984531,13.0,83.21269980878172,11.0,0.17232493651941638,1.1730458198734897,1.0,2.0,240.0,292.0,3.1533356788407607,0.5924
BGSP,/run/media/falconnier/Elements1/BIDS_datasets_selection/BGSP/sub-0890/ses-01/anat/sub-0890_ses-01_T1w.nii.gz,,sub-0890,ses-01,192,192,144,1.1979166,1.1979166,1.2,4.762592315673828,,,,5308416,5251837,0.9893416416497878,0.0,953.0,69.9513520697615,21.0,82.36310799065299,18.0,0.7087889087431138,1.166415327409472,2.0,3.0,237.0,298.0,1.872670437903953,0.6245
BGSP,/run/media/falconnier/Elements1/BIDS_datasets_selection/BGSP/sub-0889/ses-01/anat/sub-0889_ses-01_T1w.nii.gz,,sub-0889,ses-01,192,192,144,1.1979166,1.1979166,1.2,4.650778770446777,,,,5308416,5252029,0.9893778106312693,0.0,826.0,75.89039512158062,12.0,100.69895856796342,9.0,0.4853301523718123,1.268888748787502,2.0,3.0,288.0,359.0,2.1110749848807204,0.5761
BGSP,/run/media/falconnier/Elements1/BIDS_datasets_selection/BGSP/sub-0891/ses-01/anat/sub-0891_ses-01_T1w.nii.gz,,sub-0891,ses-01,192,192,144,1.1979166,1.1979166,1.2,4.992822647094727,,,,5308416,5254627,0.9898672221619406,0.0,771.0,93.05334803022174,33.0,103.65440921387105,30.0,-0.33398366661804735,0.8977939924179607,2.0,3.0,295.0,361.0,2.4087982392363907,0.6445
BGSP,/run/media/falconnier/Elements1/BIDS_datasets_selection/BGSP/sub-0892/ses-01/anat/sub-0892_ses-01_T1w.nii.gz,,sub-0892,ses-01,192,192,144,1.1979166,1.1979166,1.2,4.558783531188965,,,,5308416,5250924,0.9891696506076388,0.0,608.0,73.84557117947242,11.0,98.50913375579964,8.0,0.35797823131216777,1.2464146807158625,1.0,2.0,282.0,350.0,2.8105744758495326,0.5732
BGSP,/run/media/falconnier/Elements1/BIDS_datasets_selection/BGSP/sub-0896/ses-01/anat/sub-0896_ses-01_T1w.nii.gz,,sub-0896,ses-01,192,192,144,1.1979166,1.1979166,1.2,4.838506698608398,,,,5308416,5252734,0.9895106186101466,0.0,644.0,75.87749560514581,20.0,90.71232922636331,17.0,0.20296205538486412,1.126600531369563,2.0,3.0,264.0,330.0,2.7819259007931114,0.6183
BGSP,/run/media/falconnier/Elements1/BIDS_datasets_selection/BGSP/sub-0893/ses-01/anat/sub-0893_ses-01_T1w.nii.gz,,sub-0893,ses-01,192,192,144,1.1979166,1.1979166,1.2,5.174215316772461,,,,5308416,5254648,0.9898711781442902,0.0,549.0,93.54675669997306,68.0,91.16808476036002,63.0,-0.5089373915590318,0.7328133621668946,2.0,3.0,265.0,326.0,3.516576164396379,0.6962
BGSP,/run/media/falconnier/Elements1/BIDS_datasets_selection/BGSP/sub-0895/ses-01/anat/sub-0895_ses-01_T1w.nii.gz,,sub-0895,ses-01,192,192,144,1.1979166,1.1979166,1.2,4.856977462768555,,,,5308416,5252361,0.9894403528284144,0.0,791.0,78.51190788295017,21.0,93.14009755391979,18.0,0.15532585464625503,1.0966218470760358,2.0,3.0,266.0,336.0,2.2908050963295734,0.621
BGSP,/run/media/falconnier/Elements1/BIDS_datasets_selection/BGSP/sub-0894/ses-01/anat/sub-0894_ses-01_T1w.nii.gz,,sub-0894,ses-01,192,192,144,1.1979166,1.1979166,1.2,4.644721031188965,,,,5308416,5250531,0.989095617223669,0.0,809.0,76.14815377720844,13.0,98.08306263838695,10.0,0.3324237547036586,1.2014655670442926,1.0,2.0,282.0,348.0,2.155803475531254,0.5873
BGSP,/run/media/falconnier/Elements1/BIDS_datasets_selection/BGSP/sub-0897/ses-01/anat/sub-0897_ses-01_T1w.nii.gz,,sub-0897,ses-01,192,192,144,1.1979166,1.1979166,1.2,5.035402297973633,,,,5308416,5252492,0.989465030623071,0.0,1007.0,91.60656941505098,29.0,104.35613586097709,26.0,-0.1603895812916325,0.9711354877428663,2.0,3.0,298.0,367.0,1.8581505774100169,0.6362
BGSP,/run/media/falconnier/Elements1/BIDS_datasets_selection/BGSP/sub-0899/ses-01/anat/sub-0899_ses-01_T1w.nii.gz,,sub-0899,ses-01,192,192,144,1.1979166,1.1979166,1.2,4.681719779968262,,,,5308416,5252462,0.9894593792197145,0.0,1070.0,76.20802587434235,13.0,98.61173851883208,10.0,0.5234514932478396,1.2433918515016837,2.0,3.0,283.0,352.0,1.6398894190872626,0.5862
BGSP,/run/media/falconnier/Elements1/BIDS_datasets_selection/BGSP/sub-0898/ses-01/anat/sub-0898_ses-01_T1w.nii.gz,,sub-0898,ses-01,192,192,144,1.1979166,1.1979166,1.2,4.818345069885254,,,,5308416,5252036,0.9893791292920525,0.0,863.0,87.16852816698133,15.0,112.78223101502903,12.0,0.2250266551270994,1.1950005981089287,2.0,3.0,326.0,396.0,2.0833611704298756,0.5857
BGSP,/run/media/falconnier/Elements1/BIDS_datasets_selection/BGSP/sub-0900/ses-01/anat/sub-0900_ses-01_T1w.nii.gz,,sub-0900,ses-01,192,192,144,1.1979166,1.1979166,1.2,4.652968406677246,,,,5308416,5251821,0.9893386275679977,0.0,730.0,71.82205429316802,13.0,93.07282023232295,10.0,0.4151510663797344,1.24312110762177,2.0,3.0,267.0,336.0,2.3769409556285432,0.5858
BGSP,/run/media/falconnier/Elements1/BIDS_datasets_selection/BGSP/sub-0901/ses-01/anat/sub-0901_ses-01_T1w.nii.gz,,sub-0901,ses-01,192,192,144,1.1979166,1.1979166,1.2,4.703973770141602,,,,5308416,5251875,0.9893488000940394,0.0,648.0,78.6987748185172,13.0,103.66202292022926,10.0,0.3484692742366433,1.2433758030028819,2.0,3.0,301.0,368.0,2.6877180761789834,0.5788
BGSP,/run/media/falconnier/Elements1/BIDS_datasets_selection/BGSP/sub-0903/ses-01/anat/sub-0903_ses-01_T1w.nii.gz,,sub-0903,ses-01,192,192,144,1.1979166,1.1979166,1.2,4.650931358337402,,,,5308416,5251749,0.9893250641999422,0.0,663.0,75.10397069623853,13.0,100.17969710718978,10.0,0.5592427372877569,1.3066322103610417,2.0,3.0,293.0,361.0,2.619531003619745,0.5741
BGSP,/run/media/falconnier/Elements1/BIDS_datasets_selection/BGSP/sub-0902/ses-01/anat/sub-0902_ses-01_T1w.nii.gz,,sub-0902,ses-01,192,192,144,1.1979166,1.1979166,1.2,4.574875831604004,,,,5308416,5251184,0.9892186294367284,0.0,832.0,71.75184758332597,12.0,95.5730496401961,9.0,0.4560260592037846,1.2722877860904058,1.0,2.0,275.0,340.0,2.0707293988669315,0.5743
BGSP,/run/media/falconnier/Elements1/BIDS_datasets_selection/BGSP/sub-0904/ses-01/anat/sub-0904_ses-01_T1w.nii.gz,,sub-0904,ses-01,192,192,144,1.1979166,1.1979166,1.2,4.697747230529785,,,,5308416,5251427,0.989264405803916,0.0,602.0,75.60851517120966,15.0,96.90061036328551,12.0,0.3514189613938967,1.2198564291849106,1.0,2.0,282.0,344.0,2.919707134204431,0.59
BGSP,/run/media/falconnier/Elements1/BIDS_datasets_selection/BGSP/sub-0904/ses-02/anat/sub-0904_ses-02_T1w.nii.gz,,sub-0904,ses-02,192,192,144,1.1979166,1.1979166,1.2,4.629209518432617,,,,5308416,5251439,0.9892666663652585,0.0,568.0,72.18565539845365,13.0,92.84114455170129,10.0,0.3850395570312042,1.2266523987422604,1.0,2.0,268.0,330.0,3.0656667299539757,0.5885
BGSP,/run/media/falconnier/Elements1/BIDS_datasets_selection/BGSP/sub-0907/ses-01/anat/sub-0907_ses-01_T1w.nii.gz,,sub-0907,ses-01,192,192,144,1.1979166,1.1979166,1.2,4.671380996704102,,,,5308416,5251024,0.9891884886188271,0.0,553.0,75.63846346922048,16.0,94.25012791804566,13.0,0.07923597701215135,1.1253576100620428,1.0,2.0,270.0,329.0,3.1963107628596132,0.6008
BGSP,/run/media/falconnier/Elements1/BIDS_datasets_selection/BGSP/sub-0906/ses-01/anat/sub-0906_ses-01_T1w.nii.gz,,sub-0906,ses-01,192,192,144,1.1979166,1.1979166,1.2,5.044302940368652,,,,5308416,5253533,0.989661134319541,0.0,1082.0,93.58678892851725,45.0,99.62050992007406,42.0,-0.29295900262897767,0.834764835643256,2.0,3.0,283.0,344.0,1.7389779263734966,0.662
BGSP,/run/media/falconnier/Elements1/BIDS_datasets_selection/BGSP/sub-0905/ses-01/anat/sub-0905_ses-01_T1w.nii.gz,,sub-0905,ses-01,192,192,144,1.1979166,1.1979166,1.2,4.667854309082031,,,,5308416,5251759,0.9893269480010609,0.0,944.0,74.59391167797304,14.0,97.82817808153514,11.0,0.4727879737126792,1.2690723446380268,2.0,3.0,283.0,349.0,1.86336505865564,0.5813
BGSP,/run/media/falconnier/Elements1/BIDS_datasets_selection/BGSP/sub-0909/ses-01/anat/sub-0909_ses-01_T1w.nii.gz,,sub-0909,ses-01,192,192,144,1.1979166,1.1979166,1.2,5.0148420333862305,,,,5308416,5253234,0.9896048086660879,0.0,860.0,91.76397567669744,36.0,100.19500055889179,33.0,-0.07692515928199661,0.9291302347655201,2.0,3.0,285.0,357.0,2.1919391394244863,0.653
BGSP,/run/media/falconnier/Elements1/BIDS_datasets_selection/BGSP/sub-0908/ses-01/anat/sub-0908_ses-01_T1w.nii.gz,,sub-0908,ses-01,192,192,144,1.1979166,1.1979166,1.2,4.6885881423950195,,,,5308416,5251299,0.9892402931495949,0.0,549.0,76.16020874073253,13.0,97.45938271272612,10.0,0.14383020371796773,1.1675854215355956,2.0,3.0,280.0,342.0,3.185144267362283,0.59
BGSP,/run/media/falconnier/Elements1/BIDS_datasets_selection/BGSP/sub-0910/ses-01/anat/sub-0910_ses-01_T1w.nii.gz,,sub-0910,ses-01,192,192,144,1.1979166,1.1979166,1.2,4.949493408203125,,,,5308416,5252289,0.9894267894603588,0.0,754.0,85.68583297682211,27.0,98.42358358821373,24.0,-0.17328138117812264,0.9912827823954291,2.0,3.0,281.0,345.0,2.461503582808685,0.6332
BGSP,/run/media/falconnier/Elements1/BIDS_datasets_selection/BGSP/sub-0911/ses-01/anat/sub-0911_ses-01_T1w.nii.gz,,sub-0911,ses-01,192,192,144,1.1979166,1.1979166,1.2,4.656346321105957,,,,5308416,5251887,0.9893510606553819,0.0,864.0,74.68566003038526,14.0,96.68611012896142,11.0,0.30707723383713414,1.2234716538491421,2.0,3.0,278.0,344.0,2.038216086168508,0.5862
BGSP,/run/media/falconnier/Elements1/BIDS_datasets_selection/BGSP/sub-0913/ses-01/anat/sub-0913_ses-01_T1w.nii.gz,,sub-0913,ses-01,192,192,144,1.1979166,1.1979166,1.2,4.63957405090332,,,,5308416,5250378,0.9890667950665509,0.0,752.0,69.23647554518932,15.0,88.16481622842913,13.0,0.4855465560513701,1.2410018718505065,1.0,2.0,255.0,315.0,2.3292024918693808,0.5928
BGSP,/run/media/falconnier/Elements1/BIDS_datasets_selection/BGSP/sub-0914/ses-01/anat/sub-0914_ses-01_T1w.nii.gz,,sub-0914,ses-01,192,192,144,1.1979166,1.1979166,1.2,5.4199018478393555,,,,5308416,5254945,0.9899271270375193,0.0,710.0,106.06345813324403,86.0,99.96234639491985,78.0,-0.4170518311216531,0.7027162142690876,2.0,3.0,289.0,359.0,2.7892589171868356,0.7084
BGSP,/run/media/falconnier/Elements1/BIDS_datasets_selection/BGSP/sub-0912/ses-01/anat/sub-0912_ses-01_T1w.nii.gz,,sub-0912,ses-01,192,192,144,1.1979166,1.1979166,1.2,4.729978561401367,,,,5308416,5251773,0.9893295853226273,0.0,884.0,77.15219374485531,16.0,95.35191490011172,13.0,0.14631474728466864,1.1207015077224036,2.0,3.0,270.0,339.0,2.0123418393668344,0.6041
BGSP,/run/media/falconnier/Elements1/BIDS_datasets_selection/BGSP/sub-0915/ses-01/anat/sub-0915_ses-01_T1w.nii.gz,,sub-0915,ses-01,192,192,144,1.1979166,1.1979166,1.2,4.848628044128418,,,,5308416,5252002,0.9893727243682484,0.0,551.0,77.38484657850474,22.0,93.75083070552127,19.0,0.12106526044270094,1.1377159820036815,2.0,3.0,275.0,331.0,3.294399679562929,0.6131
BGSP,/run/media/falconnier/Elements1/BIDS_datasets_selection/BGSP/sub-0916/ses-01/anat/sub-0916_ses-01_T1w.nii.gz,,sub-0916,ses-01,192,192,144,1.1979166,1.1979166,1.2,4.534486770629883,,,,5308416,5250994,0.9891828372154707,0.0,537.0,65.92093820712802,12.0,87.35385157267208,9.0,0.45770328068953203,1.2766039677271945,1.0,2.0,249.0,313.0,3.165967963184443,0.5768
BGSP,/run/media/falconnier/Elements1/BIDS_datasets_selection/BGSP/sub-0917/ses-01/anat/sub-0917_ses-01_T1w.nii.gz,,sub-0917,ses-01,192,192,144,1.1979166,1.1979166,1.2,4.685269355773926,,,,5308416,5252458,0.989458625699267,0.0,926.0,82.3672442502158,13.0,111.091660165579,9.0,0.6318708021441122,1.3201633179951213,2.0,3.0,325.0,401.0,1.8995921643714002,0.5696
BGSP,/run/media/falconnier/Elements1/BIDS_datasets_selection/BGSP/sub-0918/ses-01/anat/sub-0918_ses-01_T1w.nii.gz,,sub-0918,ses-01,192,192,144,1.1979166,1.1979166,1.2,4.887421607971191,,,,5308416,5252413,0.9894501485942323,0.0,605.0,85.23535906258704,19.0,103.40629608099333,16.0,-0.08360850877810133,1.0683696823710898,2.0,3.0,297.0,361.0,2.994017263329747,0.6114
BGSP,/run/media/falconnier/Elements1/BIDS_datasets_selection/BGSP/sub-0919/ses-01/anat/sub-0919_ses-01_T1w.nii.gz,,sub-0919,ses-01,192,192,144,1.1979166,1.1979166,1.2,5.039575576782227,,,,5308416,5252401,0.9894478880328896,0.0,925.0,94.63650871287246,29.0,109.24628343761313,26.0,-0.0004926326838137207,1.014272022054743,2.0,3.0,310.0,387.0,2.02798973508575,0.6309
BGSP,/run/media/falconnier/Elements1/BIDS_datasets_selection/BGSP/sub-0920/ses-01/anat/sub-0920_ses-01_T1w.nii.gz,,sub-0920,ses-01,192,192,144,1.1979166,1.1979166,1.2,4.742587089538574,,,,5308416,5251333,0.9892466980733989,0.0,503.0,77.6417595303897,15.0,96.15870711560439,12.0,0.04419665016933516,1.109353611523436,2.0,3.0,277.0,339.0,3.5062490258515044,0.6029
BGSP,/run/media/falconnier/Elements1/BIDS_datasets_selection/BGSP/sub-0921/ses-01/anat/sub-0921_ses-01_T1w.nii.gz,,sub-0921,ses-01,192,192,144,1.1979166,1.1979166,1.2,4.823697090148926,,,,5308416,5251730,0.9893214849778164,0.0,678.0,80.07425019945808,30.0,90.01393968616013,27.0,-0.13446926557190775,0.9659353978755097,1.0,3.0,259.0,319.0,2.6778050480063555,0.6414
BGSP,/run/media/falconnier/Elements1/BIDS_datasets_selection/BGSP/sub-0922/ses-01/anat/sub-0922_ses-01_T1w.nii.gz,,sub-0922,ses-01,192,192,144,1.1979166,1.1979166,1.2,4.369635581970215,,,,5308416,5244577,0.9879740020375193,0.0,498.0,58.33144293619867,10.0,78.11959510736337,8.0,0.852481073108581,1.3543595872431227,1.0,2.0,224.0,287.0,3.3329664418269522,0.5723
BGSP,/run/media/falconnier/Elements1/BIDS_datasets_selection/BGSP/sub-0924/ses-01/anat/sub-0924_ses-01_T1w.nii.gz,,sub-0924,ses-01,192,192,144,1.1979166,1.1979166,1.2,4.998675346374512,,,,5308416,5253162,0.9895912452980324,0.0,1325.0,88.90855621814062,28.0,103.34528065721292,24.0,0.6933486492087408,1.1451814231445758,2.0,3.0,297.0,369.0,1.425330641429149,0.63
BGSP,/run/media/falconnier/Elements1/BIDS_datasets_selection/BGSP/sub-0926/ses-01/anat/sub-0926_ses-01_T1w.nii.gz,,sub-0926,ses-01,192,192,144,1.1979166,1.1979166,1.2,4.838031768798828,,,,5308416,5252837,0.9895300217616705,0.0,740.0,82.81828581393255,16.0,103.63163928647958,13.0,0.21449838708283764,1.165784282328509,2.0,3.0,299.0,370.0,2.4282639369308443,0.5996
BGSP,/run/media/falconnier/Elements1/BIDS_datasets_selection/BGSP/sub-0925/ses-01/anat/sub-0925_ses-01_T1w.nii.gz,,sub-0925,ses-01,192,192,144,1.1979166,1.1979166,1.2,4.719521522521973,,,,5308416,5251537,0.989285127616223,0.0,682.0,81.30213878336951,13.0,107.5294791495309,10.0,0.38595641135335823,1.2549562865368233,2.0,3.0,313.0,383.0,2.587100565584453,0.577
BGSP,/run/media/falconnier/Elements1/BIDS_datasets_selection/BGSP/sub-0923/ses-01/anat/sub-0923_ses-01_T1w.nii.gz,,sub-0923,ses-01,192,192,144,1.1979166,1.1979166,1.2,4.6989030838012695,,,,5308416,5252304,0.9894296151620371,0.0,572.0,73.08142712226862,16.0,91.26334870657465,13.0,0.26358796882981617,1.1861649352178976,2.0,3.0,267.0,326.0,3.0930625611033804,0.6007
BGSP,/run/media/falconnier/Elements1/BIDS_datasets_selection/BGSP/sub-0927/ses-01/anat/sub-0927_ses-01_T1w.nii.gz,,sub-0927,ses-01,192,192,144,1.1979166,1.1979166,1.2,4.791562080383301,,,,5308416,5250382,0.9890675485869984,0.0,754.0,83.52813509569398,15.0,106.79943139325995,12.0,0.16677921904237403,1.1684811095725502,1.0,3.0,308.0,376.0,2.3689827715230023,0.5902
BGSP,/run/media/falconnier/Elements1/BIDS_datasets_selection/BGSP/sub-0929/ses-01/anat/sub-0929_ses-01_T1w.nii.gz,,sub-0929,ses-01,192,192,144,1.1979166,1.1979166,1.2,4.745180130004883,,,,5308416,5251314,0.9892431188512731,0.0,856.0,84.14605677740848,15.0,107.30680450800547,12.0,0.42710965431918346,1.195739861788575,2.0,3.0,305.0,373.0,2.083570425728032,0.5912
BGSP,/run/media/falconnier/Elements1/BIDS_datasets_selection/BGSP/sub-0928/ses-01/anat/sub-0928_ses-01_T1w.nii.gz,,sub-0928,ses-01,192,192,144,1.1979166,1.1979166,1.2,4.831799507141113,,,,5308416,5251945,0.9893619867018711,0.0,1011.0,78.54379282342066,20.0,92.76341784343043,17.0,0.16342378999047869,1.0701304004218264,2.0,3.0,264.0,329.0,1.7934140512328696,0.6223
BGSP,/run/media/falconnier/Elements1/BIDS_datasets_selection/BGSP/sub-0931/ses-01/anat/sub-0931_ses-01_T1w.nii.gz,,sub-0931,ses-01,192,192,144,1.1979166,1.1979166,1.2,4.777373313903809,,,,5308416,5249490,0.9888995135271991,0.0,669.0,72.95799630059301,26.0,83.05824037514232,24.0,-0.20871552607749022,0.9769412610714976,1.0,2.0,241.0,287.0,2.6653015095756616,0.6363
BGSP,/run/media/falconnier/Elements1/BIDS_datasets_selection/BGSP/sub-0930/ses-01/anat/sub-0930_ses-01_T1w.nii.gz,,sub-0930,ses-01,192,192,144,1.1979166,1.1979166,1.2,4.863010406494141,,,,5308416,5252853,0.9895330358434606,0.0,847.0,80.16773475290475,22.0,94.26647995106016,19.0,0.2977858441953001,1.086840449239357,2.0,3.0,268.0,337.0,2.1472795394826374,0.6243
BGSP,/run/media/falconnier/Elements1/BIDS_datasets_selection/BGSP/sub-0933/ses-01/anat/sub-0933_ses-01_T1w.nii.gz,,sub-0933,ses-01,192,192,144,1.1979166,1.1979166,1.2,4.9531755447387695,,,,5308416,5253293,0.9896159230926891,0.0,480.0,76.39437301517353,30.0,81.76855630745763,26.0,-0.44988566850024325,0.8648992046122411,2.0,3.0,236.0,281.0,3.7731789409844154,0.6613
BGSP,/run/media/falconnier/Elements1/BIDS_datasets_selection/BGSP/sub-0932/ses-01/anat/sub-0932_ses-01_T1w.nii.gz,,sub-0932,ses-01,192,192,144,1.1979166,1.1979166,1.2,4.884223937988281,,,,5308416,5252939,0.9895492365330826,0.0,665.0,79.45675934938517,25.0,90.39229457581311,22.0,-0.17670904930995235,0.9764707317510865,2.0,3.0,256.0,320.0,2.726455013867654,0.6372
BGSP,/run/media/falconnier/Elements1/BIDS_datasets_selection/BGSP/sub-0935/ses-01/anat/sub-0935_ses-01_T1w.nii.gz,,sub-0935,ses-01,192,192,144,1.1979166,1.1979166,1.2,4.704187393188477,,,,5308416,5249318,0.9888671121479552,0.0,657.0,75.2631275148505,18.0,91.91958464720265,16.0,0.27288262821693454,1.1390234852288017,1.0,2.0,263.0,327.0,2.691544074798629,0.6087
BGSP,/run/media/falconnier/Elements1/BIDS_datasets_selection/BGSP/sub-0934/ses-01/anat/sub-0934_ses-01_T1w.nii.gz,,sub-0934,ses-01,192,192,144,1.1979166,1.1979166,1.2,4.67479133605957,,,,5308416,5251901,0.9893536979769483,0.0,772.0,78.59818930326371,12.0,107.32320545667697,9.0,0.5317405085554916,1.316045686789697,2.0,3.0,310.0,383.0,2.2500221582182274,0.5645
BGSP,/run/media/falconnier/Elements1/BIDS_datasets_selection/BGSP/sub-0936/ses-01/anat/sub-0936_ses-01_T1w.nii.gz,,sub-0936,ses-01,192,192,144,1.1979166,1.1979166,1.2,4.633399963378906,,,,5308416,5250947,0.9891739833502122,0.0,583.0,74.35574402103087,14.0,96.41769535219113,11.0,0.32083973981746894,1.2239395652445255,1.0,2.0,276.0,346.0,3.0035237816513147,0.5851
BGSP,/run/media/falconnier/Elements1/BIDS_datasets_selection/BGSP/sub-0937/ses-01/anat/sub-0937_ses-01_T1w.nii.gz,,sub-0937,ses-01,192,192,144,1.1979166,1.1979166,1.2,4.673061370849609,,,,5308416,5250521,0.9890937334225501,0.0,642.0,72.12035015191826,15.0,90.24778835653132,13.0,0.2668470852313902,1.1774302213347172,1.0,2.0,260.0,323.0,2.7137717778859445,0.5994
BGSP,/run/media/falconnier/Elements1/BIDS_datasets_selection/BGSP/sub-0939/ses-01/anat/sub-0939_ses-01_T1w.nii.gz,,sub-0939,ses-01,192,192,144,1.1979166,1.1979166,1.2,4.841529846191406,,,,5308416,5252618,0.9894887665171682,0.0,1426.0,87.30818460432494,16.0,108.92479032828103,13.0,0.3937622453463727,1.1574738567202962,2.0,3.0,309.0,383.0,1.2709585323329247,0.6002
BGSP,/run/media/falconnier/Elements1/BIDS_datasets_selection/BGSP/sub-0938/ses-01/anat/sub-0938_ses-01_T1w.nii.gz,,sub-0938,ses-01,192,192,144,1.1979166,1.1979166,1.2,4.780767440795898,,,,5308416,5253726,0.9896974916811343,0.0,679.0,79.85566415149934,16.0,96.46071984052813,13.0,-0.009302354018780434,1.0727351431782195,2.0,3.0,271.0,344.0,2.6282535073524986,0.6134
BGSP,/run/media/falconnier/Elements1/BIDS_datasets_selection/BGSP/sub-0940/ses-01/anat/sub-0940_ses-01_T1w.nii.gz,,sub-0940,ses-01,192,192,144,1.1979166,1.1979166,1.2,4.678596496582031,,,,5308416,5251984,0.9893693335262346,0.0,857.0,75.95733840773315,14.0,101.02641780344865,11.0,0.5179354843619293,1.2941664733018006,2.0,3.0,296.0,361.0,2.0474779745497065,0.5755
BGSP,/run/media/falconnier/Elements1/BIDS_datasets_selection/BGSP/sub-0941/ses-01/anat/sub-0941_ses-01_T1w.nii.gz,,sub-0941,ses-01,192,192,144,1.1979166,1.1979166,1.2,4.724739074707031,,,,5308416,5251364,0.9892525378568673,0.0,503.0,76.02899875156245,17.0,95.773689236357,14.0,0.21692425818125738,1.1788838534059092,1.0,2.0,273.0,345.0,3.5383201821356653,0.597
BGSP,/run/media/falconnier/Elements1/BIDS_datasets_selection/BGSP/sub-0942/ses-01/anat/sub-0942_ses-01_T1w.nii.gz,,sub-0942,ses-01,192,192,144,1.1979166,1.1979166,1.2,5.014716148376465,,,,5308416,5252670,0.9894985622829862,0.0,858.0,85.76518075569187,39.0,92.87436468511572,36.0,-0.1514979114738444,0.9139402698655757,2.0,3.0,263.0,324.0,2.1840218565346166,0.6563
BGSP,/run/media/falconnier/Elements1/BIDS_datasets_selection/BGSP/sub-0942/ses-02/anat/sub-0942_ses-02_T1w.nii.gz,,sub-0942,ses-02,192,192,144,1.1979166,1.1979166,1.2,4.998685836791992,,,,5308416,5252548,0.9894755799093364,0.0,823.0,83.47773766179766,37.0,91.05135371550814,34.0,0.061594233794487696,0.9634915915480088,2.0,3.0,258.0,320.0,2.2728249478052858,0.6539
BGSP,/run/media/falconnier/Elements1/BIDS_datasets_selection/BGSP/sub-0944/ses-01/anat/sub-0944_ses-01_T1w.nii.gz,,sub-0944,ses-01,192,192,144,1.1979166,1.1979166,1.2,4.8422441482543945,,,,5308416,5253473,0.9896498315128279,0.0,774.0,75.83993807525042,27.0,85.98355130046495,24.0,0.029585227715716922,1.0252597468897289,2.0,3.0,247.0,310.0,2.3482231116247965,0.6391
BGSP,/run/media/falconnier/Elements1/BIDS_datasets_selection/BGSP/sub-0943/ses-01/anat/sub-0943_ses-01_T1w.nii.gz,,sub-0943,ses-01,192,192,144,1.1979166,1.1979166,1.2,4.950246810913086,,,,5308416,5252144,0.9893994743441358,0.0,643.0,85.82848432944718,28.0,97.67858289121111,25.0,-0.12985790982264067,0.9800621760446557,2.0,3.0,280.0,347.0,2.847237402168442,0.6366
BGSP,/run/media/falconnier/Elements1/BIDS_datasets_selection/BGSP/sub-0945/ses-01/anat/sub-0945_ses-01_T1w.nii.gz,,sub-0945,ses-01,192,192,144,1.1979166,1.1979166,1.2,5.050005912780762,,,,5308416,5254206,0.9897879141348379,0.0,1018.0,90.48969378056361,36.0,99.97362960611487,33.0,0.06813987062519589,0.9768923962850992,2.0,3.0,287.0,354.0,1.857174714897518,0.6488
BGSP,/run/media/falconnier/Elements1/BIDS_datasets_selection/BGSP/sub-0946/ses-01/anat/sub-0946_ses-01_T1w.nii.gz,,sub-0946,ses-01,192,192,144,1.1979166,1.1979166,1.2,4.689784049987793,,,,5308416,5252354,0.9894390341676311,0.0,946.0,77.86300161794121,14.0,97.52094749904253,11.0,0.23736555904598733,1.1479913240956243,2.0,3.0,273.0,347.0,1.8671884677890034,0.5988
BGSP,/run/media/falconnier/Elements1/BIDS_datasets_selection/BGSP/sub-0946/ses-02/anat/sub-0946_ses-02_T1w.nii.gz,,sub-0946,ses-02,192,192,144,1.1979166,1.1979166,1.2,4.688286781311035,,,,5308416,5252113,0.9893936345606674,0.0,913.0,72.03506417321942,18.0,87.53456775303498,15.0,0.27640658455637857,1.1417220132412045,2.0,3.0,249.0,313.0,1.9459467351633724,0.6117
BGSP,/run/media/falconnier/Elements1/BIDS_datasets_selection/BGSP/sub-0947/ses-01/anat/sub-0947_ses-01_T1w.nii.gz,,sub-0947,ses-01,192,192,144,1.1979166,1.1979166,1.2,4.654656410217285,,,,5308416,5250373,0.9890658531659915,0.0,623.0,76.39741995473464,13.0,99.6038128437761,10.0,0.28487234192347755,1.2106963304844218,1.0,2.0,283.0,352.0,2.797060115943308,0.5825
BGSP,/run/media/falconnier/Elements1/BIDS_datasets_selection/BGSP/sub-0947/ses-02/anat/sub-0947_ses-02_T1w.nii.gz,,sub-0947,ses-02,192,192,144,1.1979166,1.1979166,1.2,4.713473320007324,,,,5308416,5250341,0.9890598250024113,0.0,639.0,80.96112976280969,13.0,105.7564984870584,10.0,0.2459592357459237,1.2035878846984367,1.0,2.0,299.0,372.0,2.765751583487534,0.5816
BGSP,/run/media/falconnier/Elements1/BIDS_datasets_selection/BGSP/sub-0948/ses-01/anat/sub-0948_ses-01_T1w.nii.gz,,sub-0948,ses-01,192,192,144,1.1979166,1.1979166,1.2,4.682034492492676,,,,5308416,5252177,0.9894056908878279,0.0,1116.0,76.27447247112958,14.0,99.34571671694749,11.0,0.5416602540311404,1.2545880833015985,2.0,3.0,285.0,353.0,1.5785912428092843,0.5837
BGSP,/run/media/falconnier/Elements1/BIDS_datasets_selection/BGSP/sub-0949/ses-01/anat/sub-0949_ses-01_T1w.nii.gz,,sub-0949,ses-01,192,192,144,1.1979166,1.1979166,1.2,4.762578010559082,,,,5308416,5253668,0.9896865656346451,0.0,745.0,79.7340370575377,20.0,93.48701877031742,17.0,0.07212978882510734,1.042520920743279,2.0,3.0,265.0,334.0,2.418747554566078,0.625
BGSP,/run/media/falconnier/Elements1/BIDS_datasets_selection/BGSP/sub-0951/ses-01/anat/sub-0951_ses-01_T1w.nii.gz,,sub-0951,ses-01,192,192,144,1.1979166,1.1979166,1.2,5.087165832519531,,,,5308416,5254709,0.989882669331115,0.0,820.0,91.21219329176934,46.0,96.47094957588722,42.0,-0.24554370762787858,0.8795806065472209,2.0,3.0,275.0,347.0,2.3217133621003665,0.6655
BGSP,/run/media/falconnier/Elements1/BIDS_datasets_selection/BGSP/sub-0950/ses-01/anat/sub-0950_ses-01_T1w.nii.gz,,sub-0950,ses-01,192,192,144,1.1979166,1.1979166,1.2,4.79592227935791,,,,5308416,5251600,0.9892969955632716,0.0,841.0,78.80493735242592,18.0,97.01409929719296,15.0,0.06713442123318858,1.1163727593774229,2.0,3.0,280.0,340.0,2.1304702175093864,0.6058
BGSP,/run/media/falconnier/Elements1/BIDS_datasets_selection/BGSP/sub-0952/ses-01/anat/sub-0952_ses-01_T1w.nii.gz,,sub-0952,ses-01,192,192,144,1.1979166,1.1979166,1.2,4.929628372192383,,,,5308416,5252645,0.9894938527801891,0.0,904.0,90.19516110454828,21.0,108.22225951653884,18.0,0.04054105106275108,1.0677043459524531,2.0,3.0,305.0,382.0,2.036411900884878,0.6158
BGSP,/run/media/falconnier/Elements1/BIDS_datasets_selection/BGSP/sub-0953/ses-01/anat/sub-0953_ses-01_T1w.nii.gz,,sub-0953,ses-01,192,192,144,1.1979166,1.1979166,1.2,4.874044418334961,,,,5308416,5252791,0.9895213562765239,0.0,856.0,82.77799783010593,20.0,100.27384473668751,17.0,0.18567431989698102,1.1109680446263828,2.0,3.0,287.0,355.0,2.12056115143379,0.6124
BGSP,/run/media/falconnier/Elements1/BIDS_datasets_selection/BGSP/sub-0954/ses-01/anat/sub-0954_ses-01_T1w.nii.gz,,sub-0954,ses-01,192,192,144,1.1979166,1.1979166,1.2,4.663073539733887,,,,5308416,5251714,0.9893184708960262,0.0,704.0,74.6839528961402,14.0,97.57584993157144,11.0,0.4261513840521727,1.2527379233293092,2.0,3.0,280.0,353.0,2.4815723927780513,0.5823
BGSP,/run/media/falconnier/Elements1/BIDS_datasets_selection/BGSP/sub-0955/ses-02/anat/sub-0955_ses-02_T1w.nii.gz,,sub-0955,ses-02,192,192,144,1.1979166,1.1979166,1.2,4.439858436584473,,,,5308416,5249492,0.9888998902874229,0.0,553.0,64.15855210370832,10.0,84.7526705070819,8.0,0.2950734200569025,1.2290442662046246,1.0,2.0,243.0,299.0,3.0178902249417243,0.5772
BGSP,/run/media/falconnier/Elements1/BIDS_datasets_selection/BGSP/sub-0955/ses-01/anat/sub-0955_ses-01_T1w.nii.gz,,sub-0955,ses-01,192,192,144,1.1979166,1.1979166,1.2,4.606776237487793,,,,5308416,5251442,0.9892672315055941,0.0,762.0,74.76224968303944,12.0,99.77833230118571,9.0,0.4060461060640752,1.259849404619138,2.0,3.0,286.0,354.0,2.2762044147356413,0.5733
BGSP,/run/media/falconnier/Elements1/BIDS_datasets_selection/BGSP/sub-0956/ses-01/anat/sub-0956_ses-01_T1w.nii.gz,,sub-0956,ses-01,192,192,144,1.1979166,1.1979166,1.2,4.658872604370117,,,,5308416,5248425,0.988698888708044,0.0,620.0,69.82476266689531,20.0,82.91303171714661,18.0,0.13216716773709214,1.0826371616627644,1.0,2.0,237.0,294.0,2.834858032912151,0.6198
BGSP,/run/media/falconnier/Elements1/BIDS_datasets_selection/BGSP/sub-0957/ses-01/anat/sub-0957_ses-01_T1w.nii.gz,,sub-0957,ses-01,192,192,144,1.1979166,1.1979166,1.2,4.866498947143555,,,,5308416,5253052,0.9895705234857253,0.0,801.0,78.78377408028705,24.0,91.56434403334305,21.0,0.13389514397783975,1.061243887477497,2.0,3.0,260.0,328.0,2.2777413202883205,0.6292
BGSP,/run/media/falconnier/Elements1/BIDS_datasets_selection/BGSP/sub-0957/ses-02/anat/sub-0957_ses-02_T1w.nii.gz,,sub-0957,ses-02,192,192,144,1.1979166,1.1979166,1.2,4.936689376831055,,,,5308416,5253113,0.9895820146725501,0.0,830.0,83.45831852465386,25.0,96.43289775071251,22.0,-0.05043220453557584,1.0203760776193644,2.0,3.0,271.0,343.0,2.2250550477401188,0.6312
BGSP,/run/media/falconnier/Elements1/BIDS_datasets_selection/BGSP/sub-0958/ses-01/anat/sub-0958_ses-01_T1w.nii.gz,,sub-0958,ses-01,192,192,144,1.1979166,1.1979166,1.2,4.836970329284668,,,,5308416,5252747,0.9895130675516011,0.0,879.0,82.9433191813731,16.0,104.6889360007675,13.0,0.3590262019606443,1.1967420705554275,2.0,3.0,299.0,377.0,2.055085750885634,0.5963
BGSP,/run/media/falconnier/Elements1/BIDS_datasets_selection/BGSP/sub-0959/ses-01/anat/sub-0959_ses-01_T1w.nii.gz,,sub-0959,ses-01,192,192,144,1.1979166,1.1979166,1.2,4.783331871032715,,,,5308416,5252695,0.9895032717857832,0.0,924.0,79.20853923557335,20.0,93.20957804863119,17.0,0.07832848254071445,1.0502636975735404,2.0,3.0,264.0,330.0,1.9531249021316277,0.6237
BGSP,/run/media/falconnier/Elements1/BIDS_datasets_selection/BGSP/sub-0960/ses-01/anat/sub-0960_ses-01_T1w.nii.gz,,sub-0960,ses-01,192,192,144,1.1979166,1.1979166,1.2,5.163230895996094,,,,5308416,5253452,0.9896458755304784,0.0,854.0,96.95128860033364,50.0,101.64787506530519,46.0,-0.38785313684985834,0.8161996932919439,2.0,3.0,289.0,360.0,2.2372573040858423,0.6681
BGSP,/run/media/falconnier/Elements1/BIDS_datasets_selection/BGSP/sub-0961/ses-01/anat/sub-0961_ses-01_T1w.nii.gz,,sub-0961,ses-01,192,192,144,1.1979166,1.1979166,1.2,4.720793724060059,,,,5308416,5252723,0.989508546428916,0.0,702.0,77.84347756392256,17.0,96.77689417948362,14.0,0.22745118790328434,1.1602941016399646,2.0,3.0,276.0,350.0,2.5349058715379473,0.6024
BGSP,/run/media/falconnier/Elements1/BIDS_datasets_selection/BGSP/sub-0963/ses-01/anat/sub-0963_ses-01_T1w.nii.gz,,sub-0963,ses-01,192,192,144,1.1979166,1.1979166,1.2,4.983016014099121,,,,5308416,5252549,0.9894757682894483,0.0,571.0,88.14395543953992,40.0,94.0433039615096,37.0,-0.44172359664394234,0.8231286675499815,2.0,3.0,266.0,326.0,3.257462422383176,0.6611
BGSP,/run/media/falconnier/Elements1/BIDS_datasets_selection/BGSP/sub-0962/ses-01/anat/sub-0962_ses-01_T1w.nii.gz,,sub-0962,ses-01,192,192,144,1.1979166,1.1979166,1.2,4.798402786254883,,,,5308416,5252564,0.9894785939911266,0.0,757.0,78.12696028073147,21.0,93.40428228835802,18.0,-0.013144538206338208,1.0725709244654598,2.0,3.0,265.0,330.0,2.390351869174296,0.6178
BGSP,/run/media/falconnier/Elements1/BIDS_datasets_selection/BGSP/sub-0964/ses-01/anat/sub-0964_ses-01_T1w.nii.gz,,sub-0964,ses-01,192,192,144,1.1979166,1.1979166,1.2,4.862276077270508,,,,5308416,5252088,0.9893889250578703,0.0,735.0,86.08819844602756,22.0,102.40005997362509,19.0,-0.11077118418123089,1.035203444136536,2.0,3.0,295.0,356.0,2.4813106709213595,0.619
BGSP,/run/media/falconnier/Elements1/BIDS_datasets_selection/BGSP/sub-0966/ses-02/anat/sub-0966_ses-02_T1w.nii.gz,,sub-0966,ses-02,192,192,144,1.1979166,1.1979166,1.2,4.585207939147949,,,,5308416,5251551,0.9892877649377894,0.0,688.0,69.6290343557551,12.0,91.87123839159007,9.0,0.42844096316571445,1.2661595406073503,2.0,3.0,267.0,328.0,2.4818923849595866,0.5785
BGSP,/run/media/falconnier/Elements1/BIDS_datasets_selection/BGSP/sub-0965/ses-01/anat/sub-0965_ses-01_T1w.nii.gz,,sub-0965,ses-01,192,192,144,1.1979166,1.1979166,1.2,4.89515495300293,,,,5308416,5252752,0.9895140094521605,0.0,795.0,84.9892064197967,27.0,96.02779919453963,24.0,-0.11554481230340397,0.9526814222861105,2.0,3.0,273.0,337.0,2.296458118531263,0.6391
BGSP,/run/media/falconnier/Elements1/BIDS_datasets_selection/BGSP/sub-0966/ses-01/anat/sub-0966_ses-01_T1w.nii.gz,,sub-0966,ses-01,192,192,144,1.1979166,1.1979166,1.2,4.703296661376953,,,,5308416,5251999,0.9893721592279128,0.0,855.0,78.8900045487442,13.0,104.99482276249148,10.0,0.46332469063111104,1.2727237718099211,2.0,3.0,304.0,372.0,2.051209823221699,0.5748
BGSP,/run/media/falconnier/Elements1/BIDS_datasets_selection/BGSP/sub-0967/ses-01/anat/sub-0967_ses-01_T1w.nii.gz,,sub-0967,ses-01,192,192,144,1.1979166,1.1979166,1.2,4.640617370605469,,,,5308416,5251866,0.9893471046730324,0.0,842.0,76.35359318002402,13.0,101.38892612022974,10.0,0.5169852568827973,1.281867991828829,2.0,3.0,289.0,365.0,2.087185973386069,0.576
BGSP,/run/media/falconnier/Elements1/BIDS_datasets_selection/BGSP/sub-0969/ses-01/anat/sub-0969_ses-01_T1w.nii.gz,,sub-0969,ses-01,192,192,144,1.1979166,1.1979166,1.2,4.525988578796387,,,,5308416,5251032,0.9891899956597222,0.0,681.0,66.7499024953571,11.0,88.06983617338174,8.0,0.44076515826463547,1.265098397731709,1.0,2.0,253.0,314.0,2.495577982226266,0.5785
BGSP,/run/media/falconnier/Elements1/BIDS_datasets_selection/BGSP/sub-0968/ses-01/anat/sub-0968_ses-01_T1w.nii.gz,,sub-0968,ses-01,192,192,144,1.1979166,1.1979166,1.2,4.662537574768066,,,,5308416,5251912,0.989355770158179,0.0,751.0,75.4062743244746,12.0,100.66668477560708,9.0,0.5258116647239017,1.2911560526737764,2.0,3.0,289.0,364.0,2.3131825389483276,0.5737
BGSP,/run/media/falconnier/Elements1/BIDS_datasets_selection/BGSP/sub-0970/ses-01/anat/sub-0970_ses-01_T1w.nii.gz,,sub-0970,ses-01,192,192,144,1.1979166,1.1979166,1.2,4.993635177612305,,,,5308416,5253212,0.9896006643036266,0.0,862.0,92.23515841355727,27.0,104.19994735276242,24.0,-0.22027429483588357,0.937831356843558,2.0,3.0,295.0,366.0,2.1519187682171554,0.6391
BGSP,/run/media/falconnier/Elements1/BIDS_datasets_selection/BGSP/sub-0973/ses-01/anat/sub-0973_ses-01_T1w.nii.gz,,sub-0973,ses-01,192,192,144,1.1979166,1.1979166,1.2,4.520575523376465,,,,5308416,5251310,0.9892423653308257,0.0,643.0,69.64082771727436,11.0,95.85272291921403,8.0,0.5469971661183495,1.3286862511195876,2.0,2.0,276.0,343.0,2.612300886989679,0.5613
BGSP,/run/media/falconnier/Elements1/BIDS_datasets_selection/BGSP/sub-0974/ses-01/anat/sub-0974_ses-01_T1w.nii.gz,,sub-0974,ses-01,192,192,144,1.1979166,1.1979166,1.2,4.642226219177246,,,,5308416,5252233,0.9894162401740934,0.0,840.0,72.25147399210964,13.0,97.8095234993132,10.0,0.6579228860529982,1.3471899196670833,2.0,3.0,285.0,350.0,2.0780142750239463,0.569
BGSP,/run/media/falconnier/Elements1/BIDS_datasets_selection/BGSP/sub-0971/ses-01/anat/sub-0971_ses-01_T1w.nii.gz,,sub-0971,ses-01,192,192,144,1.1979166,1.1979166,1.2,5.058557510375977,,,,5308416,5251872,0.9893482349537037,0.0,700.0,93.77022098025238,33.0,104.49525107417479,30.0,-0.26560499572663776,0.9247885347848334,2.0,3.0,296.0,370.0,2.6816552801164817,0.6446
BGSP,/run/media/falconnier/Elements1/BIDS_datasets_selection/BGSP/sub-0972/ses-01/anat/sub-0972_ses-01_T1w.nii.gz,,sub-0972,ses-01,192,192,144,1.1979166,1.1979166,1.2,4.804584503173828,,,,5308416,5252147,0.9894000394844714,0.0,706.0,80.14634034424398,20.0,95.1050652656275,17.0,-0.045398683490208924,1.044662778870023,2.0,3.0,273.0,337.0,2.5438782898712065,0.6202
BGSP,/run/media/falconnier/Elements1/BIDS_datasets_selection/BGSP/sub-0975/ses-01/anat/sub-0975_ses-01_T1w.nii.gz,,sub-0975,ses-01,192,192,144,1.1979166,1.1979166,1.2,4.533400535583496,,,,5308416,5250373,0.9890658531659915,0.0,503.0,62.06369071302172,13.0,81.81827376752707,10.0,0.6400398578469453,1.3272009959424786,1.0,2.0,238.0,296.0,3.394254694756593,0.5798
BGSP,/run/media/falconnier/Elements1/BIDS_datasets_selection/BGSP/sub-0978/ses-01/anat/sub-0978_ses-01_T1w.nii.gz,,sub-0978,ses-01,192,192,144,1.1979166,1.1979166,1.2,4.6760101318359375,,,,5308416,5251066,0.9891964005835262,0.0,588.0,74.16636507711006,15.0,92.60814615818784,12.0,0.1820012603637351,1.1572238551299978,1.0,2.0,265.0,331.0,3.0033803542833466,0.6003
BGSP,/run/media/falconnier/Elements1/BIDS_datasets_selection/BGSP/sub-0977/ses-01/anat/sub-0977_ses-01_T1w.nii.gz,,sub-0977,ses-01,192,192,144,1.1979166,1.1979166,1.2,4.771213531494141,,,,5308416,5252525,0.9894712471667632,0.0,977.0,81.04890067158176,17.0,98.47133985433202,14.0,0.3318242735648811,1.1192309378048786,2.0,3.0,280.0,350.0,1.8378968822752328,0.6109
BGSP,/run/media/falconnier/Elements1/BIDS_datasets_selection/BGSP/sub-0976/ses-01/anat/sub-0976_ses-01_T1w.nii.gz,,sub-0976,ses-01,192,192,144,1.1979166,1.1979166,1.2,4.944941520690918,,,,5308416,5251017,0.989187169958044,0.0,745.0,84.78561829070445,25.0,99.7344117722786,22.0,0.1203960466516163,1.0882227239806368,1.0,2.0,289.0,355.0,2.4950877758329018,0.6243
BGSP,/run/media/falconnier/Elements1/BIDS_datasets_selection/BGSP/sub-0979/ses-01/anat/sub-0979_ses-01_T1w.nii.gz,,sub-0979,ses-01,192,192,144,1.1979166,1.1979166,1.2,4.870787620544434,,,,5308416,5253658,0.9896846818335262,0.0,682.0,77.47034846958063,32.0,83.66246598617815,29.0,-0.2587567562577604,0.8858129083684876,2.0,3.0,237.0,292.0,2.671903110911503,0.6573
BGSP,/run/media/falconnier/Elements1/BIDS_datasets_selection/BGSP/sub-0980/ses-01/anat/sub-0980_ses-01_T1w.nii.gz,,sub-0980,ses-01,192,192,144,1.1979166,1.1979166,1.2,4.640361785888672,,,,5308416,5250854,0.9891564639998071,0.0,553.0,73.96183763631592,14.0,92.0278917206517,11.0,-0.03743081227431766,1.0898900053516303,1.0,2.0,260.0,320.0,3.149276459419364,0.6008
BGSP,/run/media/falconnier/Elements1/BIDS_datasets_selection/BGSP/sub-0981/ses-01/anat/sub-0981_ses-01_T1w.nii.gz,,sub-0981,ses-01,192,192,144,1.1979166,1.1979166,1.2,4.747990608215332,,,,5308416,5252225,0.9894147331331983,0.0,771.0,84.10806258300053,13.0,110.13121229766145,10.0,0.20125661967305675,1.1997218437112633,2.0,3.0,315.0,387.0,2.2906395022451984,0.5807
BGSP,/run/media/falconnier/Elements1/BIDS_datasets_selection/BGSP/sub-0982/ses-01/anat/sub-0982_ses-01_T1w.nii.gz,,sub-0982,ses-01,192,192,144,1.1979166,1.1979166,1.2,4.737631797790527,,,,5308416,5252029,0.9893778106312693,0.0,1147.0,84.26619026665695,13.0,111.6859261030129,10.0,0.41880083275262914,1.2504503799136626,2.0,3.0,322.0,394.0,1.5493356370709412,0.576
BGSP,/run/media/falconnier/Elements1/BIDS_datasets_selection/BGSP/sub-0982/ses-02/anat/sub-0982_ses-02_T1w.nii.gz,,sub-0982,ses-02,192,192,144,1.1979166,1.1979166,1.2,4.629691123962402,,,,5308416,5251363,0.9892523494767554,0.0,682.0,75.65920028762056,11.0,99.78652586520691,8.0,0.3018202624625941,1.2254755104752513,2.0,3.0,287.0,351.0,2.522071693015298,0.5777
BGSP,/run/media/falconnier/Elements1/BIDS_datasets_selection/BGSP/sub-0983/ses-01/anat/sub-0983_ses-01_T1w.nii.gz,,sub-0983,ses-01,192,192,144,1.1979166,1.1979166,1.2,4.996825218200684,,,,5308416,5252970,0.9895550763165509,0.0,881.0,90.93381077752205,28.0,105.12844497727758,25.0,-0.06355016942735903,1.0161612806276463,2.0,3.0,303.0,369.0,2.1251410557292347,0.6307
BGSP,/run/media/falconnier/Elements1/BIDS_datasets_selection/BGSP/sub-0985/ses-01/anat/sub-0985_ses-01_T1w.nii.gz,,sub-0985,ses-01,192,192,144,1.1979166,1.1979166,1.2,5.052477836608887,,,,5308416,5252879,0.9895379337263696,0.0,577.0,90.72860463757112,44.0,97.1444763294936,41.0,-0.39192832072677497,0.8545218387612883,2.0,3.0,279.0,338.0,3.2579196176456335,0.6601
BGSP,/run/media/falconnier/Elements1/BIDS_datasets_selection/BGSP/sub-0988/ses-01/anat/sub-0988_ses-01_T1w.nii.gz,,sub-0988,ses-01,192,192,144,1.1979166,1.1979166,1.2,4.818853378295898,,,,5308416,5252900,0.9895418897087191,0.0,749.0,77.29234746520969,24.0,88.62968246039046,21.0,0.15583241529449587,1.052239046983782,2.0,3.0,252.0,316.0,2.441461333559103,0.6349
BGSP,/run/media/falconnier/Elements1/BIDS_datasets_selection/BGSP/sub-0984/ses-01/anat/sub-0984_ses-01_T1w.nii.gz,,sub-0984,ses-01,192,192,144,1.1979166,1.1979166,1.2,4.892242431640625,,,,5308416,5252921,0.9895458456910686,0.0,556.0,79.71887945773409,28.0,90.11440041413239,25.0,-0.2279386472553333,0.9687586415565709,2.0,3.0,258.0,316.0,3.2912984420276894,0.6397
BGSP,/run/media/falconnier/Elements1/BIDS_datasets_selection/BGSP/sub-0987/ses-01/anat/sub-0987_ses-01_T1w.nii.gz,,sub-0987,ses-01,192,192,144,1.1979166,1.1979166,1.2,4.602139472961426,,,,5308416,5251722,0.9893199779369213,0.0,677.0,72.10890408898263,12.0,96.42124983254992,9.0,0.42405190432758477,1.2808813391754397,2.0,2.0,280.0,342.0,2.5443075286634307,0.573
BGSP,/run/media/falconnier/Elements1/BIDS_datasets_selection/BGSP/sub-0989/ses-01/anat/sub-0989_ses-01_T1w.nii.gz,,sub-0989,ses-01,192,192,144,1.1979166,1.1979166,1.2,4.622881889343262,,,,5308416,5251809,0.9893363670066551,0.0,839.0,73.56961972531751,13.0,95.19292108134074,10.0,0.35743875901494837,1.2167344305886214,2.0,3.0,272.0,340.0,2.0711296975640217,0.5859
BGSP,/run/media/falconnier/Elements1/BIDS_datasets_selection/BGSP/sub-0986/ses-01/anat/sub-0986_ses-01_T1w.nii.gz,,sub-0986,ses-01,192,192,144,1.1979166,1.1979166,1.2,4.8446197509765625,,,,5308416,5252731,0.9895100534698109,0.0,734.0,77.29040969354799,27.0,87.31948318895674,24.0,-0.08050687938556855,0.9945075349406942,2.0,3.0,251.0,310.0,2.484426170754419,0.6402
BGSP,/run/media/falconnier/Elements1/BIDS_datasets_selection/BGSP/sub-0990/ses-01/anat/sub-0990_ses-01_T1w.nii.gz,,sub-0990,ses-01,192,192,144,1.1979166,1.1979166,1.2,4.724918365478516,,,,5308416,5251855,0.9893450324918017,0.0,678.0,75.71719992269398,16.0,96.36781358920541,13.0,0.3227049107410931,1.2069136520959713,2.0,3.0,277.0,343.0,2.6082955079247854,0.593
BGSP,/run/media/falconnier/Elements1/BIDS_datasets_selection/BGSP/sub-0991/ses-01/anat/sub-0991_ses-01_T1w.nii.gz,,sub-0991,ses-01,192,192,144,1.1979166,1.1979166,1.2,5.005002021789551,,,,5308416,5252150,0.9894006046248071,0.0,579.0,87.09818436259437,47.0,90.83075338861165,44.0,-0.6676810078247577,0.7608886146042344,1.0,2.0,263.0,302.0,3.2084770559652975,0.6696
BGSP,/run/media/falconnier/Elements1/BIDS_datasets_selection/BGSP/sub-0992/ses-01/anat/sub-0992_ses-01_T1w.nii.gz,,sub-0992,ses-01,192,192,144,1.1979166,1.1979166,1.2,4.754256248474121,,,,5308416,5252261,0.9894215148172261,0.0,540.0,77.55093987141919,16.0,93.05165248964597,13.0,-0.1529291855352426,1.0272439813342036,2.0,3.0,262.0,325.0,3.281374704376913,0.6154
BGSP,/run/media/falconnier/Elements1/BIDS_datasets_selection/BGSP/sub-0993/ses-01/anat/sub-0993_ses-01_T1w.nii.gz,,sub-0993,ses-01,192,192,144,1.1979166,1.1979166,1.2,4.732566833496094,,,,5308416,5252372,0.9894424250096451,0.0,792.0,79.391794792905,14.0,103.86493858495227,11.0,0.3977291211488496,1.2408569416931918,2.0,3.0,299.0,369.0,2.2270064027138097,0.5817
BGSP,/run/media/falconnier/Elements1/BIDS_datasets_selection/BGSP/sub-0995/ses-01/anat/sub-0995_ses-01_T1w.nii.gz,,sub-0995,ses-01,192,192,144,1.1979166,1.1979166,1.2,4.701820373535156,,,,5308416,5253013,0.9895631766613618,0.0,655.0,76.24409153375406,16.0,91.99236865917457,13.0,-0.017537361557127706,1.0688097681484574,2.0,3.0,262.0,326.0,2.6846295230790282,0.6136
BGSP,/run/media/falconnier/Elements1/BIDS_datasets_selection/BGSP/sub-0994/ses-01/anat/sub-0994_ses-01_T1w.nii.gz,,sub-0994,ses-01,192,192,144,1.1979166,1.1979166,1.2,4.7372236251831055,,,,5308416,5252372,0.9894424250096451,0.0,1102.0,79.17701316662263,14.0,104.61308682319356,11.0,0.7370993762728411,1.3118633630880558,2.0,3.0,300.0,382.0,1.6116945079847322,0.5782
BGSP,/run/media/falconnier/Elements1/BIDS_datasets_selection/BGSP/sub-0997/ses-01/anat/sub-0997_ses-01_T1w.nii.gz,,sub-0997,ses-01,192,192,144,1.1979166,1.1979166,1.2,4.805912971496582,,,,5308416,5252759,0.9895153281129436,0.0,752.0,76.18613570506471,21.0,88.65195066076961,18.0,0.0403421461335669,1.043597525684244,2.0,3.0,254.0,316.0,2.396014977141929,0.6284
BGSP,/run/media/falconnier/Elements1/BIDS_datasets_selection/BGSP/sub-1000/ses-01/anat/sub-1000_ses-01_T1w.nii.gz,,sub-1000,ses-01,192,192,144,1.1979166,1.1979166,1.2,5.0508623123168945,,,,5308416,5253959,0.9897413842472029,0.0,1159.0,97.56869286570375,24.0,116.52644705434054,21.0,0.15396371647518015,1.085882023062551,2.0,3.0,334.0,409.0,1.6227243814074122,0.6181
BGSP,/run/media/falconnier/Elements1/BIDS_datasets_selection/BGSP/sub-0999/ses-01/anat/sub-0999_ses-01_T1w.nii.gz,,sub-0999,ses-01,192,192,144,1.1979166,1.1979166,1.2,4.808257102966309,,,,5308416,5252368,0.9894416714891975,0.0,639.0,82.29478037334779,17.0,99.16102139496746,14.0,-0.07643037514180095,1.050489642105186,2.0,3.0,280.0,351.0,2.814505749786997,0.6139
BGSP,/run/media/falconnier/Elements1/BIDS_datasets_selection/BGSP/sub-0996/ses-01/anat/sub-0996_ses-01_T1w.nii.gz,,sub-0996,ses-01,192,192,144,1.1979166,1.1979166,1.2,5.067200660705566,,,,5308416,5253013,0.9895631766613618,0.0,757.0,89.2465630677099,46.0,93.81168104752035,43.0,-0.35508453939681495,0.8543203679446199,2.0,3.0,271.0,330.0,2.510578486567504,0.6677
BGSP,/run/media/falconnier/Elements1/BIDS_datasets_selection/BGSP/sub-0998/ses-01/anat/sub-0998_ses-01_T1w.nii.gz,,sub-0998,ses-01,192,192,144,1.1979166,1.1979166,1.2,4.64675235748291,,,,5308416,5251864,0.9893467279128086,0.0,731.0,73.68504953669783,14.0,95.48601147170801,11.0,0.39506254377693617,1.2423095278418455,2.0,3.0,277.0,342.0,2.396556840437568,0.5858
BGSP,/run/media/falconnier/Elements1/BIDS_datasets_selection/BGSP/sub-1001/ses-01/anat/sub-1001_ses-01_T1w.nii.gz,,sub-1001,ses-01,192,192,144,1.1979166,1.1979166,1.2,4.818940162658691,,,,5308416,5251963,0.989365377543885,0.0,958.0,79.81321612509456,19.0,94.97714134809743,16.0,0.3370679295523118,1.1005228640951337,2.0,3.0,272.0,336.0,1.884718869829707,0.6193
BGSP,/run/media/falconnier/Elements1/BIDS_datasets_selection/BGSP/sub-1002/ses-01/anat/sub-1002_ses-01_T1w.nii.gz,,sub-1002,ses-01,192,192,144,1.1979166,1.1979166,1.2,4.521162986755371,,,,5308416,5251252,0.9892314392843364,0.0,660.0,66.49192402116677,12.0,91.98974156221868,9.0,0.7120078930695746,1.382125741378252,1.0,2.0,269.0,331.0,2.561234857342447,0.56
BGSP,/run/media/falconnier/Elements1/BIDS_datasets_selection/BGSP/sub-1003/ses-01/anat/sub-1003_ses-01_T1w.nii.gz,,sub-1003,ses-01,192,192,144,1.1979166,1.1979166,1.2,4.731259346008301,,,,5308416,5251470,0.9892725061487269,0.0,875.0,80.08774552649068,13.0,102.53509078921985,10.0,0.2567424414912973,1.1895813015117633,2.0,3.0,295.0,362.0,2.02518719561054,0.59
BGSP,/run/media/falconnier/Elements1/BIDS_datasets_selection/BGSP/sub-1006/ses-01/anat/sub-1006_ses-01_T1w.nii.gz,,sub-1006,ses-01,192,192,144,1.1979166,1.1979166,1.2,4.834175109863281,,,,5308416,5251802,0.9893350483458719,0.0,497.0,73.34705725768032,35.0,77.09138642707087,32.0,-0.5142154839996778,0.8066866771016449,1.0,2.0,219.0,268.0,3.643362857125392,0.6672
BGSP,/run/media/falconnier/Elements1/BIDS_datasets_selection/BGSP/sub-1004/ses-01/anat/sub-1004_ses-01_T1w.nii.gz,,sub-1004,ses-01,192,192,144,1.1979166,1.1979166,1.2,4.681221008300781,,,,5308416,5251731,0.9893216733579282,0.0,740.0,77.05004902193201,15.0,99.09796509653698,12.0,0.26098462338694084,1.200909968047702,2.0,3.0,283.0,355.0,2.385083317160226,0.5884
BGSP,/run/media/falconnier/Elements1/BIDS_datasets_selection/BGSP/sub-1005/ses-01/anat/sub-1005_ses-01_T1w.nii.gz,,sub-1005,ses-01,192,192,144,1.1979166,1.1979166,1.2,4.585568428039551,,,,5308416,5251144,0.9892110942322531,0.0,735.0,75.50776097551315,12.0,98.40171340679254,9.0,0.23450652975017405,1.1963897657323757,1.0,2.0,281.0,347.0,2.356921296917535,0.5825
BGSP,/run/media/falconnier/Elements1/BIDS_datasets_selection/BGSP/sub-1007/ses-01/anat/sub-1007_ses-01_T1w.nii.gz,,sub-1007,ses-01,192,192,144,1.1979166,1.1979166,1.2,5.073467254638672,,,,5308416,5251534,0.9892845624758874,0.0,630.0,95.30031682171342,45.0,101.80923885229709,42.0,-0.4693904523509169,0.8134752082211395,2.0,3.0,290.0,353.0,2.9813070561299324,0.6601
BGSP,/run/media/falconnier/Elements1/BIDS_datasets_selection/BGSP/sub-1008/ses-01/anat/sub-1008_ses-01_T1w.nii.gz,,sub-1008,ses-01,192,192,144,1.1979166,1.1979166,1.2,4.8363189697265625,,,,5308416,5252579,0.9894814196928048,0.0,499.0,78.39044477008342,19.0,97.64105682814868,16.0,0.30121616967612974,1.2004600249916983,2.0,3.0,282.0,354.0,3.6203013089909386,0.6024
BGSP,/run/media/falconnier/Elements1/BIDS_datasets_selection/BGSP/sub-1009/ses-01/anat/sub-1009_ses-01_T1w.nii.gz,,sub-1009,ses-01,192,192,144,1.1979166,1.1979166,1.2,4.909279823303223,,,,5308416,5253429,0.9896415427879051,0.0,659.0,82.95254394796237,27.0,92.86378674908889,24.0,-0.16253976846945806,0.9572008722223558,2.0,3.0,268.0,328.0,2.7733512808533543,0.6434
BGSP,/run/media/falconnier/Elements1/BIDS_datasets_selection/BGSP/sub-1010/ses-01/anat/sub-1010_ses-01_T1w.nii.gz,,sub-1010,ses-01,192,192,144,1.1979166,1.1979166,1.2,4.876585960388184,,,,5308416,5252334,0.9894352665653935,0.0,855.0,90.48325639610886,15.0,113.34499809514628,12.0,0.04153966077025739,1.1162816108237026,2.0,3.0,326.0,395.0,2.1152498840538603,0.5983
BGSP,/run/media/falconnier/Elements1/BIDS_datasets_selection/BGSP/sub-1011/ses-01/anat/sub-1011_ses-01_T1w.nii.gz,,sub-1011,ses-01,192,192,144,1.1979166,1.1979166,1.2,5.098981857299805,,,,5308416,5253764,0.9897046501253858,0.0,837.0,85.62589374018323,34.0,92.21547356190139,29.0,-0.09975261403371238,0.948928039459331,3.0,5.0,265.0,327.0,2.244229750441172,0.6599
BGSP,/run/media/falconnier/Elements1/BIDS_datasets_selection/BGSP/sub-1013/ses-01/anat/sub-1013_ses-01_T1w.nii.gz,,sub-1013,ses-01,192,192,144,1.1979166,1.1979166,1.2,5.025219917297363,,,,5308416,5253031,0.9895665675033758,0.0,755.0,88.35695943922661,39.0,95.35068500149528,36.0,-0.20617123577339802,0.8985864527996251,2.0,3.0,275.0,338.0,2.483806414378992,0.6574
BGSP,/run/media/falconnier/Elements1/BIDS_datasets_selection/BGSP/sub-1012/ses-01/anat/sub-1012_ses-01_T1w.nii.gz,,sub-1012,ses-01,192,192,144,1.1979166,1.1979166,1.2,4.94795036315918,,,,5308416,5253326,0.9896221396363811,0.0,1280.0,86.39156564812464,28.0,99.28919379238106,25.0,0.33753690219917054,1.0554704147063556,2.0,3.0,283.0,348.0,1.459682686983664,0.6334
BGSP,/run/media/falconnier/Elements1/BIDS_datasets_selection/BGSP/sub-1014/ses-01/anat/sub-1014_ses-01_T1w.nii.gz,,sub-1014,ses-01,192,192,144,1.1979166,1.1979166,1.2,4.736495018005371,,,,5308416,5251458,0.9892702455873843,0.0,686.0,80.45044519064992,13.0,103.84583606052593,10.0,0.2705769649521508,1.201511634356291,2.0,3.0,297.0,371.0,2.566668601304463,0.5867
BGSP,/run/media/falconnier/Elements1/BIDS_datasets_selection/BGSP/sub-1015/ses-01/anat/sub-1015_ses-01_T1w.nii.gz,,sub-1015,ses-01,192,192,144,1.1979166,1.1979166,1.2,4.92073917388916,,,,5308416,5252573,0.9894802894121335,0.0,1510.0,91.01818880004143,18.0,111.77009684204975,15.0,0.4771111759171438,1.1530905910212015,2.0,3.0,320.0,396.0,1.220181088649727,0.6067
BGSP,/run/media/falconnier/Elements1/BIDS_datasets_selection/BGSP/sub-1018/ses-01/anat/sub-1018_ses-01_T1w.nii.gz,,sub-1018,ses-01,192,192,144,1.1979166,1.1979166,1.2,4.7263994216918945,,,,5308416,5250452,0.9890807351948302,0.0,785.0,75.14903859705792,17.0,93.95010517853574,15.0,0.5228852045114887,1.2182215345942096,1.0,2.0,269.0,339.0,2.255231701549119,0.6
BGSP,/run/media/falconnier/Elements1/BIDS_datasets_selection/BGSP/sub-1017/ses-01/anat/sub-1017_ses-01_T1w.nii.gz,,sub-1017,ses-01,192,192,144,1.1979166,1.1979166,1.2,4.50285530090332,,,,5308416,5250652,0.9891184112172068,0.0,559.0,62.977963879533434,12.0,83.14895664779672,9.0,0.5239307313096435,1.2891180026917746,1.0,2.0,239.0,301.0,3.022586136202408,0.5785
BGSP,/run/media/falconnier/Elements1/BIDS_datasets_selection/BGSP/sub-1016/ses-01/anat/sub-1016_ses-01_T1w.nii.gz,,sub-1016,ses-01,192,192,144,1.1979166,1.1979166,1.2,5.069425582885742,,,,5308416,5254410,0.9898263436776621,0.0,1224.0,93.195854529814,33.0,105.07684186601513,30.0,0.37705697489607903,1.067152171040955,2.0,3.0,307.0,382.0,1.547238307239214,0.6414
BGSP,/run/media/falconnier/Elements1/BIDS_datasets_selection/BGSP/sub-1022/ses-01/anat/sub-1022_ses-01_T1w.nii.gz,,sub-1022,ses-01,192,192,144,1.1979166,1.1979166,1.2,4.819711685180664,,,,5308416,5251644,0.9893052842881944,0.0,631.0,78.44402800342141,22.0,91.8271302306635,19.0,-0.06641563936311767,1.0267060993758375,1.0,2.0,261.0,321.0,2.862559628248276,0.6255
BGSP,/run/media/falconnier/Elements1/BIDS_datasets_selection/BGSP/sub-1019/ses-01/anat/sub-1019_ses-01_T1w.nii.gz,,sub-1019,ses-01,192,192,144,1.1979166,1.1979166,1.2,4.703701972961426,,,,5308416,5251943,0.9893616099416473,0.0,906.0,76.11430226870323,15.0,93.2343337483587,12.0,0.07621526205797613,1.0896340607675632,2.0,3.0,262.0,329.0,1.9464096886016498,0.6075
BGSP,/run/media/falconnier/Elements1/BIDS_datasets_selection/BGSP/sub-1021/ses-01/anat/sub-1021_ses-01_T1w.nii.gz,,sub-1021,ses-01,192,192,144,1.1979166,1.1979166,1.2,4.911396026611328,,,,5308416,5254175,0.9897820743513696,0.0,865.0,79.17502690717382,28.0,88.49290891750358,24.0,0.08518262900045004,1.0030952463977638,2.0,3.0,251.0,314.0,2.128626208484853,0.6449
BGSP,/run/media/falconnier/Elements1/BIDS_datasets_selection/BGSP/sub-1024/ses-01/anat/sub-1024_ses-01_T1w.nii.gz,,sub-1024,ses-01,192,192,144,1.1979166,1.1979166,1.2,4.824978828430176,,,,5308416,5252966,0.9895543227961034,0.0,717.0,85.33304746309038,15.0,110.40894958460815,12.0,0.30490576113285783,1.2213718977961154,2.0,3.0,318.0,395.0,2.5014266407279004,0.5863
BGSP,/run/media/falconnier/Elements1/BIDS_datasets_selection/BGSP/sub-1020/ses-01/anat/sub-1020_ses-01_T1w.nii.gz,,sub-1020,ses-01,192,192,144,1.1979166,1.1979166,1.2,4.887971878051758,,,,5308416,5252519,0.9894701168860918,0.0,646.0,84.50865955934667,25.0,96.71432463837326,22.0,-0.24981001808006775,0.9578857133572269,2.0,3.0,276.0,339.0,2.8125552414798842,0.6342
BGSP,/run/media/falconnier/Elements1/BIDS_datasets_selection/BGSP/sub-1023/ses-01/anat/sub-1023_ses-01_T1w.nii.gz,,sub-1023,ses-01,192,192,144,1.1979166,1.1979166,1.2,4.900064468383789,,,,5308416,5254600,0.9898621358989198,0.0,601.0,81.72886423324326,30.0,90.45792153739609,27.0,-0.30110907124532194,0.9173079649023406,2.0,3.0,256.0,320.0,3.047816577456208,0.6477
BGSP,/run/media/falconnier/Elements1/BIDS_datasets_selection/BGSP/sub-1025/ses-01/anat/sub-1025_ses-01_T1w.nii.gz,,sub-1025,ses-01,192,192,144,1.1979166,1.1979166,1.2,5.067678451538086,,,,5308416,5253436,0.9896428614486883,0.0,1271.0,91.7990593204143,36.0,100.90442158333654,33.0,-0.06499623345407235,0.9315418560221445,2.0,3.0,286.0,353.0,1.4887035966538238,0.6503
BGSP,/run/media/falconnier/Elements1/BIDS_datasets_selection/BGSP/sub-1026/ses-01/anat/sub-1026_ses-01_T1w.nii.gz,,sub-1026,ses-01,192,192,144,1.1979166,1.1979166,1.2,4.977136611938477,,,,5308416,5253207,0.9895997224030672,0.0,835.0,93.44360197494598,20.0,111.4818565322659,17.0,-0.019922385376616614,1.0576542751077913,2.0,3.0,324.0,390.0,2.216549346119364,0.6181
BGSP,/run/media/falconnier/Elements1/BIDS_datasets_selection/BGSP/sub-1028/ses-01/anat/sub-1028_ses-01_T1w.nii.gz,,sub-1028,ses-01,192,192,144,1.1979166,1.1979166,1.2,4.450061798095703,,,,5308416,5251717,0.9893190360363618,0.0,797.0,66.5805484187362,10.0,94.11877088917814,7.0,0.8487622161244528,1.4150977893016334,2.0,3.0,273.0,342.0,2.0997022169054187,0.5512
BGSP,/run/media/falconnier/Elements1/BIDS_datasets_selection/BGSP/sub-1027/ses-01/anat/sub-1027_ses-01_T1w.nii.gz,,sub-1027,ses-01,192,192,144,1.1979166,1.1979166,1.2,4.730289459228516,,,,5308416,5251784,0.989331657503858,0.0,728.0,74.52410685587984,16.0,92.57301351606003,13.0,0.17149716379330693,1.1500027885863526,2.0,3.0,264.0,330.0,2.431085208620608,0.6026
BGSP,/run/media/falconnier/Elements1/BIDS_datasets_selection/BGSP/sub-1029/ses-01/anat/sub-1029_ses-01_T1w.nii.gz,,sub-1029,ses-01,192,192,144,1.1979166,1.1979166,1.2,4.82597541809082,,,,5308416,5252218,0.9894134144724152,0.0,560.0,80.4991274162649,18.0,100.7798332751772,15.0,0.10395490120579876,1.1521532573840259,2.0,3.0,289.0,356.0,3.220157512264019,0.5995
BGSP,/run/media/falconnier/Elements1/BIDS_datasets_selection/BGSP/sub-1031/ses-01/anat/sub-1031_ses-01_T1w.nii.gz,,sub-1031,ses-01,192,192,144,1.1979166,1.1979166,1.2,4.93422794342041,,,,5308416,5253037,0.9895676977840471,0.0,565.0,86.73004225936349,20.0,101.86824809048765,17.0,-0.13321385364719696,1.020197331093813,2.0,3.0,294.0,357.0,3.240745152494545,0.6244
BGSP,/run/media/falconnier/Elements1/BIDS_datasets_selection/BGSP/sub-1030/ses-01/anat/sub-1030_ses-01_T1w.nii.gz,,sub-1030,ses-01,192,192,144,1.1979166,1.1979166,1.2,4.887333869934082,,,,5308416,5253017,0.9895639301818094,0.0,808.0,84.01480558696079,20.0,99.40224139279323,17.0,-0.051234931777905945,1.037617017800677,2.0,3.0,284.0,351.0,2.2516085435021593,0.6215
BGSP,/run/media/falconnier/Elements1/BIDS_datasets_selection/BGSP/sub-1033/ses-01/anat/sub-1033_ses-01_T1w.nii.gz,,sub-1033,ses-01,192,192,144,1.1979166,1.1979166,1.2,4.856040954589844,,,,5308416,5251801,0.98933485996576,0.0,648.0,81.68826922421471,21.0,96.31902820254079,18.0,-0.008726905209519575,1.0412464062599243,2.0,3.0,272.0,338.0,2.789672940051428,0.6227
BGSP,/run/media/falconnier/Elements1/BIDS_datasets_selection/BGSP/sub-1032/ses-01/anat/sub-1032_ses-01_T1w.nii.gz,,sub-1032,ses-01,192,192,144,1.1979166,1.1979166,1.2,4.717434883117676,,,,5308416,5252263,0.9894218915774499,0.0,1261.0,74.47716593780623,17.0,90.69874837817247,14.0,0.4515305882190872,1.150487372579359,2.0,3.0,260.0,323.0,1.4134692107626856,0.6105
BGSP,/run/media/falconnier/Elements1/BIDS_datasets_selection/BGSP/sub-1034/ses-01/anat/sub-1034_ses-01_T1w.nii.gz,,sub-1034,ses-01,192,192,144,1.1979166,1.1979166,1.2,4.944390296936035,,,,5308416,5252750,0.9895136326919367,0.0,747.0,93.5048336585598,19.0,113.9071486605309,16.0,-0.021416834690390907,1.0768923934959411,2.0,3.0,326.0,400.0,2.4642992593659274,0.6096
BGSP,/run/media/falconnier/Elements1/BIDS_datasets_selection/BGSP/sub-1035/ses-01/anat/sub-1035_ses-01_T1w.nii.gz,,sub-1035,ses-01,192,192,144,1.1979166,1.1979166,1.2,4.976384162902832,,,,5308416,5252965,0.9895541344159915,0.0,815.0,97.26493094852145,18.0,121.37400345434726,14.0,0.028033133879278527,1.1177952436462637,2.0,3.0,349.0,423.0,2.2719767030267115,0.6002
BGSP,/run/media/falconnier/Elements1/BIDS_datasets_selection/BGSP/sub-1037/ses-01/anat/sub-1037_ses-01_T1w.nii.gz,,sub-1037,ses-01,192,192,144,1.1979166,1.1979166,1.2,4.834280014038086,,,,5308416,5252444,0.9894559883777007,0.0,770.0,82.19191008985531,19.0,98.52713996939231,16.0,0.0078494495961694,1.0686536647402616,2.0,3.0,280.0,350.0,2.3420801435166623,0.6162
BGSP,/run/media/falconnier/Elements1/BIDS_datasets_selection/BGSP/sub-1036/ses-01/anat/sub-1036_ses-01_T1w.nii.gz,,sub-1036,ses-01,192,192,144,1.1979166,1.1979166,1.2,4.821494102478027,,,,5308416,5253745,0.98970107090326,0.0,794.0,81.61911150998003,20.0,95.12937161012572,17.0,-0.13501172811464146,0.9925576378844909,2.0,3.0,269.0,333.0,2.269345336475485,0.627
BGSP,/run/media/falconnier/Elements1/BIDS_datasets_selection/BGSP/sub-1038/ses-01/anat/sub-1038_ses-01_T1w.nii.gz,,sub-1038,ses-01,192,192,144,1.1979166,1.1979166,1.2,4.841219902038574,,,,5308416,5252273,0.9894237753785686,0.0,761.0,80.50411964496134,28.0,91.79318822034949,25.0,-0.13489199215136205,0.9932796470665946,2.0,3.0,264.0,322.0,2.4131479206803115,0.6362
BGSP,/run/media/falconnier/Elements1/BIDS_datasets_selection/BGSP/sub-1039/ses-01/anat/sub-1039_ses-01_T1w.nii.gz,,sub-1039,ses-01,192,192,144,1.1979166,1.1979166,1.2,4.914717674255371,,,,5308416,5252412,0.9894499602141203,0.0,709.0,86.48599995582981,21.0,104.18795937913563,18.0,0.03301526516829245,1.0850365267186708,2.0,3.0,301.0,369.0,2.5691486498079943,0.6144
BGSP,/run/media/falconnier/Elements1/BIDS_datasets_selection/BGSP/sub-1041/ses-01/anat/sub-1041_ses-01_T1w.nii.gz,,sub-1041,ses-01,192,192,144,1.1979166,1.1979166,1.2,4.698526382446289,,,,5308416,5251270,0.9892348301263503,0.0,927.0,76.53961346493324,15.0,97.59988690655402,12.0,0.2845401864016277,1.1888100048132946,1.0,2.0,280.0,348.0,1.8991359739397309,0.5916
BGSP,/run/media/falconnier/Elements1/BIDS_datasets_selection/BGSP/sub-1040/ses-01/anat/sub-1040_ses-01_T1w.nii.gz,,sub-1040,ses-01,192,192,144,1.1979166,1.1979166,1.2,5.098238945007324,,,,5308416,5254410,0.9898263436776621,0.0,831.0,93.37716070881412,40.0,101.02666016225615,36.0,-0.21710185630522183,0.9191008441608528,2.0,4.0,295.0,358.0,2.2880954044090362,0.657
BGSP,/run/media/falconnier/Elements1/BIDS_datasets_selection/BGSP/sub-1043/ses-01/anat/sub-1043_ses-01_T1w.nii.gz,,sub-1043,ses-01,192,192,144,1.1979166,1.1979166,1.2,4.706245422363281,,,,5308416,5252646,0.9894940411603009,0.0,449.0,75.82212317372996,16.0,91.65577087034876,13.0,-0.12905219427346104,1.048270207467453,2.0,3.0,262.0,320.0,3.904516592966795,0.6127
BGSP,/run/media/falconnier/Elements1/BIDS_datasets_selection/BGSP/sub-1042/ses-01/anat/sub-1042_ses-01_T1w.nii.gz,,sub-1042,ses-01,192,192,144,1.1979166,1.1979166,1.2,4.843214988708496,,,,5308416,5251936,0.9893602912808642,0.0,545.0,76.48266924806396,24.0,86.48651314987849,21.0,-0.18498634045404927,0.9708775516610413,2.0,3.0,247.0,305.0,3.3259331756481916,0.6395
BGSP,/run/media/falconnier/Elements1/BIDS_datasets_selection/BGSP/sub-1044/ses-01/anat/sub-1044_ses-01_T1w.nii.gz,,sub-1044,ses-01,192,192,144,1.1979166,1.1979166,1.2,4.970373153686523,,,,5308416,5231798,0.9855666925877701,0.0,613.0,84.40835922946566,38.0,90.7026621479448,35.0,-0.27511727226032967,0.8914346437190304,2.0,3.0,258.0,322.0,3.014423367248906,0.6579
BGSP,/run/media/falconnier/Elements1/BIDS_datasets_selection/BGSP/sub-1045/ses-01/anat/sub-1045_ses-01_T1w.nii.gz,,sub-1045,ses-01,192,192,144,1.1979166,1.1979166,1.2,5.076358795166016,,,,5308416,5252908,0.9895433967496142,0.0,1163.0,90.91244449740982,41.0,98.34186677426449,38.0,-0.15177456019928082,0.9030232334601714,2.0,3.0,279.0,347.0,1.6187186064082557,0.6564
BGSP,/run/media/falconnier/Elements1/BIDS_datasets_selection/BGSP/sub-1047/ses-01/anat/sub-1047_ses-01_T1w.nii.gz,,sub-1047,ses-01,192,192,144,1.1979166,1.1979166,1.2,4.781993865966797,,,,5308416,5252269,0.9894230218581211,0.0,946.0,79.5236647247123,16.0,98.80578990988515,13.0,0.19932804195428133,1.1408341613869826,2.0,3.0,284.0,350.0,1.8811916895037863,0.6022
BGSP,/run/media/falconnier/Elements1/BIDS_datasets_selection/BGSP/sub-1046/ses-01/anat/sub-1046_ses-01_T1w.nii.gz,,sub-1046,ses-01,192,192,144,1.1979166,1.1979166,1.2,4.916754722595215,,,,5308416,5252712,0.9895064742476852,0.0,707.0,81.42958970527987,33.0,89.1016794825619,30.0,-0.35864595597601756,0.8889228926108941,2.0,3.0,255.0,311.0,2.5861744041589154,0.6518
BGSP,/run/media/falconnier/Elements1/BIDS_datasets_selection/BGSP/sub-1050/ses-01/anat/sub-1050_ses-01_T1w.nii.gz,,sub-1050,ses-01,192,192,144,1.1979166,1.1979166,1.2,4.592406272888184,,,,5308416,5250232,0.9890392915702161,0.0,608.0,70.15957523400871,13.0,90.91558697139473,10.0,0.2953924406031674,1.2182386041073925,1.0,2.0,263.0,324.0,2.833659124592068,0.5853
BGSP,/run/media/falconnier/Elements1/BIDS_datasets_selection/BGSP/sub-1048/ses-01/anat/sub-1048_ses-01_T1w.nii.gz,,sub-1048,ses-01,192,192,144,1.1979166,1.1979166,1.2,4.8402099609375,,,,5308416,5252449,0.98945693027826,0.0,606.0,80.80777500171824,18.0,96.80709587866389,15.0,-0.15307619820894436,1.0389488495231474,2.0,3.0,277.0,336.0,2.965239990137702,0.6164
BGSP,/run/media/falconnier/Elements1/BIDS_datasets_selection/BGSP/sub-1049/ses-01/anat/sub-1049_ses-01_T1w.nii.gz,,sub-1049,ses-01,192,192,144,1.1979166,1.1979166,1.2,4.682638168334961,,,,5308416,5251861,0.989346162772473,0.0,701.0,78.1981191048278,13.0,103.26706265820907,10.0,0.3147343245283456,1.2380912866894782,2.0,3.0,298.0,363.0,2.4915189611449016,0.5777
BGSP,/run/media/falconnier/Elements1/BIDS_datasets_selection/BGSP/sub-1052/ses-01/anat/sub-1052_ses-01_T1w.nii.gz,,sub-1052,ses-01,192,192,144,1.1979166,1.1979166,1.2,4.902993202209473,,,,5308416,5252083,0.9893879831573109,0.0,950.0,87.4586568795657,20.0,104.71794668716869,17.0,0.14954759727547273,1.0802127160705508,2.0,3.0,301.0,370.0,1.9228186985435827,0.6165
BGSP,/run/media/falconnier/Elements1/BIDS_datasets_selection/BGSP/sub-1051/ses-01/anat/sub-1051_ses-01_T1w.nii.gz,,sub-1051,ses-01,192,192,144,1.1979166,1.1979166,1.2,5.316100120544434,,,,5308416,5253944,0.9897385585455247,0.0,583.0,100.02543232284165,88.0,92.82337986110959,80.0,-0.6748419262638912,0.6254199342341525,2.0,3.0,274.0,325.0,3.335754232315201,0.7132
BGSP,/run/media/falconnier/Elements1/BIDS_datasets_selection/BGSP/sub-1053/ses-01/anat/sub-1053_ses-01_T1w.nii.gz,,sub-1053,ses-01,192,192,144,1.1979166,1.1979166,1.2,4.637195587158203,,,,5308416,5251035,0.9891905608000578,0.0,500.0,73.15837791978153,12.0,94.1532273144343,9.0,0.1800504338868696,1.1837053907780457,1.0,2.0,270.0,332.0,3.460267537552027,0.5879
BGSP,/run/media/falconnier/Elements1/BIDS_datasets_selection/BGSP/sub-1054/ses-02/anat/sub-1054_ses-02_T1w.nii.gz,,sub-1054,ses-02,192,192,144,1.1979166,1.1979166,1.2,4.263535499572754,,,,5308416,5243972,0.9878600320698302,0.0,443.0,57.540005171652325,9.0,77.90341308430554,7.0,0.5652761472421077,1.3148881080164563,1.0,2.0,226.0,279.0,3.650514605585113,0.5674
BGSP,/run/media/falconnier/Elements1/BIDS_datasets_selection/BGSP/sub-1055/ses-01/anat/sub-1055_ses-01_T1w.nii.gz,,sub-1055,ses-01,192,192,144,1.1979166,1.1979166,1.2,4.682184219360352,,,,5308416,5250725,0.9891321629653742,0.0,650.0,75.22265725209375,14.0,95.98039087234879,11.0,0.23077629398624167,1.1855493104902814,1.0,2.0,276.0,340.0,2.6894500638515284,0.5914
BGSP,/run/media/falconnier/Elements1/BIDS_datasets_selection/BGSP/sub-1054/ses-01/anat/sub-1054_ses-01_T1w.nii.gz,,sub-1054,ses-01,192,192,144,1.1979166,1.1979166,1.2,4.420140266418457,,,,5308416,5248436,0.9887009608892747,0.0,829.0,65.53343110214166,10.0,88.38733611453988,8.0,0.5192247540674075,1.2870388097776932,1.0,2.0,254.0,313.0,2.0111784921323466,0.5687
BGSP,/run/media/falconnier/Elements1/BIDS_datasets_selection/BGSP/sub-1056/ses-01/anat/sub-1056_ses-01_T1w.nii.gz,,sub-1056,ses-01,192,192,144,1.1979166,1.1979166,1.2,4.931521415710449,,,,5308416,5251629,0.9893024585865162,0.0,637.0,81.36414586788214,35.0,88.61687142813678,32.0,-0.22815309871441336,0.9218335180480016,2.0,3.0,253.0,316.0,2.9053884277861592,0.6541
BGSP,/run/media/falconnier/Elements1/BIDS_datasets_selection/BGSP/sub-1057/ses-01/anat/sub-1057_ses-01_T1w.nii.gz,,sub-1057,ses-01,192,192,144,1.1979166,1.1979166,1.2,4.66595458984375,,,,5308416,5250867,0.9891589129412616,0.0,924.0,80.15885586132728,12.0,106.66973451924271,9.0,0.5344230832050236,1.2712678805716993,1.0,3.0,305.0,380.0,1.8937273309387077,0.5743
BGSP,/run/media/falconnier/Elements1/BIDS_datasets_selection/BGSP/sub-1057/ses-02/anat/sub-1057_ses-02_T1w.nii.gz,,sub-1057,ses-02,192,192,144,1.1979166,1.1979166,1.2,4.666184425354004,,,,5308416,5251234,0.9892280484423225,0.0,832.0,79.55572728238734,12.0,106.17884503840659,9.0,0.44188998959259873,1.2708919619615868,2.0,3.0,305.0,380.0,2.1101327465349184,0.5734
BGSP,/run/media/falconnier/Elements1/BIDS_datasets_selection/BGSP/sub-1059/ses-01/anat/sub-1059_ses-01_T1w.nii.gz,,sub-1059,ses-01,192,192,144,1.1979166,1.1979166,1.2,4.709991455078125,,,,5308416,5251558,0.9892890835985725,0.0,713.0,76.2502857247316,15.0,94.36086883078646,12.0,0.1549556524696314,1.1351304362576797,2.0,3.0,270.0,335.0,2.4780630783148947,0.6037
BGSP,/run/media/falconnier/Elements1/BIDS_datasets_selection/BGSP/sub-1058/ses-01/anat/sub-1058_ses-01_T1w.nii.gz,,sub-1058,ses-01,192,192,144,1.1979166,1.1979166,1.2,4.663518905639648,,,,5308416,5250494,0.9890886471595293,0.0,804.0,71.32305436402746,17.0,89.84965193624312,14.0,0.46873360444820067,1.2294114963640512,1.0,2.0,261.0,321.0,2.193257852399551,0.5974
BGSP,/run/media/falconnier/Elements1/BIDS_datasets_selection/BGSP/sub-1060/ses-01/anat/sub-1060_ses-01_T1w.nii.gz,,sub-1060,ses-01,192,192,144,1.1979166,1.1979166,1.2,4.6353960037231445,,,,5308416,5252063,0.9893842155550733,0.0,920.0,76.13236627207252,12.0,99.08288074487996,9.0,0.498700365879452,1.242507313223965,2.0,3.0,282.0,356.0,1.8927297792069868,0.5836
BGSP,/run/media/falconnier/Elements1/BIDS_datasets_selection/BGSP/sub-1061/ses-01/anat/sub-1061_ses-01_T1w.nii.gz,,sub-1061,ses-01,192,192,144,1.1979166,1.1979166,1.2,4.8758649826049805,,,,5308416,5252073,0.9893860993561922,0.0,848.0,82.0545036217128,20.0,100.47596493478234,17.0,0.32120070146096014,1.1673221397560292,2.0,3.0,291.0,361.0,2.151034436736414,0.6085
BGSP,/run/media/falconnier/Elements1/BIDS_datasets_selection/BGSP/sub-1063/ses-01/anat/sub-1063_ses-01_T1w.nii.gz,,sub-1063,ses-01,192,192,144,1.1979166,1.1979166,1.2,4.940431594848633,,,,5308416,5252695,0.9895032717857832,0.0,769.0,92.00942125899181,24.0,107.07414592103659,21.0,-0.20603952254579783,0.9795021152760837,2.0,3.0,303.0,375.0,2.4111371793254333,0.6274
BGSP,/run/media/falconnier/Elements1/BIDS_datasets_selection/BGSP/sub-1062/ses-01/anat/sub-1062_ses-01_T1w.nii.gz,,sub-1062,ses-01,192,192,144,1.1979166,1.1979166,1.2,4.790172576904297,,,,5308416,5251315,0.989243307231385,0.0,717.0,73.45427916626598,23.0,84.17119558021167,21.0,-0.042606083256127025,1.0004767562448973,1.0,2.0,238.0,293.0,2.4930558810193584,0.634
BGSP,/run/media/falconnier/Elements1/BIDS_datasets_selection/BGSP/sub-1064/ses-01/anat/sub-1064_ses-01_T1w.nii.gz,,sub-1064,ses-01,192,192,144,1.1979166,1.1979166,1.2,4.896409034729004,,,,5308416,5252572,0.9894801010320216,0.0,588.0,89.66757657010699,19.0,108.78647072963444,16.0,-0.046407856844301154,1.0670908551383458,2.0,3.0,312.0,382.0,3.1060356756008276,0.6111
BGSP,/run/media/falconnier/Elements1/BIDS_datasets_selection/BGSP/sub-1065/ses-01/anat/sub-1065_ses-01_T1w.nii.gz,,sub-1065,ses-01,192,192,144,1.1979166,1.1979166,1.2,4.782456398010254,,,,5308416,5250754,0.9891376259886189,0.0,569.0,77.45611258878249,19.0,91.78124904415198,16.0,-0.14768878138014996,1.0196948319882693,1.0,2.0,263.0,318.0,3.136363061154133,0.6204
BGSP,/run/media/falconnier/Elements1/BIDS_datasets_selection/BGSP/sub-1066/ses-01/anat/sub-1066_ses-01_T1w.nii.gz,,sub-1066,ses-01,192,192,144,1.1979166,1.1979166,1.2,5.1655168533325195,,,,5308416,5253404,0.989636833285108,0.0,701.0,97.04329840233113,43.0,104.35415277631652,39.0,-0.2534224304385897,0.9286518423687237,2.0,3.0,303.0,371.0,2.763327346637283,0.6599
BGSP,/run/media/falconnier/Elements1/BIDS_datasets_selection/BGSP/sub-1067/ses-01/anat/sub-1067_ses-01_T1w.nii.gz,,sub-1067,ses-01,192,192,144,1.1979166,1.1979166,1.2,4.506687164306641,,,,5308416,5244932,0.9880408769772376,0.0,683.0,63.43035543644798,14.0,79.68974247834306,12.0,0.5291888386026171,1.21104697290265,1.0,2.0,226.0,285.0,2.4890581424764244,0.5973
BGSP,/run/media/falconnier/Elements1/BIDS_datasets_selection/BGSP/sub-1068/ses-01/anat/sub-1068_ses-01_T1w.nii.gz,,sub-1068,ses-01,192,192,144,1.1979166,1.1979166,1.2,4.848411560058594,,,,5308416,5251007,0.9891852861569251,0.0,860.0,75.60804584720607,29.0,84.38618358003484,26.0,0.08494617923871495,1.0028376712880278,1.0,2.0,241.0,300.0,2.12174900979344,0.6448
BGSP,/run/media/falconnier/Elements1/BIDS_datasets_selection/BGSP/sub-1072/ses-01/anat/sub-1072_ses-01_T1w.nii.gz,,sub-1072,ses-01,192,192,144,1.1979166,1.1979166,1.2,4.605001449584961,,,,5308416,5251546,0.9892868230372299,0.0,801.0,67.61933419225501,13.0,91.91596437664562,10.0,0.7609449081090918,1.3826976594995555,2.0,3.0,269.0,336.0,2.1530279539291115,0.5677
BGSP,/run/media/falconnier/Elements1/BIDS_datasets_selection/BGSP/sub-1070/ses-01/anat/sub-1070_ses-01_T1w.nii.gz,,sub-1070,ses-01,192,192,144,1.1979166,1.1979166,1.2,4.8938446044921875,,,,5308416,5253276,0.9896127206307871,0.0,517.0,82.75061085692052,26.0,92.30620331955066,23.0,-0.3916241115368555,0.8931945250563531,2.0,3.0,259.0,323.0,3.5227804521373534,0.6441
BGSP,/run/media/falconnier/Elements1/BIDS_datasets_selection/BGSP/sub-1069/ses-01/anat/sub-1069_ses-01_T1w.nii.gz,,sub-1069,ses-01,192,192,144,1.1979166,1.1979166,1.2,4.632176399230957,,,,5308416,5251527,0.9892832438151041,0.0,689.0,73.83038952289496,13.0,94.2872792415621,10.0,0.21884919146770532,1.1746143095033021,1.0,2.0,269.0,333.0,2.5082844751860067,0.5909
BGSP,/run/media/falconnier/Elements1/BIDS_datasets_selection/BGSP/sub-1071/ses-01/anat/sub-1071_ses-01_T1w.nii.gz,,sub-1071,ses-01,192,192,144,1.1979166,1.1979166,1.2,4.66712760925293,,,,5308416,5250949,0.9891743601104359,0.0,466.0,70.08059247956894,16.0,85.22648606717704,13.0,-0.01909106627580437,1.0876955931881542,1.0,2.0,242.0,302.0,3.7354121017141253,0.6108
BGSP,/run/media/falconnier/Elements1/BIDS_datasets_selection/BGSP/sub-1073/ses-01/anat/sub-1073_ses-01_T1w.nii.gz,,sub-1073,ses-01,192,192,144,1.1979166,1.1979166,1.2,4.793861389160156,,,,5308416,5252920,0.9895456573109568,0.0,1006.0,76.0412587665527,21.0,88.83598768144464,18.0,-0.0697937311762229,1.0251956401922768,2.0,3.0,252.0,310.0,1.7938098401224032,0.627
BGSP,/run/media/falconnier/Elements1/BIDS_datasets_selection/BGSP/sub-1074/ses-01/anat/sub-1074_ses-01_T1w.nii.gz,,sub-1074,ses-01,192,192,144,1.1979166,1.1979166,1.2,4.83335018157959,,,,5308416,5252136,0.9893979673032407,0.0,1094.0,85.45501544514461,20.0,102.29524402733924,17.0,0.27382962257443966,1.0798814259205611,2.0,3.0,289.0,356.0,1.663261049089742,0.6165
BGSP,/run/media/falconnier/Elements1/BIDS_datasets_selection/BGSP/sub-1076/ses-01/anat/sub-1076_ses-01_T1w.nii.gz,,sub-1076,ses-01,192,192,144,1.1979166,1.1979166,1.2,4.829652786254883,,,,5308416,5252030,0.9893779990113811,0.0,779.0,80.51372935798157,21.0,99.66198078302342,18.0,0.2775113261158899,1.1891284081134375,2.0,3.0,291.0,356.0,2.3363568449916126,0.6046
BGSP,/run/media/falconnier/Elements1/BIDS_datasets_selection/BGSP/sub-1075/ses-01/anat/sub-1075_ses-01_T1w.nii.gz,,sub-1075,ses-01,192,192,144,1.1979166,1.1979166,1.2,4.985864639282227,,,,5308416,5252406,0.9894488299334491,0.0,771.0,88.44762324161536,35.0,96.99550973238868,32.0,-0.30355438909946564,0.8912005455262939,2.0,3.0,276.0,340.0,2.4099855568406734,0.6508
BGSP,/run/media/falconnier/Elements1/BIDS_datasets_selection/BGSP/sub-1077/ses-01/anat/sub-1077_ses-01_T1w.nii.gz,,sub-1077,ses-01,192,192,144,1.1979166,1.1979166,1.2,4.689810752868652,,,,5308416,5251580,0.9892932279610339,0.0,847.0,77.05748498547104,13.0,102.3945509296227,10.0,0.5809313629736672,1.300165253819585,2.0,3.0,300.0,365.0,2.0776376517526423,0.5756
BGSP,/run/media/falconnier/Elements1/BIDS_datasets_selection/BGSP/sub-1078/ses-01/anat/sub-1078_ses-01_T1w.nii.gz,,sub-1078,ses-01,192,192,144,1.1979166,1.1979166,1.2,4.878618240356445,,,,5308416,5252534,0.9894729425877701,0.0,796.0,86.49689102440841,21.0,101.02015688916394,18.0,-0.04651505959633484,1.0085606131152185,2.0,3.0,286.0,353.0,2.293608154216389,0.6261
BGSP,/run/media/falconnier/Elements1/BIDS_datasets_selection/BGSP/sub-1081/ses-01/anat/sub-1081_ses-01_T1w.nii.gz,,sub-1081,ses-01,192,192,144,1.1979166,1.1979166,1.2,4.583220481872559,,,,5308416,5250881,0.9891615502628279,0.0,595.0,68.5895210727495,13.0,91.4025469277644,10.0,0.5334281839977129,1.3036864126031948,1.0,2.0,266.0,328.0,2.8920510089057703,0.5747
BGSP,/run/media/falconnier/Elements1/BIDS_datasets_selection/BGSP/sub-1079/ses-01/anat/sub-1079_ses-01_T1w.nii.gz,,sub-1079,ses-01,192,192,144,1.1979166,1.1979166,1.2,5.05117130279541,,,,5308416,5253075,0.9895748562282987,0.0,958.0,93.69431885133946,30.0,106.62831557172574,27.0,-0.12286015689410146,0.9797826177271693,2.0,3.0,306.0,375.0,1.9598899167430406,0.6367
BGSP,/run/media/falconnier/Elements1/BIDS_datasets_selection/BGSP/sub-1084/ses-01/anat/sub-1084_ses-01_T1w.nii.gz,,sub-1084,ses-01,192,192,144,1.1979166,1.1979166,1.2,4.950695037841797,,,,5308416,5252374,0.9894428017698689,0.0,690.0,88.81198692248496,26.0,101.22648955483315,23.0,-0.23223108703548334,0.9481281623745749,2.0,3.0,286.0,354.0,2.664371854482706,0.6356
BGSP,/run/media/falconnier/Elements1/BIDS_datasets_selection/BGSP/sub-1082/ses-01/anat/sub-1082_ses-01_T1w.nii.gz,,sub-1082,ses-01,192,192,144,1.1979166,1.1979166,1.2,5.021368980407715,,,,5308416,5252989,0.9895586555386767,0.0,784.0,89.78279470983092,30.0,101.63758162537889,27.0,-0.1560236501051273,0.9707926192717473,2.0,3.0,291.0,357.0,2.3819119006293104,0.6389
BGSP,/run/media/falconnier/Elements1/BIDS_datasets_selection/BGSP/sub-1083/ses-01/anat/sub-1083_ses-01_T1w.nii.gz,,sub-1083,ses-01,192,192,144,1.1979166,1.1979166,1.2,4.964637756347656,,,,5308416,5254194,0.9897856535734953,0.0,794.0,84.6469428041675,36.0,92.86454590226779,33.0,-0.1255400009372405,0.9502968190628422,2.0,3.0,267.0,333.0,2.348820178847811,0.6516
BGSP,/run/media/falconnier/Elements1/BIDS_datasets_selection/BGSP/sub-1080/ses-01/anat/sub-1080_ses-01_T1w.nii.gz,,sub-1080,ses-01,192,192,144,1.1979166,1.1979166,1.2,4.768877029418945,,,,5308416,5251304,0.9892412350501543,0.0,519.0,78.31939228808692,18.0,97.8629239049191,15.0,0.18372929705081598,1.1638255612983694,2.0,3.0,284.0,347.0,3.4378630956420517,0.6001
BGSP,/run/media/falconnier/Elements1/BIDS_datasets_selection/BGSP/sub-1086/ses-01/anat/sub-1086_ses-01_T1w.nii.gz,,sub-1086,ses-01,192,192,144,1.1979166,1.1979166,1.2,5.226870536804199,,,,5308416,5241875,0.9874649989752122,0.0,886.0,99.73336029569572,52.0,105.42051857514782,48.0,-0.1560882764773952,0.9080697767678836,2.0,4.0,303.0,379.0,2.1863490640160554,0.6653
BGSP,/run/media/falconnier/Elements1/BIDS_datasets_selection/BGSP/sub-1085/ses-01/anat/sub-1085_ses-01_T1w.nii.gz,,sub-1085,ses-01,192,192,144,1.1979166,1.1979166,1.2,4.668532371520996,,,,5308416,5251232,0.9892276716820988,0.0,732.0,75.61505871384087,13.0,98.82475849358225,10.0,0.3136209811550734,1.2242257740347724,2.0,3.0,284.0,352.0,2.379883320468326,0.5818
BGSP,/run/media/falconnier/Elements1/BIDS_datasets_selection/BGSP/sub-1086/ses-02/anat/sub-1086_ses-02_T1w.nii.gz,,sub-1086,ses-02,192,192,144,1.1979166,1.1979166,1.2,5.213566780090332,,,,5308416,5240559,0.9872170907479746,0.0,884.0,96.78024767968455,53.0,100.88306637726507,49.0,-0.17461797393552203,0.8949092909491122,2.0,3.0,294.0,365.0,2.185916304081394,0.6706
BGSP,/run/media/falconnier/Elements1/BIDS_datasets_selection/BGSP/sub-1087/ses-01/anat/sub-1087_ses-01_T1w.nii.gz,,sub-1087,ses-01,192,192,144,1.1979166,1.1979166,1.2,5.022668838500977,,,,5308416,5253423,0.9896404125072338,0.0,898.0,95.52496629340527,25.0,111.96711266297508,22.0,-0.04568938710481518,1.028580496013464,2.0,3.0,321.0,396.0,2.077792322049523,0.625
BGSP,/run/media/falconnier/Elements1/BIDS_datasets_selection/BGSP/sub-1088/ses-01/anat/sub-1088_ses-01_T1w.nii.gz,,sub-1088,ses-01,192,192,144,1.1979166,1.1979166,1.2,4.626280784606934,,,,5308416,5251685,0.9893130078727816,0.0,862.0,70.61172328500281,16.0,86.65429296946277,13.0,0.3867089749265924,1.1497737459660469,2.0,2.0,246.0,307.0,2.0310437135207886,0.6073
BGSP,/run/media/falconnier/Elements1/BIDS_datasets_selection/BGSP/sub-1089/ses-01/anat/sub-1089_ses-01_T1w.nii.gz,,sub-1089,ses-01,192,192,144,1.1979166,1.1979166,1.2,4.793745994567871,,,,5308416,5251535,0.9892847508559992,0.0,820.0,81.8706014527181,17.0,102.63142805945165,14.0,0.08805364719731079,1.1402839188278042,2.0,3.0,296.0,361.0,2.1908095229956195,0.5984
BGSP,/run/media/falconnier/Elements1/BIDS_datasets_selection/BGSP/sub-1091/ses-01/anat/sub-1091_ses-01_T1w.nii.gz,,sub-1091,ses-01,192,192,144,1.1979166,1.1979166,1.2,4.668431282043457,,,,5308416,5249292,0.9888622142650463,0.0,565.0,74.9715367329537,14.0,94.15735548681681,12.0,0.1743217493946556,1.151679674494087,1.0,2.0,270.0,333.0,3.1012008981717534,0.5973
BGSP,/run/media/falconnier/Elements1/BIDS_datasets_selection/BGSP/sub-1094/ses-01/anat/sub-1094_ses-01_T1w.nii.gz,,sub-1094,ses-01,192,192,144,1.1979166,1.1979166,1.2,5.136127471923828,,,,5308416,5209500,0.9813661928530093,0.0,766.0,92.78110240906037,82.0,86.6916150508488,75.0,-0.6257222221654577,0.5998560840236661,2.0,3.0,250.0,289.0,2.4709314288789317,0.7069
BGSP,/run/media/falconnier/Elements1/BIDS_datasets_selection/BGSP/sub-1090/ses-01/anat/sub-1090_ses-01_T1w.nii.gz,,sub-1090,ses-01,192,192,144,1.1979166,1.1979166,1.2,4.635583877563477,,,,5308416,5251426,0.989264217423804,0.0,699.0,75.50519934966236,12.0,101.3482423496866,9.0,0.49279594749467615,1.2912178721985037,2.0,3.0,292.0,364.0,2.4764627621672775,0.5714
BGSP,/run/media/falconnier/Elements1/BIDS_datasets_selection/BGSP/sub-1092/ses-01/anat/sub-1092_ses-01_T1w.nii.gz,,sub-1092,ses-01,192,192,144,1.1979166,1.1979166,1.2,4.618966102600098,,,,5308416,5251651,0.9893066029489777,0.0,607.0,71.83135608211589,12.0,95.24840918220754,9.0,0.48680263233960996,1.2865364400356742,2.0,3.0,279.0,342.0,2.840741396668369,0.5766
BGSP,/run/media/falconnier/Elements1/BIDS_datasets_selection/BGSP/sub-1095/ses-01/anat/sub-1095_ses-01_T1w.nii.gz,,sub-1095,ses-01,192,192,144,1.1979166,1.1979166,1.2,4.885708808898926,,,,5308416,5253850,0.9897208508150077,0.0,969.0,76.89868896142829,24.0,88.71682137747806,20.0,0.318829637214173,1.0969825685204793,2.0,4.0,257.0,316.0,1.8827479171824455,0.6332
BGSP,/run/media/falconnier/Elements1/BIDS_datasets_selection/BGSP/sub-1093/ses-01/anat/sub-1093_ses-01_T1w.nii.gz,,sub-1093,ses-01,192,192,144,1.1979166,1.1979166,1.2,4.990459442138672,,,,5308416,5253247,0.9896072576075424,0.0,674.0,83.99720287281372,32.0,94.07979545471584,29.0,-0.10277070074475558,0.9939461114523113,2.0,3.0,270.0,335.0,2.7581906008546264,0.6439
BGSP,/run/media/falconnier/Elements1/BIDS_datasets_selection/BGSP/sub-1096/ses-01/anat/sub-1096_ses-01_T1w.nii.gz,,sub-1096,ses-01,192,192,144,1.1979166,1.1979166,1.2,4.754695892333984,,,,5308416,5252250,0.9894194426359953,0.0,1023.0,76.91442124803656,17.0,97.59101938491565,14.0,0.665240165097015,1.246191094107064,2.0,3.0,281.0,347.0,1.7529896461018757,0.5944
BGSP,/run/media/falconnier/Elements1/BIDS_datasets_selection/BGSP/sub-1097/ses-01/anat/sub-1097_ses-01_T1w.nii.gz,,sub-1097,ses-01,192,192,144,1.1979166,1.1979166,1.2,4.793398857116699,,,,5308416,5250807,0.9891476101345487,0.0,890.0,78.07965594621932,19.0,94.61898974550444,16.0,0.060565992495374754,1.0898036175133963,1.0,2.0,272.0,327.0,2.0159895939595387,0.6118
BGSP,/run/media/falconnier/Elements1/BIDS_datasets_selection/BGSP/sub-1098/ses-01/anat/sub-1098_ses-01_T1w.nii.gz,,sub-1098,ses-01,192,192,144,1.1979166,1.1979166,1.2,4.799245834350586,,,,5308416,5252218,0.9894134144724152,0.0,782.0,85.23098984086342,15.0,107.52869319377638,12.0,0.12235746663485125,1.142743777334818,2.0,3.0,310.0,378.0,2.2868733231638876,0.5955
BGSP,/run/media/falconnier/Elements1/BIDS_datasets_selection/BGSP/sub-1099/ses-01/anat/sub-1099_ses-01_T1w.nii.gz,,sub-1099,ses-01,192,192,144,1.1979166,1.1979166,1.2,4.510097503662109,,,,5308416,5250963,0.9891769974320023,0.0,956.0,72.15361658423417,10.0,100.107898576162,7.0,0.681144354829196,1.3417805878453533,1.0,2.0,289.0,353.0,1.7709332545122858,0.5576
BGSP,/run/media/falconnier/Elements1/BIDS_datasets_selection/BGSP/sub-1100/ses-01/anat/sub-1100_ses-01_T1w.nii.gz,,sub-1100,ses-01,192,192,144,1.1979166,1.1979166,1.2,4.63517951965332,,,,5308416,5250602,0.9891089922116126,0.0,747.0,75.28641953817866,13.0,95.6499708170446,11.0,0.16380756897921023,1.1549609860241148,1.0,2.0,274.0,334.0,2.3400205081818157,0.5926
BGSP,/run/media/falconnier/Elements1/BIDS_datasets_selection/BGSP/sub-1101/ses-01/anat/sub-1101_ses-01_T1w.nii.gz,,sub-1101,ses-01,192,192,144,1.1979166,1.1979166,1.2,4.819179534912109,,,,5308416,5252880,0.9895381221064815,0.0,841.0,87.17115582309134,15.0,107.93838902377279,12.0,0.06929991497805643,1.1029360487326465,2.0,3.0,309.0,380.0,2.144345729896288,0.603
BGSP,/run/media/falconnier/Elements1/BIDS_datasets_selection/BGSP/sub-1104/ses-01/anat/sub-1104_ses-01_T1w.nii.gz,,sub-1104,ses-01,192,192,144,1.1979166,1.1979166,1.2,4.737602233886719,,,,5308416,5252072,0.9893859109760802,0.0,688.0,81.80616926043665,13.0,105.85098944293492,10.0,0.2336790828574955,1.1954591363512175,2.0,3.0,303.0,376.0,2.553807447109044,0.5857
BGSP,/run/media/falconnier/Elements1/BIDS_datasets_selection/BGSP/sub-1102/ses-01/anat/sub-1102_ses-01_T1w.nii.gz,,sub-1102,ses-01,192,192,144,1.1979166,1.1979166,1.2,4.725176811218262,,,,5308416,5252597,0.9894848105348186,0.0,1090.0,83.21400880364513,14.0,105.65303624095328,11.0,0.44095982222344343,1.18644132272832,2.0,3.0,301.0,374.0,1.6311299297818644,0.5931
BGSP,/run/media/falconnier/Elements1/BIDS_datasets_selection/BGSP/sub-1103/ses-01/anat/sub-1103_ses-01_T1w.nii.gz,,sub-1103,ses-01,192,192,144,1.1979166,1.1979166,1.2,5.023841857910156,,,,5308416,5253403,0.9896366449049961,0.0,978.0,89.85513923070437,33.0,100.748970154911,30.0,-0.005275740932509709,0.9876423128989729,2.0,3.0,287.0,362.0,1.9168135653777492,0.643
BGSP,/run/media/falconnier/Elements1/BIDS_datasets_selection/BGSP/sub-1106/ses-01/anat/sub-1106_ses-01_T1w.nii.gz,,sub-1106,ses-01,192,192,144,1.1979166,1.1979166,1.2,4.572236061096191,,,,5308416,5248695,0.9887497513382523,0.0,504.0,66.25142344906686,15.0,79.89374718777717,13.0,0.28046290602996926,1.1186185867619691,1.0,2.0,225.0,289.0,3.4319396441541903,0.6137
BGSP,/run/media/falconnier/Elements1/BIDS_datasets_selection/BGSP/sub-1105/ses-01/anat/sub-1105_ses-01_T1w.nii.gz,,sub-1105,ses-01,192,192,144,1.1979166,1.1979166,1.2,5.127241134643555,,,,5308416,5254215,0.9897896095558449,0.0,1006.0,97.71142330490854,51.0,103.65818170614104,47.0,-0.32170613574104934,0.8404707879257511,2.0,3.0,292.0,362.0,1.9023258844660977,0.6636
BGSP,/run/media/falconnier/Elements1/BIDS_datasets_selection/BGSP/sub-1108/ses-01/anat/sub-1108_ses-01_T1w.nii.gz,,sub-1108,ses-01,192,192,144,1.1979166,1.1979166,1.2,4.679884910583496,,,,5308416,5249385,0.9888797336154513,0.0,681.0,68.3803655094835,17.0,84.4187987764953,15.0,0.33788167062261554,1.1828456358827815,1.0,2.0,245.0,304.0,2.572068655108236,0.6051
BGSP,/run/media/falconnier/Elements1/BIDS_datasets_selection/BGSP/sub-1107/ses-01/anat/sub-1107_ses-01_T1w.nii.gz,,sub-1107,ses-01,192,192,144,1.1979166,1.1979166,1.2,4.643869400024414,,,,5308416,5251964,0.9893655659239969,0.0,819.0,78.17607432191082,12.0,102.45334579061435,9.0,0.23581061310884754,1.2051121589650762,2.0,3.0,294.0,358.0,2.1333469134421827,0.5804
BGSP,/run/media/falconnier/Elements1/BIDS_datasets_selection/BGSP/sub-1110/ses-01/anat/sub-1110_ses-01_T1w.nii.gz,,sub-1110,ses-01,192,192,144,1.1979166,1.1979166,1.2,5.06877326965332,,,,5308416,5254419,0.989828039098669,0.0,1121.0,92.71897578019568,37.0,102.64372206457764,34.0,0.02894330408595369,0.968470921682034,2.0,3.0,288.0,362.0,1.6932611699729214,0.648
BGSP,/run/media/falconnier/Elements1/BIDS_datasets_selection/BGSP/sub-1109/ses-01/anat/sub-1109_ses-01_T1w.nii.gz,,sub-1109,ses-01,192,192,144,1.1979166,1.1979166,1.2,4.856132507324219,,,,5308416,5252548,0.9894755799093364,0.0,647.0,84.9647074143825,19.0,102.89334537448237,16.0,0.09355883872772752,1.0941774882327575,2.0,3.0,292.0,366.0,2.794717828086193,0.6122
BGSP,/run/media/falconnier/Elements1/BIDS_datasets_selection/BGSP/sub-1111/ses-01/anat/sub-1111_ses-01_T1w.nii.gz,,sub-1111,ses-01,192,192,144,1.1979166,1.1979166,1.2,4.735622406005859,,,,5308416,5250672,0.9891221788194444,0.0,635.0,76.1532118174588,19.0,92.463949816585,17.0,0.043487465768819344,1.097491116672137,1.0,2.0,265.0,325.0,2.81442581464949,0.6111
BGSP,/run/media/falconnier/Elements1/BIDS_datasets_selection/BGSP/sub-1112/ses-01/anat/sub-1112_ses-01_T1w.nii.gz,,sub-1112,ses-01,192,192,144,1.1979166,1.1979166,1.2,4.787981033325195,,,,5308416,5251694,0.9893147032937886,0.0,576.0,72.991307757078,20.0,88.49661230690992,17.0,0.25260522130475627,1.153957833865572,2.0,3.0,254.0,324.0,3.1066052766850976,0.6127
BGSP,/run/media/falconnier/Elements1/BIDS_datasets_selection/BGSP/sub-1114/ses-01/anat/sub-1114_ses-01_T1w.nii.gz,,sub-1114,ses-01,192,192,144,1.1979166,1.1979166,1.2,5.047926902770996,,,,5308416,5254518,0.9898466887297453,0.0,1091.0,92.86868367374515,34.0,103.32786350656188,31.0,-0.10464771229220382,0.9393285279274043,2.0,3.0,292.0,361.0,1.7191061525772757,0.6455
BGSP,/run/media/falconnier/Elements1/BIDS_datasets_selection/BGSP/sub-1113/ses-01/anat/sub-1113_ses-01_T1w.nii.gz,,sub-1113,ses-01,192,192,144,1.1979166,1.1979166,1.2,4.553714752197266,,,,5308416,5249653,0.9889302194854359,0.0,556.0,67.51486888752457,13.0,85.79105906501053,11.0,0.2594601526453437,1.1822975812720693,1.0,2.0,246.0,303.0,3.077097778134241,0.5929
BGSP,/run/media/falconnier/Elements1/BIDS_datasets_selection/BGSP/sub-1115/ses-01/anat/sub-1115_ses-01_T1w.nii.gz,,sub-1115,ses-01,192,192,144,1.1979166,1.1979166,1.2,4.9342756271362305,,,,5308416,5253106,0.989580696011767,0.0,926.0,83.96838727411935,17.0,104.15406136650637,13.0,0.26891427462476614,1.1821519463579362,2.0,4.0,304.0,369.0,1.9626089197710848,0.6043
BGSP,/run/media/falconnier/Elements1/BIDS_datasets_selection/BGSP/sub-1117/ses-01/anat/sub-1117_ses-01_T1w.nii.gz,,sub-1117,ses-01,192,192,144,1.1979166,1.1979166,1.2,4.692777633666992,,,,5308416,5250254,0.9890434359326775,0.0,648.0,78.99308871532692,14.0,99.48538804050239,12.0,0.06617322709858797,1.127729768571007,1.0,2.0,286.0,348.0,2.6982494847206384,0.5958
BGSP,/run/media/falconnier/Elements1/BIDS_datasets_selection/BGSP/sub-1118/ses-01/anat/sub-1118_ses-01_T1w.nii.gz,,sub-1118,ses-01,192,192,144,1.1979166,1.1979166,1.2,4.810219764709473,,,,5308416,5252393,0.9894463809919946,0.0,765.0,82.8266323559566,16.0,107.80837824179326,13.0,0.3868356431319917,1.2537769415526323,2.0,3.0,316.0,382.0,2.3550512018078007,0.5842
BGSP,/run/media/falconnier/Elements1/BIDS_datasets_selection/BGSP/sub-1116/ses-01/anat/sub-1116_ses-01_T1w.nii.gz,,sub-1116,ses-01,192,192,144,1.1979166,1.1979166,1.2,4.40378475189209,,,,5308416,5246786,0.9883901337046682,0.0,562.0,58.68804064049878,11.0,77.20297508461941,9.0,0.4348587376434372,1.2674922258223005,1.0,2.0,226.0,274.0,2.946294224499073,0.5793
BGSP,/run/media/falconnier/Elements1/BIDS_datasets_selection/BGSP/sub-1119/ses-01/anat/sub-1119_ses-01_T1w.nii.gz,,sub-1119,ses-01,192,192,144,1.1979166,1.1979166,1.2,5.058815002441406,,,,5308416,5253222,0.9896025481047453,0.0,793.0,89.12193583290407,45.0,94.29192307618604,41.0,-0.20139432379018407,0.8809901062424385,2.0,3.0,267.0,336.0,2.390189715988961,0.6653
BGSP,/run/media/falconnier/Elements1/BIDS_datasets_selection/BGSP/sub-1120/ses-01/anat/sub-1120_ses-01_T1w.nii.gz,,sub-1120,ses-01,192,192,144,1.1979166,1.1979166,1.2,4.445255279541016,,,,5308416,5249782,0.9889545205198689,0.0,511.0,63.79618791789831,10.0,86.54342200957527,7.0,0.5648263534207443,1.3219715671892749,1.0,2.0,248.0,314.0,3.287748138037428,0.5673
BGSP,/run/media/falconnier/Elements1/BIDS_datasets_selection/BGSP/sub-1121/ses-01/anat/sub-1121_ses-01_T1w.nii.gz,,sub-1121,ses-01,192,192,144,1.1979166,1.1979166,1.2,4.715167999267578,,,,5308416,5251729,0.9893212965977045,0.0,528.0,76.38620062078603,16.0,96.59449821789771,13.0,0.1603595231941104,1.171717398086989,2.0,3.0,276.0,343.0,3.368387458596826,0.5955
BGSP,/run/media/falconnier/Elements1/BIDS_datasets_selection/BGSP/sub-1122/ses-01/anat/sub-1122_ses-01_T1w.nii.gz,,sub-1122,ses-01,192,192,144,1.1979166,1.1979166,1.2,4.847826957702637,,,,5308416,5252150,0.9894006046248071,0.0,764.0,78.1750302257171,23.0,92.14957507003794,20.0,0.06841859120399318,1.069637862222644,2.0,3.0,263.0,328.0,2.3820061570773805,0.6233
BGSP,/run/media/falconnier/Elements1/BIDS_datasets_selection/BGSP/sub-1123/ses-01/anat/sub-1123_ses-01_T1w.nii.gz,,sub-1123,ses-01,192,192,144,1.1979166,1.1979166,1.2,4.9171953201293945,,,,5308416,5253092,0.9895780586902007,0.0,742.0,81.94308532955448,29.0,91.2130709336288,26.0,-0.14710290268763693,0.9476661338714074,2.0,3.0,262.0,322.0,2.477511220487104,0.6455
BGSP,/run/media/falconnier/Elements1/BIDS_datasets_selection/BGSP/sub-1125/ses-01/anat/sub-1125_ses-01_T1w.nii.gz,,sub-1125,ses-01,192,192,144,1.1979166,1.1979166,1.2,4.959845542907715,,,,5308416,5253162,0.9895912452980324,0.0,884.0,84.10325019483504,30.0,94.80297180390927,27.0,0.19561322878716325,1.0231494811559003,2.0,3.0,272.0,338.0,2.100903700346807,0.641
BGSP,/run/media/falconnier/Elements1/BIDS_datasets_selection/BGSP/sub-1124/ses-01/anat/sub-1124_ses-01_T1w.nii.gz,,sub-1124,ses-01,192,192,144,1.1979166,1.1979166,1.2,4.667788505554199,,,,5308416,5251214,0.9892242808400848,0.0,750.0,77.49364451724877,13.0,101.78550446394566,10.0,0.3196515350921607,1.234395539774584,2.0,3.0,294.0,362.0,2.3407327827363438,0.5799
BGSP,/run/media/falconnier/Elements1/BIDS_datasets_selection/BGSP/sub-1126/ses-01/anat/sub-1126_ses-01_T1w.nii.gz,,sub-1126,ses-01,192,192,144,1.1979166,1.1979166,1.2,5.069901466369629,,,,5308416,5253269,0.9896114019700039,0.0,972.0,88.79782246064308,32.0,98.97741219299141,29.0,-0.13661029332698593,0.9607347814152424,2.0,3.0,284.0,349.0,1.9291767432780524,0.6453
BGSP,/run/media/falconnier/Elements1/BIDS_datasets_selection/BGSP/sub-1127/ses-01/anat/sub-1127_ses-01_T1w.nii.gz,,sub-1127,ses-01,192,192,144,1.1979166,1.1979166,1.2,4.725743293762207,,,,5308416,5252869,0.9895360499252508,0.0,774.0,77.84765639501003,15.0,101.36955875102497,12.0,0.5125339352470109,1.2777974318798295,2.0,3.0,296.0,367.0,2.2937234343356616,0.5844
BGSP,/run/media/falconnier/Elements1/BIDS_datasets_selection/BGSP/sub-1128/ses-01/anat/sub-1128_ses-01_T1w.nii.gz,,sub-1128,ses-01,192,192,144,1.1979166,1.1979166,1.2,4.723640441894531,,,,5308416,5252838,0.9895302101417824,0.0,720.0,82.29242934962015,13.0,109.16818180289853,10.0,0.5424924723124942,1.2871936076140982,2.0,3.0,317.0,397.0,2.438130776854016,0.5762
BGSP,/run/media/falconnier/Elements1/BIDS_datasets_selection/BGSP/sub-1131/ses-01/anat/sub-1131_ses-01_T1w.nii.gz,,sub-1131,ses-01,192,192,144,1.1979166,1.1979166,1.2,4.573616981506348,,,,5308416,5249039,0.98881455409674,0.0,552.0,69.41440214103953,13.0,88.89772742136199,11.0,0.26075220892927176,1.1863409897709283,1.0,2.0,252.0,316.0,3.1076508283501028,0.5895
BGSP,/run/media/falconnier/Elements1/BIDS_datasets_selection/BGSP/sub-1130/ses-01/anat/sub-1130_ses-01_T1w.nii.gz,,sub-1130,ses-01,192,192,144,1.1979166,1.1979166,1.2,4.492682456970215,,,,5308416,5251225,0.9892263530213156,0.0,628.0,69.96790863084328,11.0,95.61270338731345,8.0,0.5418269350784608,1.3208270189514162,2.0,3.0,277.0,342.0,2.7059178319500057,0.5643
BGSP,/run/media/falconnier/Elements1/BIDS_datasets_selection/BGSP/sub-1129/ses-01/anat/sub-1129_ses-01_T1w.nii.gz,,sub-1129,ses-01,192,192,144,1.1979166,1.1979166,1.2,4.818279266357422,,,,5308416,5251766,0.9893282666618441,0.0,725.0,75.11839560254589,25.0,84.83875502815852,22.0,-0.1712920688215993,0.9570383680667157,2.0,3.0,241.0,297.0,2.479396484877571,0.6396
BGSP,/run/media/falconnier/Elements1/BIDS_datasets_selection/BGSP/sub-1132/ses-01/anat/sub-1132_ses-01_T1w.nii.gz,,sub-1132,ses-01,192,192,144,1.1979166,1.1979166,1.2,5.277887344360352,,,,5308416,5255017,0.9899406904055749,0.0,907.0,101.89683496742256,67.0,103.44667170015943,62.0,-0.19943700087995087,0.8109885213150397,2.0,3.0,293.0,365.0,2.136995869286256,0.6806
BGSP,/run/media/falconnier/Elements1/BIDS_datasets_selection/BGSP/sub-1132/ses-02/anat/sub-1132_ses-02_T1w.nii.gz,,sub-1132,ses-02,192,192,144,1.1979166,1.1979166,1.2,5.278364181518555,,,,5308416,5255109,0.9899580213758681,0.0,819.0,102.91420044760251,68.0,103.96820421603017,64.0,-0.3546711191385148,0.7795795314613124,2.0,3.0,295.0,363.0,2.3769543255097485,0.6823
BGSP,/run/media/falconnier/Elements1/BIDS_datasets_selection/BGSP/sub-1134/ses-01/anat/sub-1134_ses-01_T1w.nii.gz,,sub-1134,ses-01,192,192,144,1.1979166,1.1979166,1.2,4.627923011779785,,,,5308416,5251617,0.9893001980251737,0.0,890.0,81.13244225540438,12.0,109.55634391367005,9.0,0.47535002647102775,1.282409370465351,2.0,3.0,314.0,388.0,1.971562867942449,0.5686
BGSP,/run/media/falconnier/Elements1/BIDS_datasets_selection/BGSP/sub-1133/ses-01/anat/sub-1133_ses-01_T1w.nii.gz,,sub-1133,ses-01,192,192,144,1.1979166,1.1979166,1.2,4.793850898742676,,,,5308416,5252438,0.9894548580970293,0.0,723.0,77.48731769894285,18.0,96.25775655168302,15.0,0.3079362384506723,1.1831971672314872,2.0,3.0,279.0,346.0,2.4748603565841303,0.6028
BGSP,/run/media/falconnier/Elements1/BIDS_datasets_selection/BGSP/sub-1135/ses-01/anat/sub-1135_ses-01_T1w.nii.gz,,sub-1135,ses-01,192,192,144,1.1979166,1.1979166,1.2,4.831304550170898,,,,5308416,5252940,0.9895494249131944,0.0,680.0,81.95362482723961,18.0,98.56239751537623,15.0,-0.035728680958853065,1.0676653857541678,2.0,3.0,279.0,349.0,2.649406943198632,0.6152
BGSP,/run/media/falconnier/Elements1/BIDS_datasets_selection/BGSP/sub-1136/ses-01/anat/sub-1136_ses-01_T1w.nii.gz,,sub-1136,ses-01,192,192,144,1.1979166,1.1979166,1.2,4.677756309509277,,,,5308416,5252504,0.9894672911844136,0.0,1042.0,71.56609476166034,17.0,88.12154595574795,14.0,0.5658959952926761,1.1900644756290235,2.0,3.0,252.0,314.0,1.6887603788494912,0.6064
BGSP,/run/media/falconnier/Elements1/BIDS_datasets_selection/BGSP/sub-1138/ses-01/anat/sub-1138_ses-01_T1w.nii.gz,,sub-1138,ses-01,192,192,144,1.1979166,1.1979166,1.2,4.475210189819336,,,,5308416,5250825,0.9891510009765625,0.0,534.0,63.1031239852785,11.0,85.9107830840691,8.0,0.6856603237787775,1.3541424298078617,1.0,2.0,248.0,313.0,3.1355143033110573,0.5663
BGSP,/run/media/falconnier/Elements1/BIDS_datasets_selection/BGSP/sub-1137/ses-01/anat/sub-1137_ses-01_T1w.nii.gz,,sub-1137,ses-01,192,192,144,1.1979166,1.1979166,1.2,4.868668556213379,,,,5308416,5252213,0.9894124725718557,0.0,851.0,84.31630133812166,20.0,104.43367948052412,17.0,0.13718371749175473,1.1455260054702434,2.0,3.0,301.0,367.0,2.1516186992600743,0.6038
BGSP,/run/media/falconnier/Elements1/BIDS_datasets_selection/BGSP/sub-1139/ses-01/anat/sub-1139_ses-01_T1w.nii.gz,,sub-1139,ses-01,192,192,144,1.1979166,1.1979166,1.2,4.898756980895996,,,,5308416,5252776,0.9895185305748457,0.0,698.0,84.41504092312331,26.0,95.66232918577174,23.0,-0.20507315537497917,0.9492587249693991,2.0,3.0,272.0,338.0,2.608848261459071,0.638
BGSP,/run/media/falconnier/Elements1/BIDS_datasets_selection/BGSP/sub-1141/ses-01/anat/sub-1141_ses-01_T1w.nii.gz,,sub-1141,ses-01,192,192,144,1.1979166,1.1979166,1.2,4.702829360961914,,,,5308416,5252533,0.9894727542076582,0.0,957.0,76.86103295305331,14.0,102.68936530468599,11.0,0.7678736643456339,1.3515562456087735,2.0,3.0,303.0,374.0,1.8444786188548867,0.5743
BGSP,/run/media/falconnier/Elements1/BIDS_datasets_selection/BGSP/sub-1140/ses-01/anat/sub-1140_ses-01_T1w.nii.gz,,sub-1140,ses-01,192,192,144,1.1979166,1.1979166,1.2,4.932163238525391,,,,5308416,5252893,0.9895405710479359,0.0,1288.0,90.37813429666281,19.0,108.71757350607994,16.0,0.5662572684730836,1.151405825567116,2.0,3.0,314.0,391.0,1.4296821478554214,0.6154
BGSP,/run/media/falconnier/Elements1/BIDS_datasets_selection/BGSP/sub-1142/ses-01/anat/sub-1142_ses-01_T1w.nii.gz,,sub-1142,ses-01,192,192,144,1.1979166,1.1979166,1.2,4.771746635437012,,,,5308416,5252853,0.9895330358434606,0.0,583.0,75.44415406256371,19.0,90.10214358660649,16.0,0.11409056386115202,1.0961677420528226,2.0,3.0,259.0,325.0,3.067954496373998,0.6183
BGSP,/run/media/falconnier/Elements1/BIDS_datasets_selection/BGSP/sub-1144/ses-01/anat/sub-1144_ses-01_T1w.nii.gz,,sub-1144,ses-01,192,192,144,1.1979166,1.1979166,1.2,4.706673622131348,,,,5308416,5251922,0.9893576539592979,0.0,966.0,79.7522465108964,15.0,102.95169098286996,12.0,0.4289331886258947,1.2245387914055468,2.0,3.0,291.0,368.0,1.842035472412731,0.587
BGSP,/run/media/falconnier/Elements1/BIDS_datasets_selection/BGSP/sub-1143/ses-01/anat/sub-1143_ses-01_T1w.nii.gz,,sub-1143,ses-01,192,192,144,1.1979166,1.1979166,1.2,4.637319564819336,,,,5308416,5250106,0.9890155556761189,0.0,761.0,74.40152084548389,12.0,97.00471400354533,10.0,0.2705447331478732,1.2120660624880812,1.0,2.0,280.0,341.0,2.290677791810658,0.5824
BGSP,/run/media/falconnier/Elements1/BIDS_datasets_selection/BGSP/sub-1145/ses-01/anat/sub-1145_ses-01_T1w.nii.gz,,sub-1145,ses-01,192,192,144,1.1979166,1.1979166,1.2,4.642974853515625,,,,5308416,5251272,0.9892352068865741,0.0,710.0,74.17696778989928,13.0,98.03413157027958,10.0,0.2956474409603711,1.2369640901120769,2.0,2.0,279.0,346.0,2.4427461078298776,0.5774
BGSP,/run/media/falconnier/Elements1/BIDS_datasets_selection/BGSP/sub-1146/ses-01/anat/sub-1146_ses-01_T1w.nii.gz,,sub-1146,ses-01,192,192,144,1.1979166,1.1979166,1.2,4.787586212158203,,,,5308416,5251230,0.989227294921875,0.0,598.0,77.42137213567108,18.0,94.9891097753089,15.0,0.08379249218318208,1.1229591895789244,2.0,3.0,276.0,335.0,2.9922035535667773,0.6072
BGSP,/run/media/falconnier/Elements1/BIDS_datasets_selection/BGSP/sub-1148/ses-01/anat/sub-1148_ses-01_T1w.nii.gz,,sub-1148,ses-01,192,192,144,1.1979166,1.1979166,1.2,4.684758186340332,,,,5308416,5253313,0.9896196906949267,0.0,811.0,74.35203879913495,15.0,91.34494014566893,12.0,0.4369737124492783,1.162507356341628,2.0,3.0,261.0,326.0,2.1777881816418962,0.607
BGSP,/run/media/falconnier/Elements1/BIDS_datasets_selection/BGSP/sub-1150/ses-01/anat/sub-1150_ses-01_T1w.nii.gz,,sub-1150,ses-01,192,192,144,1.1979166,1.1979166,1.2,4.76033878326416,,,,5308416,5252183,0.9894068211684992,0.0,776.0,80.29738929507978,16.0,96.40091100613206,13.0,-0.06187641056714677,1.039632420364233,2.0,3.0,271.0,340.0,2.2913359691143316,0.6152
BGSP,/run/media/falconnier/Elements1/BIDS_datasets_selection/BGSP/sub-1149/ses-01/anat/sub-1149_ses-01_T1w.nii.gz,,sub-1149,ses-01,192,192,144,1.1979166,1.1979166,1.2,4.800804138183594,,,,5308416,5252712,0.9895064742476852,0.0,726.0,80.53848773738214,17.0,100.70866655891862,14.0,0.18909484595960757,1.1636962569570326,2.0,3.0,294.0,356.0,2.464340281890271,0.6
BGSP,/run/media/falconnier/Elements1/BIDS_datasets_selection/BGSP/sub-1147/ses-01/anat/sub-1147_ses-01_T1w.nii.gz,,sub-1147,ses-01,192,192,144,1.1979166,1.1979166,1.2,4.765725135803223,,,,5308416,5252015,0.9893751733097029,0.0,638.0,76.03927616352962,17.0,94.80627346404744,14.0,0.20049159887528933,1.164576955002484,2.0,3.0,272.0,338.0,2.793961334130199,0.6012
BGSP,/run/media/falconnier/Elements1/BIDS_datasets_selection/BGSP/sub-1152/ses-01/anat/sub-1152_ses-01_T1w.nii.gz,,sub-1152,ses-01,192,192,144,1.1979166,1.1979166,1.2,5.146805763244629,,,,5308416,5253438,0.9896432382089121,0.0,970.0,100.69040654900657,37.0,112.05332168169431,33.0,-0.013407758223266786,0.9726566799195792,2.0,4.0,327.0,399.0,1.9590908613349327,0.6457
BGSP,/run/media/falconnier/Elements1/BIDS_datasets_selection/BGSP/sub-1151/ses-01/anat/sub-1151_ses-01_T1w.nii.gz,,sub-1151,ses-01,192,192,144,1.1979166,1.1979166,1.2,4.7436723709106445,,,,5308416,5252695,0.9895032717857832,0.0,1137.0,78.78776133013625,15.0,101.1406026810048,12.0,0.41262242180252784,1.2295172585437395,2.0,3.0,291.0,363.0,1.5734247593250754,0.5897
BGSP,/run/media/falconnier/Elements1/BIDS_datasets_selection/BGSP/sub-1154/ses-01/anat/sub-1154_ses-01_T1w.nii.gz,,sub-1154,ses-01,192,192,144,1.1979166,1.1979166,1.2,4.595080375671387,,,,5308416,5248564,0.9887250735435957,0.0,485.0,65.40399545475677,15.0,79.90847026062133,13.0,0.11780491605491061,1.1209136224766858,1.0,2.0,229.0,284.0,3.556944849847031,0.6088
BGSP,/run/media/falconnier/Elements1/BIDS_datasets_selection/BGSP/sub-1156/ses-01/anat/sub-1156_ses-01_T1w.nii.gz,,sub-1156,ses-01,192,192,144,1.1979166,1.1979166,1.2,4.912505149841309,,,,5308416,5252648,0.9894944179205247,0.0,736.0,82.0798920849065,29.0,90.88889313085431,26.0,-0.2100994651665964,0.9275853698682782,2.0,3.0,258.0,319.0,2.4969097029264407,0.6474
BGSP,/run/media/falconnier/Elements1/BIDS_datasets_selection/BGSP/sub-1155/ses-01/anat/sub-1155_ses-01_T1w.nii.gz,,sub-1155,ses-01,192,192,144,1.1979166,1.1979166,1.2,4.545109748840332,,,,5308416,5248761,0.9887621844256366,0.0,469.0,62.4516597345545,13.0,78.58046458191752,11.0,0.18536659353894036,1.165217768418705,1.0,2.0,223.0,281.0,3.600014228754105,0.5971
BGSP,/run/media/falconnier/Elements1/BIDS_datasets_selection/BGSP/sub-1153/ses-01/anat/sub-1153_ses-01_T1w.nii.gz,,sub-1153,ses-01,192,192,144,1.1979166,1.1979166,1.2,4.928177833557129,,,,5308416,5252888,0.9895396291473766,0.0,689.0,95.56778385528114,17.0,117.45375013534417,14.0,0.20327654594137057,1.1333875986132127,2.0,3.0,341.0,423.0,2.656128106897582,0.6064
BGSP,/run/media/falconnier/Elements1/BIDS_datasets_selection/BGSP/sub-1157/ses-01/anat/sub-1157_ses-01_T1w.nii.gz,,sub-1157,ses-01,192,192,144,1.1979166,1.1979166,1.2,4.6645307540893555,,,,5308416,5251677,0.9893115008318866,0.0,654.0,70.89420427036926,14.0,90.78612183353626,11.0,0.33197641616637785,1.2190960819042123,2.0,3.0,263.0,325.0,2.6502362401667283,0.5906
BGSP,/run/media/falconnier/Elements1/BIDS_datasets_selection/BGSP/sub-1158/ses-01/anat/sub-1158_ses-01_T1w.nii.gz,,sub-1158,ses-01,192,192,144,1.1979166,1.1979166,1.2,4.809852600097656,,,,5308416,5252504,0.9894672911844136,0.0,792.0,75.11534346285124,25.0,85.85062047442531,22.0,0.0999278614037129,1.0264412715286977,2.0,3.0,244.0,305.0,2.2765843607085468,0.6355
BGSP,/run/media/falconnier/Elements1/BIDS_datasets_selection/BGSP/sub-1159/ses-01/anat/sub-1159_ses-01_T1w.nii.gz,,sub-1159,ses-01,192,192,144,1.1979166,1.1979166,1.2,4.706185340881348,,,,5308416,5251781,0.9893310923635223,0.0,646.0,78.1283069495853,14.0,99.31236357080745,11.0,0.08502881895716552,1.1463214803203166,2.0,3.0,284.0,348.0,2.7025852030063624,0.5926
BGSP,/run/media/falconnier/Elements1/BIDS_datasets_selection/BGSP/sub-1161/ses-01/anat/sub-1161_ses-01_T1w.nii.gz,,sub-1161,ses-01,192,192,144,1.1979166,1.1979166,1.2,4.619718551635742,,,,5308416,5251803,0.9893352367259838,0.0,669.0,77.03373831805953,11.0,105.48356806271997,8.0,0.6045813247556424,1.3302581184535505,2.0,3.0,307.0,380.0,2.5593671318117357,0.5632
BGSP,/run/media/falconnier/Elements1/BIDS_datasets_selection/BGSP/sub-1162/ses-01/anat/sub-1162_ses-01_T1w.nii.gz,,sub-1162,ses-01,192,192,144,1.1979166,1.1979166,1.2,4.807596206665039,,,,5308416,5251997,0.9893717824676891,0.0,630.0,82.74035476410211,17.0,103.91199403461815,14.0,0.11841379921047634,1.149132327506866,2.0,3.0,298.0,367.0,2.853700935180445,0.5979
BGSP,/run/media/falconnier/Elements1/BIDS_datasets_selection/BGSP/sub-1160/ses-01/anat/sub-1160_ses-01_T1w.nii.gz,,sub-1160,ses-01,192,192,144,1.1979166,1.1979166,1.2,4.969182014465332,,,,5308416,5252336,0.9894356433256173,0.0,711.0,81.85267126855555,30.0,91.16559183034389,27.0,-0.2481513770766388,0.9340246102394133,2.0,3.0,261.0,319.0,2.573900882767664,0.6452
BGSP,/run/media/falconnier/Elements1/BIDS_datasets_selection/BGSP/sub-1163/ses-01/anat/sub-1163_ses-01_T1w.nii.gz,,sub-1163,ses-01,192,192,144,1.1979166,1.1979166,1.2,4.756034851074219,,,,5308416,5251717,0.9893190360363618,0.0,684.0,80.89309781924655,15.0,102.45834634083012,12.0,0.2188653910794396,1.17655960584312,2.0,3.0,294.0,365.0,2.5943824308965024,0.5943
BGSP,/run/media/falconnier/Elements1/BIDS_datasets_selection/BGSP/sub-1166/ses-01/anat/sub-1166_ses-01_T1w.nii.gz,,sub-1166,ses-01,192,192,144,1.1979166,1.1979166,1.2,5.001645088195801,,,,5308416,5252711,0.9895062858675733,0.0,678.0,85.35981419880135,38.0,91.96433805169333,35.0,-0.3604487825002374,0.8735327428264427,2.0,3.0,262.0,323.0,2.7458828692105106,0.658
BGSP,/run/media/falconnier/Elements1/BIDS_datasets_selection/BGSP/sub-1164/ses-01/anat/sub-1164_ses-01_T1w.nii.gz,,sub-1164,ses-01,192,192,144,1.1979166,1.1979166,1.2,4.57369327545166,,,,5308416,5252073,0.9893860993561922,0.0,839.0,70.15183890246766,12.0,94.29465473532011,9.0,0.7246778274462549,1.3466478335152372,2.0,3.0,273.0,345.0,2.060772865273783,0.5716
BGSP,/run/media/falconnier/Elements1/BIDS_datasets_selection/BGSP/sub-1165/ses-01/anat/sub-1165_ses-01_T1w.nii.gz,,sub-1165,ses-01,192,192,144,1.1979166,1.1979166,1.2,4.804995536804199,,,,5308416,5252831,0.9895288914809992,0.0,681.0,79.48595566847668,18.0,95.1255572048708,15.0,-0.07618720754522323,1.0503896641563912,2.0,3.0,268.0,335.0,2.6352583197705606,0.6171
BGSP,/run/media/falconnier/Elements1/BIDS_datasets_selection/BGSP/sub-1167/ses-01/anat/sub-1167_ses-01_T1w.nii.gz,,sub-1167,ses-01,192,192,144,1.1979166,1.1979166,1.2,4.99782657623291,,,,5308416,5235589,0.9862808415919174,0.0,746.0,88.24932266455599,34.0,97.03333412091281,31.0,-0.2751219309180333,0.9156878373771398,2.0,3.0,274.0,343.0,2.5014362241382555,0.6492
BGSP,/run/media/falconnier/Elements1/BIDS_datasets_selection/BGSP/sub-1168/ses-01/anat/sub-1168_ses-01_T1w.nii.gz,,sub-1168,ses-01,192,192,144,1.1979166,1.1979166,1.2,4.604523658752441,,,,5308416,5250683,0.9891242510006751,0.0,734.0,77.84829192697407,11.0,106.3733527977682,8.0,0.5017862566918172,1.3053057470557383,1.0,3.0,303.0,381.0,2.3559284234266356,0.5639
BGSP,/run/media/falconnier/Elements1/BIDS_datasets_selection/BGSP/sub-1169/ses-01/anat/sub-1169_ses-01_T1w.nii.gz,,sub-1169,ses-01,192,192,144,1.1979166,1.1979166,1.2,4.809959411621094,,,,5308416,5251998,0.9893719708478009,0.0,736.0,79.48673533386723,17.0,98.36105767926416,14.0,0.23865587647962672,1.1550474915036448,2.0,3.0,281.0,352.0,2.4401390708735637,0.604
BGSP,/run/media/falconnier/Elements1/BIDS_datasets_selection/BGSP/sub-1170/ses-01/anat/sub-1170_ses-01_T1w.nii.gz,,sub-1170,ses-01,192,192,144,1.1979166,1.1979166,1.2,4.969724655151367,,,,5308416,5252124,0.9893957067418981,0.0,875.0,91.68696969073845,23.0,109.09660511668382,20.0,-0.003895385362677306,1.0541728464044233,2.0,3.0,311.0,382.0,2.1199339983366805,0.6189
BGSP,/run/media/falconnier/Elements1/BIDS_datasets_selection/BGSP/sub-1171/ses-01/anat/sub-1171_ses-01_T1w.nii.gz,,sub-1171,ses-01,192,192,144,1.1979166,1.1979166,1.2,4.706465721130371,,,,5308416,5251194,0.9892205132378472,0.0,694.0,82.74758064546845,13.0,105.72273076775326,10.0,0.11086351105621395,1.1470433119371015,2.0,3.0,301.0,372.0,2.530609946932338,0.5902
BGSP,/run/media/falconnier/Elements1/BIDS_datasets_selection/BGSP/sub-1172/ses-01/anat/sub-1172_ses-01_T1w.nii.gz,,sub-1172,ses-01,192,192,144,1.1979166,1.1979166,1.2,4.822479248046875,,,,5308416,5252601,0.9894855640552662,0.0,961.0,85.72951495839871,16.0,110.9038968849523,13.0,0.36693928747159665,1.2272960676434927,2.0,3.0,320.0,393.0,1.8830222166531139,0.5864
BGSP,/run/media/falconnier/Elements1/BIDS_datasets_selection/BGSP/sub-1173/ses-01/anat/sub-1173_ses-01_T1w.nii.gz,,sub-1173,ses-01,192,192,144,1.1979166,1.1979166,1.2,4.799314498901367,,,,5308416,5250181,0.98902968418451,0.0,881.0,85.23550807105508,17.0,104.6431515284226,15.0,0.2025053174531921,1.1113430042586667,1.0,2.0,299.0,367.0,2.0482563935535327,0.606
BGSP,/run/media/falconnier/Elements1/BIDS_datasets_selection/BGSP/sub-1174/ses-01/anat/sub-1174_ses-01_T1w.nii.gz,,sub-1174,ses-01,192,192,144,1.1979166,1.1979166,1.2,4.67350959777832,,,,5308416,5251212,0.9892239040798612,0.0,828.0,80.52808189804563,11.0,109.33795518425299,8.0,0.43757664537784047,1.2810535714895712,2.0,3.0,312.0,388.0,2.1041681972545114,0.5662
BGSP,/run/media/falconnier/Elements1/BIDS_datasets_selection/BGSP/sub-1175/ses-01/anat/sub-1175_ses-01_T1w.nii.gz,,sub-1175,ses-01,192,192,144,1.1979166,1.1979166,1.2,4.797629356384277,,,,5308416,5252625,0.9894900851779513,0.0,693.0,79.75271526141691,16.0,101.58489768737572,13.0,0.22018027239877336,1.189387655076334,2.0,3.0,293.0,359.0,2.561765031310081,0.5926
BGSP,/run/media/falconnier/Elements1/BIDS_datasets_selection/BGSP/sub-1176/ses-01/anat/sub-1176_ses-01_T1w.nii.gz,,sub-1176,ses-01,192,192,144,1.1979166,1.1979166,1.2,4.84449577331543,,,,5308416,5251965,0.9893657543041088,0.0,741.0,80.79946572378148,24.0,93.27462274731916,21.0,-0.10939605218388637,0.9920382047997963,2.0,3.0,264.0,323.0,2.4525316667308927,0.6309
BGSP,/run/media/falconnier/Elements1/BIDS_datasets_selection/BGSP/sub-1177/ses-01/anat/sub-1177_ses-01_T1w.nii.gz,,sub-1177,ses-01,192,192,144,1.1979166,1.1979166,1.2,4.750189781188965,,,,5308416,5248416,0.9886971932870371,0.0,671.0,69.23720966478267,23.0,83.7283646793444,21.0,0.5330165630171453,1.1989934703252298,1.0,2.0,243.0,299.0,2.6366090490052363,0.6136
BGSP,/run/media/falconnier/Elements1/BIDS_datasets_selection/BGSP/sub-1178/ses-01/anat/sub-1178_ses-01_T1w.nii.gz,,sub-1178,ses-01,192,192,144,1.1979166,1.1979166,1.2,4.999660491943359,,,,5308416,5253258,0.9896093297887731,0.0,1031.0,90.69236329150405,29.0,103.19504156522886,26.0,-0.029691932938355148,0.9828948518640385,2.0,3.0,293.0,359.0,1.806785707688172,0.6369
BGSP,/run/media/falconnier/Elements1/BIDS_datasets_selection/BGSP/sub-1179/ses-01/anat/sub-1179_ses-01_T1w.nii.gz,,sub-1179,ses-01,192,192,144,1.1979166,1.1979166,1.2,5.298824310302734,,,,5308416,5245027,0.9880587730878665,0.0,863.0,104.52986686245848,75.0,101.93995781611477,69.0,-0.2884282469202262,0.7610357127889491,2.0,4.0,296.0,359.0,2.2741372956218893,0.6953
BGSP,/run/media/falconnier/Elements1/BIDS_datasets_selection/BGSP/sub-1179/ses-02/anat/sub-1179_ses-02_T1w.nii.gz,,sub-1179,ses-02,192,192,144,1.1979166,1.1979166,1.2,5.080460548400879,,,,5308416,5220355,0.9834110589674961,0.0,716.0,85.03649866723623,61.0,82.74386103291202,56.0,-0.33127795823589423,0.7749958045482596,2.0,3.0,243.0,295.0,2.644445505491825,0.6947
BGSP,/run/media/falconnier/Elements1/BIDS_datasets_selection/BGSP/sub-1181/ses-01/anat/sub-1181_ses-01_T1w.nii.gz,,sub-1181,ses-01,192,192,144,1.1979166,1.1979166,1.2,4.803436279296875,,,,5308416,5251959,0.9893646240234375,0.0,832.0,86.09631282346264,15.0,109.93957291140973,12.0,0.25935295423736315,1.1803546087616237,2.0,3.0,314.0,385.0,2.165846516534176,0.5909
BGSP,/run/media/falconnier/Elements1/BIDS_datasets_selection/BGSP/sub-1180/ses-01/anat/sub-1180_ses-01_T1w.nii.gz,,sub-1180,ses-01,192,192,144,1.1979166,1.1979166,1.2,5.278163909912109,,,,5308416,5253176,0.9895938826195988,0.0,662.0,105.1577099263379,62.0,108.70080572446916,57.0,-0.4396608239041462,0.7988578167889472,2.0,4.0,314.0,386.0,2.9072576937817054,0.6736
BGSP,/run/media/falconnier/Elements1/BIDS_datasets_selection/BGSP/sub-1182/ses-01/anat/sub-1182_ses-01_T1w.nii.gz,,sub-1182,ses-01,192,192,144,1.1979166,1.1979166,1.2,4.7040910720825195,,,,5308416,5251828,0.9893399462287809,0.0,967.0,80.07054286621725,12.0,106.17276608094147,9.0,0.4603450055342915,1.256923102197946,2.0,3.0,305.0,375.0,1.8138286160864467,0.5758
BGSP,/run/media/falconnier/Elements1/BIDS_datasets_selection/BGSP/sub-1183/ses-01/anat/sub-1183_ses-01_T1w.nii.gz,,sub-1183,ses-01,192,192,144,1.1979166,1.1979166,1.2,4.600579261779785,,,,5308416,5251046,0.9891926329812886,0.0,584.0,69.93639933834135,13.0,90.12964399219123,10.0,0.2483600867438347,1.2028971599690914,1.0,2.0,258.0,320.0,2.958322347110343,0.5876
BGSP,/run/media/falconnier/Elements1/BIDS_datasets_selection/BGSP/sub-1185/ses-01/anat/sub-1185_ses-01_T1w.nii.gz,,sub-1185,ses-01,192,192,144,1.1979166,1.1979166,1.2,5.03231143951416,,,,5308416,5252989,0.9895586555386767,0.0,810.0,85.62731142212557,38.0,92.03976228186502,35.0,-0.1797420564376626,0.9175200932218162,2.0,3.0,266.0,325.0,2.323347597200345,0.6595
BGSP,/run/media/falconnier/Elements1/BIDS_datasets_selection/BGSP/sub-1187/ses-01/anat/sub-1187_ses-01_T1w.nii.gz,,sub-1187,ses-01,192,192,144,1.1979166,1.1979166,1.2,4.645267486572266,,,,5308416,5251457,0.9892700572072723,0.0,752.0,75.16352833128025,13.0,98.59166654693253,10.0,0.4078303511729331,1.2529532026025259,2.0,3.0,285.0,355.0,2.325935712306195,0.5806
BGSP,/run/media/falconnier/Elements1/BIDS_datasets_selection/BGSP/sub-1184/ses-01/anat/sub-1184_ses-01_T1w.nii.gz,,sub-1184,ses-01,192,192,144,1.1979166,1.1979166,1.2,4.781389236450195,,,,5308416,5252318,0.9894322524836034,0.0,842.0,81.40805849912363,15.0,104.2210736096197,12.0,0.37968818121605086,1.218400105957878,2.0,3.0,300.0,374.0,2.126768760576217,0.5905
BGSP,/run/media/falconnier/Elements1/BIDS_datasets_selection/BGSP/sub-1186/ses-01/anat/sub-1186_ses-01_T1w.nii.gz,,sub-1186,ses-01,192,192,144,1.1979166,1.1979166,1.2,4.666417121887207,,,,5308416,5251726,0.9893207314573689,0.0,594.0,75.23722353374872,14.0,94.27770609841113,11.0,0.0307517874851726,1.1190002935882672,1.0,2.0,266.0,331.0,2.9564114549366867,0.5984
BGSP,/run/media/falconnier/Elements1/BIDS_datasets_selection/BGSP/sub-1191/ses-01/anat/sub-1191_ses-01_T1w.nii.gz,,sub-1191,ses-01,192,192,144,1.1979166,1.1979166,1.2,4.585964202880859,,,,5308416,5248208,0.9886580102237654,0.0,475.0,63.07114904744629,15.0,78.7915015021537,13.0,0.3334229041503538,1.19411849000181,1.0,2.0,227.0,283.0,3.597402300868343,0.6003
BGSP,/run/media/falconnier/Elements1/BIDS_datasets_selection/BGSP/sub-1189/ses-01/anat/sub-1189_ses-01_T1w.nii.gz,,sub-1189,ses-01,192,192,144,1.1979166,1.1979166,1.2,4.853397369384766,,,,5308416,5251851,0.9893442789713541,0.0,953.0,85.97644087770198,18.0,106.00201343635773,15.0,0.2587733494181781,1.1382258384542947,2.0,3.0,306.0,370.0,1.9070436894342258,0.6051
BGSP,/run/media/falconnier/Elements1/BIDS_datasets_selection/BGSP/sub-1188/ses-01/anat/sub-1188_ses-01_T1w.nii.gz,,sub-1188,ses-01,192,192,144,1.1979166,1.1979166,1.2,4.419360160827637,,,,5308416,5245315,0.9881130265600887,0.0,501.0,64.40617084007347,10.0,87.07264206535734,8.0,0.5147688473417267,1.2998755906158492,1.0,2.0,249.0,313.0,3.3534423665403517,0.5679
BGSP,/run/media/falconnier/Elements1/BIDS_datasets_selection/BGSP/sub-1190/ses-01/anat/sub-1190_ses-01_T1w.nii.gz,,sub-1190,ses-01,192,192,144,1.1979166,1.1979166,1.2,4.829805374145508,,,,5308416,5252436,0.9894544813368056,0.0,590.0,75.54948637165688,21.0,89.80287488564488,18.0,0.07625371534161607,1.0891986321012033,2.0,3.0,258.0,322.0,3.0503507166612533,0.6203
BGSP,/run/media/falconnier/Elements1/BIDS_datasets_selection/BGSP/sub-1193/ses-01/anat/sub-1193_ses-01_T1w.nii.gz,,sub-1193,ses-01,192,192,144,1.1979166,1.1979166,1.2,4.596397399902344,,,,5308416,5251393,0.9892580008801118,0.0,541.0,69.95979028802454,12.0,94.71283485665322,9.0,0.6047563702375789,1.3350756918366824,2.0,3.0,276.0,342.0,3.1751284675175353,0.5685
BGSP,/run/media/falconnier/Elements1/BIDS_datasets_selection/BGSP/sub-1194/ses-01/anat/sub-1194_ses-01_T1w.nii.gz,,sub-1194,ses-01,192,192,144,1.1979166,1.1979166,1.2,5.239047050476074,,,,5308416,5253412,0.9896383403260031,0.0,701.0,96.54986016706856,56.0,98.83347183220724,52.0,-0.30479450512048034,0.8372353968396375,2.0,3.0,286.0,353.0,2.755931991954291,0.678
BGSP,/run/media/falconnier/Elements1/BIDS_datasets_selection/BGSP/sub-1192/ses-01/anat/sub-1192_ses-01_T1w.nii.gz,,sub-1192,ses-01,192,192,144,1.1979166,1.1979166,1.2,4.708907127380371,,,,5308416,5251231,0.9892274833019868,0.0,570.0,75.19977030147788,16.0,95.6454586627897,13.0,0.32145013450640025,1.2069552446152556,2.0,3.0,274.0,341.0,3.1071241500899007,0.5931
BGSP,/run/media/falconnier/Elements1/BIDS_datasets_selection/BGSP/sub-1196/ses-01/anat/sub-1196_ses-01_T1w.nii.gz,,sub-1196,ses-01,192,192,144,1.1979166,1.1979166,1.2,4.922859191894531,,,,5308416,5253011,0.9895627999011382,0.0,905.0,90.28152292085434,19.0,111.43251457753047,16.0,0.12754235969317262,1.120655284144574,2.0,3.0,320.0,389.0,2.022205496279257,0.6047
BGSP,/run/media/falconnier/Elements1/BIDS_datasets_selection/BGSP/sub-1197/ses-01/anat/sub-1197_ses-01_T1w.nii.gz,,sub-1197,ses-01,192,192,144,1.1979166,1.1979166,1.2,4.5634870529174805,,,,5308416,5250067,0.9890082088517554,0.0,744.0,68.21957910251432,15.0,85.27607581039099,13.0,0.2582961060835234,1.1664990843116452,1.0,2.0,243.0,308.0,2.3353092825712483,0.5997
BGSP,/run/media/falconnier/Elements1/BIDS_datasets_selection/BGSP/sub-1195/ses-01/anat/sub-1195_ses-01_T1w.nii.gz,,sub-1195,ses-01,192,192,144,1.1979166,1.1979166,1.2,4.981842994689941,,,,5308416,5254214,0.989789421175733,0.0,601.0,82.46279938350436,43.0,84.99598799531051,39.0,-0.4319991241146979,0.8042288038365968,2.0,3.0,243.0,301.0,3.088440743630418,0.6752
BGSP,/run/media/falconnier/Elements1/BIDS_datasets_selection/BGSP/sub-1198/ses-01/anat/sub-1198_ses-01_T1w.nii.gz,,sub-1198,ses-01,192,192,144,1.1979166,1.1979166,1.2,4.815008163452148,,,,5308416,5252941,0.9895496132933064,0.0,817.0,77.05197888192538,21.0,89.12487434226409,18.0,0.028320269745897964,1.018876528372128,2.0,3.0,253.0,314.0,2.203372630911252,0.6305
BGSP,/run/media/falconnier/Elements1/BIDS_datasets_selection/BGSP/sub-1199/ses-01/anat/sub-1199_ses-01_T1w.nii.gz,,sub-1199,ses-01,192,192,144,1.1979166,1.1979166,1.2,5.04840087890625,,,,5308416,5253537,0.9896618878399884,0.0,861.0,85.949274745757,38.0,92.57916584219147,35.0,-0.23511618600771556,0.8896679176580964,2.0,3.0,264.0,328.0,2.1695329492215096,0.6581
BGSP,/run/media/falconnier/Elements1/BIDS_datasets_selection/BGSP/sub-1200/ses-01/anat/sub-1200_ses-01_T1w.nii.gz,,sub-1200,ses-01,192,192,144,1.1979166,1.1979166,1.2,4.813899040222168,,,,5308416,5251743,0.9893239339192709,0.0,738.0,78.13843194535605,18.0,96.06788455761799,15.0,0.13588421756390634,1.133058714135692,2.0,3.0,277.0,343.0,2.425475972800432,0.6065
BGSP,/run/media/falconnier/Elements1/BIDS_datasets_selection/BGSP/sub-1201/ses-01/anat/sub-1201_ses-01_T1w.nii.gz,,sub-1201,ses-01,192,192,144,1.1979166,1.1979166,1.2,4.709629058837891,,,,5308416,5251443,0.989267419885706,0.0,693.0,79.06886602406234,14.0,99.92082104477737,11.0,0.049219376477284804,1.1322457279341778,2.0,3.0,285.0,348.0,2.542738970520458,0.595
BGSP,/run/media/falconnier/Elements1/BIDS_datasets_selection/BGSP/sub-1203/ses-01/anat/sub-1203_ses-01_T1w.nii.gz,,sub-1203,ses-01,192,192,144,1.1979166,1.1979166,1.2,4.785865783691406,,,,5308416,5251852,0.9893444673514661,0.0,679.0,82.14891508747772,17.0,98.80189810686802,14.0,-0.11813252024940368,1.0329741859046744,2.0,3.0,277.0,345.0,2.6352760475434502,0.6144
BGSP,/run/media/falconnier/Elements1/BIDS_datasets_selection/BGSP/sub-1205/ses-01/anat/sub-1205_ses-01_T1w.nii.gz,,sub-1205,ses-01,192,192,144,1.1979166,1.1979166,1.2,4.725441932678223,,,,5308416,5252277,0.9894245288990162,0.0,855.0,76.59709760166876,14.0,98.84068028030624,11.0,0.3166876262417446,1.2161201282146406,2.0,3.0,286.0,348.0,2.0615017003141833,0.5873
BGSP,/run/media/falconnier/Elements1/BIDS_datasets_selection/BGSP/sub-1204/ses-01/anat/sub-1204_ses-01_T1w.nii.gz,,sub-1204,ses-01,192,192,144,1.1979166,1.1979166,1.2,4.695082664489746,,,,5308416,5251900,0.9893535095968364,0.0,662.0,77.13318951236695,14.0,99.59408898059183,11.0,0.20458475930474318,1.190057396579999,2.0,3.0,286.0,352.0,2.6360483056833686,0.5866
BGSP,/run/media/falconnier/Elements1/BIDS_datasets_selection/BGSP/sub-1202/ses-01/anat/sub-1202_ses-01_T1w.nii.gz,,sub-1202,ses-01,192,192,144,1.1979166,1.1979166,1.2,4.610138893127441,,,,5308416,5252111,0.9893932578004436,0.0,818.0,75.27702632332029,12.0,103.26668473416157,9.0,0.6745086556299449,1.3480005369404748,2.0,3.0,300.0,369.0,2.1180549698781688,0.563
BGSP,/run/media/falconnier/Elements1/BIDS_datasets_selection/BGSP/sub-1207/ses-01/anat/sub-1207_ses-01_T1w.nii.gz,,sub-1207,ses-01,192,192,144,1.1979166,1.1979166,1.2,4.659394264221191,,,,5308416,5251086,0.9892001681857638,0.0,654.0,72.65716520354076,14.0,94.69912072811366,11.0,0.3563140695052618,1.2459600949324456,1.0,2.0,274.0,339.0,2.6615845872696995,0.5835
BGSP,/run/media/falconnier/Elements1/BIDS_datasets_selection/BGSP/sub-1206/ses-01/anat/sub-1206_ses-01_T1w.nii.gz,,sub-1206,ses-01,192,192,144,1.1979166,1.1979166,1.2,4.928097724914551,,,,5308416,5253452,0.9896458755304784,0.0,751.0,79.5690466002164,30.0,88.09541241835315,27.0,-0.04727369324044073,0.9654420014929415,2.0,3.0,251.0,314.0,2.4415433812955096,0.648
BGSP,/run/media/falconnier/Elements1/BIDS_datasets_selection/BGSP/sub-1208/ses-01/anat/sub-1208_ses-01_T1w.nii.gz,,sub-1208,ses-01,192,192,144,1.1979166,1.1979166,1.2,4.823979377746582,,,,5308416,5252247,0.9894188774956597,0.0,628.0,78.50515674529397,17.0,96.99010929289409,14.0,0.2874076464651609,1.17143693996465,2.0,3.0,281.0,352.0,2.850504733013376,0.6049
BGSP,/run/media/falconnier/Elements1/BIDS_datasets_selection/BGSP/sub-1209/ses-01/anat/sub-1209_ses-01_T1w.nii.gz,,sub-1209,ses-01,192,192,144,1.1979166,1.1979166,1.2,5.036004066467285,,,,5308416,5254024,0.9897536289544753,0.0,769.0,80.0398102482973,38.0,83.8576212536061,34.0,-0.10609447360940027,0.9123258514820823,3.0,4.0,242.0,296.0,2.4303055460125034,0.6703
BGSP,/run/media/falconnier/Elements1/BIDS_datasets_selection/BGSP/sub-1210/ses-01/anat/sub-1210_ses-01_T1w.nii.gz,,sub-1210,ses-01,192,192,144,1.1979166,1.1979166,1.2,4.923340797424316,,,,5308416,5252035,0.9893789409119406,0.0,778.0,87.98404523199103,20.0,105.33163271624676,17.0,0.022943983929859968,1.0685283963490106,2.0,3.0,302.0,369.0,2.359398831923561,0.6168
BGSP,/run/media/falconnier/Elements1/BIDS_datasets_selection/BGSP/sub-1211/ses-01/anat/sub-1211_ses-01_T1w.nii.gz,,sub-1211,ses-01,192,192,144,1.1979166,1.1979166,1.2,4.615083694458008,,,,5308416,5251393,0.9892580008801118,0.0,949.0,69.35542131392566,14.0,89.12911616120725,11.0,0.5328413291813545,1.2503135747151883,1.0,2.0,256.0,322.0,1.833761439869213,0.5893
BGSP,/run/media/falconnier/Elements1/BIDS_datasets_selection/BGSP/sub-1212/ses-01/anat/sub-1212_ses-01_T1w.nii.gz,,sub-1212,ses-01,192,192,144,1.1979166,1.1979166,1.2,4.961524963378906,,,,5308416,5254083,0.9897647433810763,0.0,767.0,83.87264628290036,29.0,94.24407221288375,26.0,-0.1796845695750311,0.9647686421283654,2.0,3.0,271.0,334.0,2.4151903030657786,0.6421
BGSP,/run/media/falconnier/Elements1/BIDS_datasets_selection/BGSP/sub-1214/ses-01/anat/sub-1214_ses-01_T1w.nii.gz,,sub-1214,ses-01,192,192,144,1.1979166,1.1979166,1.2,4.910523414611816,,,,5308416,5252529,0.9894720006872106,0.0,625.0,79.93868420336184,31.0,88.05610081543385,28.0,-0.20541217691953362,0.9341721077992189,2.0,3.0,252.0,312.0,2.939485974628314,0.6497
BGSP,/run/media/falconnier/Elements1/BIDS_datasets_selection/BGSP/sub-1215/ses-01/anat/sub-1215_ses-01_T1w.nii.gz,,sub-1215,ses-01,192,192,144,1.1979166,1.1979166,1.2,4.616238594055176,,,,5308416,5245834,0.9882107958381559,0.0,733.0,67.88785062584901,21.0,78.25641811700177,19.0,-0.023082237302900488,1.0141821496587091,1.0,2.0,227.0,274.0,2.3872035197975463,0.6309
BGSP,/run/media/falconnier/Elements1/BIDS_datasets_selection/BGSP/sub-1213/ses-01/anat/sub-1213_ses-01_T1w.nii.gz,,sub-1213,ses-01,192,192,144,1.1979166,1.1979166,1.2,4.794599533081055,,,,5308416,5252614,0.9894880129967207,0.0,607.0,84.31037803272808,15.0,107.63757989854092,12.0,0.2183102005355093,1.1817239808716016,2.0,3.0,308.0,383.0,2.9509104221129165,0.5913
BGSP,/run/media/falconnier/Elements1/BIDS_datasets_selection/BGSP/sub-1220/ses-01/anat/sub-1220_ses-01_T1w.nii.gz,,sub-1220,ses-01,192,192,144,1.1979166,1.1979166,1.2,4.992379188537598,,,,5308416,5253050,0.9895701467255016,0.0,761.0,89.50244714975109,33.0,97.91460784079214,30.0,-0.28550841307852526,0.8865808448854566,2.0,3.0,276.0,341.0,2.449069219095433,0.6519
BGSP,/run/media/falconnier/Elements1/BIDS_datasets_selection/BGSP/sub-1221/ses-01/anat/sub-1221_ses-01_T1w.nii.gz,,sub-1221,ses-01,192,192,144,1.1979166,1.1979166,1.2,4.843741416931152,,,,5308416,5252418,0.9894510904947916,0.0,849.0,85.72517000741372,21.0,100.2718924932157,18.0,-0.1060642262311422,1.009619532140514,2.0,3.0,282.0,353.0,2.1653274025833342,0.626
BGSP,/run/media/falconnier/Elements1/BIDS_datasets_selection/BGSP/sub-1218/ses-01/anat/sub-1218_ses-01_T1w.nii.gz,,sub-1218,ses-01,192,192,144,1.1979166,1.1979166,1.2,4.487481117248535,,,,5308416,5245652,0.9881765106577932,0.0,600.0,64.3671576002373,13.0,81.99221926904293,11.0,0.38479797828137396,1.2035874261350188,1.0,2.0,233.0,291.0,2.823815610895278,0.5917
BGSP,/run/media/falconnier/Elements1/BIDS_datasets_selection/BGSP/sub-1219/ses-01/anat/sub-1219_ses-01_T1w.nii.gz,,sub-1219,ses-01,192,192,144,1.1979166,1.1979166,1.2,4.695168495178223,,,,5308416,5252554,0.9894767101900077,0.0,822.0,72.64587741506323,17.0,87.22705111289778,14.0,0.17318195710800666,1.0894798721285504,2.0,3.0,247.0,309.0,2.14818629551195,0.6158
BGSP,/run/media/falconnier/Elements1/BIDS_datasets_selection/BGSP/sub-1216/ses-01/anat/sub-1216_ses-01_T1w.nii.gz,,sub-1216,ses-01,192,192,144,1.1979166,1.1979166,1.2,4.681944847106934,,,,5308416,5252277,0.9894245288990162,0.0,879.0,82.84188990793898,12.0,112.41005837307111,9.0,0.4057650966723165,1.2773180524942331,2.0,3.0,321.0,397.0,1.999894366516465,0.5667
BGSP,/run/media/falconnier/Elements1/BIDS_datasets_selection/BGSP/sub-1222/ses-01/anat/sub-1222_ses-01_T1w.nii.gz,,sub-1222,ses-01,192,192,144,1.1979166,1.1979166,1.2,4.6646881103515625,,,,5308416,5251008,0.9891854745370371,0.0,581.0,72.72869056760149,17.0,87.07105114534869,15.0,-0.00364102760655749,1.0665072449227784,1.0,2.0,249.0,309.0,3.031040483191234,0.6166
BGSP,/run/media/falconnier/Elements1/BIDS_datasets_selection/BGSP/sub-1217/ses-01/anat/sub-1217_ses-01_T1w.nii.gz,,sub-1217,ses-01,192,192,144,1.1979166,1.1979166,1.2,4.364051818847656,,,,5308416,5250469,0.9890839376567323,0.0,600.0,59.22831160416336,10.0,81.59993819109889,7.0,0.6939077617033047,1.3671101569084112,1.0,2.0,235.0,294.0,2.746723947475732,0.5616
BGSP,/run/media/falconnier/Elements1/BIDS_datasets_selection/BGSP/sub-1223/ses-01/anat/sub-1223_ses-01_T1w.nii.gz,,sub-1223,ses-01,192,192,144,1.1979166,1.1979166,1.2,4.910127639770508,,,,5308416,5253080,0.989575798128858,0.0,661.0,85.76545931148964,22.0,102.30660102659192,19.0,-0.07027520716363123,1.0515494990874252,2.0,3.0,292.0,361.0,2.7601493690310557,0.6183
BGSP,/run/media/falconnier/Elements1/BIDS_datasets_selection/BGSP/sub-1225/ses-01/anat/sub-1225_ses-01_T1w.nii.gz,,sub-1225,ses-01,192,192,144,1.1979166,1.1979166,1.2,4.504011154174805,,,,5308416,5251409,0.989261014961902,0.0,844.0,64.50027887753554,12.0,86.12264631277844,9.0,0.5829888416995472,1.3158054373777435,1.0,2.0,251.0,310.0,2.0138991405106754,0.5741
BGSP,/run/media/falconnier/Elements1/BIDS_datasets_selection/BGSP/sub-1228/ses-01/anat/sub-1228_ses-01_T1w.nii.gz,,sub-1228,ses-01,192,192,144,1.1979166,1.1979166,1.2,4.960725784301758,,,,5308416,5252949,0.9895511203342013,0.0,816.0,92.19790616661231,20.0,107.67074316254418,17.0,-0.08893389393510143,1.0074456252495492,2.0,3.0,307.0,380.0,2.2681669816025316,0.6265
BGSP,/run/media/falconnier/Elements1/BIDS_datasets_selection/BGSP/sub-1229/ses-01/anat/sub-1229_ses-01_T1w.nii.gz,,sub-1229,ses-01,192,192,144,1.1979166,1.1979166,1.2,4.750131607055664,,,,5308416,5252049,0.9893815782335069,0.0,602.0,72.9656052333099,25.0,82.45776144720476,22.0,-0.18085332748676608,0.9710473114325433,1.0,2.0,235.0,292.0,2.9770182700001415,0.6397
BGSP,/run/media/falconnier/Elements1/BIDS_datasets_selection/BGSP/sub-1226/ses-01/anat/sub-1226_ses-01_T1w.nii.gz,,sub-1226,ses-01,192,192,144,1.1979166,1.1979166,1.2,4.7901506423950195,,,,5308416,5251591,0.9892953001422646,0.0,869.0,80.04209943234345,18.0,94.41551083626081,15.0,0.0052704371993619326,1.020269065633783,2.0,3.0,265.0,328.0,2.061228338493093,0.6221
BGSP,/run/media/falconnier/Elements1/BIDS_datasets_selection/BGSP/sub-1227/ses-01/anat/sub-1227_ses-01_T1w.nii.gz,,sub-1227,ses-01,192,192,144,1.1979166,1.1979166,1.2,4.754446029663086,,,,5308416,5251259,0.9892327579451196,0.0,968.0,83.41288308194282,15.0,106.04497060749412,12.0,0.18694422749710915,1.1634158621393025,2.0,3.0,304.0,371.0,1.8494595394631377,0.5926
BGSP,/run/media/falconnier/Elements1/BIDS_datasets_selection/BGSP/sub-1224/ses-01/anat/sub-1224_ses-01_T1w.nii.gz,,sub-1224,ses-01,192,192,144,1.1979166,1.1979166,1.2,4.714005470275879,,,,5308416,5252254,0.9894201961564429,0.0,998.0,74.51291616894385,16.0,92.88744222254658,13.0,0.3495107803335804,1.1832860741103763,2.0,3.0,267.0,331.0,1.7855587703394562,0.6014
BGSP,/run/media/falconnier/Elements1/BIDS_datasets_selection/BGSP/sub-1231/ses-01/anat/sub-1231_ses-01_T1w.nii.gz,,sub-1231,ses-01,192,192,144,1.1979166,1.1979166,1.2,4.550083160400391,,,,5308416,5250421,0.9890748954113618,0.0,871.0,67.18020288277835,15.0,83.08194817030234,13.0,0.2527230836774219,1.145667702908034,1.0,2.0,236.0,296.0,1.9878529338308608,0.604
BGSP,/run/media/falconnier/Elements1/BIDS_datasets_selection/BGSP/sub-1230/ses-01/anat/sub-1230_ses-01_T1w.nii.gz,,sub-1230,ses-01,192,192,144,1.1979166,1.1979166,1.2,4.66254997253418,,,,5308416,5250686,0.9891248161410108,0.0,694.0,75.10595167945674,14.0,95.75251672293022,11.0,0.18789497509872177,1.1694489902840186,1.0,2.0,275.0,336.0,2.5119505788660987,0.5914
BGSP,/run/media/falconnier/Elements1/BIDS_datasets_selection/BGSP/sub-1232/ses-01/anat/sub-1232_ses-01_T1w.nii.gz,,sub-1232,ses-01,192,192,144,1.1979166,1.1979166,1.2,4.512659072875977,,,,5308416,5249530,0.9889070487316743,0.0,749.0,67.75542400938751,12.0,87.94749917028292,10.0,0.33563879932608787,1.2142152922458767,1.0,2.0,251.0,310.0,2.284617323667358,0.5843
BGSP,/run/media/falconnier/Elements1/BIDS_datasets_selection/BGSP/sub-1233/ses-01/anat/sub-1233_ses-01_T1w.nii.gz,,sub-1233,ses-01,192,192,144,1.1979166,1.1979166,1.2,4.804793357849121,,,,5308416,5253007,0.9895620463806906,0.0,710.0,91.36620301476849,13.0,120.43378073459553,9.0,0.2950514515411111,1.228840410887906,2.0,3.0,349.0,426.0,2.50377855074831,0.5784
BGSP,/run/media/falconnier/Elements1/BIDS_datasets_selection/BGSP/sub-1234/ses-01/anat/sub-1234_ses-01_T1w.nii.gz,,sub-1234,ses-01,192,192,144,1.1979166,1.1979166,1.2,4.856629371643066,,,,5308416,5252281,0.9894252824194637,0.0,841.0,85.78683889913735,16.0,108.32890005127987,13.0,0.3722134964692234,1.1982899740733288,2.0,3.0,313.0,388.0,2.1586079664988564,0.596
BGSP,/run/media/falconnier/Elements1/BIDS_datasets_selection/BGSP/sub-1235/ses-01/anat/sub-1235_ses-01_T1w.nii.gz,,sub-1235,ses-01,192,192,144,1.1979166,1.1979166,1.2,4.917162895202637,,,,5308416,5252913,0.9895443386501737,0.0,738.0,82.79431507812903,23.0,96.8502560579074,20.0,-0.045388277355372875,1.0364213406499772,2.0,3.0,279.0,344.0,2.473606054716048,0.6262
BGSP,/run/media/falconnier/Elements1/BIDS_datasets_selection/BGSP/sub-1238/ses-01/anat/sub-1238_ses-01_T1w.nii.gz,,sub-1238,ses-01,192,192,144,1.1979166,1.1979166,1.2,4.478736877441406,,,,5308416,5249442,0.9888904712818287,0.0,600.0,62.823793271742026,11.0,84.14937716288277,9.0,0.5789353585306327,1.3170536557642507,1.0,2.0,243.0,303.0,2.805452365157542,0.5726
BGSP,/run/media/falconnier/Elements1/BIDS_datasets_selection/BGSP/sub-1236/ses-01/anat/sub-1236_ses-01_T1w.nii.gz,,sub-1236,ses-01,192,192,144,1.1979166,1.1979166,1.2,4.922771453857422,,,,5308416,5253000,0.9895607277199074,0.0,762.0,84.22148372358652,24.0,96.99456465984767,21.0,-0.07075917410226307,1.0008834805185272,2.0,3.0,274.0,342.0,2.411372622083261,0.6322
BGSP,/run/media/falconnier/Elements1/BIDS_datasets_selection/BGSP/sub-1237/ses-01/anat/sub-1237_ses-01_T1w.nii.gz,,sub-1237,ses-01,192,192,144,1.1979166,1.1979166,1.2,4.966217041015625,,,,5308416,5255207,0.9899764826268326,0.0,629.0,82.89709120877636,37.0,89.4078833137694,34.0,-0.1824273331984929,0.9197824924179621,2.0,3.0,259.0,322.0,2.9519945522228106,0.6582
BGSP,/run/media/falconnier/Elements1/BIDS_datasets_selection/BGSP/sub-1240/ses-01/anat/sub-1240_ses-01_T1w.nii.gz,,sub-1240,ses-01,192,192,144,1.1979166,1.1979166,1.2,4.740351676940918,,,,5308416,5251252,0.9892314392843364,0.0,641.0,75.80608433950609,17.0,93.61080710169223,14.0,0.009892325316037454,1.110245210603075,2.0,2.0,270.0,326.0,2.770729805650218,0.6044
BGSP,/run/media/falconnier/Elements1/BIDS_datasets_selection/BGSP/sub-1239/ses-01/anat/sub-1239_ses-01_T1w.nii.gz,,sub-1239,ses-01,192,192,144,1.1979166,1.1979166,1.2,4.900118827819824,,,,5308416,5253156,0.9895901150173612,0.0,953.0,81.77794186961134,32.0,88.87016188698783,29.0,-0.18430276900405973,0.884150303450269,2.0,3.0,250.0,309.0,1.9242996731839122,0.6543
BGSP,/run/media/falconnier/Elements1/BIDS_datasets_selection/BGSP/sub-1241/ses-01/anat/sub-1241_ses-01_T1w.nii.gz,,sub-1241,ses-01,192,192,144,1.1979166,1.1979166,1.2,4.771231651306152,,,,5308416,5251732,0.9893218617380402,0.0,700.0,73.4824250361595,20.0,90.18149377180394,17.0,0.2475753357468471,1.1668304835644963,2.0,3.0,260.0,324.0,2.5480015799377216,0.6079
BGSP,/run/media/falconnier/Elements1/BIDS_datasets_selection/BGSP/sub-1242/ses-01/anat/sub-1242_ses-01_T1w.nii.gz,,sub-1242,ses-01,192,192,144,1.1979166,1.1979166,1.2,4.581953048706055,,,,5308416,5250827,0.9891513777367863,0.0,559.0,69.05968412213923,12.0,90.4787259034801,9.0,0.4121050244558164,1.2586899910000018,1.0,2.0,264.0,325.0,3.0777853133154918,0.5812
BGSP,/run/media/falconnier/Elements1/BIDS_datasets_selection/BGSP/sub-1243/ses-01/anat/sub-1243_ses-01_T1w.nii.gz,,sub-1243,ses-01,192,192,144,1.1979166,1.1979166,1.2,4.813714027404785,,,,5308416,5252157,0.9894019232855903,0.0,982.0,73.96387617506484,22.0,87.98423344392255,19.0,0.36003895757966964,1.1512786425720805,2.0,3.0,254.0,324.0,1.842243962328458,0.6205
BGSP,/run/media/falconnier/Elements1/BIDS_datasets_selection/BGSP/sub-1244/ses-01/anat/sub-1244_ses-01_T1w.nii.gz,,sub-1244,ses-01,192,192,144,1.1979166,1.1979166,1.2,4.584444046020508,,,,5308416,5249964,0.9889888057002315,0.0,828.0,68.1417682102201,14.0,86.54656630214745,12.0,0.32605889666979637,1.1969265415946886,1.0,2.0,250.0,306.0,2.0798241521310867,0.5933
BGSP,/run/media/falconnier/Elements1/BIDS_datasets_selection/BGSP/sub-1245/ses-01/anat/sub-1245_ses-01_T1w.nii.gz,,sub-1245,ses-01,192,192,144,1.1979166,1.1979166,1.2,5.04258918762207,,,,5308416,5253574,0.9896688579041281,0.0,731.0,96.98914910116427,23.0,115.21801986615804,19.0,-0.1555829344939741,1.0354369588011452,2.0,4.0,327.0,404.0,2.5635102346694656,0.6203
BGSP,/run/media/falconnier/Elements1/BIDS_datasets_selection/BGSP/sub-1246/ses-01/anat/sub-1246_ses-01_T1w.nii.gz,,sub-1246,ses-01,192,192,144,1.1979166,1.1979166,1.2,5.036899566650391,,,,5308416,5252969,0.9895548879364391,0.0,908.0,90.13584298708025,42.0,97.72028007262749,39.0,-0.2285791140946989,0.8947979637247938,2.0,3.0,277.0,344.0,2.0645088125667783,0.6554
BGSP,/run/media/falconnier/Elements1/BIDS_datasets_selection/BGSP/sub-1247/ses-01/anat/sub-1247_ses-01_T1w.nii.gz,,sub-1247,ses-01,192,192,144,1.1979166,1.1979166,1.2,4.697396278381348,,,,5308416,5252170,0.9894043722270448,0.0,971.0,80.42632093020599,13.0,109.0666204460049,10.0,0.5716325355032974,1.3145811546165957,2.0,3.0,315.0,390.0,1.8102781389345182,0.5674
BGSP,/run/media/falconnier/Elements1/BIDS_datasets_selection/BGSP/sub-1248/ses-01/anat/sub-1248_ses-01_T1w.nii.gz,,sub-1248,ses-01,192,192,144,1.1979166,1.1979166,1.2,4.946202278137207,,,,5308416,5253352,0.9896270375192902,0.0,733.0,88.53912682797574,23.0,102.30500651517698,20.0,-0.21759893608339897,0.9733424138198729,2.0,3.0,290.0,358.0,2.5029868812874954,0.6305
BGSP,/run/media/falconnier/Elements1/BIDS_datasets_selection/BGSP/sub-1249/ses-01/anat/sub-1249_ses-01_T1w.nii.gz,,sub-1249,ses-01,192,192,144,1.1979166,1.1979166,1.2,4.837274551391602,,,,5308416,5252775,0.9895183421947338,0.0,778.0,81.87480274711938,18.0,99.69634777689498,15.0,0.002148982219613238,1.0880601547318205,2.0,3.0,286.0,348.0,2.3169837063861345,0.6102
BGSP,/run/media/falconnier/Elements1/BIDS_datasets_selection/BGSP/sub-1250/ses-01/anat/sub-1250_ses-01_T1w.nii.gz,,sub-1250,ses-01,192,192,144,1.1979166,1.1979166,1.2,4.903556823730469,,,,5308416,5252660,0.9894966784818673,0.0,1528.0,86.7979678867469,22.0,101.44609830645685,19.0,0.3977011235981167,1.0728927939006865,2.0,3.0,290.0,357.0,1.2076917401655145,0.6262
BGSP,/run/media/falconnier/Elements1/BIDS_datasets_selection/BGSP/sub-1251/ses-01/anat/sub-1251_ses-01_T1w.nii.gz,,sub-1251,ses-01,192,192,144,1.1979166,1.1979166,1.2,4.746390342712402,,,,5308416,5251551,0.9892877649377894,0.0,626.0,75.04640400521674,17.0,91.2987737556668,14.0,0.027052403461864216,1.0936936649451734,2.0,3.0,264.0,321.0,2.8289845452289013,0.6104
BGSP,/run/media/falconnier/Elements1/BIDS_datasets_selection/BGSP/sub-1252/ses-01/anat/sub-1252_ses-01_T1w.nii.gz,,sub-1252,ses-01,192,192,144,1.1979166,1.1979166,1.2,5.1805877685546875,,,,5308416,5252860,0.9895343545042439,0.0,906.0,97.211106901764,55.0,102.76854126619028,51.0,0.04833570835758305,0.9280119512007503,2.0,3.0,293.0,369.0,2.121024829848628,0.6656
BGSP,/run/media/falconnier/Elements1/BIDS_datasets_selection/BGSP/sub-1253/ses-01/anat/sub-1253_ses-01_T1w.nii.gz,,sub-1253,ses-01,192,192,144,1.1979166,1.1979166,1.2,4.985093116760254,,,,5308416,5255024,0.989942009066358,0.0,932.0,85.25777922232135,36.0,94.71631930682754,33.0,0.2727096591483291,1.0421153501056053,2.0,3.0,274.0,337.0,2.0200957757175515,0.6475
BGSP,/run/media/falconnier/Elements1/BIDS_datasets_selection/BGSP/sub-1254/ses-01/anat/sub-1254_ses-01_T1w.nii.gz,,sub-1254,ses-01,192,192,144,1.1979166,1.1979166,1.2,5.001311302185059,,,,5308416,5234492,0.9860741886091821,0.0,910.0,87.25829115795764,39.0,94.38048331655612,35.0,-0.020326901199975378,0.9569391104653517,2.0,3.0,272.0,338.0,2.059995335614568,0.6561
BGSP,/run/media/falconnier/Elements1/BIDS_datasets_selection/BGSP/sub-1255/ses-01/anat/sub-1255_ses-01_T1w.nii.gz,,sub-1255,ses-01,192,192,144,1.1979166,1.1979166,1.2,4.725001335144043,,,,5308416,5250968,0.9891779393325617,0.0,633.0,79.06427557737926,15.0,100.27723794489212,12.0,0.1618617502414903,1.1632340909590706,1.0,2.0,288.0,353.0,2.798087130606541,0.5935
BGSP,/run/media/falconnier/Elements1/BIDS_datasets_selection/BGSP/sub-1256/ses-01/anat/sub-1256_ses-01_T1w.nii.gz,,sub-1256,ses-01,192,192,144,1.1979166,1.1979166,1.2,4.488509178161621,,,,5308416,5249023,0.9888115400149499,0.0,595.0,63.45550210010511,11.0,86.57163911068547,8.0,0.8482270095532902,1.3848568191013702,1.0,2.0,251.0,320.0,2.8318084716997625,0.5654
BGSP,/run/media/falconnier/Elements1/BIDS_datasets_selection/BGSP/sub-1257/ses-01/anat/sub-1257_ses-01_T1w.nii.gz,,sub-1257,ses-01,192,192,144,1.1979166,1.1979166,1.2,5.1163225173950195,,,,5308416,5253615,0.9896765814887153,0.0,707.0,91.18200496229738,68.0,90.0186841206264,63.0,-0.40566639088583045,0.7460134296851438,2.0,3.0,260.0,319.0,2.682617452846695,0.6908
BGSP,/run/media/falconnier/Elements1/BIDS_datasets_selection/BGSP/sub-1258/ses-01/anat/sub-1258_ses-01_T1w.nii.gz,,sub-1258,ses-01,192,192,144,1.1979166,1.1979166,1.2,4.621664047241211,,,,5308416,5250888,0.9891628689236112,0.0,662.0,73.81559100098879,13.0,99.10699816021535,10.0,0.5931881133538601,1.3176416046119923,1.0,2.0,288.0,358.0,2.618449549065245,0.5715
BGSP,/run/media/falconnier/Elements1/BIDS_datasets_selection/BGSP/sub-1259/ses-01/anat/sub-1259_ses-01_T1w.nii.gz,,sub-1259,ses-01,192,192,144,1.1979166,1.1979166,1.2,4.695771217346191,,,,5308416,5252762,0.9895158932532793,0.0,746.0,76.82984418483076,14.0,96.8962711630784,11.0,0.36050022824916406,1.1950292867211798,2.0,3.0,278.0,354.0,2.3640278514217057,0.5965
BGSP,/run/media/falconnier/Elements1/BIDS_datasets_selection/BGSP/sub-1260/ses-01/anat/sub-1260_ses-01_T1w.nii.gz,,sub-1260,ses-01,192,192,144,1.1979166,1.1979166,1.2,4.677236557006836,,,,5308416,5251335,0.9892470748336227,0.0,659.0,74.17282119689564,16.0,88.42427471232833,14.0,-0.16832344976620117,1.0138088094657178,1.0,2.0,246.0,308.0,2.6599821274455286,0.6179
BGSP,/run/media/falconnier/Elements1/BIDS_datasets_selection/BGSP/sub-1263/ses-01/anat/sub-1263_ses-01_T1w.nii.gz,,sub-1263,ses-01,192,192,144,1.1979166,1.1979166,1.2,4.679542541503906,,,,5308416,5251880,0.9893497419945988,0.0,758.0,74.49120619663816,15.0,97.07803530629299,12.0,0.43240755562744937,1.2619945868491613,2.0,3.0,285.0,343.0,2.328501514352502,0.5838
BGSP,/run/media/falconnier/Elements1/BIDS_datasets_selection/BGSP/sub-1261/ses-01/anat/sub-1261_ses-01_T1w.nii.gz,,sub-1261,ses-01,192,192,144,1.1979166,1.1979166,1.2,4.834132194519043,,,,5308416,5252220,0.9894137912326388,0.0,910.0,85.81317176355903,17.0,106.65732859870434,14.0,0.14758640031761106,1.1297991682338666,2.0,3.0,305.0,373.0,1.9863990920821564,0.6017
BGSP,/run/media/falconnier/Elements1/BIDS_datasets_selection/BGSP/sub-1264/ses-01/anat/sub-1264_ses-01_T1w.nii.gz,,sub-1264,ses-01,192,192,144,1.1979166,1.1979166,1.2,4.6723737716674805,,,,5308416,5250713,0.9891299024040316,0.0,729.0,70.25133957997704,16.0,89.42114679612558,13.0,0.44353961499452454,1.237492389218073,1.0,2.0,259.0,322.0,2.406697288512366,0.5932
BGSP,/run/media/falconnier/Elements1/BIDS_datasets_selection/BGSP/sub-1262/ses-01/anat/sub-1262_ses-01_T1w.nii.gz,,sub-1262,ses-01,192,192,144,1.1979166,1.1979166,1.2,5.112339973449707,,,,5308416,5252523,0.9894708704065394,0.0,841.0,96.67856285446061,43.0,103.64987487685995,40.0,-0.33231659804235214,0.8476793042829244,2.0,3.0,292.0,363.0,2.259751848840206,0.6593
BGSP,/run/media/falconnier/Elements1/BIDS_datasets_selection/BGSP/sub-1265/ses-01/anat/sub-1265_ses-01_T1w.nii.gz,,sub-1265,ses-01,192,192,144,1.1979166,1.1979166,1.2,4.975410461425781,,,,5308416,5249639,0.9889275821638696,0.0,660.0,81.47835994055973,55.0,82.42195160315397,52.0,-0.4246417891276124,0.7710110664038082,1.0,2.0,237.0,287.0,2.799131051595648,0.6812
BGSP,/run/media/falconnier/Elements1/BIDS_datasets_selection/BGSP/sub-1265/ses-02/anat/sub-1265_ses-02_T1w.nii.gz,,sub-1265,ses-02,192,192,144,1.1979166,1.1979166,1.2,5.131433486938477,,,,5308416,5252596,0.9894846221547068,0.0,709.0,94.49853520049895,74.0,93.2640407783132,69.0,-0.5693871997421933,0.6992851601430609,2.0,3.0,269.0,322.0,2.674781050804559,0.6902
BGSP,/run/media/falconnier/Elements1/BIDS_datasets_selection/BGSP/sub-1266/ses-01/anat/sub-1266_ses-01_T1w.nii.gz,,sub-1266,ses-01,192,192,144,1.1979166,1.1979166,1.2,4.502081871032715,,,,5308416,5250465,0.9890831841362847,0.0,588.0,66.50966419164779,11.0,88.73222286176326,8.0,0.46836672927587353,1.2848407617524389,1.0,2.0,256.0,319.0,2.8860249953640715,0.5739
BGSP,/run/media/falconnier/Elements1/BIDS_datasets_selection/BGSP/sub-1267/ses-01/anat/sub-1267_ses-01_T1w.nii.gz,,sub-1267,ses-01,192,192,144,1.1979166,1.1979166,1.2,4.876458168029785,,,,5308416,5252910,0.9895437735098379,0.0,797.0,90.71709395363713,17.0,114.25265521269559,14.0,0.1543507330540792,1.1567905373128737,2.0,3.0,332.0,403.0,2.289531107279247,0.5966
BGSP,/run/media/falconnier/Elements1/BIDS_datasets_selection/BGSP/sub-1268/ses-01/anat/sub-1268_ses-01_T1w.nii.gz,,sub-1268,ses-01,192,192,144,1.1979166,1.1979166,1.2,4.6715803146362305,,,,5308416,5251792,0.9893331645447531,0.0,824.0,75.55040089173372,13.0,99.90103024812429,10.0,0.4199719282552743,1.262076666271206,2.0,3.0,286.0,357.0,2.1223210318419254,0.5775
BGSP,/run/media/falconnier/Elements1/BIDS_datasets_selection/BGSP/sub-1269/ses-01/anat/sub-1269_ses-01_T1w.nii.gz,,sub-1269,ses-01,192,192,144,1.1979166,1.1979166,1.2,4.977265357971191,,,,5308416,5253053,0.9895707118658372,0.0,874.0,91.76864672791233,33.0,101.33543342545696,30.0,-0.22480334179482586,0.8896033024323989,2.0,3.0,285.0,352.0,2.122982680394619,0.6476
BGSP,/run/media/falconnier/Elements1/BIDS_datasets_selection/BGSP/sub-1270/ses-01/anat/sub-1270_ses-01_T1w.nii.gz,,sub-1270,ses-01,192,192,144,1.1979166,1.1979166,1.2,5.147292137145996,,,,5308416,5254028,0.9897543824749229,0.0,879.0,102.41354690153916,44.0,110.4719743366218,40.0,-0.3123530978484572,0.8591835904379148,2.0,4.0,313.0,385.0,2.17144267687239,0.6572
BGSP,/run/media/falconnier/Elements1/BIDS_datasets_selection/BGSP/sub-1270/ses-02/anat/sub-1270_ses-02_T1w.nii.gz,,sub-1270,ses-02,192,192,144,1.1979166,1.1979166,1.2,5.022330284118652,,,,5308416,5253387,0.989633630823206,0.0,813.0,90.9171526864478,36.0,99.75462052129093,33.0,-0.25624234496116793,0.9015990122318503,2.0,3.0,283.0,350.0,2.3037060685452033,0.6508
BGSP,/run/media/falconnier/Elements1/BIDS_datasets_selection/BGSP/sub-1272/ses-01/anat/sub-1272_ses-01_T1w.nii.gz,,sub-1272,ses-01,192,192,144,1.1979166,1.1979166,1.2,5.0973663330078125,,,,5308416,5252800,0.9895230516975309,0.0,788.0,92.69755882576911,47.0,98.18343506152095,44.0,-0.36572791912050606,0.8401307081956368,2.0,3.0,280.0,346.0,2.3968192562208483,0.6641
BGSP,/run/media/falconnier/Elements1/BIDS_datasets_selection/BGSP/sub-1273/ses-01/anat/sub-1273_ses-01_T1w.nii.gz,,sub-1273,ses-01,192,192,144,1.1979166,1.1979166,1.2,5.096970558166504,,,,5308416,5228220,0.9848926685474537,0.0,976.0,92.48415254140032,54.0,94.93405942612384,50.0,-0.19714052585078123,0.8250363970311017,2.0,3.0,269.0,335.0,1.9411548821531301,0.6747
BGSP,/run/media/falconnier/Elements1/BIDS_datasets_selection/BGSP/sub-1271/ses-01/anat/sub-1271_ses-01_T1w.nii.gz,,sub-1271,ses-01,192,192,144,1.1979166,1.1979166,1.2,4.976835250854492,,,,5308416,5253626,0.989678653669946,0.0,1062.0,90.90325443798245,21.0,108.69481837145422,18.0,0.12745874528190138,1.0879078098083272,2.0,3.0,310.0,387.0,1.7463006179046514,0.6177
BGSP,/run/media/falconnier/Elements1/BIDS_datasets_selection/BGSP/sub-1274/ses-01/anat/sub-1274_ses-01_T1w.nii.gz,,sub-1274,ses-01,192,192,144,1.1979166,1.1979166,1.2,4.823916435241699,,,,5308416,5252208,0.9894115306712963,0.0,893.0,78.04240730755522,26.0,87.65679573294811,23.0,-0.09643537891704534,0.9529365896688071,1.0,3.0,250.0,306.0,2.026268154702188,0.6416
BGSP,/run/media/falconnier/Elements1/BIDS_datasets_selection/BGSP/sub-1276/ses-01/anat/sub-1276_ses-01_T1w.nii.gz,,sub-1276,ses-01,192,192,144,1.1979166,1.1979166,1.2,5.07399845123291,,,,5308416,5253069,0.9895737259476273,0.0,580.0,92.95954422072126,37.0,102.23047087286594,34.0,-0.2892268436574206,0.9112608295059642,2.0,3.0,293.0,360.0,3.2472603506425752,0.6499
BGSP,/run/media/falconnier/Elements1/BIDS_datasets_selection/BGSP/sub-1275/ses-01/anat/sub-1275_ses-01_T1w.nii.gz,,sub-1275,ses-01,192,192,144,1.1979166,1.1979166,1.2,4.8549909591674805,,,,5308416,5252204,0.9894107771508488,0.0,1033.0,88.69831674474183,17.0,108.47884133196169,14.0,0.1595878480280306,1.089358562802296,2.0,3.0,306.0,377.0,1.7530780118472615,0.6078
BGSP,/run/media/falconnier/Elements1/BIDS_datasets_selection/BGSP/sub-1277/ses-01/anat/sub-1277_ses-01_T1w.nii.gz,,sub-1277,ses-01,192,192,144,1.1979166,1.1979166,1.2,5.036202430725098,,,,5308416,5252933,0.9895481062524113,0.0,814.0,100.26207968005684,21.0,121.82358591959374,18.0,-0.006949261921897154,1.0818319608032294,2.0,3.0,350.0,428.0,2.303846501885389,0.6107
BGSP,/run/media/falconnier/Elements1/BIDS_datasets_selection/BGSP/sub-1278/ses-01/anat/sub-1278_ses-01_T1w.nii.gz,,sub-1278,ses-01,192,192,144,1.1979166,1.1979166,1.2,4.6339921951293945,,,,5308416,5251619,0.9893005747853973,0.0,709.0,68.65856395903816,15.0,90.00055149360097,12.0,0.568827274787802,1.3047438887821996,2.0,3.0,260.0,329.0,2.4502454221740857,0.582
BGSP,/run/media/falconnier/Elements1/BIDS_datasets_selection/BGSP/sub-1279/ses-01/anat/sub-1279_ses-01_T1w.nii.gz,,sub-1279,ses-01,192,192,144,1.1979166,1.1979166,1.2,4.850232124328613,,,,5308416,5252608,0.9894868827160493,0.0,660.0,77.94871709444146,21.0,93.38849717893005,18.0,0.21008069061718038,1.1210948037782962,1.0,3.0,267.0,333.0,2.740905703991053,0.6172
BGSP,/run/media/falconnier/Elements1/BIDS_datasets_selection/BGSP/sub-1280/ses-01/anat/sub-1280_ses-01_T1w.nii.gz,,sub-1280,ses-01,192,192,144,1.1979166,1.1979166,1.2,4.672982215881348,,,,5308416,5251675,0.9893111240716628,0.0,742.0,71.5472393093632,17.0,85.44037377649012,14.0,0.04203600600019097,1.063857246946358,1.0,2.0,241.0,303.0,2.3770193245725073,0.6178
BGSP,/run/media/falconnier/Elements1/BIDS_datasets_selection/BGSP/sub-1281/ses-01/anat/sub-1281_ses-01_T1w.nii.gz,,sub-1281,ses-01,192,192,144,1.1979166,1.1979166,1.2,5.101153373718262,,,,5308416,5253032,0.9895667558834876,0.0,1405.0,93.71032748325158,42.0,101.53047791847153,39.0,-0.023467973290311583,0.9307472642547904,2.0,3.0,294.0,359.0,1.352145512594399,0.6559
BGSP,/run/media/falconnier/Elements1/BIDS_datasets_selection/BGSP/sub-1282/ses-01/anat/sub-1282_ses-01_T1w.nii.gz,,sub-1282,ses-01,192,192,144,1.1979166,1.1979166,1.2,4.663738250732422,,,,5308416,5252098,0.9893908088589892,0.0,813.0,74.69097701528037,14.0,96.92110821808929,11.0,0.48180696757830255,1.2578231770000001,2.0,3.0,280.0,351.0,2.163082341084398,0.5854
BGSP,/run/media/falconnier/Elements1/BIDS_datasets_selection/BGSP/sub-1285/ses-01/anat/sub-1285_ses-01_T1w.nii.gz,,sub-1285,ses-01,192,192,144,1.1979166,1.1979166,1.2,4.933594703674316,,,,5308416,5254577,0.9898578031563464,0.0,716.0,81.58206226685802,34.0,87.63976235974863,31.0,-0.28885610309767307,0.8755516838678523,2.0,3.0,246.0,311.0,2.5737168769730863,0.6594
BGSP,/run/media/falconnier/Elements1/BIDS_datasets_selection/BGSP/sub-1284/ses-01/anat/sub-1284_ses-01_T1w.nii.gz,,sub-1284,ses-01,192,192,144,1.1979166,1.1979166,1.2,4.9346418380737305,,,,5308416,5252524,0.9894710587866512,0.0,693.0,81.16287655230133,25.0,94.14333841373598,22.0,-0.04200125138285271,1.045322597969225,1.0,3.0,270.0,334.0,2.6579230447165885,0.6301
BGSP,/run/media/falconnier/Elements1/BIDS_datasets_selection/BGSP/sub-1286/ses-02/anat/sub-1286_ses-02_T1w.nii.gz,,sub-1286,ses-02,192,192,144,1.1979166,1.1979166,1.2,4.8914642333984375,,,,5308416,5252589,0.9894833034939237,0.0,749.0,79.06153232244137,30.0,88.36824241948182,27.0,-0.12450359462167437,0.972506208476908,2.0,3.0,253.0,315.0,2.4485718417351245,0.6443
BGSP,/run/media/falconnier/Elements1/BIDS_datasets_selection/BGSP/sub-1283/ses-01/anat/sub-1283_ses-01_T1w.nii.gz,,sub-1283,ses-01,192,192,144,1.1979166,1.1979166,1.2,4.969958305358887,,,,5308416,5252654,0.989495548201196,0.0,963.0,93.67241055664432,20.0,112.82185811037141,17.0,-0.0212278339036982,1.0570197473006369,2.0,3.0,325.0,394.0,1.9102316188614423,0.614
BGSP,/run/media/falconnier/Elements1/BIDS_datasets_selection/BGSP/sub-1286/ses-01/anat/sub-1286_ses-01_T1w.nii.gz,,sub-1286,ses-01,192,192,144,1.1979166,1.1979166,1.2,4.914719581604004,,,,5308416,5252384,0.9894446855709876,0.0,793.0,81.17841593455466,32.0,89.13180630540334,29.0,-0.05540806710283741,0.9488140461719422,2.0,3.0,253.0,317.0,2.327052979609772,0.651
BGSP,/run/media/falconnier/Elements1/BIDS_datasets_selection/BGSP/sub-1287/ses-01/anat/sub-1287_ses-01_T1w.nii.gz,,sub-1287,ses-01,192,192,144,1.1979166,1.1979166,1.2,4.96793270111084,,,,5308416,5252721,0.9895081696686922,0.0,733.0,85.35299609478592,38.0,92.02867432825062,35.0,-0.384792887809978,0.8662105922949674,2.0,3.0,265.0,320.0,2.5329305660936354,0.6575
BGSP,/run/media/falconnier/Elements1/BIDS_datasets_selection/BGSP/sub-1288/ses-01/anat/sub-1288_ses-01_T1w.nii.gz,,sub-1288,ses-01,192,192,144,1.1979166,1.1979166,1.2,4.979759216308594,,,,5308416,5253361,0.9896287329402971,0.0,656.0,87.80505603936223,31.0,98.14307898922526,28.0,-0.30906687518733156,0.9177089815424597,2.0,3.0,278.0,344.0,2.8135739799557715,0.6435
BGSP,/run/media/falconnier/Elements1/BIDS_datasets_selection/BGSP/sub-1289/ses-01/anat/sub-1289_ses-01_T1w.nii.gz,,sub-1289,ses-01,192,192,144,1.1979166,1.1979166,1.2,4.7944231033325195,,,,5308416,5252179,0.9894060676480517,0.0,931.0,86.2222123427248,15.0,115.67436120557034,12.0,0.48067947909505193,1.2952209517497153,2.0,3.0,339.0,411.0,1.9233116399076715,0.5717
BGSP,/run/media/falconnier/Elements1/BIDS_datasets_selection/BGSP/sub-1291/ses-01/anat/sub-1291_ses-01_T1w.nii.gz,,sub-1291,ses-01,192,192,144,1.1979166,1.1979166,1.2,4.953039169311523,,,,5308416,5253371,0.989630616741416,0.0,786.0,86.08862499907202,28.0,99.11904530023898,25.0,-0.04414896055971873,1.0254019139453732,2.0,3.0,286.0,352.0,2.3570759981298517,0.6327
BGSP,/run/media/falconnier/Elements1/BIDS_datasets_selection/BGSP/sub-1290/ses-01/anat/sub-1290_ses-01_T1w.nii.gz,,sub-1290,ses-01,192,192,144,1.1979166,1.1979166,1.2,4.49632453918457,,,,5308416,5245741,0.9881932764877508,0.0,602.0,64.41529976413247,13.0,80.22009683213486,11.0,0.2398165818093836,1.1494486132339685,1.0,2.0,226.0,284.0,2.8204331303150343,0.6005
BGSP,/run/media/falconnier/Elements1/BIDS_datasets_selection/BGSP/sub-1292/ses-01/anat/sub-1292_ses-01_T1w.nii.gz,,sub-1292,ses-01,192,192,144,1.1979166,1.1979166,1.2,4.9934186935424805,,,,5308416,5254866,0.9899122450086806,0.0,531.0,79.15182366210671,47.0,80.74144734162991,43.0,-0.30860833463512893,0.8440983642621014,2.0,3.0,235.0,290.0,3.518433119023091,0.6797
BGSP,/run/media/falconnier/Elements1/BIDS_datasets_selection/BGSP/sub-1293/ses-01/anat/sub-1293_ses-01_T1w.nii.gz,,sub-1293,ses-01,192,192,144,1.1979166,1.1979166,1.2,4.594703674316406,,,,5308416,5252367,0.9894414831090856,0.0,709.0,68.943003030824,13.0,89.683186621738,10.0,0.3415549215364906,1.2406495780620892,2.0,3.0,258.0,321.0,2.423582289760006,0.5845
BGSP,/run/media/falconnier/Elements1/BIDS_datasets_selection/BGSP/sub-1297/ses-01/anat/sub-1297_ses-01_T1w.nii.gz,,sub-1297,ses-01,192,192,144,1.1979166,1.1979166,1.2,4.912088394165039,,,,5308416,5252683,0.9895010112244406,0.0,810.0,79.67347715443708,29.0,89.06710141165699,26.0,0.02730737548490625,0.992502922869522,2.0,3.0,258.0,314.0,2.2687470673796053,0.6442
BGSP,/run/media/falconnier/Elements1/BIDS_datasets_selection/BGSP/sub-1296/ses-01/anat/sub-1296_ses-01_T1w.nii.gz,,sub-1296,ses-01,192,192,144,1.1979166,1.1979166,1.2,4.6259002685546875,,,,5308416,5250531,0.989095617223669,0.0,555.0,68.08371439003027,19.0,79.3177097056073,17.0,0.012331248932307748,1.0325555130452246,1.0,2.0,226.0,281.0,3.143114157327332,0.6274
BGSP,/run/media/falconnier/Elements1/BIDS_datasets_selection/BGSP/sub-1298/ses-01/anat/sub-1298_ses-01_T1w.nii.gz,,sub-1298,ses-01,192,192,144,1.1979166,1.1979166,1.2,4.816302299499512,,,,5308416,5252045,0.9893808247130594,0.0,751.0,76.86279896687861,23.0,89.2912653168375,20.0,0.05646459090095268,1.0380659985872767,2.0,3.0,253.0,317.0,2.4066562653483747,0.629
BGSP,/run/media/falconnier/Elements1/BIDS_datasets_selection/BGSP/sub-1294/ses-01/anat/sub-1294_ses-01_T1w.nii.gz,,sub-1294,ses-01,192,192,144,1.1979166,1.1979166,1.2,5.0746965408325195,,,,5308416,5253021,0.9895646837022569,0.0,1265.0,92.62479380912431,47.0,98.08575621606921,43.0,0.2301135864129331,0.9254310233651617,2.0,3.0,279.0,347.0,1.5109876906526183,0.665
BGSP,/run/media/falconnier/Elements1/BIDS_datasets_selection/BGSP/sub-1295/ses-01/anat/sub-1295_ses-01_T1w.nii.gz,,sub-1295,ses-01,192,192,144,1.1979166,1.1979166,1.2,4.579980850219727,,,,5308416,5249613,0.9889226842809606,0.0,552.0,69.1749140365204,12.0,91.44861989168231,10.0,0.4263236252509346,1.2663384212548607,1.0,2.0,265.0,325.0,3.1048400319054457,0.5773
BGSP,/run/media/falconnier/Elements1/BIDS_datasets_selection/BGSP/sub-1299/ses-01/anat/sub-1299_ses-01_T1w.nii.gz,,sub-1299,ses-01,192,192,144,1.1979166,1.1979166,1.2,5.306672096252441,,,,5308416,5240765,0.9872558970510223,0.0,874.0,100.92999743358078,92.0,91.47319693762341,82.0,-0.5583115736166562,0.5804656014346673,2.0,3.0,265.0,324.0,2.2185300436763455,0.7206
BGSP,/run/media/falconnier/Elements1/BIDS_datasets_selection/BGSP/sub-1300/ses-01/anat/sub-1300_ses-01_T1w.nii.gz,,sub-1300,ses-01,192,192,144,1.1979166,1.1979166,1.2,4.812664031982422,,,,5308416,5252205,0.9894109655309606,0.0,909.0,86.53073309210131,14.0,110.25178699923863,11.0,0.15138302558123495,1.160326179072483,2.0,3.0,318.0,386.0,1.9680771647320345,0.5918
BGSP,/run/media/falconnier/Elements1/BIDS_datasets_selection/BGSP/sub-1302/ses-01/anat/sub-1302_ses-01_T1w.nii.gz,,sub-1302,ses-01,192,192,144,1.1979166,1.1979166,1.2,4.545666694641113,,,,5308416,5249758,0.9889499993971836,0.0,687.0,72.93674679861434,11.0,98.38522777417506,8.0,0.41546262174123605,1.2720432213480304,1.0,2.0,283.0,348.0,2.4737143197066844,0.5686
BGSP,/run/media/falconnier/Elements1/BIDS_datasets_selection/BGSP/sub-1301/ses-01/anat/sub-1301_ses-01_T1w.nii.gz,,sub-1301,ses-01,192,192,144,1.1979166,1.1979166,1.2,4.552188873291016,,,,5308416,5248498,0.9887126404562114,0.0,550.0,66.7117501045061,14.0,82.05859924477755,12.0,0.2420134825935416,1.1344000874390576,1.0,2.0,233.0,290.0,3.119935317736915,0.6057
BGSP,/run/media/falconnier/Elements1/BIDS_datasets_selection/BGSP/sub-1303/ses-01/anat/sub-1303_ses-01_T1w.nii.gz,,sub-1303,ses-01,192,192,144,1.1979166,1.1979166,1.2,4.601109504699707,,,,5308416,5248710,0.9887525770399306,0.0,556.0,69.45300959664375,13.0,86.43515065101005,11.0,0.15927968495067546,1.1303909703047612,1.0,2.0,245.0,309.0,3.0946593301532594,0.6008
BGSP,/run/media/falconnier/Elements1/BIDS_datasets_selection/BGSP/sub-1307/ses-01/anat/sub-1307_ses-01_T1w.nii.gz,,sub-1307,ses-01,192,192,144,1.1979166,1.1979166,1.2,5.175385475158691,,,,5308416,5253680,0.9896888261959876,0.0,690.0,99.51580929938633,37.0,109.9706893327505,33.0,-0.11698600490009303,0.9775193477249763,2.0,4.0,322.0,393.0,2.7869796031685885,0.6492
BGSP,/run/media/falconnier/Elements1/BIDS_datasets_selection/BGSP/sub-1304/ses-01/anat/sub-1304_ses-01_T1w.nii.gz,,sub-1304,ses-01,192,192,144,1.1979166,1.1979166,1.2,4.815953254699707,,,,5308416,5252495,0.9894655957634066,0.0,739.0,78.54053892483476,21.0,92.93716748490084,18.0,0.022254058952500877,1.0555502248196953,2.0,3.0,266.0,328.0,2.4369582254936515,0.6217
BGSP,/run/media/falconnier/Elements1/BIDS_datasets_selection/BGSP/sub-1305/ses-01/anat/sub-1305_ses-01_T1w.nii.gz,,sub-1305,ses-01,192,192,144,1.1979166,1.1979166,1.2,4.9134016036987305,,,,5308416,5253322,0.9896213861159336,0.0,706.0,91.60754490206388,17.0,112.0832906141023,14.0,-0.019775306619433053,1.0768973695637043,2.0,3.0,321.0,395.0,2.565360583934454,0.6078
BGSP,/run/media/falconnier/Elements1/BIDS_datasets_selection/BGSP/sub-1310/ses-01/anat/sub-1310_ses-01_T1w.nii.gz,,sub-1310,ses-01,192,192,144,1.1979166,1.1979166,1.2,4.722456932067871,,,,5308416,5252329,0.989434324664834,0.0,678.0,79.12066380457127,14.0,100.8571976583895,11.0,0.11394476049101288,1.1601191735222902,2.0,3.0,288.0,355.0,2.6000144300311607,0.5918
BGSP,/run/media/falconnier/Elements1/BIDS_datasets_selection/BGSP/sub-1308/ses-01/anat/sub-1308_ses-01_T1w.nii.gz,,sub-1308,ses-01,192,192,144,1.1979166,1.1979166,1.2,4.526477813720703,,,,5308416,5249434,0.9888889642409336,0.0,736.0,70.63668616464174,11.0,93.11585777831075,9.0,0.4891360522468422,1.2602243580227224,1.0,2.0,269.0,329.0,2.3292856317726733,0.578
BGSP,/run/media/falconnier/Elements1/BIDS_datasets_selection/BGSP/sub-1306/ses-01/anat/sub-1306_ses-01_T1w.nii.gz,,sub-1306,ses-01,192,192,144,1.1979166,1.1979166,1.2,4.655394554138184,,,,5308416,5250433,0.9890771559727045,0.0,697.0,75.18198651425512,13.0,96.60667214537231,10.0,0.22632413603661794,1.181494487073138,1.0,2.0,277.0,342.0,2.4865850268557654,0.5881
BGSP,/run/media/falconnier/Elements1/BIDS_datasets_selection/BGSP/sub-1309/ses-01/anat/sub-1309_ses-01_T1w.nii.gz,,sub-1309,ses-01,192,192,144,1.1979166,1.1979166,1.2,5.006435394287109,,,,5308416,5253757,0.9897033314646027,0.0,839.0,89.47351733245371,21.0,104.69996377040005,17.0,-0.03824671147967251,1.052834560496066,3.0,4.0,300.0,373.0,2.2134946225374845,0.6271
BGSP,/run/media/falconnier/Elements1/BIDS_datasets_selection/BGSP/sub-1312/ses-01/anat/sub-1312_ses-01_T1w.nii.gz,,sub-1312,ses-01,192,192,144,1.1979166,1.1979166,1.2,5.037245750427246,,,,5308416,5253362,0.9896289213204089,0.0,835.0,83.5147996654333,41.0,89.13350647507899,38.0,0.057223328373717575,0.9455562802983016,2.0,3.0,255.0,316.0,2.2494078619572613,0.6624
BGSP,/run/media/falconnier/Elements1/BIDS_datasets_selection/BGSP/sub-1313/ses-01/anat/sub-1313_ses-01_T1w.nii.gz,,sub-1313,ses-01,192,192,144,1.1979166,1.1979166,1.2,4.72849178314209,,,,5308416,5252367,0.9894414831090856,0.0,1116.0,80.25620696345095,15.0,100.19880469336398,12.0,0.3180110206123108,1.1495164203123063,2.0,3.0,284.0,355.0,1.594669618464509,0.6
BGSP,/run/media/falconnier/Elements1/BIDS_datasets_selection/BGSP/sub-1311/ses-01/anat/sub-1311_ses-01_T1w.nii.gz,,sub-1311,ses-01,192,192,144,1.1979166,1.1979166,1.2,4.723031044006348,,,,5308416,5250866,0.9891587245611497,0.0,614.0,70.08266407864912,22.0,80.12877140734938,20.0,-0.11517167994030553,0.997414169508977,1.0,2.0,232.0,281.0,2.8878820890698207,0.635
BGSP,/run/media/falconnier/Elements1/BIDS_datasets_selection/BGSP/sub-1314/ses-01/anat/sub-1314_ses-01_T1w.nii.gz,,sub-1314,ses-01,192,192,144,1.1979166,1.1979166,1.2,5.169680595397949,,,,5308416,5253008,0.9895622347608025,0.0,1027.0,97.34135108874763,50.0,102.73282679257443,47.0,-0.3954309176771682,0.8115030300179168,2.0,3.0,296.0,354.0,1.8353628358798575,0.6651
BGSP,/run/media/falconnier/Elements1/BIDS_datasets_selection/BGSP/sub-1315/ses-01/anat/sub-1315_ses-01_T1w.nii.gz,,sub-1315,ses-01,192,192,144,1.1979166,1.1979166,1.2,4.827757835388184,,,,5308416,5252432,0.989453727816358,0.0,490.0,77.23607616433682,29.0,86.18116585920261,27.0,-0.22095951291488491,0.9432915539558024,1.0,2.0,249.0,303.0,3.686949757736032,0.6442
BGSP,/run/media/falconnier/Elements1/BIDS_datasets_selection/BGSP/sub-1315/ses-02/anat/sub-1315_ses-02_T1w.nii.gz,,sub-1315,ses-02,192,192,144,1.1979166,1.1979166,1.2,4.794208526611328,,,,5308416,5251392,0.9892578125,0.0,450.0,73.10975261416402,34.0,79.1696571816359,31.0,-0.20814835896767825,0.9314920044020653,1.0,2.0,231.0,280.0,4.012009081180875,0.6564
BGSP,/run/media/falconnier/Elements1/BIDS_datasets_selection/BGSP/sub-1316/ses-01/anat/sub-1316_ses-01_T1w.nii.gz,,sub-1316,ses-01,192,192,144,1.1979166,1.1979166,1.2,4.605504035949707,,,,5308416,5250312,0.9890543619791666,0.0,625.0,72.45666886082199,13.0,91.57329020836707,11.0,0.22110626414832524,1.160919763983642,1.0,2.0,260.0,324.0,2.7770772011646567,0.595
BGSP,/run/media/falconnier/Elements1/BIDS_datasets_selection/BGSP/sub-1317/ses-01/anat/sub-1317_ses-01_T1w.nii.gz,,sub-1317,ses-01,192,192,144,1.1979166,1.1979166,1.2,4.864339828491211,,,,5308416,5252688,0.989501953125,0.0,981.0,95.45330086233943,14.0,125.98673651186952,11.0,0.3211449983940735,1.2312787823511298,2.0,3.0,364.0,444.0,1.84894497397843,0.5775
BGSP,/run/media/falconnier/Elements1/BIDS_datasets_selection/BGSP/sub-1318/ses-01/anat/sub-1318_ses-01_T1w.nii.gz,,sub-1318,ses-01,192,192,144,1.1979166,1.1979166,1.2,4.675870895385742,,,,5308416,5252322,0.9894330060040509,0.0,700.0,76.92780336011387,13.0,99.36771826703301,10.0,0.29027524164995766,1.2087051456703455,2.0,3.0,286.0,353.0,2.4949818283186898,0.5866
BGSP,/run/media/falconnier/Elements1/BIDS_datasets_selection/BGSP/sub-1322/ses-01/anat/sub-1322_ses-01_T1w.nii.gz,,sub-1322,ses-01,192,192,144,1.1979166,1.1979166,1.2,4.737087249755859,,,,5308416,5250036,0.9890023690682871,0.0,642.0,74.67548717761173,20.0,88.91925036144325,18.0,0.18318122624262534,1.0876369536995856,1.0,2.0,251.0,321.0,2.7527105573276094,0.6187
BGSP,/run/media/falconnier/Elements1/BIDS_datasets_selection/BGSP/sub-1319/ses-01/anat/sub-1319_ses-01_T1w.nii.gz,,sub-1319,ses-01,192,192,144,1.1979166,1.1979166,1.2,4.897814750671387,,,,5308416,5253251,0.98960801112799,0.0,620.0,82.5446345510618,29.0,91.93576062462343,26.0,-0.39790574313775817,0.8974188219652057,2.0,3.0,259.0,319.0,2.9545827452255473,0.6449
BGSP,/run/media/falconnier/Elements1/BIDS_datasets_selection/BGSP/sub-1321/ses-01/anat/sub-1321_ses-01_T1w.nii.gz,,sub-1321,ses-01,192,192,144,1.1979166,1.1979166,1.2,4.4508161544799805,,,,5308416,5249611,0.9889223075207368,0.0,561.0,61.07432398324371,11.0,80.71421622125594,9.0,0.5320988687779926,1.2905881883911883,1.0,2.0,231.0,291.0,2.9932683996769787,0.578
BGSP,/run/media/falconnier/Elements1/BIDS_datasets_selection/BGSP/sub-1320/ses-01/anat/sub-1320_ses-01_T1w.nii.gz,,sub-1320,ses-01,192,192,144,1.1979166,1.1979166,1.2,4.991238594055176,,,,5308416,5253953,0.9897402539665316,0.0,800.0,83.19519911959624,24.0,95.46822140582097,20.0,0.11141229348530546,1.0699053167261048,2.0,4.0,279.0,344.0,2.323185898998229,0.6352
BGSP,/run/media/falconnier/Elements1/BIDS_datasets_selection/BGSP/sub-1323/ses-01/anat/sub-1323_ses-01_T1w.nii.gz,,sub-1323,ses-01,192,192,144,1.1979166,1.1979166,1.2,5.148735046386719,,,,5308416,5253445,0.9896445568696952,0.0,721.0,89.9596449567855,54.0,91.41009864756325,50.0,-0.39411762361894587,0.7983576673198663,2.0,3.0,261.0,323.0,2.6412410763408025,0.6805
BGSP,/run/media/falconnier/Elements1/BIDS_datasets_selection/BGSP/sub-1324/ses-01/anat/sub-1324_ses-01_T1w.nii.gz,,sub-1324,ses-01,192,192,144,1.1979166,1.1979166,1.2,4.827493667602539,,,,5308416,5253010,0.9895626115210262,0.0,850.0,78.93756189308606,20.0,94.33924789168378,17.0,0.22673405207527875,1.1018001015949028,2.0,3.0,267.0,335.0,2.131595468905575,0.618
BGSP,/run/media/falconnier/Elements1/BIDS_datasets_selection/BGSP/sub-1324/ses-02/anat/sub-1324_ses-02_T1w.nii.gz,,sub-1324,ses-02,192,192,144,1.1979166,1.1979166,1.2,4.7479047775268555,,,,5308416,5252703,0.9895047788266782,0.0,618.0,73.26206697770652,19.0,86.78206857974865,16.0,0.07981907621611972,1.0814622663885294,2.0,3.0,247.0,313.0,2.885370658499456,0.6216
BGSP,/run/media/falconnier/Elements1/BIDS_datasets_selection/BGSP/sub-1326/ses-02/anat/sub-1326_ses-02_T1w.nii.gz,,sub-1326,ses-02,192,192,144,1.1979166,1.1979166,1.2,4.936594009399414,,,,5308416,5252048,0.9893813898533951,0.0,786.0,92.53183253466077,23.0,108.52840330926634,20.0,-0.2003407091465479,0.9905023836283771,2.0,3.0,306.0,380.0,2.3530626556511836,0.6243
BGSP,/run/media/falconnier/Elements1/BIDS_datasets_selection/BGSP/sub-1325/ses-01/anat/sub-1325_ses-01_T1w.nii.gz,,sub-1325,ses-01,192,192,144,1.1979166,1.1979166,1.2,4.675246238708496,,,,5308416,5252244,0.9894183123553241,0.0,775.0,71.97479991409386,19.0,85.47400502405286,16.0,0.14149383778670543,1.0747573315041645,2.0,3.0,242.0,301.0,2.278688287542943,0.6204
BGSP,/run/media/falconnier/Elements1/BIDS_datasets_selection/BGSP/sub-1327/ses-01/anat/sub-1327_ses-01_T1w.nii.gz,,sub-1327,ses-01,192,192,144,1.1979166,1.1979166,1.2,5.159204483032227,,,,5308416,5254322,0.9898097662278164,0.0,775.0,89.75635924102102,54.0,90.98795768781154,50.0,-0.39020576386778094,0.8081054878574065,2.0,3.0,263.0,319.0,2.464577507302188,0.6818
BGSP,/run/media/falconnier/Elements1/BIDS_datasets_selection/BGSP/sub-1326/ses-01/anat/sub-1326_ses-01_T1w.nii.gz,,sub-1326,ses-01,192,192,144,1.1979166,1.1979166,1.2,4.880127906799316,,,,5308416,5252582,0.9894819848331404,0.0,893.0,86.8181648568266,20.0,102.53321861090429,17.0,-0.012869688500981802,1.023692885531919,2.0,3.0,287.0,357.0,2.0482769446780975,0.6218
BGSP,/run/media/falconnier/Elements1/BIDS_datasets_selection/BGSP/sub-1327/ses-02/anat/sub-1327_ses-02_T1w.nii.gz,,sub-1327,ses-02,192,192,144,1.1979166,1.1979166,1.2,5.315479278564453,,,,5308416,5254142,0.9897758578076775,0.0,820.0,108.8348816990481,69.0,110.11553748946675,65.0,-0.49573220952820574,0.7499656043615948,2.0,3.0,312.0,383.0,2.3935943424736443,0.6815
BGSP,/run/media/falconnier/Elements1/BIDS_datasets_selection/BGSP/sub-1328/ses-01/anat/sub-1328_ses-01_T1w.nii.gz,,sub-1328,ses-01,192,192,144,1.1979166,1.1979166,1.2,4.609495162963867,,,,5308416,5251679,0.9893118775921104,0.0,741.0,73.14116437809699,12.0,96.72609349162745,9.0,0.4021581235476148,1.2478657979710526,2.0,3.0,277.0,346.0,2.31890615711653,0.5771
BGSP,/run/media/falconnier/Elements1/BIDS_datasets_selection/BGSP/sub-1328/ses-02/anat/sub-1328_ses-02_T1w.nii.gz,,sub-1328,ses-02,192,192,144,1.1979166,1.1979166,1.2,4.5955915451049805,,,,5308416,5251683,0.9893126311125578,0.0,644.0,71.08758677932389,12.0,93.27049997067473,9.0,0.35072457745023833,1.2322407094375605,2.0,3.0,267.0,334.0,2.6393140088746385,0.5803
BGSP,/run/media/falconnier/Elements1/BIDS_datasets_selection/BGSP/sub-1329/ses-01/anat/sub-1329_ses-01_T1w.nii.gz,,sub-1329,ses-01,192,192,144,1.1979166,1.1979166,1.2,4.633113861083984,,,,5308416,5251926,0.9893584074797453,0.0,781.0,78.26841105529667,12.0,105.28648124171262,9.0,0.4400042159057991,1.277360040300186,2.0,3.0,305.0,373.0,2.2158125381487617,0.5702
BGSP,/run/media/falconnier/Elements1/BIDS_datasets_selection/BGSP/sub-1330/ses-01/anat/sub-1330_ses-01_T1w.nii.gz,,sub-1330,ses-01,192,192,144,1.1979166,1.1979166,1.2,4.875927925109863,,,,5308416,5252623,0.9894897084177277,0.0,767.0,80.08818013400162,22.0,92.67014460494875,19.0,0.02667602174841477,1.0295399821342657,2.0,3.0,264.0,329.0,2.3768507489448396,0.6305
BGSP,/run/media/falconnier/Elements1/BIDS_datasets_selection/BGSP/sub-1332/ses-01/anat/sub-1332_ses-01_T1w.nii.gz,,sub-1332,ses-01,192,192,144,1.1979166,1.1979166,1.2,4.841886520385742,,,,5308416,5252541,0.9894742612485532,0.0,813.0,81.43812356724108,23.0,95.14503646466446,20.0,-0.05128649173154054,1.0355597174071713,2.0,3.0,272.0,337.0,2.2467470342457827,0.6268
BGSP,/run/media/falconnier/Elements1/BIDS_datasets_selection/BGSP/sub-1333/ses-01/anat/sub-1333_ses-01_T1w.nii.gz,,sub-1333,ses-01,192,192,144,1.1979166,1.1979166,1.2,4.904758453369141,,,,5308416,5252149,0.9894004162446952,0.0,958.0,85.6373720547532,20.0,104.60299169506675,17.0,0.17404291975532749,1.129495835714734,2.0,3.0,301.0,372.0,1.9120379018778457,0.6091
BGSP,/run/media/falconnier/Elements1/BIDS_datasets_selection/BGSP/sub-1331/ses-01/anat/sub-1331_ses-01_T1w.nii.gz,,sub-1331,ses-01,192,192,144,1.1979166,1.1979166,1.2,5.052583694458008,,,,5308416,5252980,0.9895569601176698,0.0,642.0,87.07987904008772,41.0,93.26774297821248,38.0,-0.4255911318497896,0.8550486376655672,2.0,3.0,266.0,327.0,2.901571342340979,0.6601
BGSP,/run/media/falconnier/Elements1/BIDS_datasets_selection/BGSP/sub-1334/ses-01/anat/sub-1334_ses-01_T1w.nii.gz,,sub-1334,ses-01,192,192,144,1.1979166,1.1979166,1.2,4.874510765075684,,,,5308416,5250794,0.9891451611930941,0.0,1000.0,78.17180468325361,26.0,91.69540756031857,23.0,0.17529584074985038,1.089964908955032,1.0,2.0,266.0,322.0,1.831117546376142,0.6254
BGSP,/run/media/falconnier/Elements1/BIDS_datasets_selection/BGSP/sub-1336/ses-01/anat/sub-1336_ses-01_T1w.nii.gz,,sub-1336,ses-01,192,192,144,1.1979166,1.1979166,1.2,4.634795188903809,,,,5308416,5252381,0.989444120430652,0.0,814.0,73.78999257669997,12.0,101.11359379440051,9.0,0.6755126616164331,1.3566126691005231,2.0,3.0,292.0,366.0,2.130056659965366,0.5638
BGSP,/run/media/falconnier/Elements1/BIDS_datasets_selection/BGSP/sub-1338/ses-01/anat/sub-1338_ses-01_T1w.nii.gz,,sub-1338,ses-01,192,192,144,1.1979166,1.1979166,1.2,5.003037452697754,,,,5308416,5254274,0.989800723982446,0.0,788.0,95.98579898954641,23.0,116.38906716359233,20.0,0.23135950678297013,1.1414456788009089,2.0,3.0,338.34999999962747,422.0,2.3811953249503666,0.6125
BGSP,/run/media/falconnier/Elements1/BIDS_datasets_selection/BGSP/sub-1335/ses-01/anat/sub-1335_ses-01_T1w.nii.gz,,sub-1335,ses-01,192,192,144,1.1979166,1.1979166,1.2,4.829039573669434,,,,5308416,5252339,0.9894362084659529,0.0,662.0,81.92740948366051,21.0,95.4826550041018,18.0,-0.1428257396638073,0.9911887060682738,2.0,3.0,268.0,332.0,2.7224599520770507,0.627
BGSP,/run/media/falconnier/Elements1/BIDS_datasets_selection/BGSP/sub-1337/ses-01/anat/sub-1337_ses-01_T1w.nii.gz,,sub-1337,ses-01,192,192,144,1.1979166,1.1979166,1.2,4.911975860595703,,,,5308416,5253084,0.9895765516493056,0.0,920.0,86.71878519361198,26.0,100.43626356432345,23.0,0.14271145353947245,1.0445187543912058,2.0,3.0,287.0,353.0,2.0091564226997147,0.6302
BGSP,/run/media/falconnier/Elements1/BIDS_datasets_selection/BGSP/sub-1339/ses-01/anat/sub-1339_ses-01_T1w.nii.gz,,sub-1339,ses-01,192,192,144,1.1979166,1.1979166,1.2,4.630169868469238,,,,5308416,5252175,0.9894053141276041,0.0,596.0,73.43515648279046,13.0,96.2170426073747,10.0,0.39888599930020696,1.25615812474546,2.0,3.0,278.0,345.0,2.9295582692379583,0.5814
BGSP,/run/media/falconnier/Elements1/BIDS_datasets_selection/BGSP/sub-1340/ses-01/anat/sub-1340_ses-01_T1w.nii.gz,,sub-1340,ses-01,192,192,144,1.1979166,1.1979166,1.2,4.646998405456543,,,,5308416,5252369,0.9894418598693094,0.0,970.0,72.73951772999955,14.0,93.41909356430851,11.0,0.45433986335356824,1.233195546076927,2.0,3.0,269.0,334.0,1.8056317802119213,0.5894
BGSP,/run/media/falconnier/Elements1/BIDS_datasets_selection/BGSP/sub-1343/ses-01/anat/sub-1343_ses-01_T1w.nii.gz,,sub-1343,ses-01,192,192,144,1.1979166,1.1979166,1.2,4.533682823181152,,,,5308416,5251310,0.9892423653308257,0.0,1172.0,71.94822625211614,10.0,101.32512413765112,7.0,0.9063448933719047,1.4121441123762295,2.0,3.0,292.0,369.0,1.4513639837185193,0.5523
BGSP,/run/media/falconnier/Elements1/BIDS_datasets_selection/BGSP/sub-1341/ses-01/anat/sub-1341_ses-01_T1w.nii.gz,,sub-1341,ses-01,192,192,144,1.1979166,1.1979166,1.2,4.831496238708496,,,,5308416,5252842,0.9895309636622299,0.0,733.0,78.7299315303982,23.0,92.51967594281304,20.0,0.01330713945274864,1.05788615898044,2.0,3.0,265.0,328.0,2.472344015908868,0.6247
BGSP,/run/media/falconnier/Elements1/BIDS_datasets_selection/BGSP/sub-1342/ses-01/anat/sub-1342_ses-01_T1w.nii.gz,,sub-1342,ses-01,192,192,144,1.1979166,1.1979166,1.2,4.690616607666016,,,,5308416,5250393,0.9890696207682291,0.0,599.0,73.19023623564941,15.0,91.42251072646485,12.0,0.20324806966398912,1.1592571686637094,1.0,2.0,262.0,326.0,2.927349559693493,0.6
BGSP,/run/media/falconnier/Elements1/BIDS_datasets_selection/BGSP/sub-1344/ses-01/anat/sub-1344_ses-01_T1w.nii.gz,,sub-1344,ses-01,192,192,144,1.1979166,1.1979166,1.2,5.367679595947266,,,,5308416,5253917,0.9897334722825039,0.0,750.0,104.13005325360108,92.0,97.05655726505468,83.0,-0.5961985114211696,0.6232612531040412,2.0,4.0,283.0,339.0,2.6049341850256846,0.7117
BGSP,/run/media/falconnier/Elements1/BIDS_datasets_selection/BGSP/sub-1345/ses-01/anat/sub-1345_ses-01_T1w.nii.gz,,sub-1345,ses-01,192,192,144,1.1979166,1.1979166,1.2,4.737917900085449,,,,5308416,5251925,0.9893582190996335,0.0,650.0,79.50897280520952,15.0,99.82721364789262,12.0,0.036203595616481454,1.122306540600214,2.0,3.0,284.0,352.0,2.7110529198593127,0.5976
BGSP,/run/media/falconnier/Elements1/BIDS_datasets_selection/BGSP/sub-1346/ses-01/anat/sub-1346_ses-01_T1w.nii.gz,,sub-1346,ses-01,192,192,144,1.1979166,1.1979166,1.2,4.778800964355469,,,,5308416,5252303,0.9894294267819251,0.0,789.0,81.82416551368038,15.0,108.5819257859911,12.0,0.5040662235753861,1.2910370068827233,2.0,3.0,315.0,390.0,2.2600289756337113,0.5764
BGSP,/run/media/falconnier/Elements1/BIDS_datasets_selection/BGSP/sub-1347/ses-01/anat/sub-1347_ses-01_T1w.nii.gz,,sub-1347,ses-01,192,192,144,1.1979166,1.1979166,1.2,4.709576606750488,,,,5308416,5251878,0.989349365234375,0.0,761.0,70.77482340602732,18.0,86.04498166331724,15.0,0.20434233305842753,1.129196681393425,1.0,2.0,244.0,309.0,2.33111570548279,0.6112
BGSP,/run/media/falconnier/Elements1/BIDS_datasets_selection/BGSP/sub-1348/ses-01/anat/sub-1348_ses-01_T1w.nii.gz,,sub-1348,ses-01,192,192,144,1.1979166,1.1979166,1.2,4.960234642028809,,,,5308416,5252745,0.9895126907913773,0.0,784.0,86.0073664341216,33.0,94.92957137382724,30.0,-0.16653136407077174,0.93076315807963,2.0,3.0,273.0,334.0,2.361635982371149,0.6486
BGSP,/run/media/falconnier/Elements1/BIDS_datasets_selection/BGSP/sub-1349/ses-01/anat/sub-1349_ses-01_T1w.nii.gz,,sub-1349,ses-01,192,192,144,1.1979166,1.1979166,1.2,4.578574180603027,,,,5308416,5249066,0.9888196403597608,0.0,633.0,66.99502692479005,15.0,82.47557543230302,13.0,0.06798988137921658,1.112649817984654,1.0,2.0,237.0,288.0,2.7279185304366447,0.6054
BGSP,/run/media/falconnier/Elements1/BIDS_datasets_selection/BGSP/sub-1350/ses-01/anat/sub-1350_ses-01_T1w.nii.gz,,sub-1350,ses-01,192,192,144,1.1979166,1.1979166,1.2,5.091915130615234,,,,5308416,5253601,0.9896739441671489,0.0,1075.0,98.98156121867649,33.0,111.16072602094512,30.0,-0.08643222403666595,0.959636713604701,2.0,3.0,318.0,391.0,1.7666216860673143,0.6418
BGSP,/run/media/falconnier/Elements1/BIDS_datasets_selection/BGSP/sub-1351/ses-01/anat/sub-1351_ses-01_T1w.nii.gz,,sub-1351,ses-01,192,192,144,1.1979166,1.1979166,1.2,4.766977310180664,,,,5308416,5252607,0.9894866943359375,0.0,761.0,77.64808979617169,16.0,94.77995387533579,13.0,0.06493685547585981,1.101292382349602,2.0,3.0,272.0,335.0,2.3443703109003957,0.6092
BGSP,/run/media/falconnier/Elements1/BIDS_datasets_selection/BGSP/sub-1353/ses-01/anat/sub-1353_ses-01_T1w.nii.gz,,sub-1353,ses-01,192,192,144,1.1979166,1.1979166,1.2,5.048439025878906,,,,5308416,5252997,0.9895601625795718,0.0,809.0,92.5924425618366,33.0,103.14999501922087,30.0,-0.176592359944566,0.9455686780577226,2.0,3.0,293.0,369.0,2.3307697451489933,0.6452
BGSP,/run/media/falconnier/Elements1/BIDS_datasets_selection/BGSP/sub-1352/ses-01/anat/sub-1352_ses-01_T1w.nii.gz,,sub-1352,ses-01,192,192,144,1.1979166,1.1979166,1.2,4.731856346130371,,,,5308416,5251467,0.9892719410083912,0.0,759.0,74.97032676773938,15.0,95.03944897145132,12.0,0.23178434737075682,1.186312015629868,2.0,3.0,274.0,338.0,2.331348409555643,0.5944
BGSP,/run/media/falconnier/Elements1/BIDS_datasets_selection/BGSP/sub-1353/ses-02/anat/sub-1353_ses-02_T1w.nii.gz,,sub-1353,ses-02,192,192,144,1.1979166,1.1979166,1.2,5.0631103515625,,,,5308416,5253146,0.9895882312162423,0.0,809.0,94.46225880643713,35.0,105.09648753243397,32.0,-0.19205318552445627,0.9348527597419802,2.0,3.0,297.0,374.0,2.3350134165022927,0.6455
BGSP,/run/media/falconnier/Elements1/BIDS_datasets_selection/BGSP/sub-1356/ses-01/anat/sub-1356_ses-01_T1w.nii.gz,,sub-1356,ses-01,192,192,144,1.1979166,1.1979166,1.2,4.835239410400391,,,,5308416,5252010,0.9893742314091435,0.0,740.0,78.62235182339714,20.0,96.47357314330428,17.0,0.16435640851549715,1.1433103563397595,2.0,3.0,279.0,345.0,2.4332996273738194,0.6076
BGSP,/run/media/falconnier/Elements1/BIDS_datasets_selection/BGSP/sub-1358/ses-01/anat/sub-1358_ses-01_T1w.nii.gz,,sub-1358,ses-01,192,192,144,1.1979166,1.1979166,1.2,4.83856201171875,,,,5308416,5251743,0.9893239339192709,0.0,736.0,84.21125595825995,20.0,98.51188845384085,17.0,-0.10961671535256823,1.0078524502761175,2.0,3.0,283.0,347.0,2.462390462577146,0.6255
BGSP,/run/media/falconnier/Elements1/BIDS_datasets_selection/BGSP/sub-1359/ses-01/anat/sub-1359_ses-01_T1w.nii.gz,,sub-1359,ses-01,192,192,144,1.1979166,1.1979166,1.2,4.778078079223633,,,,5308416,5252065,0.9893845923152971,0.0,1274.0,78.35122375675091,20.0,94.0600805151236,17.0,0.7408305695010418,1.182120783895832,2.0,3.0,271.0,341.0,1.4275200087050508,0.6165
BGSP,/run/media/falconnier/Elements1/BIDS_datasets_selection/BGSP/sub-1357/ses-01/anat/sub-1357_ses-01_T1w.nii.gz,,sub-1357,ses-01,192,192,144,1.1979166,1.1979166,1.2,4.961948394775391,,,,5308416,5216992,0.9827775366512346,0.0,820.0,85.83851441596997,47.0,89.51424598784034,44.0,-0.4133697714277087,0.7974803967436681,2.0,3.0,254.0,310.0,2.2365805030236285,0.6674
BGSP,/run/media/falconnier/Elements1/BIDS_datasets_selection/BGSP/sub-1355/ses-01/anat/sub-1355_ses-01_T1w.nii.gz,,sub-1355,ses-01,192,192,144,1.1979166,1.1979166,1.2,4.7424821853637695,,,,5308416,5253288,0.9896149811921297,0.0,770.0,73.2118720694544,23.0,83.66685192030113,20.0,0.05263530700155705,1.006464709631477,1.0,2.0,237.0,295.0,2.3081955054464296,0.6353
BGSP,/run/media/falconnier/Elements1/BIDS_datasets_selection/BGSP/sub-1360/ses-01/anat/sub-1360_ses-01_T1w.nii.gz,,sub-1360,ses-01,192,192,144,1.1979166,1.1979166,1.2,4.819684028625488,,,,5308416,5253372,0.9896308051215278,0.0,743.0,75.18253990008704,17.0,89.5843020248398,13.0,0.10875878234197955,1.1095651372048239,2.0,4.0,256.0,323.0,2.4022302987905766,0.6204
BGSP,/run/media/falconnier/Elements1/BIDS_datasets_selection/BGSP/sub-1354/ses-01/anat/sub-1354_ses-01_T1w.nii.gz,,sub-1354,ses-01,192,192,144,1.1979166,1.1979166,1.2,4.761467933654785,,,,5308416,5251145,0.989211282612365,0.0,544.0,74.52658439254677,19.0,90.62940434148221,16.0,0.12553122675408313,1.1202002825789472,1.0,2.0,262.0,323.0,3.269631162964704,0.6109
BGSP,/run/media/falconnier/Elements1/BIDS_datasets_selection/BGSP/sub-1361/ses-01/anat/sub-1361_ses-01_T1w.nii.gz,,sub-1361,ses-01,192,192,144,1.1979166,1.1979166,1.2,4.748673439025879,,,,5308416,5252271,0.9894233986183449,0.0,823.0,75.516329602947,20.0,90.27080598012948,17.0,0.20559694605882983,1.100671283164286,2.0,3.0,258.0,320.0,2.1759689275459118,0.6178
BGSP,/run/media/falconnier/Elements1/BIDS_datasets_selection/BGSP/sub-1363/ses-01/anat/sub-1363_ses-01_T1w.nii.gz,,sub-1363,ses-01,192,192,144,1.1979166,1.1979166,1.2,4.559325218200684,,,,5308416,5251644,0.9893052842881944,0.0,732.0,69.97172485415996,11.0,96.3673681457248,8.0,0.6286651827612846,1.3514246141277377,2.0,3.0,281.0,344.0,2.3244934702317863,0.5614
BGSP,/run/media/falconnier/Elements1/BIDS_datasets_selection/BGSP/sub-1362/ses-01/anat/sub-1362_ses-01_T1w.nii.gz,,sub-1362,ses-01,192,192,144,1.1979166,1.1979166,1.2,4.706419944763184,,,,5308416,5252213,0.9894124725718557,0.0,754.0,81.04659255060676,12.0,107.33997486703115,9.0,0.38203661133614375,1.2486966224749614,2.0,3.0,311.0,382.0,2.325341125013639,0.5764
BGSP,/run/media/falconnier/Elements1/BIDS_datasets_selection/BGSP/sub-1364/ses-01/anat/sub-1364_ses-01_T1w.nii.gz,,sub-1364,ses-01,192,192,144,1.1979166,1.1979166,1.2,4.804163932800293,,,,5308416,5252417,0.9894509021146798,0.0,702.0,83.45199838474363,14.0,107.22452009791785,11.0,0.2095378886092294,1.1897516718972339,2.0,3.0,311.0,377.0,2.5334118418255462,0.5888
BGSP,/run/media/falconnier/Elements1/BIDS_datasets_selection/BGSP/sub-1366/ses-01/anat/sub-1366_ses-01_T1w.nii.gz,,sub-1366,ses-01,192,192,144,1.1979166,1.1979166,1.2,5.128632545471191,,,,5308416,5253286,0.9896146044319059,0.0,759.0,99.70454873387818,39.0,107.37644510845386,36.0,-0.48425751927252714,0.8166582076450953,2.0,3.0,303.0,373.0,2.4876631207315523,0.6573
BGSP,/run/media/falconnier/Elements1/BIDS_datasets_selection/BGSP/sub-1365/ses-01/anat/sub-1365_ses-01_T1w.nii.gz,,sub-1365,ses-01,192,192,144,1.1979166,1.1979166,1.2,4.6742963790893555,,,,5308416,5251881,0.9893499303747106,0.0,823.0,75.66739878531139,13.0,99.3834492818039,10.0,0.47867090962283587,1.2687171837360867,2.0,3.0,289.0,356.0,2.1301806960294702,0.5803
BGSP,/run/media/falconnier/Elements1/BIDS_datasets_selection/BGSP/sub-1370/ses-01/anat/sub-1370_ses-01_T1w.nii.gz,,sub-1370,ses-01,192,192,144,1.1979166,1.1979166,1.2,5.07540225982666,,,,5308416,5253535,0.9896615110797646,0.0,825.0,88.74799311320854,46.0,92.8233556225603,43.0,-0.3104189453805595,0.8371142294538587,1.0,3.0,265.0,325.0,2.2873601291193824,0.6692
BGSP,/run/media/falconnier/Elements1/BIDS_datasets_selection/BGSP/sub-1368/ses-01/anat/sub-1368_ses-01_T1w.nii.gz,,sub-1368,ses-01,192,192,144,1.1979166,1.1979166,1.2,4.993514060974121,,,,5308416,5251760,0.9893271363811729,0.0,563.0,88.63625679772115,34.0,96.98746791990106,31.0,-0.37456822516060395,0.86633119096495,2.0,3.0,274.0,340.0,3.288219511951741,0.6511
BGSP,/run/media/falconnier/Elements1/BIDS_datasets_selection/BGSP/sub-1367/ses-01/anat/sub-1367_ses-01_T1w.nii.gz,,sub-1367,ses-01,192,192,144,1.1979166,1.1979166,1.2,4.5140180587768555,,,,5308416,5248751,0.9887603006245177,0.0,544.0,67.82395411784633,11.0,87.75092933403536,9.0,0.21076559759467184,1.1879310870215611,1.0,2.0,252.0,309.0,3.111293485065578,0.5852
BGSP,/run/media/falconnier/Elements1/BIDS_datasets_selection/BGSP/sub-1369/ses-01/anat/sub-1369_ses-01_T1w.nii.gz,,sub-1369,ses-01,192,192,144,1.1979166,1.1979166,1.2,4.658849716186523,,,,5308416,5250234,0.9890396683304398,0.0,755.0,76.43675996155599,14.0,95.30724041373584,12.0,0.1801950363715754,1.1332037888383544,1.0,2.0,271.0,339.0,2.3322836568858536,0.6
BGSP,/run/media/falconnier/Elements1/BIDS_datasets_selection/BGSP/sub-1371/ses-01/anat/sub-1371_ses-01_T1w.nii.gz,,sub-1371,ses-01,192,192,144,1.1979166,1.1979166,1.2,4.83955192565918,,,,5308416,5252578,0.9894812313126929,0.0,722.0,81.45702224698043,19.0,100.32952246028117,16.0,0.152118209218973,1.1383797112381364,2.0,3.0,287.0,358.0,2.4997525019985174,0.606
BGSP,/run/media/falconnier/Elements1/BIDS_datasets_selection/BGSP/sub-1373/ses-01/anat/sub-1373_ses-01_T1w.nii.gz,,sub-1373,ses-01,192,192,144,1.1979166,1.1979166,1.2,5.0352678298950195,,,,5308416,5254281,0.9898020426432291,0.0,673.0,85.3626713150667,25.0,96.35562197973245,20.0,-0.26038992252329285,0.9732630350225427,3.0,4.0,274.0,337.0,2.745155080798269,0.6414
BGSP,/run/media/falconnier/Elements1/BIDS_datasets_selection/BGSP/sub-1372/ses-01/anat/sub-1372_ses-01_T1w.nii.gz,,sub-1372,ses-01,192,192,144,1.1979166,1.1979166,1.2,4.770829200744629,,,,5308416,5251758,0.9893267596209491,0.0,546.0,72.53256414328307,24.0,82.99398029928068,21.0,-0.16886687536045386,0.988998867127712,1.0,2.0,237.0,291.0,3.271336125085505,0.6347
BGSP,/run/media/falconnier/Elements1/BIDS_datasets_selection/BGSP/sub-1374/ses-01/anat/sub-1374_ses-01_T1w.nii.gz,,sub-1374,ses-01,192,192,144,1.1979166,1.1979166,1.2,4.979239463806152,,,,5308416,5252620,0.989489143277392,0.0,772.0,87.47572887435223,32.0,96.8573840834098,29.0,-0.26506327915042105,0.910607297979645,2.0,3.0,275.0,337.0,2.3989334571853327,0.6471
BGSP,/run/media/falconnier/Elements1/BIDS_datasets_selection/BGSP/sub-1375/ses-01/anat/sub-1375_ses-01_T1w.nii.gz,,sub-1375,ses-01,192,192,144,1.1979166,1.1979166,1.2,4.702893257141113,,,,5308416,5251895,0.989352567696277,0.0,734.0,77.22079573182633,15.0,96.45327704866011,12.0,0.06984816050843135,1.1296708452982513,2.0,3.0,278.0,338.0,2.406729796360401,0.5998
BGSP,/run/media/falconnier/Elements1/BIDS_datasets_selection/BGSP/sub-1376/ses-01/anat/sub-1376_ses-01_T1w.nii.gz,,sub-1376,ses-01,192,192,144,1.1979166,1.1979166,1.2,4.8152570724487305,,,,5308416,5251607,0.9892983142240548,0.0,840.0,85.8049766481003,15.0,107.62471096034155,12.0,0.15764882130732927,1.1384050452603003,2.0,3.0,308.0,380.0,2.14427947901186,0.5979
BGSP,/run/media/falconnier/Elements1/BIDS_datasets_selection/BGSP/sub-1377/ses-01/anat/sub-1377_ses-01_T1w.nii.gz,,sub-1377,ses-01,192,192,144,1.1979166,1.1979166,1.2,4.613792419433594,,,,5308416,5248525,0.9887177267192323,0.0,594.0,69.97427886882505,14.0,88.49962642581156,12.0,0.22149742055545918,1.1758711540710003,1.0,2.0,256.0,315.0,2.9221443293713003,0.5948
BGSP,/run/media/falconnier/Elements1/BIDS_datasets_selection/BGSP/sub-1380/ses-01/anat/sub-1380_ses-01_T1w.nii.gz,,sub-1380,ses-01,192,192,144,1.1979166,1.1979166,1.2,4.751772880554199,,,,5308416,5252250,0.9894194426359953,0.0,640.0,77.21406920843448,16.0,98.14733687186055,13.0,0.19330351821037706,1.1794433541095923,2.0,3.0,281.0,348.0,2.7753954520422153,0.5933
BGSP,/run/media/falconnier/Elements1/BIDS_datasets_selection/BGSP/sub-1379/ses-01/anat/sub-1379_ses-01_T1w.nii.gz,,sub-1379,ses-01,192,192,144,1.1979166,1.1979166,1.2,4.551170349121094,,,,5308416,5249723,0.9889434060932677,0.0,529.0,68.51616456715907,13.0,89.33387521615563,11.0,0.42996196082658766,1.249772719662913,1.0,2.0,257.0,321.0,3.230135900793975,0.5828
BGSP,/run/media/falconnier/Elements1/BIDS_datasets_selection/BGSP/sub-1378/ses-01/anat/sub-1378_ses-01_T1w.nii.gz,,sub-1378,ses-01,192,192,144,1.1979166,1.1979166,1.2,4.6907854080200195,,,,5308416,5251822,0.9893388159481096,0.0,728.0,74.64683742137491,14.0,97.43574471317233,11.0,0.40207675575293855,1.2491325245008513,2.0,3.0,279.0,350.0,2.4036926568982637,0.5829
BGSP,/run/media/falconnier/Elements1/BIDS_datasets_selection/BGSP/sub-1381/ses-01/anat/sub-1381_ses-01_T1w.nii.gz,,sub-1381,ses-01,192,192,144,1.1979166,1.1979166,1.2,4.855442047119141,,,,5308416,5251859,0.9893457860122492,0.0,626.0,69.1071704324126,44.0,69.73909574046571,41.0,-0.09409532708857693,0.8504066241663842,1.0,2.0,203.0,246.0,2.9013899150141174,0.6834
BGSP,/run/media/falconnier/Elements1/BIDS_datasets_selection/BGSP/sub-1382/ses-01/anat/sub-1382_ses-01_T1w.nii.gz,,sub-1382,ses-01,192,192,144,1.1979166,1.1979166,1.2,4.581249237060547,,,,5308416,5252026,0.9893772454909336,0.0,860.0,74.05013246316754,11.0,99.56978801317776,8.0,0.45965340012475586,1.2827512576560205,2.0,3.0,287.0,358.0,2.0006152306364897,0.5706
BGSP,/run/media/falconnier/Elements1/BIDS_datasets_selection/BGSP/sub-1383/ses-01/anat/sub-1383_ses-01_T1w.nii.gz,,sub-1383,ses-01,192,192,144,1.1979166,1.1979166,1.2,4.7941083908081055,,,,5308416,5253026,0.9895656256028164,0.0,1108.0,86.18849668743312,15.0,114.1402200566,11.0,0.6300564826381541,1.290201127612342,2.0,3.0,322.0,414.0,1.629359820775575,0.5771
BGSP,/run/media/falconnier/Elements1/BIDS_datasets_selection/BGSP/sub-1384/ses-01/anat/sub-1384_ses-01_T1w.nii.gz,,sub-1384,ses-01,192,192,144,1.1979166,1.1979166,1.2,4.95639705657959,,,,5308416,5252577,0.989481042932581,0.0,798.0,87.07094822217742,22.0,104.18261862976613,19.0,0.08884021399119257,1.0886391553539916,2.0,3.0,302.0,367.0,2.30669495873903,0.6173
BGSP,/run/media/falconnier/Elements1/BIDS_datasets_selection/BGSP/sub-1385/ses-01/anat/sub-1385_ses-01_T1w.nii.gz,,sub-1385,ses-01,192,192,144,1.1979166,1.1979166,1.2,4.498261451721191,,,,5308416,5251482,0.9892747667100694,0.0,499.0,66.2449201958609,11.0,85.70512851707676,8.0,0.21621927289015153,1.1945063573245776,1.0,2.0,245.0,303.0,3.3874866097397685,0.5859
BGSP,/run/media/falconnier/Elements1/BIDS_datasets_selection/BGSP/sub-1387/ses-01/anat/sub-1387_ses-01_T1w.nii.gz,,sub-1387,ses-01,192,192,144,1.1979166,1.1979166,1.2,4.756345748901367,,,,5308416,5250310,0.9890539852189429,0.0,976.0,76.45768706990634,17.0,94.82032324688676,14.0,0.18015807803618955,1.148564967145013,1.0,2.0,275.0,333.0,1.828168525193592,0.6029
BGSP,/run/media/falconnier/Elements1/BIDS_datasets_selection/BGSP/sub-1386/ses-01/anat/sub-1386_ses-01_T1w.nii.gz,,sub-1386,ses-01,192,192,144,1.1979166,1.1979166,1.2,4.9535369873046875,,,,5308416,5252421,0.9894516556351273,0.0,778.0,86.18272564213721,29.0,95.94252304357875,26.0,-0.15487945272763914,0.9433226622125327,2.0,3.0,274.0,342.0,2.3741178352756798,0.6453
BGSP,/run/media/falconnier/Elements1/BIDS_datasets_selection/BGSP/sub-1388/ses-01/anat/sub-1388_ses-01_T1w.nii.gz,,sub-1388,ses-01,192,192,144,1.1979166,1.1979166,1.2,4.640175819396973,,,,5308416,5251931,0.9893593493803048,0.0,870.0,70.13761624057894,16.0,85.5081966211007,13.0,0.47963690171258433,1.1604437685905722,2.0,3.0,242.0,304.0,2.021897451459349,0.6102
BGSP,/run/media/falconnier/Elements1/BIDS_datasets_selection/BGSP/sub-1390/ses-01/anat/sub-1390_ses-01_T1w.nii.gz,,sub-1390,ses-01,192,192,144,1.1979166,1.1979166,1.2,5.115614891052246,,,,5308416,5253621,0.9896777117693866,0.0,1175.0,96.90689488259622,31.0,109.80098978109407,28.0,-0.10960019549530786,0.9650291817493317,2.0,3.0,308.0,382.0,1.609244261936415,0.6385
BGSP,/run/media/falconnier/Elements1/BIDS_datasets_selection/BGSP/sub-1391/ses-01/anat/sub-1391_ses-01_T1w.nii.gz,,sub-1391,ses-01,192,192,144,1.1979166,1.1979166,1.2,4.737252235412598,,,,5308416,5252161,0.9894026768060378,0.0,708.0,74.04603209992992,17.0,90.71803435528369,14.0,0.3001484019315881,1.1616151086733264,2.0,3.0,262.0,328.0,2.5015295092358683,0.6083
BGSP,/run/media/falconnier/Elements1/BIDS_datasets_selection/BGSP/sub-1389/ses-01/anat/sub-1389_ses-01_T1w.nii.gz,,sub-1389,ses-01,192,192,144,1.1979166,1.1979166,1.2,4.709977149963379,,,,5308416,5253134,0.9895859706548997,0.0,883.0,79.66898978781047,15.0,100.10832597253842,12.0,0.23652153782414365,1.1521257420630984,2.0,3.0,282.0,355.0,2.015885318416168,0.5977
BGSP,/run/media/falconnier/Elements1/BIDS_datasets_selection/BGSP/sub-1394/ses-01/anat/sub-1394_ses-01_T1w.nii.gz,,sub-1394,ses-01,192,192,144,1.1979166,1.1979166,1.2,4.628898620605469,,,,5308416,5251076,0.9891982843846451,0.0,698.0,73.5889709080577,13.0,95.44843219103336,10.0,0.4066883463811166,1.2446317967737184,2.0,3.0,277.0,343.0,2.496593841697844,0.5853
BGSP,/run/media/falconnier/Elements1/BIDS_datasets_selection/BGSP/sub-1393/ses-01/anat/sub-1393_ses-01_T1w.nii.gz,,sub-1393,ses-01,192,192,144,1.1979166,1.1979166,1.2,4.6252593994140625,,,,5308416,5249717,0.9889422758125964,0.0,470.0,67.41697047669427,17.0,80.65424784100925,15.0,-0.053323387586955207,1.0567076789372922,1.0,2.0,230.0,283.0,3.6807464870853277,0.6169
BGSP,/run/media/falconnier/Elements1/BIDS_datasets_selection/BGSP/sub-1392/ses-01/anat/sub-1392_ses-01_T1w.nii.gz,,sub-1392,ses-01,192,192,144,1.1979166,1.1979166,1.2,4.900601387023926,,,,5308416,5252001,0.9893725359881366,0.0,845.0,83.36595518546169,22.0,99.08744111275595,19.0,0.013563581937846791,1.0607522778583347,2.0,3.0,280.0,348.0,2.168196974467375,0.6199
BGSP,/run/media/falconnier/Elements1/BIDS_datasets_selection/BGSP/sub-1395/ses-01/anat/sub-1395_ses-01_T1w.nii.gz,,sub-1395,ses-01,192,192,144,1.1979166,1.1979166,1.2,4.6371660232543945,,,,5308416,5252271,0.9894233986183449,0.0,774.0,70.74162071987527,13.0,94.70523232304046,10.0,0.6949500867058909,1.3452671995543641,2.0,3.0,275.0,347.0,2.241271173584479,0.5735
BGSP,/run/media/falconnier/Elements1/BIDS_datasets_selection/BGSP/sub-1396/ses-01/anat/sub-1396_ses-01_T1w.nii.gz,,sub-1396,ses-01,192,192,144,1.1979166,1.1979166,1.2,4.965904235839844,,,,5308416,5252388,0.9894454390914352,0.0,972.0,92.16543865380852,21.0,109.91599093555509,18.0,0.01229790719451751,1.048101265823226,2.0,3.0,317.0,385.0,1.8907770233921974,0.6178
BGSP,/run/media/falconnier/Elements1/BIDS_datasets_selection/BGSP/sub-1399/ses-01/anat/sub-1399_ses-01_T1w.nii.gz,,sub-1399,ses-01,192,192,144,1.1979166,1.1979166,1.2,4.711402893066406,,,,5308416,5251151,0.9892124128930363,0.0,575.0,73.8174205997885,16.0,92.42818192421224,13.0,0.22075763906311607,1.1742727704719342,2.0,2.0,268.0,330.0,3.0775638823651676,0.5994
BGSP,/run/media/falconnier/Elements1/BIDS_datasets_selection/BGSP/sub-1397/ses-01/anat/sub-1397_ses-01_T1w.nii.gz,,sub-1397,ses-01,192,192,144,1.1979166,1.1979166,1.2,4.735675811767578,,,,5308416,5251067,0.9891965889636382,0.0,588.0,79.69847156777851,16.0,99.57538211658812,13.0,0.07005822548832041,1.1236610040359947,1.0,2.0,282.0,348.0,3.0310018536473464,0.5995
BGSP,/run/media/falconnier/Elements1/BIDS_datasets_selection/BGSP/sub-1399/ses-02/anat/sub-1399_ses-02_T1w.nii.gz,,sub-1399,ses-02,192,192,144,1.1979166,1.1979166,1.2,4.661618232727051,,,,5308416,5249067,0.9888198287398727,0.0,589.0,75.1294443374413,14.0,96.41884278302007,12.0,0.23344514455265042,1.1860551016467389,1.0,2.0,276.0,340.0,2.969056449621555,0.5886
BGSP,/run/media/falconnier/Elements1/BIDS_datasets_selection/BGSP/sub-1400/ses-01/anat/sub-1400_ses-01_T1w.nii.gz,,sub-1400,ses-01,192,192,144,1.1979166,1.1979166,1.2,4.871707916259766,,,,5308416,5252520,0.9894703052662037,0.0,1031.0,82.41984171407249,21.0,96.99606872602884,18.0,0.16970198342773157,1.0546863313632149,2.0,3.0,274.0,340.0,1.7584147246590267,0.6236
BGSP,/run/media/falconnier/Elements1/BIDS_datasets_selection/BGSP/sub-1398/ses-01/anat/sub-1398_ses-01_T1w.nii.gz,,sub-1398,ses-01,192,192,144,1.1979166,1.1979166,1.2,4.750748634338379,,,,5308416,5251872,0.9893482349537037,0.0,913.0,82.34705301271623,15.0,102.51539938212125,12.0,0.1533473202674811,1.114061327501369,2.0,3.0,288.0,361.0,1.9482952744258932,0.6007
BGSP,/run/media/falconnier/Elements1/BIDS_datasets_selection/BGSP/sub-1401/ses-01/anat/sub-1401_ses-01_T1w.nii.gz,,sub-1401,ses-01,192,192,144,1.1979166,1.1979166,1.2,5.0621538162231445,,,,5308416,5253334,0.9896236466772762,0.0,667.0,90.8250925983385,42.0,97.56936721329014,39.0,-0.28191573430699535,0.8936815597066793,2.0,3.0,282.0,347.0,2.829236351203913,0.6593
BGSP,/run/media/falconnier/Elements1/BIDS_datasets_selection/BGSP/sub-1403/ses-01/anat/sub-1403_ses-01_T1w.nii.gz,,sub-1403,ses-01,192,192,144,1.1979166,1.1979166,1.2,4.779666900634766,,,,5308416,5253118,0.9895829565731096,0.0,560.0,74.22495991904236,21.0,86.67514232468626,18.0,-0.025355064273415273,1.0377299060326002,1.0,2.0,247.0,308.0,3.19493477771812,0.6269
BGSP,/run/media/falconnier/Elements1/BIDS_datasets_selection/BGSP/sub-1402/ses-01/anat/sub-1402_ses-01_T1w.nii.gz,,sub-1402,ses-01,192,192,144,1.1979166,1.1979166,1.2,5.1028242111206055,,,,5308416,5253884,0.9897272557388117,0.0,646.0,98.55470923986901,37.0,108.25082169875077,34.0,-0.4512155077701321,0.8673814426329426,2.0,3.0,305.0,376.0,2.9270314037511245,0.6501
BGSP,/run/media/falconnier/Elements1/BIDS_datasets_selection/BGSP/sub-1404/ses-01/anat/sub-1404_ses-01_T1w.nii.gz,,sub-1404,ses-01,192,192,144,1.1979166,1.1979166,1.2,4.906109809875488,,,,5308416,5252744,0.9895125024112654,0.0,918.0,82.92949780153002,30.0,93.11546117927362,27.0,0.1846053357892563,0.9905387639524101,2.0,3.0,262.0,327.0,1.997611050538693,0.642
BGSP,/run/media/falconnier/Elements1/BIDS_datasets_selection/BGSP/sub-1406/ses-01/anat/sub-1406_ses-01_T1w.nii.gz,,sub-1406,ses-01,192,192,144,1.1979166,1.1979166,1.2,4.6607465744018555,,,,5308416,5251878,0.989349365234375,0.0,767.0,75.50285821567066,13.0,99.44218639422478,10.0,0.46560666517740756,1.2695496115011005,2.0,3.0,289.0,353.0,2.2897471258862647,0.5792
BGSP,/run/media/falconnier/Elements1/BIDS_datasets_selection/BGSP/sub-1405/ses-01/anat/sub-1405_ses-01_T1w.nii.gz,,sub-1405,ses-01,192,192,144,1.1979166,1.1979166,1.2,4.7144060134887695,,,,5308416,5251816,0.9893376856674383,0.0,734.0,81.33466042983989,14.0,105.31138733113093,11.0,0.1737053823153043,1.1889866075942315,2.0,3.0,305.0,369.0,2.4082983913074223,0.5854
BGSP,/run/media/falconnier/Elements1/BIDS_datasets_selection/BGSP/sub-1409/ses-01/anat/sub-1409_ses-01_T1w.nii.gz,,sub-1409,ses-01,192,192,144,1.1979166,1.1979166,1.2,4.735851287841797,,,,5308416,5252091,0.989389490198206,0.0,818.0,77.40025049070933,16.0,99.38743567082398,13.0,0.31360968877748974,1.2176608192421585,2.0,3.0,286.0,356.0,2.1755522528681803,0.5895
BGSP,/run/media/falconnier/Elements1/BIDS_datasets_selection/BGSP/sub-1407/ses-01/anat/sub-1407_ses-01_T1w.nii.gz,,sub-1407,ses-01,192,192,144,1.1979166,1.1979166,1.2,4.783282279968262,,,,5308416,5251638,0.9893041540075231,0.0,712.0,77.96066998525032,20.0,97.67294944449034,17.0,0.37983413817248657,1.2142070988585634,2.0,3.0,283.0,351.0,2.5329257353413133,0.5997
BGSP,/run/media/falconnier/Elements1/BIDS_datasets_selection/BGSP/sub-1408/ses-01/anat/sub-1408_ses-01_T1w.nii.gz,,sub-1408,ses-01,192,192,144,1.1979166,1.1979166,1.2,4.501657485961914,,,,5308416,5251631,0.98930283534674,0.0,603.0,63.97172421291595,11.0,87.3057922124814,8.0,0.8253016983462969,1.3849872732497723,1.0,3.0,249.0,324.0,2.7969039673008815,0.5659
BGSP,/run/media/falconnier/Elements1/BIDS_datasets_selection/BGSP/sub-1410/ses-01/anat/sub-1410_ses-01_T1w.nii.gz,,sub-1410,ses-01,192,192,144,1.1979166,1.1979166,1.2,4.867025375366211,,,,5308416,5250970,0.9891783160927855,0.0,660.0,81.35347316781471,33.0,89.42443686638882,31.0,-0.21426974650074815,0.912056837283884,1.0,2.0,256.0,312.0,2.755006711118782,0.6496
BGSP,/run/media/falconnier/Elements1/BIDS_datasets_selection/BGSP/sub-1411/ses-01/anat/sub-1411_ses-01_T1w.nii.gz,,sub-1411,ses-01,192,192,144,1.1979166,1.1979166,1.2,4.742081642150879,,,,5308416,5252286,0.9894262243200231,0.0,837.0,82.31448268430165,14.0,107.998144745401,11.0,0.39376391427116,1.242246060448967,2.0,3.0,312.0,384.0,2.1240405182253737,0.5804
BGSP,/run/media/falconnier/Elements1/BIDS_datasets_selection/BGSP/sub-1412/ses-01/anat/sub-1412_ses-01_T1w.nii.gz,,sub-1412,ses-01,192,192,144,1.1979166,1.1979166,1.2,4.725920677185059,,,,5308416,5251583,0.9892937931013696,0.0,736.0,79.91010139228496,13.0,103.15147364586339,10.0,0.1845815989885069,1.1795499904167368,2.0,3.0,296.0,362.0,2.3854662692928534,0.5863
BGSP,/run/media/falconnier/Elements1/BIDS_datasets_selection/BGSP/sub-1413/ses-01/anat/sub-1413_ses-01_T1w.nii.gz,,sub-1413,ses-01,192,192,144,1.1979166,1.1979166,1.2,4.93660831451416,,,,5308416,5253272,0.9896119671103395,0.0,852.0,86.82387890823091,23.0,100.2917973988547,20.0,0.0689070284030513,1.0393844126933294,2.0,3.0,290.0,362.0,2.1661490359055473,0.6312
BGSP,/run/media/falconnier/Elements1/BIDS_datasets_selection/BGSP/sub-1414/ses-02/anat/sub-1414_ses-02_T1w.nii.gz,,sub-1414,ses-02,192,192,144,1.1979166,1.1979166,1.2,5.07171630859375,,,,5308416,5253836,0.9897182134934414,0.0,723.0,98.43643939399708,29.0,110.76538703054945,26.0,-0.2932542493212851,0.9248815836817768,2.0,3.0,319.0,387.0,2.586944036668866,0.6408
BGSP,/run/media/falconnier/Elements1/BIDS_datasets_selection/BGSP/sub-1414/ses-01/anat/sub-1414_ses-01_T1w.nii.gz,,sub-1414,ses-01,192,192,144,1.1979166,1.1979166,1.2,4.995058059692383,,,,5308416,5253531,0.9896607575593172,0.0,1034.0,95.43472514010101,29.0,108.20854731726465,26.0,-0.16210358330227104,0.9437194227249092,2.0,3.0,308.0,376.0,1.7983618045315655,0.6375
BGSP,/run/media/falconnier/Elements1/BIDS_datasets_selection/BGSP/sub-1417/ses-01/anat/sub-1417_ses-01_T1w.nii.gz,,sub-1417,ses-01,192,192,144,1.1979166,1.1979166,1.2,4.698655128479004,,,,5308416,5252211,0.9894120958116319,0.0,850.0,83.61354123054082,12.0,113.80918999602056,9.0,0.5330131381100882,1.309651059085466,2.0,3.0,331.0,405.0,2.075704317481299,0.5655
BGSP,/run/media/falconnier/Elements1/BIDS_datasets_selection/BGSP/sub-1418/ses-01/anat/sub-1418_ses-01_T1w.nii.gz,,sub-1418,ses-01,192,192,144,1.1979166,1.1979166,1.2,4.969189643859863,,,,5308416,5253874,0.9897253719376929,0.0,866.0,89.34805478776232,31.0,99.96972554260427,28.0,-0.019524370877672226,0.9684985670582507,2.0,3.0,284.0,354.0,2.157163087530375,0.6435
BGSP,/run/media/falconnier/Elements1/BIDS_datasets_selection/BGSP/sub-1416/ses-01/anat/sub-1416_ses-01_T1w.nii.gz,,sub-1416,ses-01,192,192,144,1.1979166,1.1979166,1.2,5.009848594665527,,,,5308416,5252503,0.9894671028043017,0.0,836.0,87.45420097808606,32.0,96.86082200884505,29.0,-0.09080964133967173,0.9524395281050021,2.0,3.0,276.0,343.0,2.2363218832551466,0.6475
BGSP,/run/media/falconnier/Elements1/BIDS_datasets_selection/BGSP/sub-1415/ses-01/anat/sub-1415_ses-01_T1w.nii.gz,,sub-1415,ses-01,192,192,144,1.1979166,1.1979166,1.2,4.821865081787109,,,,5308416,5249601,0.9889204237196181,0.0,663.0,78.22561448003381,23.0,92.74874653501048,20.0,0.03587324719661833,1.0702107188848502,1.0,2.0,269.0,323.0,2.7106297930771897,0.6205
BGSP,/run/media/falconnier/Elements1/BIDS_datasets_selection/BGSP/sub-1420/ses-01/anat/sub-1420_ses-01_T1w.nii.gz,,sub-1420,ses-01,192,192,144,1.1979166,1.1979166,1.2,4.815206527709961,,,,5308416,5248182,0.9886531123408565,0.0,575.0,81.68261466542128,21.0,97.6151328479665,19.0,0.09645274065379938,1.0807680819724848,1.0,2.0,280.0,344.0,3.1482669942528805,0.617
BGSP,/run/media/falconnier/Elements1/BIDS_datasets_selection/BGSP/sub-1419/ses-01/anat/sub-1419_ses-01_T1w.nii.gz,,sub-1419,ses-01,192,192,144,1.1979166,1.1979166,1.2,4.477642059326172,,,,5308416,5251390,0.9892574357397762,0.0,859.0,65.04833843991781,11.0,90.95274621026023,8.0,1.092183347583065,1.4568711286545537,2.0,2.0,263.0,342.0,1.9667514391050749,0.5561
BGSP,/run/media/falconnier/Elements1/BIDS_datasets_selection/BGSP/sub-1421/ses-01/anat/sub-1421_ses-01_T1w.nii.gz,,sub-1421,ses-01,192,192,144,1.1979166,1.1979166,1.2,4.818754196166992,,,,5308416,5253350,0.9896266607590664,0.0,577.0,62.73735121398727,19.0,74.31647156620174,14.0,0.8316233971397016,1.2921224516414698,3.0,4.0,218.0,270.0,3.069108026827485,0.6255
BGSP,/run/media/falconnier/Elements1/BIDS_datasets_selection/BGSP/sub-1420/ses-02/anat/sub-1420_ses-02_T1w.nii.gz,,sub-1420,ses-02,192,192,144,1.1979166,1.1979166,1.2,4.871683120727539,,,,5308416,5251478,0.9892740131896219,0.0,581.0,83.40587030927293,22.0,99.37782470493161,19.0,0.030386144837142304,1.0773495766083028,2.0,3.0,288.0,350.0,3.1428749314085316,0.6188
BGSP,/run/media/falconnier/Elements1/BIDS_datasets_selection/BGSP/sub-1423/ses-01/anat/sub-1423_ses-01_T1w.nii.gz,,sub-1423,ses-01,192,192,144,1.1979166,1.1979166,1.2,4.775269508361816,,,,5308416,5251729,0.9893212965977045,0.0,658.0,75.81764500795833,20.0,90.59285618534255,17.0,-0.045549735270761005,1.063158160558818,2.0,3.0,261.0,319.0,2.7089997971761677,0.6177
BGSP,/run/media/falconnier/Elements1/BIDS_datasets_selection/BGSP/sub-1422/ses-01/anat/sub-1422_ses-01_T1w.nii.gz,,sub-1422,ses-01,192,192,144,1.1979166,1.1979166,1.2,4.6677446365356445,,,,5308416,5252101,0.9893913739993249,0.0,760.0,73.32970024757711,15.0,93.57701569612189,12.0,0.31499969980862685,1.2082503781118565,2.0,3.0,270.0,334.0,2.315759660504197,0.5918
BGSP,/run/media/falconnier/Elements1/BIDS_datasets_selection/BGSP/sub-1424/ses-01/anat/sub-1424_ses-01_T1w.nii.gz,,sub-1424,ses-01,192,192,144,1.1979166,1.1979166,1.2,4.844244956970215,,,,5308416,5251662,0.9893086751302084,0.0,819.0,85.01315792981346,20.0,103.89659542939283,17.0,0.08045554687452583,1.1041714285670472,2.0,3.0,298.0,365.0,2.222524490996242,0.6085
BGSP,/run/media/falconnier/Elements1/BIDS_datasets_selection/BGSP/sub-1425/ses-01/anat/sub-1425_ses-01_T1w.nii.gz,,sub-1425,ses-01,192,192,144,1.1979166,1.1979166,1.2,4.527936935424805,,,,5308416,5246663,0.9883669629509066,0.0,513.0,60.59307049071,14.0,76.89680858969348,12.0,0.4837884095361593,1.2574882200858462,1.0,2.0,223.0,281.0,3.3627550319822017,0.5947
BGSP,/run/media/falconnier/Elements1/BIDS_datasets_selection/BGSP/sub-1426/ses-01/anat/sub-1426_ses-01_T1w.nii.gz,,sub-1426,ses-01,192,192,144,1.1979166,1.1979166,1.2,5.082267761230469,,,,5308416,5253852,0.9897212275752315,0.0,810.0,93.67056571064431,45.0,100.12715102122034,41.0,-0.23847305422472242,0.8844529817587773,2.0,3.0,286.0,356.0,2.3524403831554195,0.6613
BGSP,/run/media/falconnier/Elements1/BIDS_datasets_selection/BGSP/sub-1429/ses-01/anat/sub-1429_ses-01_T1w.nii.gz,,sub-1429,ses-01,192,192,144,1.1979166,1.1979166,1.2,4.711016654968262,,,,5308416,5252701,0.9895044020664545,0.0,897.0,77.9525472704424,14.0,99.18815657487181,11.0,0.38762542199410266,1.2049966093126063,2.0,3.0,282.0,355.0,1.9822248646043503,0.5929
BGSP,/run/media/falconnier/Elements1/BIDS_datasets_selection/BGSP/sub-1427/ses-01/anat/sub-1427_ses-01_T1w.nii.gz,,sub-1427,ses-01,192,192,144,1.1979166,1.1979166,1.2,4.5931549072265625,,,,5308416,5251702,0.9893162103346836,0.0,522.0,69.13927199220367,12.0,91.9370327332899,9.0,0.48622776446071025,1.2894545318685495,2.0,3.0,264.0,333.0,3.2738537771340823,0.5756
BGSP,/run/media/falconnier/Elements1/BIDS_datasets_selection/BGSP/sub-1430/ses-01/anat/sub-1430_ses-01_T1w.nii.gz,,sub-1430,ses-01,192,192,144,1.1979166,1.1979166,1.2,4.701495170593262,,,,5308416,5252241,0.9894177472149884,0.0,620.0,75.33443286399081,14.0,98.12245723835167,11.0,0.36848363445870946,1.244625989452227,2.0,3.0,286.0,350.0,2.820848656414499,0.5838
BGSP,/run/media/falconnier/Elements1/BIDS_datasets_selection/BGSP/sub-1428/ses-01/anat/sub-1428_ses-01_T1w.nii.gz,,sub-1428,ses-01,192,192,144,1.1979166,1.1979166,1.2,5.217352867126465,,,,5308416,5253242,0.989606315706983,0.0,745.0,97.84087102783386,63.0,98.59906787529557,59.0,-0.4768694541958136,0.7596661108358157,2.0,3.0,281.0,349.0,2.5871602512479592,0.6832
BGSP,/run/media/falconnier/Elements1/BIDS_datasets_selection/BGSP/sub-1430/ses-02/anat/sub-1430_ses-02_T1w.nii.gz,,sub-1430,ses-02,192,192,144,1.1979166,1.1979166,1.2,4.738766670227051,,,,5308416,5251724,0.9893203546971451,0.0,657.0,79.49428911344161,14.0,103.18427054048477,11.0,0.25750708190069727,1.2091318950802405,2.0,3.0,299.0,365.0,2.6679036390466244,0.5846
BGSP,/run/media/falconnier/Elements1/BIDS_datasets_selection/BGSP/sub-1431/ses-01/anat/sub-1431_ses-01_T1w.nii.gz,,sub-1431,ses-01,192,192,144,1.1979166,1.1979166,1.2,4.780158996582031,,,,5308416,5251209,0.9892233389395254,0.0,553.0,79.43038336504983,16.0,97.81446986611168,13.0,0.025869920839985294,1.1017988248220696,2.0,3.0,277.0,348.0,3.2343060796547816,0.6054
BGSP,/run/media/falconnier/Elements1/BIDS_datasets_selection/BGSP/sub-1432/ses-01/anat/sub-1432_ses-01_T1w.nii.gz,,sub-1432,ses-01,192,192,144,1.1979166,1.1979166,1.2,4.9836883544921875,,,,5308416,5253303,0.9896178068938078,0.0,951.0,87.1492126001489,31.0,98.44532385422998,28.0,-0.05554490856346339,0.9959050320944512,2.0,3.0,282.0,347.0,1.967807834498455,0.6402
BGSP,/run/media/falconnier/Elements1/BIDS_datasets_selection/BGSP/sub-1434/ses-01/anat/sub-1434_ses-01_T1w.nii.gz,,sub-1434,ses-01,192,192,144,1.1979166,1.1979166,1.2,4.944141387939453,,,,5308416,5252650,0.9894947946807484,0.0,807.0,82.5552330728299,33.0,90.57381901762689,30.0,-0.21169850159297976,0.9164753005166778,2.0,3.0,258.0,320.0,2.2819950989671525,0.6509
BGSP,/run/media/falconnier/Elements1/BIDS_datasets_selection/BGSP/sub-1433/ses-01/anat/sub-1433_ses-01_T1w.nii.gz,,sub-1433,ses-01,192,192,144,1.1979166,1.1979166,1.2,4.512582778930664,,,,5308416,5251744,0.9893241222993827,0.0,868.0,64.04296420389113,11.0,88.0980021510283,8.0,1.0453908222815809,1.4360766287602726,2.0,3.0,258.0,326.0,1.9585714655285391,0.563
BGSP,/run/media/falconnier/Elements1/BIDS_datasets_selection/BGSP/sub-1435/ses-01/anat/sub-1435_ses-01_T1w.nii.gz,,sub-1435,ses-01,192,192,144,1.1979166,1.1979166,1.2,4.628863334655762,,,,5308416,5251815,0.9893374972873263,0.0,748.0,71.4297306740622,14.0,96.19920653264987,11.0,0.8143096956523768,1.375502218195998,2.0,3.0,283.0,353.0,2.3320736447061137,0.5712
BGSP,/run/media/falconnier/Elements1/BIDS_datasets_selection/BGSP/sub-1436/ses-02/anat/sub-1436_ses-02_T1w.nii.gz,,sub-1436,ses-02,192,192,144,1.1979166,1.1979166,1.2,4.948982238769531,,,,5308416,5252323,0.9894331943841628,0.0,905.0,87.0045831149379,18.0,107.28046350648187,15.0,0.27299940472601225,1.1713787707647587,2.0,3.0,316.0,384.0,2.0175282143708615,0.6058
BGSP,/run/media/falconnier/Elements1/BIDS_datasets_selection/BGSP/sub-1436/ses-01/anat/sub-1436_ses-01_T1w.nii.gz,,sub-1436,ses-01,192,192,144,1.1979166,1.1979166,1.2,5.052578926086426,,,,5308416,5252779,0.9895190957151814,0.0,729.0,97.69202168985217,20.0,118.86438027360467,16.0,0.034056899198634305,1.095006175031991,2.0,4.0,346.0,418.0,2.5408364102526826,0.6105
BGSP,/run/media/falconnier/Elements1/BIDS_datasets_selection/BGSP/sub-1437/ses-01/anat/sub-1437_ses-01_T1w.nii.gz,,sub-1437,ses-01,192,192,144,1.1979166,1.1979166,1.2,4.788005828857422,,,,5308416,5252506,0.9894676679446374,0.0,664.0,80.5238253892523,15.0,100.94987088138473,12.0,0.14239722908125874,1.143758635831455,2.0,3.0,291.0,356.0,2.669152888863955,0.5984
BGSP,/run/media/falconnier/Elements1/BIDS_datasets_selection/BGSP/sub-1439/ses-01/anat/sub-1439_ses-01_T1w.nii.gz,,sub-1439,ses-01,192,192,144,1.1979166,1.1979166,1.2,4.490623474121094,,,,5308416,5249953,0.9889867335190008,0.0,543.0,66.17932122439953,11.0,86.37177636453188,9.0,0.288294022547384,1.217579487459957,1.0,2.0,248.0,308.0,3.103112575230998,0.5821
BGSP,/run/media/falconnier/Elements1/BIDS_datasets_selection/BGSP/sub-1438/ses-01/anat/sub-1438_ses-01_T1w.nii.gz,,sub-1438,ses-01,192,192,144,1.1979166,1.1979166,1.2,4.745721817016602,,,,5308416,5252049,0.9893815782335069,0.0,625.0,81.9109067718142,13.0,105.84492661037224,10.0,0.24695397498992566,1.1942297211891253,2.0,3.0,302.0,379.0,2.8201457544685575,0.5862
BGSP,/run/media/falconnier/Elements1/BIDS_datasets_selection/BGSP/sub-1441/ses-01/anat/sub-1441_ses-01_T1w.nii.gz,,sub-1441,ses-01,192,192,144,1.1979166,1.1979166,1.2,4.817412376403809,,,,5308416,5252598,0.9894849989149306,0.0,744.0,87.58273353490978,15.0,113.08759486280752,12.0,0.336041168848249,1.222626486741346,2.0,3.0,326.0,405.0,2.426859265558311,0.587
BGSP,/run/media/falconnier/Elements1/BIDS_datasets_selection/BGSP/sub-1440/ses-01/anat/sub-1440_ses-01_T1w.nii.gz,,sub-1440,ses-01,192,192,144,1.1979166,1.1979166,1.2,4.59873104095459,,,,5308416,5246478,0.9883321126302084,0.0,549.0,66.64686767008267,17.0,78.9980866117142,15.0,0.03246394570727862,1.056484263905312,1.0,2.0,226.0,280.0,3.1431669209883846,0.62
BGSP,/run/media/falconnier/Elements1/BIDS_datasets_selection/BGSP/sub-1443/ses-01/anat/sub-1443_ses-01_T1w.nii.gz,,sub-1443,ses-01,192,192,144,1.1979166,1.1979166,1.2,5.165972709655762,,,,5308416,5254344,0.9898139105902778,0.0,633.0,94.78083010933429,51.0,99.22200902980498,47.0,-0.34870216013569655,0.8416682659196035,2.0,3.0,283.0,351.0,3.020341228958016,0.6692
BGSP,/run/media/falconnier/Elements1/BIDS_datasets_selection/BGSP/sub-1442/ses-01/anat/sub-1442_ses-01_T1w.nii.gz,,sub-1442,ses-01,192,192,144,1.1979166,1.1979166,1.2,4.871302604675293,,,,5308416,5252407,0.9894490183135609,0.0,592.0,77.37430972123828,27.0,88.02565712468171,24.0,-0.1303762302381979,0.9939810165723305,2.0,3.0,253.0,313.0,3.0739328004639837,0.6372
BGSP,/run/media/falconnier/Elements1/BIDS_datasets_selection/BGSP/sub-1444/ses-01/anat/sub-1444_ses-01_T1w.nii.gz,,sub-1444,ses-01,192,192,144,1.1979166,1.1979166,1.2,4.754622459411621,,,,5308416,5252339,0.9894362084659529,0.0,790.0,84.87363382295011,14.0,109.65344336259773,11.0,0.16919267097250845,1.1831291521294072,2.0,3.0,317.0,384.0,2.25487298516463,0.5863
BGSP,/run/media/falconnier/Elements1/BIDS_datasets_selection/BGSP/sub-1446/ses-01/anat/sub-1446_ses-01_T1w.nii.gz,,sub-1446,ses-01,192,192,144,1.1979166,1.1979166,1.2,4.5902099609375,,,,5308416,5251370,0.9892536681375386,0.0,761.0,70.90435353060249,13.0,89.8334406858868,10.0,0.27004681371342976,1.174298203450792,2.0,3.0,254.0,320.0,2.281535368870354,0.5943
BGSP,/run/media/falconnier/Elements1/BIDS_datasets_selection/BGSP/sub-1447/ses-01/anat/sub-1447_ses-01_T1w.nii.gz,,sub-1447,ses-01,192,192,144,1.1979166,1.1979166,1.2,4.335651397705078,,,,5308416,5228106,0.9848711932146991,0.0,485.0,53.49270519763754,14.0,65.66334055185153,12.0,0.32824351442228306,1.1726266213427736,1.0,1.0,189.0,236.0,3.4397871086334355,0.6059
BGSP,/run/media/falconnier/Elements1/BIDS_datasets_selection/BGSP/sub-1445/ses-01/anat/sub-1445_ses-01_T1w.nii.gz,,sub-1445,ses-01,192,192,144,1.1979166,1.1979166,1.2,4.749488830566406,,,,5308416,5251230,0.989227294921875,0.0,567.0,74.27674811425133,17.0,89.3623042829332,15.0,-0.035322766273704786,1.0646719592319063,1.0,2.0,253.0,316.0,3.1218894197683276,0.6146
BGSP,/run/media/falconnier/Elements1/BIDS_datasets_selection/BGSP/sub-1448/ses-01/anat/sub-1448_ses-01_T1w.nii.gz,,sub-1448,ses-01,192,192,144,1.1979166,1.1979166,1.2,4.624640464782715,,,,5308416,5250473,0.9890846911771798,0.0,548.0,69.12802865570397,13.0,87.50758626650757,11.0,0.1765084758284705,1.1640615987393745,1.0,2.0,247.0,311.0,3.151458683076989,0.5946
BGSP,/run/media/falconnier/Elements1/BIDS_datasets_selection/BGSP/sub-1449/ses-01/anat/sub-1449_ses-01_T1w.nii.gz,,sub-1449,ses-01,192,192,144,1.1979166,1.1979166,1.2,4.952288627624512,,,,5308416,5252950,0.9895513087143133,0.0,845.0,90.04229604317574,24.0,103.15989266738147,21.0,-0.22465067050851983,0.9496546114511382,2.0,3.0,290.0,362.0,2.1813626472724668,0.6335
BGSP,/run/media/falconnier/Elements1/BIDS_datasets_selection/BGSP/sub-1451/ses-01/anat/sub-1451_ses-01_T1w.nii.gz,,sub-1451,ses-01,192,192,144,1.1979166,1.1979166,1.2,4.882579803466797,,,,5308416,5253945,0.9897387469256366,0.0,716.0,81.39827196516141,26.0,94.00872086101005,23.0,-0.049393803232471,1.0346050534406217,2.0,3.0,270.0,332.0,2.56668009002906,0.6319
BGSP,/run/media/falconnier/Elements1/BIDS_datasets_selection/BGSP/sub-1452/ses-01/anat/sub-1452_ses-01_T1w.nii.gz,,sub-1452,ses-01,192,192,144,1.1979166,1.1979166,1.2,4.893238067626953,,,,5308416,5252414,0.9894503369743441,0.0,792.0,88.59615559626488,19.0,105.69793030865159,16.0,-0.16068914269213153,1.0121300922333512,2.0,3.0,300.0,366.0,2.294318575522333,0.6174
BGSP,/run/media/falconnier/Elements1/BIDS_datasets_selection/BGSP/sub-1450/ses-01/anat/sub-1450_ses-01_T1w.nii.gz,,sub-1450,ses-01,192,192,144,1.1979166,1.1979166,1.2,4.746837615966797,,,,5308416,5252288,0.9894266010802469,0.0,1099.0,86.16169734028294,14.0,113.11689341147219,11.0,0.4140901009620106,1.241880817221661,2.0,3.0,327.0,398.0,1.630816806886135,0.58
BGSP,/run/media/falconnier/Elements1/BIDS_datasets_selection/BGSP/sub-1453/ses-01/anat/sub-1453_ses-01_T1w.nii.gz,,sub-1453,ses-01,192,192,144,1.1979166,1.1979166,1.2,4.700995445251465,,,,5308416,5251773,0.9893295853226273,0.0,869.0,76.49696778592677,14.0,101.59276358657628,11.0,0.6534347513295073,1.3210276893022908,2.0,3.0,295.0,368.0,2.0384462379478947,0.5764
BGSP,/run/media/falconnier/Elements1/BIDS_datasets_selection/BGSP/sub-1454/ses-01/anat/sub-1454_ses-01_T1w.nii.gz,,sub-1454,ses-01,192,192,144,1.1979166,1.1979166,1.2,4.589244842529297,,,,5308416,5247699,0.9885621247468172,0.0,554.0,68.05188959961309,14.0,84.01344372096004,12.0,0.22455188294168948,1.1381018782780816,1.0,2.0,239.0,299.0,3.115126285970101,0.6042
BGSP,/run/media/falconnier/Elements1/BIDS_datasets_selection/BGSP/sub-1455/ses-01/anat/sub-1455_ses-01_T1w.nii.gz,,sub-1455,ses-01,192,192,144,1.1979166,1.1979166,1.2,4.676087379455566,,,,5308416,5251959,0.9893646240234375,0.0,694.0,82.7708142809188,13.0,111.99868414917653,10.0,0.509567108003778,1.3069170464978117,2.0,3.0,325.0,401.0,2.54049612752672,0.5682
BGSP,/run/media/falconnier/Elements1/BIDS_datasets_selection/BGSP/sub-1457/ses-01/anat/sub-1457_ses-01_T1w.nii.gz,,sub-1457,ses-01,192,192,144,1.1979166,1.1979166,1.2,4.922382354736328,,,,5308416,5252224,0.9894145447530864,0.0,836.0,89.1715789349426,26.0,101.37054897870605,23.0,-0.19855251428062237,0.9447542569354644,2.0,3.0,285.0,355.0,2.209441669796087,0.6366
BGSP,/run/media/falconnier/Elements1/BIDS_datasets_selection/BGSP/sub-1456/ses-01/anat/sub-1456_ses-01_T1w.nii.gz,,sub-1456,ses-01,192,192,144,1.1979166,1.1979166,1.2,4.888396263122559,,,,5308416,5252487,0.9894640887225116,0.0,822.0,84.9049610213219,24.0,97.66234646327922,21.0,-0.12208000927014284,0.986468816254188,2.0,3.0,276.0,345.0,2.229682620425783,0.6324
BGSP,/run/media/falconnier/Elements1/BIDS_datasets_selection/BGSP/sub-1459/ses-01/anat/sub-1459_ses-01_T1w.nii.gz,,sub-1459,ses-01,192,192,144,1.1979166,1.1979166,1.2,5.05507755279541,,,,5308416,5253562,0.9896665973427855,0.0,559.0,89.90708627784349,55.0,91.85972732374012,52.0,-0.5785513529415245,0.7456257758340936,2.0,3.0,265.0,318.0,3.3542932156134344,0.6775
BGSP,/run/media/falconnier/Elements1/BIDS_datasets_selection/BGSP/sub-1458/ses-01/anat/sub-1458_ses-01_T1w.nii.gz,,sub-1458,ses-01,192,192,144,1.1979166,1.1979166,1.2,4.873427391052246,,,,5308416,5252397,0.9894471345124422,0.0,803.0,92.10126919195179,15.0,116.37801622336701,12.0,0.11933789833744068,1.1462702118515469,2.0,3.0,338.0,407.0,2.2633463499428292,0.595
BGSP,/run/media/falconnier/Elements1/BIDS_datasets_selection/BGSP/sub-1460/ses-01/anat/sub-1460_ses-01_T1w.nii.gz,,sub-1460,ses-01,192,192,144,1.1979166,1.1979166,1.2,4.768218040466309,,,,5308416,5252389,0.9894456274715471,0.0,802.0,80.56713754445835,15.0,104.08828392457767,12.0,0.30995490731027786,1.2204006262815625,2.0,3.0,300.0,370.0,2.2267139074197653,0.587
BGSP,/run/media/falconnier/Elements1/BIDS_datasets_selection/BGSP/sub-1462/ses-01/anat/sub-1462_ses-01_T1w.nii.gz,,sub-1462,ses-01,192,192,144,1.1979166,1.1979166,1.2,4.530148506164551,,,,5308416,5247569,0.9885376353322723,0.0,535.0,60.85546964699273,15.0,75.04234608129259,13.0,0.3869824922245648,1.1826854806034466,1.0,2.0,215.0,269.0,3.1711305646519863,0.6054
BGSP,/run/media/falconnier/Elements1/BIDS_datasets_selection/BGSP/sub-1460/ses-02/anat/sub-1460_ses-02_T1w.nii.gz,,sub-1460,ses-02,192,192,144,1.1979166,1.1979166,1.2,4.591329574584961,,,,5308416,5250952,0.9891749252507716,0.0,654.0,71.49337777225921,12.0,93.04058892966981,9.0,0.21351352641975696,1.2006778808857104,1.0,2.0,266.0,329.0,2.619966955208252,0.5834
BGSP,/run/media/falconnier/Elements1/BIDS_datasets_selection/BGSP/sub-1461/ses-01/anat/sub-1461_ses-01_T1w.nii.gz,,sub-1461,ses-01,192,192,144,1.1979166,1.1979166,1.2,4.635866165161133,,,,5308416,5250640,0.9891161506558642,0.0,884.0,66.88413222007222,17.0,80.82813351865202,14.0,0.28800882936722383,1.126067248350753,1.0,2.0,229.0,288.0,1.975738423878897,0.6134
BGSP,/run/media/falconnier/Elements1/BIDS_datasets_selection/BGSP/sub-1463/ses-01/anat/sub-1463_ses-01_T1w.nii.gz,,sub-1463,ses-01,192,192,144,1.1979166,1.1979166,1.2,5.0772247314453125,,,,5308416,5253691,0.9896908983772184,0.0,604.0,98.77554789575558,26.0,113.80499090970218,23.0,-0.18802641129109077,0.9796245127723844,2.0,3.0,327.0,401.0,3.0937414574431283,0.6317
BGSP,/run/media/falconnier/Elements1/BIDS_datasets_selection/BGSP/sub-1464/ses-01/anat/sub-1464_ses-01_T1w.nii.gz,,sub-1464,ses-01,192,192,144,1.1979166,1.1979166,1.2,4.590227127075195,,,,5308416,5251986,0.9893697102864584,0.0,759.0,69.84154565530068,13.0,92.18371900661693,10.0,0.522871472960516,1.295259721048301,2.0,3.0,268.0,332.0,2.2906119025026506,0.579
BGSP,/run/media/falconnier/Elements1/BIDS_datasets_selection/BGSP/sub-1465/ses-01/anat/sub-1465_ses-01_T1w.nii.gz,,sub-1465,ses-01,192,192,144,1.1979166,1.1979166,1.2,5.075611114501953,,,,5308416,5253869,0.9897244300371335,0.0,1006.0,89.12428593099676,29.0,101.52419376310881,25.0,0.17176576781172637,1.0460437115693844,2.0,4.0,288.0,362.0,1.8739359282666337,0.6376
BGSP,/run/media/falconnier/Elements1/BIDS_datasets_selection/BGSP/sub-1467/ses-01/anat/sub-1467_ses-01_T1w.nii.gz,,sub-1467,ses-01,192,192,144,1.1979166,1.1979166,1.2,4.916967391967773,,,,5308416,5253020,0.9895644953221451,0.0,1040.0,81.7713043163742,32.0,90.45792435221756,29.0,0.35764637752078965,1.0020037089898837,2.0,3.0,257.0,318.0,1.76736152676294,0.6481
BGSP,/run/media/falconnier/Elements1/BIDS_datasets_selection/BGSP/sub-1468/ses-01/anat/sub-1468_ses-01_T1w.nii.gz,,sub-1468,ses-01,192,192,144,1.1979166,1.1979166,1.2,4.926674842834473,,,,5308416,5253229,0.9896038667655286,0.0,1113.0,88.57101622640094,23.0,104.6437179967854,20.0,0.20875481143619812,1.0884152901769748,2.0,3.0,303.0,375.0,1.6619349872018223,0.6224
BGSP,/run/media/falconnier/Elements1/BIDS_datasets_selection/BGSP/sub-1466/ses-01/anat/sub-1466_ses-01_T1w.nii.gz,,sub-1466,ses-01,192,192,144,1.1979166,1.1979166,1.2,4.48087215423584,,,,5308416,5250168,0.9890272352430556,0.0,823.0,66.76006463031278,11.0,91.07746381711934,8.0,0.6132187163477649,1.3352545968664475,1.0,2.0,262.0,326.0,2.0591489933758633,0.565
BGSP,/run/media/falconnier/Elements1/BIDS_datasets_selection/BGSP/sub-1469/ses-01/anat/sub-1469_ses-01_T1w.nii.gz,,sub-1469,ses-01,192,192,144,1.1979166,1.1979166,1.2,4.392450332641602,,,,5308416,5248803,0.9887700963903356,0.0,458.0,59.27721863442007,10.0,80.05554482474247,8.0,0.6642331220951929,1.3420316683192406,1.0,2.0,231.0,292.0,3.5975004291263173,0.5694
BGSP,/run/media/falconnier/Elements1/BIDS_datasets_selection/BGSP/sub-1470/ses-01/anat/sub-1470_ses-01_T1w.nii.gz,,sub-1470,ses-01,192,192,144,1.1979166,1.1979166,1.2,4.803814888000488,,,,5308416,5252877,0.9895375569661459,0.0,932.0,81.51889374146776,14.0,105.19547108793678,11.0,0.5404079654797918,1.2698364585071402,2.0,3.0,307.0,383.0,1.9156835104824421,0.588
BGSP,/run/media/falconnier/Elements1/BIDS_datasets_selection/BGSP/sub-1472/ses-01/anat/sub-1472_ses-01_T1w.nii.gz,,sub-1472,ses-01,192,192,144,1.1979166,1.1979166,1.2,4.739664077758789,,,,5308416,5252195,0.9894090817298418,0.0,591.0,75.20211530607679,16.0,94.17906669607406,13.0,0.21310238817325233,1.1703918196752388,2.0,3.0,269.0,338.0,3.0046142066798778,0.5994
BGSP,/run/media/falconnier/Elements1/BIDS_datasets_selection/BGSP/sub-1471/ses-01/anat/sub-1471_ses-01_T1w.nii.gz,,sub-1471,ses-01,192,192,144,1.1979166,1.1979166,1.2,5.280643463134766,,,,5308416,5253856,0.989721981095679,0.0,617.0,102.5086818138906,69.0,102.65311150158176,64.0,-0.4550080970593169,0.7725550775695526,2.0,3.0,297.0,363.0,3.155370310612915,0.6858
BGSP,/run/media/falconnier/Elements1/BIDS_datasets_selection/BGSP/sub-1473/ses-01/anat/sub-1473_ses-01_T1w.nii.gz,,sub-1473,ses-01,192,192,144,1.1979166,1.1979166,1.2,4.774600028991699,,,,5308416,5252402,0.9894480764130016,0.0,1155.0,76.7548030405898,16.0,98.95835231696155,13.0,0.6376526575023655,1.272216720549419,2.0,3.0,287.0,352.0,1.5413531649508834,0.5883
BGSP,/run/media/falconnier/Elements1/BIDS_datasets_selection/BGSP/sub-1474/ses-01/anat/sub-1474_ses-01_T1w.nii.gz,,sub-1474,ses-01,192,192,144,1.1979166,1.1979166,1.2,5.081884384155273,,,,5308416,5252737,0.9895111837504823,0.0,740.0,100.68803616095761,20.0,126.45801830436379,16.0,0.24579414719973514,1.181806607079037,2.0,3.0,368.0,448.0,2.5250418141131536,0.5982
BGSP,/run/media/falconnier/Elements1/BIDS_datasets_selection/BGSP/sub-1476/ses-01/anat/sub-1476_ses-01_T1w.nii.gz,,sub-1476,ses-01,192,192,144,1.1979166,1.1979166,1.2,4.948568344116211,,,,5308416,5251806,0.9893358018663194,0.0,682.0,88.12579063278423,25.0,102.40827754016043,22.0,-0.1004171132091245,1.0130673884578973,2.0,3.0,293.0,365.0,2.7035455068789718,0.6284
BGSP,/run/media/falconnier/Elements1/BIDS_datasets_selection/BGSP/sub-1475/ses-01/anat/sub-1475_ses-01_T1w.nii.gz,,sub-1475,ses-01,192,192,144,1.1979166,1.1979166,1.2,4.483813285827637,,,,5308416,5245767,0.9881981743706597,0.0,525.0,62.158541544067816,14.0,76.01964667117429,12.0,0.08191209753717921,1.1025478132400905,1.0,2.0,217.0,268.0,3.211883924800429,0.6077
BGSP,/run/media/falconnier/Elements1/BIDS_datasets_selection/BGSP/sub-1477/ses-01/anat/sub-1477_ses-01_T1w.nii.gz,,sub-1477,ses-01,192,192,144,1.1979166,1.1979166,1.2,4.5849456787109375,,,,5308416,5252122,0.9893953299816743,0.0,773.0,76.38154921001454,11.0,107.72340333811668,8.0,0.8261052386281178,1.4073919523412008,2.0,3.0,314.0,392.0,2.211690575371713,0.5518
BGSP,/run/media/falconnier/Elements1/BIDS_datasets_selection/BGSP/sub-1477/ses-02/anat/sub-1477_ses-02_T1w.nii.gz,,sub-1477,ses-02,192,192,144,1.1979166,1.1979166,1.2,4.53720760345459,,,,5308416,5251439,0.9892666663652585,0.0,859.0,70.80984469209297,11.0,98.09383697273425,8.0,0.8402138513630533,1.389978236062248,2.0,3.0,285.0,357.0,1.986558768077442,0.5592
BGSP,/run/media/falconnier/Elements1/BIDS_datasets_selection/BGSP/sub-1478/ses-01/anat/sub-1478_ses-01_T1w.nii.gz,,sub-1478,ses-01,192,192,144,1.1979166,1.1979166,1.2,4.635408401489258,,,,5308416,5250498,0.9890894006799769,0.0,526.0,73.1858722734491,13.0,95.4018461816534,10.0,0.3789039951573625,1.2393134393714118,1.0,2.0,275.0,339.0,3.2947621502669158,0.5829
BGSP,/run/media/falconnier/Elements1/BIDS_datasets_selection/BGSP/sub-1479/ses-01/anat/sub-1479_ses-01_T1w.nii.gz,,sub-1479,ses-01,192,192,144,1.1979166,1.1979166,1.2,4.917673110961914,,,,5308416,5252120,0.9893949532214507,0.0,641.0,83.30264217116137,22.0,99.42959695656647,19.0,0.19587495364066454,1.1098646353617043,2.0,3.0,284.0,358.0,2.859892318066811,0.6184
BGSP,/run/media/falconnier/Elements1/BIDS_datasets_selection/BGSP/sub-1481/ses-01/anat/sub-1481_ses-01_T1w.nii.gz,,sub-1481,ses-01,192,192,144,1.1979166,1.1979166,1.2,4.89073371887207,,,,5308416,5251759,0.9893269480010609,0.0,815.0,77.77140497117252,23.0,93.11563038957208,20.0,0.1601057415121656,1.119505713156966,2.0,3.0,270.0,326.0,2.2373575871545524,0.6178
BGSP,/run/media/falconnier/Elements1/BIDS_datasets_selection/BGSP/sub-1480/ses-01/anat/sub-1480_ses-01_T1w.nii.gz,,sub-1480,ses-01,192,192,144,1.1979166,1.1979166,1.2,4.667303085327148,,,,5308416,5252084,0.9893881715374229,0.0,680.0,76.67757198856683,13.0,98.71036975213804,10.0,0.21510822687882758,1.191591810791384,2.0,3.0,286.0,347.0,2.565732716019337,0.5879
BGSP,/run/media/falconnier/Elements1/BIDS_datasets_selection/BGSP/sub-1480/ses-02/anat/sub-1480_ses-02_T1w.nii.gz,,sub-1480,ses-02,192,192,144,1.1979166,1.1979166,1.2,4.762494087219238,,,,5308416,5252565,0.9894787823712384,0.0,821.0,85.40227393663858,13.0,110.46147524817499,10.0,0.2773713176495294,1.2020378367170337,2.0,3.0,320.0,389.0,2.1717091011535987,0.5859
BGSP,/run/media/falconnier/Elements1/BIDS_datasets_selection/BGSP/sub-1482/ses-01/anat/sub-1482_ses-01_T1w.nii.gz,,sub-1482,ses-01,192,192,144,1.1979166,1.1979166,1.2,4.832183837890625,,,,5308416,5251458,0.9892702455873843,0.0,728.0,82.32002826643573,16.0,102.88638231769234,13.0,0.19516953231379386,1.152191851813019,2.0,3.0,295.0,367.0,2.4605587897557784,0.5996
BGSP,/run/media/falconnier/Elements1/BIDS_datasets_selection/BGSP/sub-1484/ses-01/anat/sub-1484_ses-01_T1w.nii.gz,,sub-1484,ses-01,192,192,144,1.1979166,1.1979166,1.2,5.056561470031738,,,,5308416,5254176,0.9897822627314815,0.0,735.0,90.9226449589812,45.0,96.38195659440204,41.0,-0.383204586996694,0.8437464173217228,2.0,3.0,275.0,339.0,2.5634415097916072,0.6642
BGSP,/run/media/falconnier/Elements1/BIDS_datasets_selection/BGSP/sub-1483/ses-01/anat/sub-1483_ses-01_T1w.nii.gz,,sub-1483,ses-01,192,192,144,1.1979166,1.1979166,1.2,4.767394065856934,,,,5308416,5252734,0.9895106186101466,0.0,968.0,83.71711569632119,14.0,106.03393586245873,11.0,0.1822104435298586,1.1554132785610478,2.0,3.0,300.0,377.0,1.8444345737882912,0.5943
BGSP,/run/media/falconnier/Elements1/BIDS_datasets_selection/BGSP/sub-1485/ses-01/anat/sub-1485_ses-01_T1w.nii.gz,,sub-1485,ses-01,192,192,144,1.1979166,1.1979166,1.2,4.954522132873535,,,,5308416,5252913,0.9895443386501737,0.0,825.0,83.85993923752402,33.0,92.16953014546998,30.0,-0.3450163143419096,0.897564237934716,2.0,3.0,266.0,318.0,2.2371613670382753,0.6501
BGSP,/run/media/falconnier/Elements1/BIDS_datasets_selection/BGSP/sub-1486/ses-01/anat/sub-1486_ses-01_T1w.nii.gz,,sub-1486,ses-01,192,192,144,1.1979166,1.1979166,1.2,5.058049201965332,,,,5308416,5221797,0.983682703088831,0.0,894.0,93.57056392655632,48.0,98.95847457937394,45.0,-0.20059020198429645,0.8709027760303767,2.0,3.0,283.0,350.0,2.114749650110834,0.6629
BGSP,/run/media/falconnier/Elements1/BIDS_datasets_selection/BGSP/sub-1487/ses-01/anat/sub-1487_ses-01_T1w.nii.gz,,sub-1487,ses-01,192,192,144,1.1979166,1.1979166,1.2,4.895384788513184,,,,5308416,5252910,0.9895437735098379,0.0,744.0,84.49948561844768,24.0,96.9700354029026,21.0,-0.24670283912461466,0.9685336885550785,2.0,3.0,277.0,339.0,2.4608859679790682,0.6334
BGSP,/run/media/falconnier/Elements1/BIDS_datasets_selection/BGSP/sub-1488/ses-01/anat/sub-1488_ses-01_T1w.nii.gz,,sub-1488,ses-01,192,192,144,1.1979166,1.1979166,1.2,4.92291259765625,,,,5308416,5253016,0.9895637418016975,0.0,696.0,83.55314832469575,24.0,96.66774238732715,21.0,-0.02821753903066604,1.0244134355148669,2.0,3.0,275.0,347.0,2.624922801064407,0.6305
BGSP,/run/media/falconnier/Elements1/BIDS_datasets_selection/BGSP/sub-1489/ses-01/anat/sub-1489_ses-01_T1w.nii.gz,,sub-1489,ses-01,192,192,144,1.1979166,1.1979166,1.2,4.854551315307617,,,,5308416,5252525,0.9894712471667632,0.0,1131.0,83.6655515204592,20.0,102.42345389311522,17.0,0.15620749289899294,1.1304952616389607,2.0,3.0,296.0,364.0,1.6145625107793788,0.6083
BGSP,/run/media/falconnier/Elements1/BIDS_datasets_selection/BGSP/sub-1491/ses-01/anat/sub-1491_ses-01_T1w.nii.gz,,sub-1491,ses-01,192,192,144,1.1979166,1.1979166,1.2,4.7699785232543945,,,,5308416,5252336,0.9894356433256173,0.0,867.0,75.50320067109188,24.0,85.82484129001136,22.0,-0.15783374783459347,0.9615120301902287,1.0,2.0,243.0,302.0,2.0669210445458965,0.6369
BGSP,/run/media/falconnier/Elements1/BIDS_datasets_selection/BGSP/sub-1492/ses-01/anat/sub-1492_ses-01_T1w.nii.gz,,sub-1492,ses-01,192,192,144,1.1979166,1.1979166,1.2,4.7674455642700195,,,,5308416,5252348,0.9894379038869598,0.0,546.0,76.37935700376289,15.0,96.1006304432903,12.0,0.31145143631633276,1.2010633688132448,2.0,3.0,277.0,347.0,3.2618950537280664,0.5978
BGSP,/run/media/falconnier/Elements1/BIDS_datasets_selection/BGSP/sub-1490/ses-01/anat/sub-1490_ses-01_T1w.nii.gz,,sub-1490,ses-01,192,192,144,1.1979166,1.1979166,1.2,4.642427444458008,,,,5308416,5252303,0.9894294267819251,0.0,694.0,69.63583346200704,16.0,86.18397040811524,13.0,0.37534640645084094,1.1862589095446627,2.0,3.0,246.0,315.0,2.518373201818718,0.6044
BGSP,/run/media/falconnier/Elements1/BIDS_datasets_selection/BGSP/sub-1493/ses-01/anat/sub-1493_ses-01_T1w.nii.gz,,sub-1493,ses-01,192,192,144,1.1979166,1.1979166,1.2,4.771279335021973,,,,5308416,5252688,0.989501953125,0.0,579.0,75.45754973453592,20.0,87.95425572309455,17.0,-0.14139659174770092,1.0085910393900621,2.0,3.0,251.0,311.0,3.0827875136317417,0.6274
BGSP,/run/media/falconnier/Elements1/BIDS_datasets_selection/BGSP/sub-1494/ses-01/anat/sub-1494_ses-01_T1w.nii.gz,,sub-1494,ses-01,192,192,144,1.1979166,1.1979166,1.2,4.609406471252441,,,,5308416,5251920,0.9893572771990741,0.0,737.0,73.6054328702646,12.0,98.0167308230523,9.0,0.4363846862142511,1.2735897569310268,2.0,3.0,280.0,352.0,2.3506214985746507,0.5747
BGSP,/run/media/falconnier/Elements1/BIDS_datasets_selection/BGSP/sub-1495/ses-01/anat/sub-1495_ses-01_T1w.nii.gz,,sub-1495,ses-01,192,192,144,1.1979166,1.1979166,1.2,4.519325256347656,,,,5308416,5248540,0.9887205524209105,0.0,634.0,63.78167071223616,12.0,82.53953961663527,10.0,0.3973904898809013,1.2350450617215147,1.0,2.0,238.0,294.0,2.678923158279999,0.5859
BGSP,/run/media/falconnier/Elements1/BIDS_datasets_selection/BGSP/sub-1499/ses-01/anat/sub-1499_ses-01_T1w.nii.gz,,sub-1499,ses-01,192,192,144,1.1979166,1.1979166,1.2,4.737675666809082,,,,5308416,5251746,0.9893244990596065,0.0,717.0,78.34781937283334,16.0,97.42616042712449,13.0,0.10682264311640566,1.1299347092863956,2.0,3.0,278.0,345.0,2.4758248483226706,0.6017
BGSP,/run/media/falconnier/Elements1/BIDS_datasets_selection/BGSP/sub-1496/ses-01/anat/sub-1496_ses-01_T1w.nii.gz,,sub-1496,ses-01,192,192,144,1.1979166,1.1979166,1.2,5.093912124633789,,,,5308416,5253081,0.9895759865089699,0.0,836.0,101.46722999321732,21.0,124.73869387893784,17.0,0.24908344741677313,1.1528326605205759,2.0,4.0,361.0,451.0,2.246683794392695,0.6068
BGSP,/run/media/falconnier/Elements1/BIDS_datasets_selection/BGSP/sub-1497/ses-01/anat/sub-1497_ses-01_T1w.nii.gz,,sub-1497,ses-01,192,192,144,1.1979166,1.1979166,1.2,4.685206413269043,,,,5308416,5252194,0.9894088933497299,0.0,710.0,72.08411741835889,14.0,94.63160322807447,11.0,0.5364772794760269,1.2907468203630603,2.0,3.0,276.0,342.0,2.4492917669085927,0.581
BGSP,/run/media/falconnier/Elements1/BIDS_datasets_selection/BGSP/sub-1498/ses-01/anat/sub-1498_ses-01_T1w.nii.gz,,sub-1498,ses-01,192,192,144,1.1979166,1.1979166,1.2,4.716078758239746,,,,5308416,5251591,0.9892953001422646,0.0,825.0,78.26710400714755,16.0,98.112623051265,13.0,0.19978019951239911,1.1481975143855492,2.0,3.0,280.0,343.0,2.150327187655764,0.5983
BGSP,/run/media/falconnier/Elements1/BIDS_datasets_selection/BGSP/sub-1501/ses-01/anat/sub-1501_ses-01_T1w.nii.gz,,sub-1501,ses-01,192,192,144,1.1979166,1.1979166,1.2,4.890745162963867,,,,5308416,5252932,0.9895479178722993,0.0,936.0,90.99400906008302,15.0,117.17019244025002,12.0,0.37519416192617383,1.2269248362821996,2.0,3.0,342.0,421.0,1.9392452413190138,0.5881
BGSP,/run/media/falconnier/Elements1/BIDS_datasets_selection/BGSP/sub-1502/ses-01/anat/sub-1502_ses-01_T1w.nii.gz,,sub-1502,ses-01,192,192,144,1.1979166,1.1979166,1.2,4.867423057556152,,,,5308416,5251914,0.9893561469184028,0.0,751.0,81.99899693711664,25.0,93.81343305463031,22.0,-0.2005408319213129,0.9697375433223308,2.0,3.0,265.0,329.0,2.43957810275517,0.6345
BGSP,/run/media/falconnier/Elements1/BIDS_datasets_selection/BGSP/sub-1500/ses-01/anat/sub-1500_ses-01_T1w.nii.gz,,sub-1500,ses-01,192,192,144,1.1979166,1.1979166,1.2,4.937195777893066,,,,5308416,5252426,0.9894525975356867,0.0,877.0,87.16288073358864,24.0,105.03394649464605,21.0,0.06292102767803742,1.1099981641078827,2.0,3.0,305.0,372.0,2.1151516461085813,0.6149
BGSP,/run/media/falconnier/Elements1/BIDS_datasets_selection/BGSP/sub-1503/ses-01/anat/sub-1503_ses-01_T1w.nii.gz,,sub-1503,ses-01,192,192,144,1.1979166,1.1979166,1.2,4.707979202270508,,,,5308416,5252590,0.9894834918740355,0.0,693.0,76.63689665479316,14.0,100.66304407312136,11.0,0.3058944018639962,1.2392371614117383,2.0,3.0,289.0,356.0,2.5209929800204662,0.5803
BGSP,/run/media/falconnier/Elements1/BIDS_datasets_selection/BGSP/sub-1504/ses-01/anat/sub-1504_ses-01_T1w.nii.gz,,sub-1504,ses-01,192,192,144,1.1979166,1.1979166,1.2,4.717287063598633,,,,5308416,5251830,0.9893403229890047,0.0,566.0,77.56509083500418,14.0,98.16141583577983,11.0,0.06196104302648031,1.1440304984587253,2.0,3.0,280.0,344.0,3.1222596138878447,0.5946
BGSP,/run/media/falconnier/Elements1/BIDS_datasets_selection/BGSP/sub-1505/ses-01/anat/sub-1505_ses-01_T1w.nii.gz,,sub-1505,ses-01,192,192,144,1.1979166,1.1979166,1.2,4.668309211730957,,,,5308416,5250625,0.9891133249541859,0.0,584.0,75.96149715510059,15.0,96.48606760152829,12.0,0.15346729640953516,1.1570283312315237,1.0,2.0,275.0,335.0,3.0060909824488036,0.5928
BGSP,/run/media/falconnier/Elements1/BIDS_datasets_selection/BGSP/sub-1508/ses-01/anat/sub-1508_ses-01_T1w.nii.gz,,sub-1508,ses-01,192,192,144,1.1979166,1.1979166,1.2,4.583211898803711,,,,5308416,5251285,0.9892376558280286,0.0,601.0,72.41407617373652,11.0,95.60409114052985,8.0,0.3178385269336901,1.2350941473778656,1.0,2.0,275.0,338.0,2.8470074255093785,0.5775
BGSP,/run/media/falconnier/Elements1/BIDS_datasets_selection/BGSP/sub-1507/ses-01/anat/sub-1507_ses-01_T1w.nii.gz,,sub-1507,ses-01,192,192,144,1.1979166,1.1979166,1.2,4.875687599182129,,,,5308416,5252848,0.9895320939429012,0.0,1004.0,82.77362642132421,25.0,96.48965274407458,22.0,0.14019925560860225,1.0632917330298006,2.0,3.0,278.0,343.0,1.8375415058331521,0.6278
BGSP,/run/media/falconnier/Elements1/BIDS_datasets_selection/BGSP/sub-1506/ses-01/anat/sub-1506_ses-01_T1w.nii.gz,,sub-1506,ses-01,192,192,144,1.1979166,1.1979166,1.2,4.8191728591918945,,,,5308416,5250031,0.9890014271677277,0.0,463.0,71.74884967345908,37.0,75.69066768933112,34.0,-0.3643215949064915,0.8400575133363652,1.0,2.0,216.0,267.0,3.8589593219727134,0.6656
BGSP,/run/media/falconnier/Elements1/BIDS_datasets_selection/BGSP/sub-1511/ses-01/anat/sub-1511_ses-01_T1w.nii.gz,,sub-1511,ses-01,192,192,144,1.1979166,1.1979166,1.2,4.697861671447754,,,,5308416,5249841,0.9889656349464699,0.0,724.0,69.06714660501147,23.0,80.336070583057,21.0,0.37110445647245305,1.0978053090019924,1.0,2.0,225.0,284.0,2.459296875840018,0.6287
BGSP,/run/media/falconnier/Elements1/BIDS_datasets_selection/BGSP/sub-1510/ses-01/anat/sub-1510_ses-01_T1w.nii.gz,,sub-1510,ses-01,192,192,144,1.1979166,1.1979166,1.2,4.750367164611816,,,,5308416,5253113,0.9895820146725501,0.0,777.0,78.3201988992051,18.0,96.34563914048778,15.0,0.24786400216813842,1.157104671957141,2.0,3.0,278.0,346.0,2.3095262333959607,0.6067
BGSP,/run/media/falconnier/Elements1/BIDS_datasets_selection/BGSP/sub-1509/ses-01/anat/sub-1509_ses-01_T1w.nii.gz,,sub-1509,ses-01,192,192,144,1.1979166,1.1979166,1.2,4.850132942199707,,,,5308416,5252009,0.9893740430290316,0.0,727.0,80.10521383341117,19.0,98.57736761040363,16.0,0.1852362502188507,1.150546885921086,2.0,3.0,284.0,353.0,2.4869285274967527,0.6065
BGSP,/run/media/falconnier/Elements1/BIDS_datasets_selection/BGSP/sub-1512/ses-01/anat/sub-1512_ses-01_T1w.nii.gz,,sub-1512,ses-01,192,192,144,1.1979166,1.1979166,1.2,5.135334014892578,,,,5308416,5253207,0.9895997224030672,0.0,1007.0,100.65061742284284,48.0,108.00122294757297,44.0,-0.09107077426317689,0.8889085821180053,2.0,3.0,308.0,377.9400000004098,1.906799806412844,0.6593
BGSP,/run/media/falconnier/Elements1/BIDS_datasets_selection/BGSP/sub-1513/ses-01/anat/sub-1513_ses-01_T1w.nii.gz,,sub-1513,ses-01,192,192,144,1.1979166,1.1979166,1.2,4.903315544128418,,,,5308416,5251842,0.9893425835503472,0.0,741.0,80.70364131289556,22.0,95.99467269322747,19.0,0.013785469826224972,1.0675130356581526,2.0,3.0,277.0,339.0,2.4468843203617094,0.6194
BGSP,/run/media/falconnier/Elements1/BIDS_datasets_selection/BGSP/sub-1514/ses-01/anat/sub-1514_ses-01_T1w.nii.gz,,sub-1514,ses-01,192,192,144,1.1979166,1.1979166,1.2,4.390419960021973,,,,5308416,5242827,0.9876443368417246,0.0,596.0,59.94763245096586,11.0,78.14341140120311,9.0,0.41838922760253405,1.2431877247905934,1.0,2.0,225.0,280.0,2.7822688531353887,0.5822
BGSP,/run/media/falconnier/Elements1/BIDS_datasets_selection/BGSP/sub-1515/ses-01/anat/sub-1515_ses-01_T1w.nii.gz,,sub-1515,ses-01,192,192,144,1.1979166,1.1979166,1.2,4.8516082763671875,,,,5308416,5252050,0.9893817666136189,0.0,840.0,79.78747441475234,19.0,97.80671391577906,16.0,0.24331135189233644,1.1530739281704756,2.0,3.0,282.0,351.0,2.155101876552381,0.608
BGSP,/run/media/falconnier/Elements1/BIDS_datasets_selection/BGSP/sub-1516/ses-01/anat/sub-1516_ses-01_T1w.nii.gz,,sub-1516,ses-01,192,192,144,1.1979166,1.1979166,1.2,4.700421333312988,,,,5308416,5250166,0.9890268584828318,0.0,576.0,72.86199407790154,18.0,87.74574522077556,16.0,-0.02701052966359807,1.0727831670904162,1.0,2.0,252.0,307.0,3.0677650161858474,0.6143
BGSP,/run/media/falconnier/Elements1/BIDS_datasets_selection/BGSP/sub-1517/ses-01/anat/sub-1517_ses-01_T1w.nii.gz,,sub-1517,ses-01,192,192,144,1.1979166,1.1979166,1.2,4.948042869567871,,,,5308416,5231011,0.9854184374397184,0.0,721.0,87.361497614897,30.0,97.81754103001066,27.0,-0.20094074557397557,0.9387344802073179,2.0,3.0,278.0,345.0,2.540945712328197,0.6414
BGSP,/run/media/falconnier/Elements1/BIDS_datasets_selection/BGSP/sub-1518/ses-01/anat/sub-1518_ses-01_T1w.nii.gz,,sub-1518,ses-01,192,192,144,1.1979166,1.1979166,1.2,5.160950660705566,,,,5308416,5253517,0.9896581202377508,0.0,627.0,91.84157051361973,53.0,94.04862821018519,49.0,-0.573466646755374,0.7529065461109993,2.0,3.0,268.0,327.0,3.0107322069233047,0.677
BGSP,/run/media/falconnier/Elements1/BIDS_datasets_selection/BGSP/sub-1519/ses-01/anat/sub-1519_ses-01_T1w.nii.gz,,sub-1519,ses-01,192,192,144,1.1979166,1.1979166,1.2,4.578740119934082,,,,5308416,5250958,0.9891760555314429,0.0,526.0,73.80916434677253,12.0,96.46722140692128,9.0,0.2336055346116388,1.206380988931709,1.0,2.0,278.0,338.0,3.2668335284057477,0.5814
BGSP,/run/media/falconnier/Elements1/BIDS_datasets_selection/BGSP/sub-1523/ses-01/anat/sub-1523_ses-01_T1w.nii.gz,,sub-1523,ses-01,192,192,144,1.1979166,1.1979166,1.2,4.658026695251465,,,,5308416,5251248,0.9892306857638888,0.0,771.0,75.10050506089219,13.0,96.42854156231363,10.0,0.2621442392447375,1.1888883696796957,1.0,2.0,276.0,341.0,2.251691030571436,0.5887
BGSP,/run/media/falconnier/Elements1/BIDS_datasets_selection/BGSP/sub-1521/ses-01/anat/sub-1521_ses-01_T1w.nii.gz,,sub-1521,ses-01,192,192,144,1.1979166,1.1979166,1.2,4.952631950378418,,,,5308416,5252879,0.9895379337263696,0.0,910.0,84.28800377849937,21.0,102.57959248050528,18.0,0.1262699195934407,1.1284617625279587,2.0,3.0,295.0,362.0,2.0146321885313334,0.6112
BGSP,/run/media/falconnier/Elements1/BIDS_datasets_selection/BGSP/sub-1522/ses-01/anat/sub-1522_ses-01_T1w.nii.gz,,sub-1522,ses-01,192,192,144,1.1979166,1.1979166,1.2,4.654179573059082,,,,5308416,5250944,0.9891734182098766,0.0,696.0,75.05669913828828,14.0,94.04700949990979,12.0,0.15264646014329575,1.142356013948649,1.0,2.0,271.0,329.0,2.5068028402383136,0.5983
BGSP,/run/media/falconnier/Elements1/BIDS_datasets_selection/BGSP/sub-1520/ses-01/anat/sub-1520_ses-01_T1w.nii.gz,,sub-1520,ses-01,192,192,144,1.1979166,1.1979166,1.2,4.724471092224121,,,,5308416,5251152,0.9892126012731481,0.0,669.0,76.95233902960722,16.0,96.45537324141777,13.0,0.21297860151921322,1.1703085897899204,1.0,2.0,278.0,344.0,2.6550649215120856,0.5988
BGSP,/run/media/falconnier/Elements1/BIDS_datasets_selection/BGSP/sub-1524/ses-01/anat/sub-1524_ses-01_T1w.nii.gz,,sub-1524,ses-01,192,192,144,1.1979166,1.1979166,1.2,4.606048583984375,,,,5308416,5245714,0.9881881902247299,0.0,573.0,66.61149578493986,21.0,76.25076521387842,19.0,-0.10604709223567577,0.9845075806742298,1.0,2.0,217.0,272.0,3.0205913697257882,0.6335
BGSP,/run/media/falconnier/Elements1/BIDS_datasets_selection/BGSP/sub-1525/ses-01/anat/sub-1525_ses-01_T1w.nii.gz,,sub-1525,ses-01,192,192,144,1.1979166,1.1979166,1.2,4.853667259216309,,,,5308416,5252599,0.9894851872950424,0.0,773.0,82.63356483142917,19.0,101.52257801944752,16.0,0.19597974778148108,1.143696830218385,2.0,3.0,293.0,360.0,2.338482751959347,0.6069
BGSP,/run/media/falconnier/Elements1/BIDS_datasets_selection/BGSP/sub-1526/ses-01/anat/sub-1526_ses-01_T1w.nii.gz,,sub-1526,ses-01,192,192,144,1.1979166,1.1979166,1.2,4.9194135665893555,,,,5308416,5253553,0.9896649019217786,0.0,860.0,85.14575259828919,23.0,98.77033930139353,20.0,0.061225575234352014,1.0365527608745875,2.0,3.0,283.0,350.0,2.1384306286137456,0.6296
BGSP,/run/media/falconnier/Elements1/BIDS_datasets_selection/BGSP/sub-1527/ses-01/anat/sub-1527_ses-01_T1w.nii.gz,,sub-1527,ses-01,192,192,144,1.1979166,1.1979166,1.2,4.61079216003418,,,,5308416,5251495,0.9892772156515239,0.0,714.0,68.83416017724477,14.0,88.79248609145984,11.0,0.44822462051337864,1.2478743963225272,2.0,3.0,256.0,321.0,2.4221120901758835,0.5879
BGSP,/run/media/falconnier/Elements1/BIDS_datasets_selection/BGSP/sub-1529/ses-01/anat/sub-1529_ses-01_T1w.nii.gz,,sub-1529,ses-01,192,192,144,1.1979166,1.1979166,1.2,4.971539497375488,,,,5308416,5252025,0.9893770571108218,0.0,898.0,93.8213772782879,19.0,114.01815546694299,16.0,-0.04453528830125775,1.0682112546173372,2.0,3.0,328.0,396.0,2.0456771931585958,0.6104
BGSP,/run/media/falconnier/Elements1/BIDS_datasets_selection/BGSP/sub-1528/ses-01/anat/sub-1528_ses-01_T1w.nii.gz,,sub-1528,ses-01,192,192,144,1.1979166,1.1979166,1.2,4.835422515869141,,,,5308416,5251985,0.9893695219063464,0.0,887.0,86.21554745491467,17.0,108.22396009191812,14.0,0.09377632992561358,1.1404697901678105,2.0,3.0,310.0,379.0,2.0487494757159013,0.5979
BGSP,/run/media/falconnier/Elements1/BIDS_datasets_selection/BGSP/sub-1530/ses-01/anat/sub-1530_ses-01_T1w.nii.gz,,sub-1530,ses-01,192,192,144,1.1979166,1.1979166,1.2,4.925837516784668,,,,5308416,5253207,0.9895997224030672,0.0,909.0,93.52950131224603,17.0,115.90262838562178,13.0,0.17648547248150326,1.134739505546628,2.0,3.0,334.0,411.0,2.0125532727783533,0.6032
BGSP,/run/media/falconnier/Elements1/BIDS_datasets_selection/BGSP/sub-1532/ses-01/anat/sub-1532_ses-01_T1w.nii.gz,,sub-1532,ses-01,192,192,144,1.1979166,1.1979166,1.2,4.91152286529541,,,,5308416,5254584,0.9898591218171297,0.0,752.0,78.21209804620118,35.0,84.05903915898509,32.0,-0.0638387899284445,0.9309699495629132,2.0,3.0,243.0,301.0,2.4509326043144988,0.6596
BGSP,/run/media/falconnier/Elements1/BIDS_datasets_selection/BGSP/sub-1531/ses-01/anat/sub-1531_ses-01_T1w.nii.gz,,sub-1531,ses-01,192,192,144,1.1979166,1.1979166,1.2,5.032785415649414,,,,5308416,5253461,0.9896475709514854,0.0,846.0,94.1079221869164,34.0,104.29464438924889,31.0,-0.3075407410366613,0.9038516403563391,2.0,3.0,297.0,367.0,2.2201794844726703,0.6467
BGSP,/run/media/falconnier/Elements1/BIDS_datasets_selection/BGSP/sub-1535/ses-01/anat/sub-1535_ses-01_T1w.nii.gz,,sub-1535,ses-01,192,192,144,1.1979166,1.1979166,1.2,5.135894775390625,,,,5308416,5253039,0.9895680745442709,0.0,829.0,94.25383363801411,47.0,99.56183072658631,44.0,-0.3676297165586817,0.8434608472655386,2.0,3.0,286.0,348.0,2.302820290445013,0.6655
BGSP,/run/media/falconnier/Elements1/BIDS_datasets_selection/BGSP/sub-1533/ses-01/anat/sub-1533_ses-01_T1w.nii.gz,,sub-1533,ses-01,192,192,144,1.1979166,1.1979166,1.2,4.77390193939209,,,,5308416,5251837,0.9893416416497878,0.0,1380.0,75.43749187189168,17.0,94.11075950321793,14.0,0.7394054256776914,1.2356101818311596,2.0,3.0,274.0,335.0,1.2939456184378963,0.6013
BGSP,/run/media/falconnier/Elements1/BIDS_datasets_selection/BGSP/sub-1534/ses-01/anat/sub-1534_ses-01_T1w.nii.gz,,sub-1534,ses-01,192,192,144,1.1979166,1.1979166,1.2,4.592211723327637,,,,5308416,5250090,0.9890125415943287,0.0,814.0,70.71953928408847,12.0,92.13012135015316,9.0,0.4211977876857276,1.2461231731277846,1.0,2.0,267.0,332.0,2.119523951769832,0.5832
BGSP,/run/media/falconnier/Elements1/BIDS_datasets_selection/BGSP/sub-1536/ses-01/anat/sub-1536_ses-01_T1w.nii.gz,,sub-1536,ses-01,192,192,144,1.1979166,1.1979166,1.2,4.911762237548828,,,,5308416,5252428,0.9894529742959105,0.0,966.0,93.79434120753298,18.0,116.2500185564772,15.0,0.03812357762894347,1.1006994969486878,2.0,3.0,331.0,408.0,1.8964456205725715,0.6025
BGSP,/run/media/falconnier/Elements1/BIDS_datasets_selection/BGSP/sub-1537/ses-01/anat/sub-1537_ses-01_T1w.nii.gz,,sub-1537,ses-01,192,192,144,1.1979166,1.1979166,1.2,4.792571067810059,,,,5308416,5251326,0.9892453794126157,0.0,1129.0,79.47321400347265,16.0,100.1754916462736,13.0,0.6558795877079442,1.222161875547086,2.0,3.0,288.0,353.0,1.5875482603791071,0.5967
BGSP,/run/media/falconnier/Elements1/BIDS_datasets_selection/BGSP/sub-1538/ses-01/anat/sub-1538_ses-01_T1w.nii.gz,,sub-1538,ses-01,192,192,144,1.1979166,1.1979166,1.2,4.999781608581543,,,,5308416,5253096,0.9895788122106481,0.0,774.0,99.87132597614816,18.0,125.73769831800733,14.0,0.05917861364483734,1.1385288414542811,2.0,4.0,364.0,439.0,2.3992276082754658,0.5968
BGSP,/run/media/falconnier/Elements1/BIDS_datasets_selection/BGSP/sub-1539/ses-01/anat/sub-1539_ses-01_T1w.nii.gz,,sub-1539,ses-01,192,192,144,1.1979166,1.1979166,1.2,4.7308759689331055,,,,5308416,5251275,0.9892357720269097,0.0,661.0,74.08176566643338,18.0,93.6538095480158,15.0,0.3623596240026803,1.2218125527135184,2.0,3.0,270.0,337.0,2.678150038429644,0.596
BGSP,/run/media/falconnier/Elements1/BIDS_datasets_selection/BGSP/sub-1540/ses-01/anat/sub-1540_ses-01_T1w.nii.gz,,sub-1540,ses-01,192,192,144,1.1979166,1.1979166,1.2,4.854784965515137,,,,5308416,5252465,0.9894599443600501,0.0,667.0,83.12089999647785,20.0,100.99610846005871,17.0,-0.002545917173547352,1.0903084847125026,2.0,3.0,290.0,355.0,2.708036512568021,0.611
BGSP,/run/media/falconnier/Elements1/BIDS_datasets_selection/BGSP/sub-1541/ses-01/anat/sub-1541_ses-01_T1w.nii.gz,,sub-1541,ses-01,192,192,144,1.1979166,1.1979166,1.2,4.823073387145996,,,,5308416,5251877,0.9893491768542632,0.0,605.0,81.12115192339806,19.0,96.69900974526428,16.0,-0.09334085133923731,1.0403428847024407,2.0,3.0,272.0,344.0,2.9763144536959127,0.6184
BGSP,/run/media/falconnier/Elements1/BIDS_datasets_selection/BGSP/sub-1542/ses-01/anat/sub-1542_ses-01_T1w.nii.gz,,sub-1542,ses-01,192,192,144,1.1979166,1.1979166,1.2,5.0234270095825195,,,,5308416,5253413,0.989638528706115,0.0,778.0,86.41833946807533,37.0,94.52205793019425,33.0,0.06654793108593582,0.9941256486259691,2.0,3.0,275.0,340.0,2.424544105604309,0.6534
BGSP,/run/media/falconnier/Elements1/BIDS_datasets_selection/BGSP/sub-1543/ses-01/anat/sub-1543_ses-01_T1w.nii.gz,,sub-1543,ses-01,192,192,144,1.1979166,1.1979166,1.2,4.750288009643555,,,,5308416,5251991,0.9893706521870177,0.0,621.0,75.741341902528,17.0,94.94366258676537,14.0,0.24054571966282579,1.186177829884503,2.0,3.0,277.0,338.0,2.8702305190786657,0.5993
BGSP,/run/media/falconnier/Elements1/BIDS_datasets_selection/BGSP/sub-1545/ses-01/anat/sub-1545_ses-01_T1w.nii.gz,,sub-1545,ses-01,192,192,144,1.1979166,1.1979166,1.2,5.137019157409668,,,,5308416,5255134,0.9899627308786652,0.0,695.0,88.37822099303271,57.0,88.500981710557,53.0,-0.25577618850077277,0.7979853198690977,2.0,3.0,255.0,321.0,2.7133614817017397,0.6862
BGSP,/run/media/falconnier/Elements1/BIDS_datasets_selection/BGSP/sub-1548/ses-01/anat/sub-1548_ses-01_T1w.nii.gz,,sub-1548,ses-01,192,192,144,1.1979166,1.1979166,1.2,4.609048843383789,,,,5308416,5251785,0.9893318458839699,0.0,596.0,72.38757698572961,13.0,96.39975240127833,10.0,0.5341454664710872,1.3018591250105915,2.0,3.0,276.0,351.0,2.9214094373479167,0.5751
BGSP,/run/media/falconnier/Elements1/BIDS_datasets_selection/BGSP/sub-1549/ses-01/anat/sub-1549_ses-01_T1w.nii.gz,,sub-1549,ses-01,192,192,144,1.1979166,1.1979166,1.2,4.891623497009277,,,,5308416,5251782,0.9893312807436343,0.0,834.0,85.01198545560345,22.0,101.20499974206994,19.0,0.11052685700622256,1.0708612075213382,2.0,3.0,287.0,356.0,2.192951357909234,0.6189
BGSP,/run/media/falconnier/Elements1/BIDS_datasets_selection/BGSP/sub-1546/ses-01/anat/sub-1546_ses-01_T1w.nii.gz,,sub-1546,ses-01,192,192,144,1.1979166,1.1979166,1.2,4.891817092895508,,,,5308416,5251435,0.9892659128448109,0.0,856.0,82.67394816845301,24.0,96.92039108389905,21.0,-0.07442059997487016,1.0266893575087455,1.0,2.0,278.0,337.0,2.132080613909889,0.6249
BGSP,/run/media/falconnier/Elements1/BIDS_datasets_selection/BGSP/sub-1544/ses-01/anat/sub-1544_ses-01_T1w.nii.gz,,sub-1544,ses-01,192,192,144,1.1979166,1.1979166,1.2,4.967516899108887,,,,5308416,5252736,0.9895109953703703,0.0,776.0,85.34934517935034,32.0,94.21988999866099,29.0,-0.15743190844117416,0.9440962205775874,2.0,3.0,271.0,336.0,2.3909968754804174,0.6489
BGSP,/run/media/falconnier/Elements1/BIDS_datasets_selection/BGSP/sub-1549/ses-02/anat/sub-1549_ses-02_T1w.nii.gz,,sub-1549,ses-02,192,192,144,1.1979166,1.1979166,1.2,4.759280204772949,,,,5308416,5250423,0.9890752721715856,0.0,493.0,72.29632031552505,21.0,85.52895116364016,18.0,0.014830462290785107,1.0698541029284563,1.0,2.0,246.0,303.0,3.612047080706655,0.6217
BGSP,/run/media/falconnier/Elements1/BIDS_datasets_selection/BGSP/sub-1547/ses-01/anat/sub-1547_ses-01_T1w.nii.gz,,sub-1547,ses-01,192,192,144,1.1979166,1.1979166,1.2,4.638462066650391,,,,5308416,5250830,0.9891519428771219,0.0,840.0,71.34375022615473,13.0,92.46666152004694,10.0,0.38569072827575646,1.236896025432825,1.0,2.0,268.0,331.0,2.0691335220007114,0.5855
BGSP,/run/media/falconnier/Elements1/BIDS_datasets_selection/BGSP/sub-1550/ses-01/anat/sub-1550_ses-01_T1w.nii.gz,,sub-1550,ses-01,192,192,144,1.1979166,1.1979166,1.2,4.794872283935547,,,,5308416,5251801,0.98933485996576,0.0,775.0,77.13950166809443,21.0,91.19007368118788,18.0,0.015750925643621905,1.0521395481916072,2.0,3.0,261.0,320.0,2.3099615339504704,0.6219
BGSP,/run/media/falconnier/Elements1/BIDS_datasets_selection/BGSP/sub-1551/ses-01/anat/sub-1551_ses-01_T1w.nii.gz,,sub-1551,ses-01,192,192,144,1.1979166,1.1979166,1.2,5.035983085632324,,,,5308416,5253180,0.9895946361400463,0.0,1065.0,86.41132076190041,31.0,96.70171323649407,28.0,0.10510670354765317,0.9985035872296006,2.0,3.0,275.0,342.0,1.756485627084317,0.6439
BGSP,/run/media/falconnier/Elements1/BIDS_datasets_selection/BGSP/sub-1552/ses-01/anat/sub-1552_ses-01_T1w.nii.gz,,sub-1552,ses-01,192,192,144,1.1979166,1.1979166,1.2,4.940252304077148,,,,5308416,5252847,0.9895319055627894,0.0,907.0,86.60001519176173,22.0,99.87501059472791,19.0,-0.24167022071496236,0.9646078338382631,2.0,3.0,285.0,350.0,2.013948909301055,0.6311
BGSP,/run/media/falconnier/Elements1/BIDS_datasets_selection/BGSP/sub-1553/ses-01/anat/sub-1553_ses-01_T1w.nii.gz,,sub-1553,ses-01,192,192,144,1.1979166,1.1979166,1.2,4.752110481262207,,,,5308416,5251721,0.9893197895568094,0.0,1046.0,80.20215849242562,15.0,101.41946169961743,12.0,0.5384749723434448,1.2118385870209725,2.0,3.0,291.0,362.0,1.6994029049640873,0.5951
BGSP,/run/media/falconnier/Elements1/BIDS_datasets_selection/BGSP/sub-1556/ses-01/anat/sub-1556_ses-01_T1w.nii.gz,,sub-1556,ses-01,192,192,144,1.1979166,1.1979166,1.2,5.134125709533691,,,,5308416,5244484,0.9879564826871142,0.0,558.0,88.478157813047,77.0,80.73022203077522,68.0,-0.6673238727462465,0.6063947326309223,2.0,4.0,237.0,288.0,3.4173974419194533,0.7192
BGSP,/run/media/falconnier/Elements1/BIDS_datasets_selection/BGSP/sub-1554/ses-01/anat/sub-1554_ses-01_T1w.nii.gz,,sub-1554,ses-01,192,192,144,1.1979166,1.1979166,1.2,4.892447471618652,,,,5308416,5253085,0.9895767400294174,0.0,802.0,80.33180140812495,29.0,88.86014326391359,26.0,-0.15418218116837723,0.9359693632172887,2.0,3.0,253.0,313.0,2.281021848110709,0.6479
BGSP,/run/media/falconnier/Elements1/BIDS_datasets_selection/BGSP/sub-1558/ses-01/anat/sub-1558_ses-01_T1w.nii.gz,,sub-1558,ses-01,192,192,144,1.1979166,1.1979166,1.2,4.882206916809082,,,,5308416,5253390,0.9896341959635416,0.0,871.0,71.56870040107435,18.0,85.83303266851806,13.0,0.1934411467263839,1.1663347337327894,3.0,4.0,252.0,305.0,2.053767152790826,0.6191
BGSP,/run/media/falconnier/Elements1/BIDS_datasets_selection/BGSP/sub-1557/ses-01/anat/sub-1557_ses-01_T1w.nii.gz,,sub-1557,ses-01,192,192,144,1.1979166,1.1979166,1.2,4.894220352172852,,,,5308416,5253226,0.9896033016251929,0.0,863.0,84.52542742307298,25.0,95.98131918008208,22.0,-0.12053554210976314,0.9636868059979966,2.0,3.0,271.0,337.0,2.126932594693653,0.6375
BGSP,/run/media/falconnier/Elements1/BIDS_datasets_selection/BGSP/sub-1559/ses-01/anat/sub-1559_ses-01_T1w.nii.gz,,sub-1559,ses-01,192,192,144,1.1979166,1.1979166,1.2,5.1038618087768555,,,,5308416,5253590,0.9896718719859182,0.0,705.0,94.09968345455204,27.0,107.12453390426364,23.0,-0.2228814081237731,0.9740188624479372,2.0,4.0,303.0,374.0,2.672114857435294,0.6372
BGSP,/run/media/falconnier/Elements1/BIDS_datasets_selection/BGSP/sub-1560/ses-01/anat/sub-1560_ses-01_T1w.nii.gz,,sub-1560,ses-01,192,192,144,1.1979166,1.1979166,1.2,5.022810935974121,,,,5308416,5253479,0.9896509617934992,0.0,927.0,81.52590388197993,21.0,95.87319632322507,16.0,0.24467079376148648,1.1202809574513672,3.0,5.0,275.0,342.0,1.9726781657733867,0.6261
BGSP,/run/media/falconnier/Elements1/BIDS_datasets_selection/BGSP/sub-1555/ses-01/anat/sub-1555_ses-01_T1w.nii.gz,,sub-1555,ses-01,192,192,144,1.1979166,1.1979166,1.2,4.904589653015137,,,,5308416,5253263,0.9896102716893326,0.0,834.0,85.64646829979768,20.0,102.6001906710813,17.0,0.02205286642489357,1.0665098329633158,2.0,3.0,289.0,363.0,2.193985397129062,0.6168
BGSP,/run/media/falconnier/Elements1/BIDS_datasets_selection/BGSP/sub-1561/ses-01/anat/sub-1561_ses-01_T1w.nii.gz,,sub-1561,ses-01,192,192,144,1.1979166,1.1979166,1.2,4.809412002563477,,,,5308416,5250921,0.9891690854673032,0.0,588.0,78.99201701949049,22.0,93.30910862515226,20.0,-0.058293541587277176,1.047408991066252,1.0,2.0,270.0,325.0,3.069477553791135,0.6219
BGSP,/run/media/falconnier/Elements1/BIDS_datasets_selection/BGSP/sub-1562/ses-01/anat/sub-1562_ses-01_T1w.nii.gz,,sub-1562,ses-01,192,192,144,1.1979166,1.1979166,1.2,5.067594528198242,,,,5308416,5252801,0.9895232400776427,0.0,920.0,94.76158282028959,39.0,105.12500637274795,36.0,-0.1325474640574238,0.9472159782489129,2.0,3.0,304.0,367.0,2.0568888796507556,0.6466
BGSP,/run/media/falconnier/Elements1/BIDS_datasets_selection/BGSP/sub-1562/ses-02/anat/sub-1562_ses-02_T1w.nii.gz,,sub-1562,ses-02,192,192,144,1.1979166,1.1979166,1.2,5.084077835083008,,,,5308416,5253262,0.9896100833092207,0.0,790.0,91.97576324957711,37.0,101.93905984834778,34.0,-0.20548093985597227,0.9484981281386075,2.0,3.0,293.0,357.0,2.397079080861168,0.6475
BGSP,/run/media/falconnier/Elements1/BIDS_datasets_selection/BGSP/sub-1565/ses-01/anat/sub-1565_ses-01_T1w.nii.gz,,sub-1565,ses-01,192,192,144,1.1979166,1.1979166,1.2,4.780200958251953,,,,5308416,5250810,0.9891481752748843,0.0,545.0,76.40065951729352,21.0,89.59864810560138,18.0,-0.09370073471975138,1.033169746463626,1.0,2.0,260.0,313.0,3.2965455954067417,0.6249
BGSP,/run/media/falconnier/Elements1/BIDS_datasets_selection/BGSP/sub-1566/ses-01/anat/sub-1566_ses-01_T1w.nii.gz,,sub-1566,ses-01,192,192,144,1.1979166,1.1979166,1.2,4.992551803588867,,,,5308416,5252411,0.9894497718340085,0.0,653.0,94.12761606051012,24.0,109.32012522836737,21.0,-0.24968823781874683,0.9715861224539264,2.0,3.0,310.0,381.0,2.829278524768962,0.6282
BGSP,/run/media/falconnier/Elements1/BIDS_datasets_selection/BGSP/sub-1563/ses-01/anat/sub-1563_ses-01_T1w.nii.gz,,sub-1563,ses-01,192,192,144,1.1979166,1.1979166,1.2,4.962955474853516,,,,5308416,5252948,0.9895509319540895,0.0,663.0,80.39049368088168,37.0,85.20856432837125,34.0,-0.2869928395037076,0.8772338902734007,2.0,3.0,244.0,299.0,2.80154826339871,0.6648
BGSP,/run/media/falconnier/Elements1/BIDS_datasets_selection/BGSP/sub-1564/ses-01/anat/sub-1564_ses-01_T1w.nii.gz,,sub-1564,ses-01,192,192,144,1.1979166,1.1979166,1.2,4.270074844360352,,,,5308416,5245457,0.9881397765359761,0.0,495.0,53.52868739558822,10.0,73.37208810315887,8.0,0.7647813657302893,1.3794463556833376,1.0,2.0,211.0,269.0,3.287082901234704,0.5635
BGSP,/run/media/falconnier/Elements1/BIDS_datasets_selection/BGSP/sub-1568/ses-01/anat/sub-1568_ses-01_T1w.nii.gz,,sub-1568,ses-01,192,192,144,1.1979166,1.1979166,1.2,5.122246742248535,,,,5308416,5254385,0.989821634174865,0.0,766.0,90.11595172413136,40.0,96.43802524620384,36.0,-0.18336938670484582,0.9077298395314073,2.0,3.0,273.0,344.0,2.4850742830716133,0.6614
BGSP,/run/media/falconnier/Elements1/BIDS_datasets_selection/BGSP/sub-1567/ses-01/anat/sub-1567_ses-01_T1w.nii.gz,,sub-1567,ses-01,192,192,144,1.1979166,1.1979166,1.2,5.14918327331543,,,,5308416,5253286,0.9896146044319059,0.0,947.0,96.91896024697685,41.0,104.49118700147844,37.0,-0.29914949443395367,0.888102769115352,2.0,4.0,303.0,365.0,2.0097899253351414,0.6579
BGSP,/run/media/falconnier/Elements1/BIDS_datasets_selection/BGSP/sub-1569/ses-01/anat/sub-1569_ses-01_T1w.nii.gz,,sub-1569,ses-01,192,192,144,1.1979166,1.1979166,1.2,4.917868614196777,,,,5308416,5253214,0.9896010410638503,0.0,817.0,85.09897540819773,25.0,97.43042467780236,22.0,-0.04870187491062916,1.0013150716899664,2.0,3.0,276.0,347.0,2.261185465758158,0.6347
BGSP,/run/media/falconnier/Elements1/BIDS_datasets_selection/BGSP/sub-1570/ses-01/anat/sub-1570_ses-01_T1w.nii.gz,,sub-1570,ses-01,192,192,144,1.1979166,1.1979166,1.2,4.908336639404297,,,,5308416,5252407,0.9894490183135609,0.0,659.0,85.6289074704226,19.0,103.27945716375741,16.0,-0.06499829601554241,1.0670715870606882,2.0,3.0,297.0,362.0,2.7530498239535564,0.6138
