dataset,path,error,tesla,manufacturer,model,subject,session,dim_x,dim_y,dim_z,voxel_x_mm,voxel_y_mm,voxel_z_mm,file_size_mb,n_voxels,n_nonzero,nonzero_frac,min,max,mean,median,std,mad,kurtosis,skewness,p01,p05,p95,p99,entropy,efc
QTIM,/run/media/falconnier/Elements/BIDS_datasets_selection/QTIM/sub-0002/ses-01/anat/sub-0002_ses-01_T1w_defacemask.nii.gz,,,,,sub-0002,ses-01,256,256,256,0.9375,0.9,0.9375,0.16933441162109375,16777216,14933109,0.8900826573371887,0.0,1.0,1.0,1.0,0.0,0.0,,,1.0,1.0,1.0,1.0,-2048.0,
QTIM,/run/media/falconnier/Elements/BIDS_datasets_selection/QTIM/sub-0001/ses-01/anat/sub-0001_ses-01_T1w_defacemask.nii.gz,,,,,sub-0001,ses-01,256,256,256,0.9375,0.9,0.9375,0.19414329528808594,16777216,14939838,0.8904837369918823,0.0,1.0,1.0,1.0,0.0,0.0,,,1.0,1.0,1.0,1.0,-2048.0,
QTIM,/run/media/falconnier/Elements/BIDS_datasets_selection/QTIM/sub-0002/ses-02/anat/sub-0002_ses-02_T1w_defacemask.nii.gz,,,,,sub-0002,ses-02,256,256,256,0.9375,0.9,0.9375,0.185211181640625,16777216,15040074,0.8964582681655884,0.0,1.0,1.0,1.0,0.0,0.0,,,1.0,1.0,1.0,1.0,-2048.0,
QTIM,/run/media/falconnier/Elements/BIDS_datasets_selection/QTIM/sub-0002/ses-01/anat/sub-0002_ses-01_T1w.nii.gz,,,,,sub-0002,ses-01,256,256,256,0.9375,0.9,0.9375,9.821227073669434,16777216,13474562,0.803146481513977,0.0,332.0,10.139937535631956,3.0,15.213433790367576,2.0,5.746402406291084,2.2575016107481125,1.0,1.0,46.0,64.0,3.0344288842727036,
QTIM,/run/media/falconnier/Elements/BIDS_datasets_selection/QTIM/sub-0001/ses-01/anat/sub-0001_ses-01_T1w.nii.gz,,,,,sub-0001,ses-01,256,256,256,0.9375,0.9,0.9375,10.444962501525879,16777216,13847856,0.8253965377807617,0.0,313.0,12.285601684477365,4.0,17.993232944597935,3.0,5.444604521727065,2.206522364656465,1.0,1.0,54.0,74.0,3.536600113079948,
QTIM,/run/media/falconnier/Elements/BIDS_datasets_selection/QTIM/sub-0002/ses-02/anat/sub-0002_ses-02_T1w.nii.gz,,,,,sub-0002,ses-02,256,256,256,0.9375,0.9,0.9375,10.894303321838379,16777216,14064642,0.8383179903030396,0.0,405.0,13.407503653487945,4.0,19.942003164959196,2.0,5.054553401372205,2.1499677813004037,1.0,1.0,60.0,83.0,2.790133871784426,
QTIM,/run/media/falconnier/Elements/BIDS_datasets_selection/QTIM/sub-0003/ses-01/anat/sub-0003_ses-01_T1w_defacemask.nii.gz,,,,,sub-0003,ses-01,240,256,256,0.9,0.9375,0.9375,0.17147064208984375,15728640,13774448,0.8757558186848958,0.0,1.0,1.0,1.0,0.0,0.0,,,1.0,1.0,1.0,1.0,-2048.0,
QTIM,/run/media/falconnier/Elements/BIDS_datasets_selection/QTIM/sub-0003/ses-01/anat/sub-0003_ses-01_T1w.nii.gz,,,,,sub-0003,ses-01,240,256,256,0.9,0.9375,0.9375,14.358634948730469,15728640,13613977,0.865553347269694,0.0,1203.0,50.82706486135535,15.0,74.33628566201874,9.0,4.682864980950115,2.1463919673197247,1.0,3.0,225.0,312.0,1.4145049742503573,
QTIM,/run/media/falconnier/Elements/BIDS_datasets_selection/QTIM/sub-0004/ses-01/anat/sub-0004_ses-01_T1w_defacemask.nii.gz,,,,,sub-0004,ses-01,256,256,256,0.9375,0.9,0.9375,0.16538524627685547,16777216,15114832,0.900914192199707,0.0,1.0,1.0,1.0,0.0,0.0,,,1.0,1.0,1.0,1.0,-2048.0,
QTIM,/run/media/falconnier/Elements/BIDS_datasets_selection/QTIM/sub-0005/ses-01/anat/sub-0005_ses-01_T1w_defacemask.nii.gz,,,,,sub-0005,ses-01,256,256,256,0.9375,0.9,0.9375,0.17580604553222656,16777216,14827311,0.8837766051292419,0.0,1.0,1.0,1.0,0.0,0.0,,,1.0,1.0,1.0,1.0,-2048.0,
QTIM,/run/media/falconnier/Elements/BIDS_datasets_selection/QTIM/sub-0004/ses-01/anat/sub-0004_ses-01_T1w.nii.gz,,,,,sub-0004,ses-01,256,256,256,0.9375,0.9,0.9375,11.001782417297363,16777216,14199846,0.8463767766952515,0.0,345.0,13.27198175247816,4.0,18.97463242827898,3.0,5.701192078829514,2.194311308643996,1.0,1.0,58.0,78.0,3.3335329154981372,
QTIM,/run/media/falconnier/Elements/BIDS_datasets_selection/QTIM/sub-0005/ses-01/anat/sub-0005_ses-01_T1w.nii.gz,,,,,sub-0005,ses-01,256,256,256,0.9375,0.9,0.9375,11.392476081848145,16777216,14090372,0.8398516178131104,0.0,364.0,16.153943983877785,5.0,22.509161868434646,3.0,3.6533081085124124,1.913023953028303,1.0,1.0,68.0,89.0,3.3830513797329345,
QTIM,/run/media/falconnier/Elements/BIDS_datasets_selection/QTIM/sub-0008/ses-01/anat/sub-0008_ses-01_T1w.nii.gz,,,,,sub-0008,ses-01,256,256,256,0.9375,0.9,0.9375,9.624683380126953,16777216,13176810,0.7853990793228149,0.0,285.0,10.067209514290637,3.0,15.039670049803256,2.0,5.6300694830794615,2.205598335629025,1.0,1.0,45.0,62.0,3.361979606756543,
QTIM,/run/media/falconnier/Elements/BIDS_datasets_selection/QTIM/sub-0008/ses-01/anat/sub-0008_ses-01_T1w_defacemask.nii.gz,,,,,sub-0008,ses-01,256,256,256,0.9375,0.9,0.9375,0.1697092056274414,16777216,14864935,0.8860191702842712,0.0,1.0,1.0,1.0,0.0,0.0,,,1.0,1.0,1.0,1.0,-2048.0,
QTIM,/run/media/falconnier/Elements/BIDS_datasets_selection/QTIM/sub-0009/ses-01/anat/sub-0009_ses-01_T1w_defacemask.nii.gz,,,,,sub-0009,ses-01,256,256,256,0.9375,0.9,0.9375,0.166259765625,16777216,15070044,0.8982446193695068,0.0,1.0,1.0,1.0,0.0,0.0,,,1.0,1.0,1.0,1.0,-2048.0,
QTIM,/run/media/falconnier/Elements/BIDS_datasets_selection/QTIM/sub-0009/ses-01/anat/sub-0009_ses-01_T1w.nii.gz,,,,,sub-0009,ses-01,256,256,256,0.9375,0.9,0.9375,10.435179710388184,16777216,13824472,0.824002742767334,0.0,376.0,12.600503368229905,3.0,20.214917402822802,2.0,6.791379201370363,2.395375365065324,1.0,1.0,60.0,84.0,2.865282846823571,
QTIM,/run/media/falconnier/Elements/BIDS_datasets_selection/QTIM/sub-0012/ses-01/anat/sub-0012_ses-01_T1w.nii.gz,,,,,sub-0012,ses-01,256,256,256,0.9375,0.9,0.9375,10.0613374710083,16777216,13460789,0.8023255467414856,0.0,325.0,11.179618891582061,3.0,17.000061962622624,2.0,6.5764835134970525,2.3261235207689848,1.0,1.0,50.0,71.0,3.1664086068398354,
QTIM,/run/media/falconnier/Elements/BIDS_datasets_selection/QTIM/sub-0012/ses-01/anat/sub-0012_ses-01_T1w_defacemask.nii.gz,,,,,sub-0012,ses-01,256,256,256,0.9375,0.9,0.9375,0.1854228973388672,16777216,14961773,0.8917911648750305,0.0,1.0,1.0,1.0,0.0,0.0,,,1.0,1.0,1.0,1.0,-2048.0,
QTIM,/run/media/falconnier/Elements/BIDS_datasets_selection/QTIM/sub-0013/ses-01/anat/sub-0013_ses-01_T1w.nii.gz,,,,,sub-0013,ses-01,240,256,256,0.9,0.9375,0.9375,13.87830638885498,15728640,13541170,0.8609244028727213,0.0,1386.0,47.82189138752412,12.0,76.22827044919323,7.0,4.858798413934646,2.2262266165106,1.0,3.0,233.0,319.0,1.174390226045467,
QTIM,/run/media/falconnier/Elements/BIDS_datasets_selection/QTIM/sub-0013/ses-01/anat/sub-0013_ses-01_T1w_defacemask.nii.gz,,,,,sub-0013,ses-01,240,256,256,0.9,0.9375,0.9375,0.18333148956298828,15728640,13726300,0.8726946512858073,0.0,1.0,1.0,1.0,0.0,0.0,,,1.0,1.0,1.0,1.0,-2048.0,
QTIM,/run/media/falconnier/Elements/BIDS_datasets_selection/QTIM/sub-0015/ses-01/anat/sub-0015_ses-01_T1w.nii.gz,,,,,sub-0015,ses-01,256,256,256,0.9375,0.9,0.9375,10.161643981933594,16777216,13511129,0.8053260445594788,0.0,279.0,11.08038773073664,3.0,15.737759399638124,2.0,6.925082377075691,2.2807456928853687,1.0,1.0,47.0,65.0,3.791481322676761,
QTIM,/run/media/falconnier/Elements/BIDS_datasets_selection/QTIM/sub-0017/ses-01/anat/sub-0017_ses-01_T1w_defacemask.nii.gz,,,,,sub-0017,ses-01,240,256,256,0.9,0.9375,0.9375,0.17894458770751953,15728640,13666665,0.8689031600952148,0.0,1.0,1.0,1.0,0.0,0.0,,,1.0,1.0,1.0,1.0,-2048.0,
QTIM,/run/media/falconnier/Elements/BIDS_datasets_selection/QTIM/sub-0015/ses-01/anat/sub-0015_ses-01_T1w_defacemask.nii.gz,,,,,sub-0015,ses-01,256,256,256,0.9375,0.9,0.9375,0.1820220947265625,16777216,14672203,0.8745314478874207,0.0,1.0,1.0,1.0,0.0,0.0,,,1.0,1.0,1.0,1.0,-2048.0,
QTIM,/run/media/falconnier/Elements/BIDS_datasets_selection/QTIM/sub-0017/ses-01/anat/sub-0017_ses-01_T1w.nii.gz,,,,,sub-0017,ses-01,240,256,256,0.9,0.9375,0.9375,14.690140724182129,15728640,13518358,0.8594740549723308,0.0,1387.0,55.131541863294345,18.0,77.12696884943071,11.0,4.658111982201112,2.094382154589058,2.0,4.0,234.0,322.0,1.263733788689108,
QTIM,/run/media/falconnier/Elements/BIDS_datasets_selection/QTIM/sub-0019/ses-01/anat/sub-0019_ses-01_T1w.nii.gz,,,,,sub-0019,ses-01,256,256,256,0.9375,0.9,0.9375,10.40375804901123,16777216,13807068,0.8229653835296631,0.0,351.0,12.062538983656776,4.0,18.010060510255517,3.0,4.7265344329328585,2.1878241119699897,1.0,1.0,56.0,76.0,3.1509556927905575,
QTIM,/run/media/falconnier/Elements/BIDS_datasets_selection/QTIM/sub-0019/ses-01/anat/sub-0019_ses-01_T1w_defacemask.nii.gz,,,,,sub-0019,ses-01,256,256,256,0.9375,0.9,0.9375,0.18367481231689453,16777216,14912754,0.8888694047927856,0.0,1.0,1.0,1.0,0.0,0.0,,,1.0,1.0,1.0,1.0,-2048.0,
QTIM,/run/media/falconnier/Elements/BIDS_datasets_selection/QTIM/sub-0021/ses-01/anat/sub-0021_ses-01_T1w_defacemask.nii.gz,,,,,sub-0021,ses-01,240,256,256,0.9,0.9375,0.9375,0.1808176040649414,15728640,13573769,0.8629969914754232,0.0,1.0,1.0,1.0,0.0,0.0,,,1.0,1.0,1.0,1.0,-2048.0,
QTIM,/run/media/falconnier/Elements/BIDS_datasets_selection/QTIM/sub-0020/ses-01/anat/sub-0020_ses-01_T1w_defacemask.nii.gz,,,,,sub-0020,ses-01,256,256,256,0.9375,0.9,0.9375,0.18137264251708984,16777216,14856533,0.8855183720588684,0.0,1.0,1.0,1.0,0.0,0.0,,,1.0,1.0,1.0,1.0,-2048.0,
QTIM,/run/media/falconnier/Elements/BIDS_datasets_selection/QTIM/sub-0020/ses-01/anat/sub-0020_ses-01_T1w.nii.gz,,,,,sub-0020,ses-01,256,256,256,0.9375,0.9,0.9375,10.971407890319824,16777216,14023390,0.8358591794967651,0.0,311.0,13.847056453539409,4.0,19.496167564444033,3.0,5.204538987411565,2.124340998096783,1.0,1.0,59.0,80.0,3.791553729707318,
QTIM,/run/media/falconnier/Elements/BIDS_datasets_selection/QTIM/sub-0021/ses-01/anat/sub-0021_ses-01_T1w.nii.gz,,,,,sub-0021,ses-01,240,256,256,0.9,0.9375,0.9375,14.171764373779297,15728640,13414060,0.8528429667154948,0.0,1118.0,54.2701150881985,16.0,74.72981738314022,10.0,3.300253641162521,1.8684548131112002,1.0,3.0,224.0,296.0,1.5431622169457475,
QTIM,/run/media/falconnier/Elements/BIDS_datasets_selection/QTIM/sub-0022/ses-01/anat/sub-0022_ses-01_T1w_defacemask.nii.gz,,,,,sub-0022,ses-01,240,256,256,0.9,0.9375,0.9375,0.17430686950683594,15728640,13766340,0.8752403259277344,0.0,1.0,1.0,1.0,0.0,0.0,,,1.0,1.0,1.0,1.0,-2048.0,
QTIM,/run/media/falconnier/Elements/BIDS_datasets_selection/QTIM/sub-0022/ses-01/anat/sub-0022_ses-01_T1w.nii.gz,,,,,sub-0022,ses-01,240,256,256,0.9,0.9375,0.9375,14.111869812011719,15728640,13590056,0.864032491048177,0.0,1182.0,48.94696578145079,13.0,74.59559953446637,8.0,5.171090750056715,2.219771240849786,1.0,3.0,223.0,313.0,1.4069883701944703,
QTIM,/run/media/falconnier/Elements/BIDS_datasets_selection/QTIM/sub-0025/ses-01/anat/sub-0025_ses-01_T1w_defacemask.nii.gz,,,,,sub-0025,ses-01,240,256,256,0.9,0.9375,0.9375,0.1943206787109375,15728640,13665320,0.8688176472981771,0.0,1.0,1.0,1.0,0.0,0.0,,,1.0,1.0,1.0,1.0,-2048.0,
QTIM,/run/media/falconnier/Elements/BIDS_datasets_selection/QTIM/sub-0023/ses-01/anat/sub-0023_ses-01_T1w_defacemask.nii.gz,,,,,sub-0023,ses-01,256,256,256,0.9375,0.9,0.9375,0.15979862213134766,16777216,15017700,0.8951246738433838,0.0,1.0,1.0,1.0,0.0,0.0,,,1.0,1.0,1.0,1.0,-2048.0,
QTIM,/run/media/falconnier/Elements/BIDS_datasets_selection/QTIM/sub-0023/ses-01/anat/sub-0023_ses-01_T1w.nii.gz,,,,,sub-0023,ses-01,256,256,256,0.9375,0.9,0.9375,9.104790687561035,16777216,12864195,0.7667657732963562,0.0,328.0,8.633462101592832,2.0,13.438822955299024,1.0,6.4153322030073525,2.3654393372056033,1.0,1.0,40.0,57.0,2.7401727489371597,
QTIM,/run/media/falconnier/Elements/BIDS_datasets_selection/QTIM/sub-0025/ses-01/anat/sub-0025_ses-01_T1w.nii.gz,,,,,sub-0025,ses-01,240,256,256,0.9,0.9375,0.9375,14.04560375213623,15728640,13490200,0.8576838175455729,0.0,1523.0,48.33895783605877,13.0,70.55665921088155,8.0,4.567157446946594,2.051566267568416,1.0,3.0,215.0,288.0,1.0972894234429846,
QTIM,/run/media/falconnier/Elements/BIDS_datasets_selection/QTIM/sub-0026/ses-01/anat/sub-0026_ses-01_T1w.nii.gz,,,,,sub-0026,ses-01,256,256,256,0.9375,0.9,0.9375,10.284497261047363,16777216,13731644,0.818469762802124,0.0,323.0,11.521323448233876,3.0,16.80220038405724,2.0,5.378590443564779,2.1566960854057546,1.0,1.0,50.0,69.0,3.298997080416342,
QTIM,/run/media/falconnier/Elements/BIDS_datasets_selection/QTIM/sub-0026/ses-01/anat/sub-0026_ses-01_T1w_defacemask.nii.gz,,,,,sub-0026,ses-01,256,256,256,0.9375,0.9,0.9375,0.16930675506591797,16777216,14947793,0.8909578919410706,0.0,1.0,1.0,1.0,0.0,0.0,,,1.0,1.0,1.0,1.0,-2048.0,
QTIM,/run/media/falconnier/Elements/BIDS_datasets_selection/QTIM/sub-0027/ses-01/anat/sub-0027_ses-01_T1w.nii.gz,,,,,sub-0027,ses-01,256,256,256,0.9375,0.9,0.9375,11.298272132873535,16777216,14141449,0.842896044254303,0.0,300.0,14.593178110673101,4.0,20.97133519530297,2.0,5.286081204176687,2.1206797877156705,1.0,1.0,63.0,84.0,3.931411851540935,
QTIM,/run/media/falconnier/Elements/BIDS_datasets_selection/QTIM/sub-0027/ses-01/anat/sub-0027_ses-01_T1w_defacemask.nii.gz,,,,,sub-0027,ses-01,256,256,256,0.9375,0.9,0.9375,0.18740081787109375,16777216,14969364,0.8922436237335205,0.0,1.0,1.0,1.0,0.0,0.0,,,1.0,1.0,1.0,1.0,-2048.0,
QTIM,/run/media/falconnier/Elements/BIDS_datasets_selection/QTIM/sub-0028/ses-01/anat/sub-0028_ses-01_T1w_defacemask.nii.gz,,,,,sub-0028,ses-01,256,256,256,0.9375,0.9,0.9375,0.19876670837402344,16777216,14902187,0.8882395625114441,0.0,1.0,1.0,1.0,0.0,0.0,,,1.0,1.0,1.0,1.0,-2048.0,
QTIM,/run/media/falconnier/Elements/BIDS_datasets_selection/QTIM/sub-0028/ses-01/anat/sub-0028_ses-01_T1w.nii.gz,,,,,sub-0028,ses-01,256,256,256,0.9375,0.9,0.9375,10.435535430908203,16777216,13804340,0.8228027820587158,0.0,314.0,12.136896946902207,4.0,17.53109622982783,3.0,4.754844560812794,2.1193254860483193,1.0,1.0,53.0,72.0,3.5149642257265206,
QTIM,/run/media/falconnier/Elements/BIDS_datasets_selection/QTIM/sub-0029/ses-01/anat/sub-0029_ses-01_T1w_defacemask.nii.gz,,,,,sub-0029,ses-01,256,256,256,0.9375,0.9,0.9375,0.18242931365966797,16777216,14718828,0.8773105144500732,0.0,1.0,1.0,1.0,0.0,0.0,,,1.0,1.0,1.0,1.0,-2048.0,
QTIM,/run/media/falconnier/Elements/BIDS_datasets_selection/QTIM/sub-0029/ses-01/anat/sub-0029_ses-01_T1w.nii.gz,,,,,sub-0029,ses-01,256,256,256,0.9375,0.9,0.9375,11.356682777404785,16777216,14037607,0.8367065787315369,0.0,355.0,15.349215005093104,5.0,21.175950471389793,3.0,5.547761633122201,2.127161055488881,1.0,1.0,64.0,85.0,3.4741387931989025,
QTIM,/run/media/falconnier/Elements/BIDS_datasets_selection/QTIM/sub-0030/ses-01/anat/sub-0030_ses-01_T1w_defacemask.nii.gz,,,,,sub-0030,ses-01,256,256,256,0.9375,0.9,0.9375,0.17111587524414062,16777216,14926362,0.8896805047988892,0.0,1.0,1.0,1.0,0.0,0.0,,,1.0,1.0,1.0,1.0,-2048.0,
QTIM,/run/media/falconnier/Elements/BIDS_datasets_selection/QTIM/sub-0031/ses-01/anat/sub-0031_ses-01_T1w_defacemask.nii.gz,,,,,sub-0031,ses-01,240,256,256,0.9,0.9375,0.9375,0.18851089477539062,15728640,13761712,0.8749460856119792,0.0,1.0,1.0,1.0,0.0,0.0,,,1.0,1.0,1.0,1.0,-2048.0,
QTIM,/run/media/falconnier/Elements/BIDS_datasets_selection/QTIM/sub-0031/ses-01/anat/sub-0031_ses-01_T1w.nii.gz,,,,,sub-0031,ses-01,240,256,256,0.9,0.9375,0.9375,14.162014961242676,15728640,13598564,0.8645734151204427,0.0,1234.0,50.808008257342465,14.0,74.86730679853794,8.0,4.101542292163803,2.054979520002183,1.0,3.0,229.0,311.0,1.3655279229178734,
QTIM,/run/media/falconnier/Elements/BIDS_datasets_selection/QTIM/sub-0030/ses-01/anat/sub-0030_ses-01_T1w.nii.gz,,,,,sub-0030,ses-01,256,256,256,0.9375,0.9,0.9375,11.01806354522705,16777216,14105772,0.8407695293426514,0.0,338.0,14.029534292770364,4.0,20.519698097301028,2.0,4.488958708830123,2.104397453063098,1.0,1.0,63.0,85.0,3.4718669749477544,
QTIM,/run/media/falconnier/Elements/BIDS_datasets_selection/QTIM/sub-0032/ses-01/anat/sub-0032_ses-01_T1w.nii.gz,,,,,sub-0032,ses-01,256,256,256,0.9375,0.9,0.9375,9.302872657775879,16777216,12841064,0.7653870582580566,0.0,263.0,9.12032787937199,2.0,13.865316244130904,1.0,7.5306246281695195,2.4321739417685704,1.0,1.0,41.0,58.0,3.4111207442215425,
QTIM,/run/media/falconnier/Elements/BIDS_datasets_selection/QTIM/sub-0032/ses-01/anat/sub-0032_ses-01_T1w_defacemask.nii.gz,,,,,sub-0032,ses-01,256,256,256,0.9375,0.9,0.9375,0.19703197479248047,16777216,14745968,0.8789281845092773,0.0,1.0,1.0,1.0,0.0,0.0,,,1.0,1.0,1.0,1.0,-2048.0,
QTIM,/run/media/falconnier/Elements/BIDS_datasets_selection/QTIM/sub-0033/ses-01/anat/sub-0033_ses-01_T1w_defacemask.nii.gz,,,,,sub-0033,ses-01,256,256,256,0.9375,0.9,0.9375,0.19538021087646484,16777216,14893124,0.8876993656158447,0.0,1.0,1.0,1.0,0.0,0.0,,,1.0,1.0,1.0,1.0,-2048.0,
QTIM,/run/media/falconnier/Elements/BIDS_datasets_selection/QTIM/sub-0033/ses-01/anat/sub-0033_ses-01_T1w.nii.gz,,,,,sub-0033,ses-01,256,256,256,0.9375,0.9,0.9375,9.84044361114502,16777216,13549324,0.8076026439666748,0.0,242.0,10.334687915057607,3.0,14.901611788172378,2.0,4.306456062974069,2.0813102215774246,1.0,1.0,46.0,62.0,4.434274809825342,
QTIM,/run/media/falconnier/Elements/BIDS_datasets_selection/QTIM/sub-0034/ses-01/anat/sub-0034_ses-01_T1w_defacemask.nii.gz,,,,,sub-0034,ses-01,256,256,256,0.9375,0.9,0.9375,0.1773672103881836,16777216,15032648,0.8960156440734863,0.0,1.0,1.0,1.0,0.0,0.0,,,1.0,1.0,1.0,1.0,-2048.0,
QTIM,/run/media/falconnier/Elements/BIDS_datasets_selection/QTIM/sub-0034/ses-01/anat/sub-0034_ses-01_T1w.nii.gz,,,,,sub-0034,ses-01,256,256,256,0.9375,0.9,0.9375,9.977554321289062,16777216,13675066,0.815097451210022,0.0,267.0,10.268839872509574,3.0,15.352693214521398,2.0,5.68336966108447,2.2582340584118503,1.0,1.0,46.0,65.0,3.684769410354215,
QTIM,/run/media/falconnier/Elements/BIDS_datasets_selection/QTIM/sub-0035/ses-01/anat/sub-0035_ses-01_T1w_defacemask.nii.gz,,,,,sub-0035,ses-01,256,256,256,0.9375,0.9,0.9375,0.1809072494506836,16777216,15040760,0.8964991569519043,0.0,1.0,1.0,1.0,0.0,0.0,,,1.0,1.0,1.0,1.0,-2048.0,
QTIM,/run/media/falconnier/Elements/BIDS_datasets_selection/QTIM/sub-0035/ses-01/anat/sub-0035_ses-01_T1w.nii.gz,,,,,sub-0035,ses-01,256,256,256,0.9375,0.9,0.9375,11.50496768951416,16777216,14227242,0.8480097055435181,0.0,432.0,15.738786688242177,5.0,22.96953024522879,3.0,4.788709646422033,2.06608279421264,1.0,1.0,69.0,91.0,2.8068533118791255,
QTIM,/run/media/falconnier/Elements/BIDS_datasets_selection/QTIM/sub-0037/ses-01/anat/sub-0037_ses-01_T1w.nii.gz,,,,,sub-0037,ses-01,256,256,256,0.9375,0.9,0.9375,11.171947479248047,16777216,14256587,0.8497588038444519,0.0,380.0,13.73715847979604,5.0,19.397366919874607,3.0,5.2276409411165226,2.1941204088438537,1.0,1.0,59.0,82.0,3.1786353488768735,
QTIM,/run/media/falconnier/Elements/BIDS_datasets_selection/QTIM/sub-0037/ses-01/anat/sub-0037_ses-01_T1w_defacemask.nii.gz,,,,,sub-0037,ses-01,256,256,256,0.9375,0.9,0.9375,0.17442607879638672,16777216,15105517,0.9003589749336243,0.0,1.0,1.0,1.0,0.0,0.0,,,1.0,1.0,1.0,1.0,-2048.0,
QTIM,/run/media/falconnier/Elements/BIDS_datasets_selection/QTIM/sub-0039/ses-01/anat/sub-0039_ses-01_T1w_defacemask.nii.gz,,,,,sub-0039,ses-01,256,256,256,0.9375,0.9,0.9375,0.17615032196044922,16777216,15018233,0.8951564431190491,0.0,1.0,1.0,1.0,0.0,0.0,,,1.0,1.0,1.0,1.0,-2048.0,
QTIM,/run/media/falconnier/Elements/BIDS_datasets_selection/QTIM/sub-0039/ses-01/anat/sub-0039_ses-01_T1w.nii.gz,,,,,sub-0039,ses-01,256,256,256,0.9375,0.9,0.9375,11.406664848327637,16777216,14132988,0.8423917293548584,0.0,359.0,15.851714938129149,4.0,22.953779100929122,3.0,4.37623636964758,2.0079331766943556,1.0,1.0,68.0,90.0,3.3260053941279684,
QTIM,/run/media/falconnier/Elements/BIDS_datasets_selection/QTIM/sub-0040/ses-01/anat/sub-0040_ses-01_T1w_defacemask.nii.gz,,,,,sub-0040,ses-01,256,256,256,0.9375,0.9,0.9375,0.18808364868164062,16777216,15052760,0.897214412689209,0.0,1.0,1.0,1.0,0.0,0.0,,,1.0,1.0,1.0,1.0,-2048.0,
QTIM,/run/media/falconnier/Elements/BIDS_datasets_selection/QTIM/sub-0040/ses-01/anat/sub-0040_ses-01_T1w.nii.gz,,,,,sub-0040,ses-01,256,256,256,0.9375,0.9,0.9375,11.240076065063477,16777216,14147096,0.8432326316833496,0.0,466.0,14.283331151495686,4.0,22.084664135077855,2.0,7.07612880538203,2.425502927335745,1.0,1.0,66.0,92.0,2.5383113314381314,
QTIM,/run/media/falconnier/Elements/BIDS_datasets_selection/QTIM/sub-0041/ses-01/anat/sub-0041_ses-01_T1w_defacemask.nii.gz,,,,,sub-0041,ses-01,256,256,256,0.9375,0.9,0.9375,0.1593494415283203,16777216,15201382,0.9060729742050171,0.0,1.0,1.0,1.0,0.0,0.0,,,1.0,1.0,1.0,1.0,-2048.0,
QTIM,/run/media/falconnier/Elements/BIDS_datasets_selection/QTIM/sub-0041/ses-01/anat/sub-0041_ses-01_T1w.nii.gz,,,,,sub-0041,ses-01,256,256,256,0.9375,0.9,0.9375,10.454325675964355,16777216,13927013,0.8301146626472473,0.0,382.0,12.255443360324286,3.0,19.867712951677206,2.0,7.171986210433932,2.479935918375639,1.0,1.0,59.0,83.0,2.818599105520193,
QTIM,/run/media/falconnier/Elements/BIDS_datasets_selection/QTIM/sub-0042/ses-01/anat/sub-0042_ses-01_T1w.nii.gz,,,,,sub-0042,ses-01,240,256,256,0.9,0.9375,0.9375,14.19343376159668,15728640,13622235,0.8660783767700195,0.0,1413.0,50.50397772465385,13.0,78.41720662819438,7.0,4.7783812292545615,2.197142977004844,1.0,3.0,238.0,327.0,1.1730456445960937,
QTIM,/run/media/falconnier/Elements/BIDS_datasets_selection/QTIM/sub-0042/ses-01/anat/sub-0042_ses-01_T1w_defacemask.nii.gz,,,,,sub-0042,ses-01,240,256,256,0.9,0.9375,0.9375,0.17373943328857422,15728640,13795468,0.8770922342936198,0.0,1.0,1.0,1.0,0.0,0.0,,,1.0,1.0,1.0,1.0,-2048.0,
QTIM,/run/media/falconnier/Elements/BIDS_datasets_selection/QTIM/sub-0044/ses-01/anat/sub-0044_ses-01_T1w_defacemask.nii.gz,,,,,sub-0044,ses-01,256,256,256,0.9375,0.9,0.9375,0.16443729400634766,16777216,15083679,0.8990573287010193,0.0,1.0,1.0,1.0,0.0,0.0,,,1.0,1.0,1.0,1.0,-2048.0,
QTIM,/run/media/falconnier/Elements/BIDS_datasets_selection/QTIM/sub-0044/ses-01/anat/sub-0044_ses-01_T1w.nii.gz,,,,,sub-0044,ses-01,256,256,256,0.9375,0.9,0.9375,11.11652660369873,16777216,14137050,0.842633843421936,0.0,474.0,15.866269271170435,4.0,24.564555636274623,2.0,4.737414346046889,2.062162210876865,1.0,1.0,73.0,96.0,2.476644943659701,
QTIM,/run/media/falconnier/Elements/BIDS_datasets_selection/QTIM/sub-0046/ses-01/anat/sub-0046_ses-01_T1w_defacemask.nii.gz,,,,,sub-0046,ses-01,240,256,256,0.9,0.9375,0.9375,0.1744985580444336,15728640,13922443,0.8851650873819987,0.0,1.0,1.0,1.0,0.0,0.0,,,1.0,1.0,1.0,1.0,-2048.0,
QTIM,/run/media/falconnier/Elements/BIDS_datasets_selection/QTIM/sub-0045/ses-01/anat/sub-0045_ses-01_T1w_defacemask.nii.gz,,,,,sub-0045,ses-01,256,256,256,0.9375,0.9,0.9375,0.1773242950439453,16777216,14929027,0.8898393511772156,0.0,1.0,1.0,1.0,0.0,0.0,,,1.0,1.0,1.0,1.0,-2048.0,
QTIM,/run/media/falconnier/Elements/BIDS_datasets_selection/QTIM/sub-0046/ses-01/anat/sub-0046_ses-01_T1w.nii.gz,,,,,sub-0046,ses-01,240,256,256,0.9,0.9375,0.9375,14.50553035736084,15728640,13762189,0.8749764124552409,0.0,1255.0,53.353401918837186,15.0,80.07574078286059,9.0,4.110959101584375,2.084840160286522,1.0,3.0,244.0,333.0,1.354135010019274,
QTIM,/run/media/falconnier/Elements/BIDS_datasets_selection/QTIM/sub-0045/ses-01/anat/sub-0045_ses-01_T1w.nii.gz,,,,,sub-0045,ses-01,256,256,256,0.9375,0.9,0.9375,10.478697776794434,16777216,13787646,0.8218077421188354,0.0,448.0,12.410660093826024,3.0,19.54386330097541,2.0,7.110753312138542,2.403089791724291,1.0,1.0,59.0,81.0,2.457289445630479,
QTIM,/run/media/falconnier/Elements/BIDS_datasets_selection/QTIM/sub-0047/ses-01/anat/sub-0047_ses-01_T1w_defacemask.nii.gz,,,,,sub-0047,ses-01,256,256,256,0.9375,0.9,0.9375,0.17049694061279297,16777216,14960735,0.8917292952537537,0.0,1.0,1.0,1.0,0.0,0.0,,,1.0,1.0,1.0,1.0,-2048.0,
QTIM,/run/media/falconnier/Elements/BIDS_datasets_selection/QTIM/sub-0047/ses-01/anat/sub-0047_ses-01_T1w.nii.gz,,,,,sub-0047,ses-01,256,256,256,0.9375,0.9,0.9375,11.010078430175781,16777216,13533025,0.8066311478614807,0.0,494.0,20.352262779385985,3.0,27.451097742580988,2.0,2.606854650570856,1.478224207413412,1.0,1.0,78.0,90.0,2.515872930363025,
QTIM,/run/media/falconnier/Elements/BIDS_datasets_selection/QTIM/sub-0048/ses-01/anat/sub-0048_ses-01_T1w_defacemask.nii.gz,,,,,sub-0048,ses-01,240,256,256,0.9,0.9375,0.9375,0.18143653869628906,15728640,13867687,0.8816837946573893,0.0,1.0,1.0,1.0,0.0,0.0,,,1.0,1.0,1.0,1.0,-2048.0,
QTIM,/run/media/falconnier/Elements/BIDS_datasets_selection/QTIM/sub-0049/ses-01/anat/sub-0049_ses-01_T1w_defacemask.nii.gz,,,,,sub-0049,ses-01,240,256,256,0.9,0.9375,0.9375,0.16692733764648438,15728640,13694930,0.8707002003987631,0.0,1.0,1.0,1.0,0.0,0.0,,,1.0,1.0,1.0,1.0,-2048.0,
QTIM,/run/media/falconnier/Elements/BIDS_datasets_selection/QTIM/sub-0048/ses-01/anat/sub-0048_ses-01_T1w.nii.gz,,,,,sub-0048,ses-01,240,256,256,0.9,0.9375,0.9375,14.251422882080078,15728640,13698952,0.8709559122721354,0.0,1483.0,51.21541713555898,14.0,78.92510302532214,8.0,5.099562164413017,2.1938953475317624,1.0,3.0,238.0,326.0,1.1263932761820474,
QTIM,/run/media/falconnier/Elements/BIDS_datasets_selection/QTIM/sub-0049/ses-01/anat/sub-0049_ses-01_T1w.nii.gz,,,,,sub-0049,ses-01,240,256,256,0.9,0.9375,0.9375,14.460362434387207,15728640,13538388,0.8607475280761718,0.0,1305.0,56.71021239751734,16.0,83.66876248705832,10.0,3.835453445055891,2.0309124233598914,1.0,3.0,255.0,347.0,1.323193321367864,
QTIM,/run/media/falconnier/Elements/BIDS_datasets_selection/QTIM/sub-0050/ses-01/anat/sub-0050_ses-01_T1w_defacemask.nii.gz,,,,,sub-0050,ses-01,256,256,256,0.9375,0.9,0.9375,0.17139530181884766,16777216,14941012,0.8905537128448486,0.0,1.0,1.0,1.0,0.0,0.0,,,1.0,1.0,1.0,1.0,-2048.0,
QTIM,/run/media/falconnier/Elements/BIDS_datasets_selection/QTIM/sub-0050/ses-01/anat/sub-0050_ses-01_T1w.nii.gz,,,,,sub-0050,ses-01,256,256,256,0.9375,0.9,0.9375,11.24063491821289,16777216,14034321,0.8365107178688049,0.0,344.0,16.010681314756873,4.0,23.967926355398912,3.0,5.237170478651834,2.162606428441506,1.0,1.0,70.0,99.0,3.4353295496862213,
QTIM,/run/media/falconnier/Elements/BIDS_datasets_selection/QTIM/sub-0051/ses-01/anat/sub-0051_ses-01_T1w_defacemask.nii.gz,,,,,sub-0051,ses-01,256,256,256,0.9375,0.9,0.9375,0.16529560089111328,16777216,14772775,0.8805260062217712,0.0,1.0,1.0,1.0,0.0,0.0,,,1.0,1.0,1.0,1.0,-2048.0,
QTIM,/run/media/falconnier/Elements/BIDS_datasets_selection/QTIM/sub-0051/ses-01/anat/sub-0051_ses-01_T1w.nii.gz,,,,,sub-0051,ses-01,256,256,256,0.9375,0.9,0.9375,11.111495971679688,16777216,14030029,0.836254894733429,0.0,349.0,15.626593430419852,4.0,22.490165638916576,2.0,3.930440574315912,1.9873463972860193,1.0,1.0,69.0,89.0,3.4452530903888063,
QTIM,/run/media/falconnier/Elements/BIDS_datasets_selection/QTIM/sub-0051/ses-02/anat/sub-0051_ses-02_T1w_defacemask.nii.gz,,,,,sub-0051,ses-02,256,256,256,0.9375,0.9,0.9375,0.17542648315429688,16777216,14773334,0.8805593252182007,0.0,1.0,1.0,1.0,0.0,0.0,,,1.0,1.0,1.0,1.0,-2048.0,
QTIM,/run/media/falconnier/Elements/BIDS_datasets_selection/QTIM/sub-0051/ses-02/anat/sub-0051_ses-02_T1w.nii.gz,,,,,sub-0051,ses-02,256,256,256,0.9375,0.9,0.9375,10.863368034362793,16777216,13951628,0.8315818309783936,0.0,382.0,13.739782769437372,4.0,19.515260880642373,2.0,5.34579710891245,2.1253920336148227,1.0,1.0,59.0,79.0,3.1005970256862057,
QTIM,/run/media/falconnier/Elements/BIDS_datasets_selection/QTIM/sub-0054/ses-01/anat/sub-0054_ses-01_T1w_defacemask.nii.gz,,,,,sub-0054,ses-01,240,256,256,0.9,0.9375,0.9375,0.18425273895263672,15728640,13668871,0.8690434137980143,0.0,1.0,1.0,1.0,0.0,0.0,,,1.0,1.0,1.0,1.0,-2048.0,
QTIM,/run/media/falconnier/Elements/BIDS_datasets_selection/QTIM/sub-0054/ses-01/anat/sub-0054_ses-01_T1w.nii.gz,,,,,sub-0054,ses-01,240,256,256,0.9,0.9375,0.9375,14.80998420715332,15728640,13520921,0.8596370061238606,0.0,1354.0,63.006184489947096,17.0,88.6114953746854,11.0,3.718835052644356,1.920340362210534,2.0,4.0,265.0,352.0,1.310787206178927,
QTIM,/run/media/falconnier/Elements/BIDS_datasets_selection/QTIM/sub-0056/ses-01/anat/sub-0056_ses-01_T1w.nii.gz,,,,,sub-0056,ses-01,256,256,256,0.9375,0.9,0.9375,10.222915649414062,16777216,13657686,0.8140615224838257,0.0,384.0,12.490608877667857,3.0,19.66755686293225,2.0,7.249250010187492,2.3010015108833,1.0,1.0,58.0,79.0,2.794857800789116,
QTIM,/run/media/falconnier/Elements/BIDS_datasets_selection/QTIM/sub-0056/ses-01/anat/sub-0056_ses-01_T1w_defacemask.nii.gz,,,,,sub-0056,ses-01,256,256,256,0.9375,0.9,0.9375,0.17517662048339844,16777216,15065891,0.8979970812797546,0.0,1.0,1.0,1.0,0.0,0.0,,,1.0,1.0,1.0,1.0,-2048.0,
QTIM,/run/media/falconnier/Elements/BIDS_datasets_selection/QTIM/sub-0058/ses-01/anat/sub-0058_ses-01_T1w_defacemask.nii.gz,,,,,sub-0058,ses-01,256,256,256,0.9375,0.9,0.9375,0.17114734649658203,16777216,15099666,0.9000102281570435,0.0,1.0,1.0,1.0,0.0,0.0,,,1.0,1.0,1.0,1.0,-2048.0,
QTIM,/run/media/falconnier/Elements/BIDS_datasets_selection/QTIM/sub-0058/ses-01/anat/sub-0058_ses-01_T1w.nii.gz,,,,,sub-0058,ses-01,256,256,256,0.9375,0.9,0.9375,10.559576988220215,16777216,13999314,0.8344241380691528,0.0,370.0,12.207801896578646,3.0,19.56096221315007,2.0,7.626191679643167,2.546565531621873,1.0,1.0,58.0,83.0,2.9562021302179757,
QTIM,/run/media/falconnier/Elements/BIDS_datasets_selection/QTIM/sub-0061/ses-01/anat/sub-0061_ses-01_T1w_defacemask.nii.gz,,,,,sub-0061,ses-01,240,256,256,0.9,0.9375,0.9375,0.15734195709228516,15728640,13885030,0.8827864329020182,0.0,1.0,1.0,1.0,0.0,0.0,,,1.0,1.0,1.0,1.0,-2048.0,
QTIM,/run/media/falconnier/Elements/BIDS_datasets_selection/QTIM/sub-0061/ses-01/anat/sub-0061_ses-01_T1w.nii.gz,,,,,sub-0061,ses-01,240,256,256,0.9,0.9375,0.9375,14.412544250488281,15728640,13716581,0.8720767339070638,0.0,1209.0,50.77217012023623,14.0,76.69907732087671,8.0,4.105402256222005,2.1140359355793192,1.0,3.0,235.0,325.0,1.384651755500341,
QTIM,/run/media/falconnier/Elements/BIDS_datasets_selection/QTIM/sub-0062/ses-01/anat/sub-0062_ses-01_T1w_defacemask.nii.gz,,,,,sub-0062,ses-01,256,256,256,0.9375,0.9,0.9375,0.1783905029296875,16777216,14999142,0.8940185308456421,0.0,1.0,1.0,1.0,0.0,0.0,,,1.0,1.0,1.0,1.0,-2048.0,
QTIM,/run/media/falconnier/Elements/BIDS_datasets_selection/QTIM/sub-0063/ses-01/anat/sub-0063_ses-01_T1w_defacemask.nii.gz,,,,,sub-0063,ses-01,256,256,256,0.9375,0.9,0.9375,0.17377948760986328,16777216,14942146,0.8906213045120239,0.0,1.0,1.0,1.0,0.0,0.0,,,1.0,1.0,1.0,1.0,-2048.0,
QTIM,/run/media/falconnier/Elements/BIDS_datasets_selection/QTIM/sub-0062/ses-01/anat/sub-0062_ses-01_T1w.nii.gz,,,,,sub-0062,ses-01,256,256,256,0.9375,0.9,0.9375,10.688478469848633,16777216,13974759,0.8329605460166931,0.0,323.0,12.541072085751175,4.0,18.25589885398413,2.0,5.016334910611521,2.098228203187679,1.0,1.0,55.0,75.0,3.417523858915038,
QTIM,/run/media/falconnier/Elements/BIDS_datasets_selection/QTIM/sub-0063/ses-01/anat/sub-0063_ses-01_T1w.nii.gz,,,,,sub-0063,ses-01,256,256,256,0.9375,0.9,0.9375,10.897470474243164,16777216,13984996,0.8335707187652588,0.0,389.0,13.599673178311956,4.0,19.98190423899202,2.0,5.500452300063218,2.1722940644616093,1.0,1.0,60.0,82.0,2.9137234205225866,
QTIM,/run/media/falconnier/Elements/BIDS_datasets_selection/QTIM/sub-0064/ses-01/anat/sub-0064_ses-01_T1w_defacemask.nii.gz,,,,,sub-0064,ses-01,256,256,256,0.9375,0.9,0.9375,0.18493938446044922,16777216,14931336,0.889976978302002,0.0,1.0,1.0,1.0,0.0,0.0,,,1.0,1.0,1.0,1.0,-2048.0,
QTIM,/run/media/falconnier/Elements/BIDS_datasets_selection/QTIM/sub-0064/ses-01/anat/sub-0064_ses-01_T1w.nii.gz,,,,,sub-0064,ses-01,256,256,256,0.9375,0.9,0.9375,9.621047973632812,16777216,13251481,0.7898498177528381,0.0,296.0,9.934833548038895,3.0,15.153047168005376,2.0,5.89948466220663,2.2907969005381816,1.0,1.0,46.0,64.0,3.2665041660608254,
QTIM,/run/media/falconnier/Elements/BIDS_datasets_selection/QTIM/sub-0065/ses-01/anat/sub-0065_ses-01_T1w.nii.gz,,,,,sub-0065,ses-01,256,256,256,0.9375,0.9,0.9375,9.953617095947266,16777216,13548559,0.8075570464134216,0.0,311.0,10.584084993835877,3.0,14.967910316666458,2.0,6.68749521872785,2.2251069461706114,1.0,1.0,45.0,62.0,3.360115447733501,
QTIM,/run/media/falconnier/Elements/BIDS_datasets_selection/QTIM/sub-0065/ses-01/anat/sub-0065_ses-01_T1w_defacemask.nii.gz,,,,,sub-0065,ses-01,256,256,256,0.9375,0.9,0.9375,0.17158794403076172,16777216,14858021,0.8856070637702942,0.0,1.0,1.0,1.0,0.0,0.0,,,1.0,1.0,1.0,1.0,-2048.0,
QTIM,/run/media/falconnier/Elements/BIDS_datasets_selection/QTIM/sub-0067/ses-01/anat/sub-0067_ses-01_T1w_defacemask.nii.gz,,,,,sub-0067,ses-01,256,256,256,0.9375,0.9,0.9375,0.18999481201171875,16777216,14913116,0.8888909816741943,0.0,1.0,1.0,1.0,0.0,0.0,,,1.0,1.0,1.0,1.0,-2048.0,
QTIM,/run/media/falconnier/Elements/BIDS_datasets_selection/QTIM/sub-0067/ses-01/anat/sub-0067_ses-01_T1w.nii.gz,,,,,sub-0067,ses-01,256,256,256,0.9375,0.9,0.9375,11.291122436523438,16777216,14037270,0.8366864919662476,0.0,413.0,18.241770942640557,4.0,28.299673301582523,2.0,4.308724981246203,2.0532754148772003,1.0,1.0,84.0,114.0,2.9250879107713312,
QTIM,/run/media/falconnier/Elements/BIDS_datasets_selection/QTIM/sub-0068/ses-01/anat/sub-0068_ses-01_T1w_defacemask.nii.gz,,,,,sub-0068,ses-01,256,256,256,0.9375,0.9,0.9375,0.18290233612060547,16777216,15138342,0.9023154973983765,0.0,1.0,1.0,1.0,0.0,0.0,,,1.0,1.0,1.0,1.0,-2048.0,
QTIM,/run/media/falconnier/Elements/BIDS_datasets_selection/QTIM/sub-0068/ses-01/anat/sub-0068_ses-01_T1w.nii.gz,,,,,sub-0068,ses-01,256,256,256,0.9375,0.9,0.9375,10.494355201721191,16777216,13909254,0.8290561437606812,0.0,382.0,12.168415933737352,3.0,19.503970284606627,2.0,7.005315210350993,2.440448132371194,1.0,1.0,58.0,82.0,2.8173347111606786,
QTIM,/run/media/falconnier/Elements/BIDS_datasets_selection/QTIM/sub-0070/ses-01/anat/sub-0070_ses-01_T1w.nii.gz,,,,,sub-0070,ses-01,256,256,256,0.9375,0.9,0.9375,9.85848331451416,16777216,13495957,0.8044217228889465,0.0,311.0,10.375578626991773,3.0,16.96462332990841,2.0,6.268326315118884,2.4120151429899725,1.0,1.0,51.0,72.0,3.0638145844041285,
QTIM,/run/media/falconnier/Elements/BIDS_datasets_selection/QTIM/sub-0070/ses-01/anat/sub-0070_ses-01_T1w_defacemask.nii.gz,,,,,sub-0070,ses-01,256,256,256,0.9375,0.9,0.9375,0.16999149322509766,16777216,15248512,0.9088821411132812,0.0,1.0,1.0,1.0,0.0,0.0,,,1.0,1.0,1.0,1.0,-2048.0,
QTIM,/run/media/falconnier/Elements/BIDS_datasets_selection/QTIM/sub-0071/ses-01/anat/sub-0071_ses-01_T1w_defacemask.nii.gz,,,,,sub-0071,ses-01,256,256,256,0.9375,0.9,0.9375,0.19076824188232422,16777216,14888821,0.8874428868293762,0.0,1.0,1.0,1.0,0.0,0.0,,,1.0,1.0,1.0,1.0,-2048.0,
QTIM,/run/media/falconnier/Elements/BIDS_datasets_selection/QTIM/sub-0071/ses-01/anat/sub-0071_ses-01_T1w.nii.gz,,,,,sub-0071,ses-01,256,256,256,0.9375,0.9,0.9375,10.218514442443848,16777216,13559356,0.8082005977630615,0.0,429.0,11.799588712030276,3.0,19.327825335255312,2.0,8.198278024973895,2.5371680806578887,1.0,1.0,58.0,82.0,2.4282946345598573,
QTIM,/run/media/falconnier/Elements/BIDS_datasets_selection/QTIM/sub-0071/ses-02/anat/sub-0071_ses-02_T1w_defacemask.nii.gz,,,,,sub-0071,ses-02,256,240,256,0.9375,0.9,0.9375,0.17380619049072266,15728640,13990040,0.8894627888997396,0.0,1.0,1.0,1.0,0.0,0.0,,,1.0,1.0,1.0,1.0,-2048.0,
QTIM,/run/media/falconnier/Elements/BIDS_datasets_selection/QTIM/sub-0071/ses-02/anat/sub-0071_ses-02_T1w.nii.gz,,,,,sub-0071,ses-02,256,240,256,0.9375,0.9,0.9375,14.751395225524902,15728640,13802516,0.8775403340657552,0.0,1823.0,54.287507871753235,13.0,89.15357225033823,7.0,7.950091709772574,2.526686263609565,1.0,3.0,266.0,373.0,0.9187500842890536,
QTIM,/run/media/falconnier/Elements/BIDS_datasets_selection/QTIM/sub-0072/ses-01/anat/sub-0072_ses-01_T1w_defacemask.nii.gz,,,,,sub-0072,ses-01,256,256,256,0.9375,0.9,0.9375,0.1753854751586914,16777216,15170505,0.9042325615882874,0.0,1.0,1.0,1.0,0.0,0.0,,,1.0,1.0,1.0,1.0,-2048.0,
QTIM,/run/media/falconnier/Elements/BIDS_datasets_selection/QTIM/sub-0072/ses-01/anat/sub-0072_ses-01_T1w.nii.gz,,,,,sub-0072,ses-01,256,256,256,0.9375,0.9,0.9375,10.431900978088379,16777216,13929473,0.8302612900733948,0.0,413.0,11.800407021859334,3.0,18.488039462700954,2.0,6.709374177601889,2.365896474952564,1.0,1.0,55.0,78.0,2.5713620750416775,
QTIM,/run/media/falconnier/Elements/BIDS_datasets_selection/QTIM/sub-0073/ses-01/anat/sub-0073_ses-01_T1w_defacemask.nii.gz,,,,,sub-0073,ses-01,256,256,256,0.9375,0.9,0.9375,0.16541004180908203,16777216,15035275,0.8961722254753113,0.0,1.0,1.0,1.0,0.0,0.0,,,1.0,1.0,1.0,1.0,-2048.0,
QTIM,/run/media/falconnier/Elements/BIDS_datasets_selection/QTIM/sub-0073/ses-01/anat/sub-0073_ses-01_T1w.nii.gz,,,,,sub-0073,ses-01,256,256,256,0.9375,0.9,0.9375,10.583498001098633,16777216,13920555,0.8297297358512878,0.0,400.0,12.817771633386744,3.0,20.22644347560869,2.0,6.217262581948157,2.352793425327667,1.0,1.0,61.0,85.0,2.7260312832025315,
QTIM,/run/media/falconnier/Elements/BIDS_datasets_selection/QTIM/sub-0075/ses-01/anat/sub-0075_ses-01_T1w_defacemask.nii.gz,,,,,sub-0075,ses-01,256,256,256,0.9375,0.9,0.9375,0.18538761138916016,16777216,15089594,0.8994098901748657,0.0,1.0,1.0,1.0,0.0,0.0,,,1.0,1.0,1.0,1.0,-2048.0,
QTIM,/run/media/falconnier/Elements/BIDS_datasets_selection/QTIM/sub-0075/ses-01/anat/sub-0075_ses-01_T1w.nii.gz,,,,,sub-0075,ses-01,256,256,256,0.9375,0.9,0.9375,11.436779975891113,16777216,14271501,0.8506477475166321,0.0,386.0,15.325919467055357,4.0,22.526741375324587,3.0,6.34664300776074,2.2670122518949785,1.0,1.0,67.0,92.0,3.0827302841710025,
QTIM,/run/media/falconnier/Elements/BIDS_datasets_selection/QTIM/sub-0076/ses-01/anat/sub-0076_ses-01_T1w.nii.gz,,,,,sub-0076,ses-01,256,256,256,0.9375,0.9,0.9375,9.953492164611816,16777216,13535745,0.8067932724952698,0.0,366.0,10.956977100263044,3.0,15.960796268547176,2.0,6.196851027299404,2.2244453119732537,1.0,1.0,48.0,66.0,2.9161027173346037,
QTIM,/run/media/falconnier/Elements/BIDS_datasets_selection/QTIM/sub-0076/ses-01/anat/sub-0076_ses-01_T1w_defacemask.nii.gz,,,,,sub-0076,ses-01,256,256,256,0.9375,0.9,0.9375,0.1890249252319336,16777216,14806165,0.8825162053108215,0.0,1.0,1.0,1.0,0.0,0.0,,,1.0,1.0,1.0,1.0,-2048.0,
QTIM,/run/media/falconnier/Elements/BIDS_datasets_selection/QTIM/sub-0076/ses-02/anat/sub-0076_ses-02_T1w_defacemask.nii.gz,,,,,sub-0076,ses-02,256,240,256,0.9375,0.9,0.9375,0.15675735473632812,15728640,14066661,0.8943342208862305,0.0,1.0,1.0,1.0,0.0,0.0,,,1.0,1.0,1.0,1.0,-2048.0,
QTIM,/run/media/falconnier/Elements/BIDS_datasets_selection/QTIM/sub-0076/ses-02/anat/sub-0076_ses-02_T1w.nii.gz,,,,,sub-0076,ses-02,256,240,256,0.9375,0.9,0.9375,14.816713333129883,15728640,13893030,0.8832950592041016,0.0,1942.0,54.43790756947909,16.0,83.45473055242842,9.0,6.189757247393782,2.301039580046075,1.0,3.0,254.0,350.0,0.8817992970323247,
QTIM,/run/media/falconnier/Elements/BIDS_datasets_selection/QTIM/sub-0077/ses-01/anat/sub-0077_ses-01_T1w_defacemask.nii.gz,,,,,sub-0077,ses-01,256,256,256,0.9375,0.9,0.9375,0.1696796417236328,16777216,15011819,0.8947741389274597,0.0,1.0,1.0,1.0,0.0,0.0,,,1.0,1.0,1.0,1.0,-2048.0,
QTIM,/run/media/falconnier/Elements/BIDS_datasets_selection/QTIM/sub-0077/ses-01/anat/sub-0077_ses-01_T1w.nii.gz,,,,,sub-0077,ses-01,256,256,256,0.9375,0.9,0.9375,10.152159690856934,16777216,13668765,0.8147218823432922,0.0,366.0,11.851271347484575,3.0,19.498508805640782,2.0,6.017839262101511,2.373638691352309,1.0,1.0,59.0,82.0,2.825947058969491,
QTIM,/run/media/falconnier/Elements/BIDS_datasets_selection/QTIM/sub-0077/ses-02/anat/sub-0077_ses-02_T1w_defacemask.nii.gz,,,,,sub-0077,ses-02,240,256,256,0.9,0.9375,0.9375,0.18033599853515625,15728640,13916082,0.8847606658935547,0.0,1.0,1.0,1.0,0.0,0.0,,,1.0,1.0,1.0,1.0,-2048.0,
QTIM,/run/media/falconnier/Elements/BIDS_datasets_selection/QTIM/sub-0077/ses-02/anat/sub-0077_ses-02_T1w.nii.gz,,,,,sub-0077,ses-02,240,256,256,0.9,0.9375,0.9375,13.995261192321777,15728640,13730163,0.8729402542114257,0.0,1416.0,48.88678422827173,12.0,79.67512883746122,7.0,4.61947874439766,2.224967405174346,1.0,3.0,245.0,335.0,1.1441179001127144,
QTIM,/run/media/falconnier/Elements/BIDS_datasets_selection/QTIM/sub-0079/ses-01/anat/sub-0079_ses-01_T1w.nii.gz,,,,,sub-0079,ses-01,256,256,256,0.9375,0.9,0.9375,10.55523681640625,16777216,13837508,0.824779748916626,0.0,386.0,12.678846219998572,4.0,18.108706746103366,3.0,6.214768238527521,2.202646886149037,1.0,1.0,54.0,74.0,2.906392253330282,
QTIM,/run/media/falconnier/Elements/BIDS_datasets_selection/QTIM/sub-0079/ses-01/anat/sub-0079_ses-01_T1w_defacemask.nii.gz,,,,,sub-0079,ses-01,256,256,256,0.9375,0.9,0.9375,0.17370891571044922,16777216,14866497,0.8861122727394104,0.0,1.0,1.0,1.0,0.0,0.0,,,1.0,1.0,1.0,1.0,-2048.0,
QTIM,/run/media/falconnier/Elements/BIDS_datasets_selection/QTIM/sub-0080/ses-01/anat/sub-0080_ses-01_T1w.nii.gz,,,,,sub-0080,ses-01,256,256,256,0.9375,0.9,0.9375,10.167707443237305,16777216,13642400,0.8131504058837891,0.0,339.0,11.898137644402745,3.0,18.871444511565148,2.0,6.113557659438339,2.3158794425505795,1.0,1.0,57.0,80.0,3.088997609176137,
QTIM,/run/media/falconnier/Elements/BIDS_datasets_selection/QTIM/sub-0080/ses-01/anat/sub-0080_ses-01_T1w_defacemask.nii.gz,,,,,sub-0080,ses-01,256,256,256,0.9375,0.9,0.9375,0.16593551635742188,16777216,14935070,0.8901995420455933,0.0,1.0,1.0,1.0,0.0,0.0,,,1.0,1.0,1.0,1.0,-2048.0,
QTIM,/run/media/falconnier/Elements/BIDS_datasets_selection/QTIM/sub-0082/ses-01/anat/sub-0082_ses-01_T1w_defacemask.nii.gz,,,,,sub-0082,ses-01,256,256,256,0.9375,0.9,0.9375,0.17230701446533203,16777216,14961118,0.8917521238327026,0.0,1.0,1.0,1.0,0.0,0.0,,,1.0,1.0,1.0,1.0,-2048.0,
QTIM,/run/media/falconnier/Elements/BIDS_datasets_selection/QTIM/sub-0082/ses-01/anat/sub-0082_ses-01_T1w.nii.gz,,,,,sub-0082,ses-01,256,256,256,0.9375,0.9,0.9375,10.694457054138184,16777216,13898823,0.828434407711029,0.0,422.0,13.165607979898729,3.0,19.974455580906948,2.0,5.64882936674862,2.2475418526425304,1.0,1.0,60.0,84.0,2.6633753232924797,
QTIM,/run/media/falconnier/Elements/BIDS_datasets_selection/QTIM/sub-0083/ses-01/anat/sub-0083_ses-01_T1w_defacemask.nii.gz,,,,,sub-0083,ses-01,256,256,256,0.9375,0.9,0.9375,0.1909027099609375,16777216,14681020,0.8750569820404053,0.0,1.0,1.0,1.0,0.0,0.0,,,1.0,1.0,1.0,1.0,-2048.0,
QTIM,/run/media/falconnier/Elements/BIDS_datasets_selection/QTIM/sub-0083/ses-01/anat/sub-0083_ses-01_T1w.nii.gz,,,,,sub-0083,ses-01,256,256,256,0.9375,0.9,0.9375,10.922274589538574,16777216,13831305,0.8244100213050842,0.0,375.0,14.626134410310524,4.0,20.55933077057436,3.0,4.419698712837672,1.989737121541921,1.0,1.0,62.0,82.0,3.1746518896714235,
QTIM,/run/media/falconnier/Elements/BIDS_datasets_selection/QTIM/sub-0083/ses-02/anat/sub-0083_ses-02_T1w_defacemask.nii.gz,,,,,sub-0083,ses-02,256,240,256,0.9375,0.9,0.9375,0.1739826202392578,15728640,13850523,0.8805925369262695,0.0,1.0,1.0,1.0,0.0,0.0,,,1.0,1.0,1.0,1.0,-2048.0,
QTIM,/run/media/falconnier/Elements/BIDS_datasets_selection/QTIM/sub-0083/ses-02/anat/sub-0083_ses-02_T1w.nii.gz,,,,,sub-0083,ses-02,256,240,256,0.9375,0.9,0.9375,15.193610191345215,15728640,13687105,0.8702027002970377,0.0,1780.0,64.0185378865728,18.0,91.21912477166171,11.0,3.675257522195751,1.950195671195791,2.0,4.0,276.0,365.0,1.0026998803576137,
QTIM,/run/media/falconnier/Elements/BIDS_datasets_selection/QTIM/sub-0084/ses-01/anat/sub-0084_ses-01_T1w_defacemask.nii.gz,,,,,sub-0084,ses-01,256,256,256,0.9375,0.9,0.9375,0.16695785522460938,16777216,14968722,0.8922053575515747,0.0,1.0,1.0,1.0,0.0,0.0,,,1.0,1.0,1.0,1.0,-2048.0,
QTIM,/run/media/falconnier/Elements/BIDS_datasets_selection/QTIM/sub-0084/ses-01/anat/sub-0084_ses-01_T1w.nii.gz,,,,,sub-0084,ses-01,256,256,256,0.9375,0.9,0.9375,10.652565002441406,16777216,13823130,0.8239227533340454,0.0,411.0,13.031537502721887,3.0,19.97597075840186,2.0,6.3338990962593,2.2797070668514605,1.0,1.0,59.0,82.0,2.6664411035310973,
QTIM,/run/media/falconnier/Elements/BIDS_datasets_selection/QTIM/sub-0087/ses-01/anat/sub-0087_ses-01_T1w.nii.gz,,,,,sub-0087,ses-01,256,256,256,0.9375,0.9,0.9375,10.191886901855469,16777216,13593239,0.8102201819419861,0.0,303.0,11.584684268407257,3.0,16.898925166931598,2.0,5.578836240325714,2.189661698900648,1.0,1.0,50.0,70.0,3.5013704831717924,
QTIM,/run/media/falconnier/Elements/BIDS_datasets_selection/QTIM/sub-0087/ses-01/anat/sub-0087_ses-01_T1w_defacemask.nii.gz,,,,,sub-0087,ses-01,256,256,256,0.9375,0.9,0.9375,0.17814159393310547,16777216,14916917,0.8891175389289856,0.0,1.0,1.0,1.0,0.0,0.0,,,1.0,1.0,1.0,1.0,-2048.0,
QTIM,/run/media/falconnier/Elements/BIDS_datasets_selection/QTIM/sub-0089/ses-01/anat/sub-0089_ses-01_T1w.nii.gz,,,,,sub-0089,ses-01,256,256,256,0.9375,0.9,0.9375,10.242236137390137,16777216,13510486,0.8052877187728882,0.0,357.0,12.525790263947574,3.0,18.308501512590677,2.0,7.047785527880164,2.3392257681307442,1.0,1.0,53.0,75.0,3.1259074689462163,
QTIM,/run/media/falconnier/Elements/BIDS_datasets_selection/QTIM/sub-0089/ses-01/anat/sub-0089_ses-01_T1w_defacemask.nii.gz,,,,,sub-0089,ses-01,256,256,256,0.9375,0.9,0.9375,0.18259143829345703,16777216,14644629,0.872887909412384,0.0,1.0,1.0,1.0,0.0,0.0,,,1.0,1.0,1.0,1.0,-2048.0,
QTIM,/run/media/falconnier/Elements/BIDS_datasets_selection/QTIM/sub-0090/ses-01/anat/sub-0090_ses-01_T1w_defacemask.nii.gz,,,,,sub-0090,ses-01,256,256,256,0.9375,0.9,0.9375,0.17545413970947266,16777216,15037414,0.8962997198104858,0.0,1.0,1.0,1.0,0.0,0.0,,,1.0,1.0,1.0,1.0,-2048.0,
QTIM,/run/media/falconnier/Elements/BIDS_datasets_selection/QTIM/sub-0090/ses-01/anat/sub-0090_ses-01_T1w.nii.gz,,,,,sub-0090,ses-01,256,256,256,0.9375,0.9,0.9375,10.599831581115723,16777216,13951247,0.8315591216087341,0.0,446.0,12.44125087886409,3.0,19.364027635656,2.0,7.310469607765167,2.392642160815574,1.0,1.0,58.0,81.0,2.464798790096221,
QTIM,/run/media/falconnier/Elements/BIDS_datasets_selection/QTIM/sub-0090/ses-02/anat/sub-0090_ses-02_T1w_defacemask.nii.gz,,,,,sub-0090,ses-02,240,256,256,0.9,0.9375,0.9375,0.16207504272460938,15728640,13933194,0.8858486175537109,0.0,1.0,1.0,1.0,0.0,0.0,,,1.0,1.0,1.0,1.0,-2048.0,
QTIM,/run/media/falconnier/Elements/BIDS_datasets_selection/QTIM/sub-0090/ses-02/anat/sub-0090_ses-02_T1w.nii.gz,,,,,sub-0090,ses-02,240,256,256,0.9,0.9375,0.9375,14.382527351379395,15728640,13762742,0.8750115712483724,0.0,1626.0,50.50498890410065,14.0,78.10398518730811,8.0,6.132408010377027,2.2787576662411837,1.0,3.0,236.0,331.0,1.0265830167404388,
QTIM,/run/media/falconnier/Elements/BIDS_datasets_selection/QTIM/sub-0091/ses-01/anat/sub-0091_ses-01_T1w_defacemask.nii.gz,,,,,sub-0091,ses-01,256,256,256,0.9375,0.9,0.9375,0.1585216522216797,16777216,15143477,0.9026215672492981,0.0,1.0,1.0,1.0,0.0,0.0,,,1.0,1.0,1.0,1.0,-2048.0,
QTIM,/run/media/falconnier/Elements/BIDS_datasets_selection/QTIM/sub-0091/ses-01/anat/sub-0091_ses-01_T1w.nii.gz,,,,,sub-0091,ses-01,256,256,256,0.9375,0.9,0.9375,10.527627944946289,16777216,13873919,0.8269500136375427,0.0,422.0,12.925007058207562,3.0,19.843118726384308,2.0,5.427027232646836,2.1731135060993445,1.0,1.0,60.0,80.0,2.600189383934652,
QTIM,/run/media/falconnier/Elements/BIDS_datasets_selection/QTIM/sub-0094/ses-01/anat/sub-0094_ses-01_T1w.nii.gz,,,,,sub-0094,ses-01,256,256,256,0.9375,0.9,0.9375,10.440497398376465,16777216,13761817,0.8202682137489319,0.0,374.0,11.587952157771026,3.0,17.92747935958052,2.0,8.850835167930342,2.550033427608321,1.0,1.0,53.0,76.0,2.8834077092291053,
QTIM,/run/media/falconnier/Elements/BIDS_datasets_selection/QTIM/sub-0094/ses-01/anat/sub-0094_ses-01_T1w_defacemask.nii.gz,,,,,sub-0094,ses-01,256,256,256,0.9375,0.9,0.9375,0.1884136199951172,16777216,14875343,0.8866395354270935,0.0,1.0,1.0,1.0,0.0,0.0,,,1.0,1.0,1.0,1.0,-2048.0,
QTIM,/run/media/falconnier/Elements/BIDS_datasets_selection/QTIM/sub-0094/ses-02/anat/sub-0094_ses-02_T1w_defacemask.nii.gz,,,,,sub-0094,ses-02,256,240,256,0.9375,0.9,0.9375,0.1864471435546875,15728640,14079104,0.8951253255208333,0.0,1.0,1.0,1.0,0.0,0.0,,,1.0,1.0,1.0,1.0,-2048.0,
QTIM,/run/media/falconnier/Elements/BIDS_datasets_selection/QTIM/sub-0094/ses-02/anat/sub-0094_ses-02_T1w.nii.gz,,,,,sub-0094,ses-02,256,240,256,0.9375,0.9,0.9375,14.56386947631836,15728640,13894694,0.8834008534749349,0.0,1564.0,48.70348717287333,14.0,75.88028815914602,8.0,6.365472827172658,2.349961196636872,1.0,3.0,231.0,325.0,1.0628683243967827,
QTIM,/run/media/falconnier/Elements/BIDS_datasets_selection/QTIM/sub-0095/ses-01/anat/sub-0095_ses-01_T1w_defacemask.nii.gz,,,,,sub-0095,ses-01,256,256,256,0.9375,0.9,0.9375,0.1789102554321289,16777216,14860786,0.8857718706130981,0.0,1.0,1.0,1.0,0.0,0.0,,,1.0,1.0,1.0,1.0,-2048.0,
QTIM,/run/media/falconnier/Elements/BIDS_datasets_selection/QTIM/sub-0095/ses-01/anat/sub-0095_ses-01_T1w.nii.gz,,,,,sub-0095,ses-01,256,256,256,0.9375,0.9,0.9375,10.208410263061523,16777216,13647991,0.8134836554527283,0.0,395.0,11.57656625066649,3.0,18.52559860527126,2.0,8.506701309101532,2.574706929642536,1.0,1.0,55.0,78.0,2.6512706893577116,
QTIM,/run/media/falconnier/Elements/BIDS_datasets_selection/QTIM/sub-0096/ses-01/anat/sub-0096_ses-01_T1w_defacemask.nii.gz,,,,,sub-0096,ses-01,256,256,256,0.9375,0.9,0.9375,0.16788959503173828,16777216,14928057,0.8897815346717834,0.0,1.0,1.0,1.0,0.0,0.0,,,1.0,1.0,1.0,1.0,-2048.0,
QTIM,/run/media/falconnier/Elements/BIDS_datasets_selection/QTIM/sub-0096/ses-01/anat/sub-0096_ses-01_T1w.nii.gz,,,,,sub-0096,ses-01,256,256,256,0.9375,0.9,0.9375,10.514861106872559,16777216,13812066,0.8232632875442505,0.0,345.0,12.641158100460858,3.0,18.853211129546526,2.0,4.672162608337876,2.114507140064314,1.0,1.0,57.0,77.0,3.1680258666694883,
QTIM,/run/media/falconnier/Elements/BIDS_datasets_selection/QTIM/sub-0096/ses-02/anat/sub-0096_ses-02_T1w_defacemask.nii.gz,,,,,sub-0096,ses-02,240,256,256,0.9,0.9375,0.9375,0.1739635467529297,15728640,13510843,0.8589962641398112,0.0,1.0,1.0,1.0,0.0,0.0,,,1.0,1.0,1.0,1.0,-2048.0,
QTIM,/run/media/falconnier/Elements/BIDS_datasets_selection/QTIM/sub-0096/ses-02/anat/sub-0096_ses-02_T1w.nii.gz,,,,,sub-0096,ses-02,240,256,256,0.9,0.9375,0.9375,14.317957878112793,15728640,13360162,0.8494162241617839,0.0,1198.0,51.10222316166526,17.0,68.88762483606185,11.0,2.9907176515867997,1.8574357415060598,1.0,3.0,213.0,279.0,1.4344774671323206,
QTIM,/run/media/falconnier/Elements/BIDS_datasets_selection/QTIM/sub-0097/ses-01/anat/sub-0097_ses-01_T1w_defacemask.nii.gz,,,,,sub-0097,ses-01,256,256,256,0.9375,0.9,0.9375,0.192047119140625,16777216,15043634,0.8966704607009888,0.0,1.0,1.0,1.0,0.0,0.0,,,1.0,1.0,1.0,1.0,-2048.0,
QTIM,/run/media/falconnier/Elements/BIDS_datasets_selection/QTIM/sub-0097/ses-01/anat/sub-0097_ses-01_T1w.nii.gz,,,,,sub-0097,ses-01,256,256,256,0.9375,0.9,0.9375,10.886041641235352,16777216,14124558,0.8418892621994019,0.0,336.0,12.839392637985556,4.0,18.853966391102137,2.0,6.54988109513187,2.2835916895501605,1.0,1.0,57.0,78.0,3.3733213619773488,
QTIM,/run/media/falconnier/Elements/BIDS_datasets_selection/QTIM/sub-0100/ses-01/anat/sub-0100_ses-01_T1w_defacemask.nii.gz,,,,,sub-0100,ses-01,256,256,256,0.9375,0.9,0.9375,0.17465972900390625,16777216,15101563,0.9001232981681824,0.0,1.0,1.0,1.0,0.0,0.0,,,1.0,1.0,1.0,1.0,-2048.0,
QTIM,/run/media/falconnier/Elements/BIDS_datasets_selection/QTIM/sub-0101/ses-01/anat/sub-0101_ses-01_T1w_defacemask.nii.gz,,,,,sub-0101,ses-01,256,256,256,0.9375,0.9,0.9375,0.18619632720947266,16777216,14946933,0.8909066319465637,0.0,1.0,1.0,1.0,0.0,0.0,,,1.0,1.0,1.0,1.0,-2048.0,
QTIM,/run/media/falconnier/Elements/BIDS_datasets_selection/QTIM/sub-0100/ses-01/anat/sub-0100_ses-01_T1w.nii.gz,,,,,sub-0100,ses-01,256,256,256,0.9375,0.9,0.9375,9.818047523498535,16777216,13511689,0.805359423160553,0.0,266.0,9.94198230879944,3.0,15.299428399837392,2.0,5.493503606707579,2.2825350662766644,1.0,1.0,47.0,65.0,3.5385775979004634,
QTIM,/run/media/falconnier/Elements/BIDS_datasets_selection/QTIM/sub-0101/ses-01/anat/sub-0101_ses-01_T1w.nii.gz,,,,,sub-0101,ses-01,256,256,256,0.9375,0.9,0.9375,10.017927169799805,16777216,13567932,0.8087117671966553,0.0,293.0,10.792748519081611,3.0,16.480807332522545,2.0,7.096330583509413,2.4109960532405346,1.0,1.0,49.0,69.0,3.465685494656926,
QTIM,/run/media/falconnier/Elements/BIDS_datasets_selection/QTIM/sub-0102/ses-01/anat/sub-0102_ses-01_T1w_defacemask.nii.gz,,,,,sub-0102,ses-01,256,256,256,0.9375,0.9,0.9375,0.16971206665039062,16777216,15192998,0.9055732488632202,0.0,1.0,1.0,1.0,0.0,0.0,,,1.0,1.0,1.0,1.0,-2048.0,
QTIM,/run/media/falconnier/Elements/BIDS_datasets_selection/QTIM/sub-0102/ses-01/anat/sub-0102_ses-01_T1w.nii.gz,,,,,sub-0102,ses-01,256,256,256,0.9375,0.9,0.9375,11.43735122680664,16777216,14364169,0.856171190738678,0.0,254.0,15.70719336426632,4.0,23.23305001576278,3.0,5.171658790759578,2.2008342218698926,1.0,1.0,69.0,99.0,4.9284733867861705,
QTIM,/run/media/falconnier/Elements/BIDS_datasets_selection/QTIM/sub-0103/ses-01/anat/sub-0103_ses-01_T1w.nii.gz,,,,,sub-0103,ses-01,256,256,256,0.9375,0.9,0.9375,9.597330093383789,16777216,13260996,0.790416955947876,0.0,259.0,9.699840947090248,3.0,13.984648953888088,2.0,6.095097929807299,2.227903409611662,1.0,1.0,42.0,57.0,3.6744343632869314,
QTIM,/run/media/falconnier/Elements/BIDS_datasets_selection/QTIM/sub-0104/ses-01/anat/sub-0104_ses-01_T1w_defacemask.nii.gz,,,,,sub-0104,ses-01,256,256,256,0.9375,0.9,0.9375,0.1930980682373047,16777216,15107422,0.9004725217819214,0.0,1.0,1.0,1.0,0.0,0.0,,,1.0,1.0,1.0,1.0,-2048.0,
QTIM,/run/media/falconnier/Elements/BIDS_datasets_selection/QTIM/sub-0103/ses-01/anat/sub-0103_ses-01_T1w_defacemask.nii.gz,,,,,sub-0103,ses-01,256,256,256,0.9375,0.9,0.9375,0.17824554443359375,16777216,14948679,0.8910107016563416,0.0,1.0,1.0,1.0,0.0,0.0,,,1.0,1.0,1.0,1.0,-2048.0,
QTIM,/run/media/falconnier/Elements/BIDS_datasets_selection/QTIM/sub-0104/ses-01/anat/sub-0104_ses-01_T1w.nii.gz,,,,,sub-0104,ses-01,256,256,256,0.9375,0.9,0.9375,10.207281112670898,16777216,13708922,0.8171154260635376,0.0,231.0,11.75283877171378,3.0,19.601009637164065,2.0,5.7926732267216945,2.3915603992788896,1.0,1.0,60.0,82.0,4.494466839059484,
QTIM,/run/media/falconnier/Elements/BIDS_datasets_selection/QTIM/sub-0105/ses-01/anat/sub-0105_ses-01_T1w.nii.gz,,,,,sub-0105,ses-01,256,256,256,0.9375,0.9,0.9375,10.168500900268555,16777216,13556375,0.8080229163169861,0.0,310.0,11.572452739024998,3.0,17.596361342573736,2.0,6.659405073951028,2.35679586424443,1.0,1.0,52.0,73.0,3.3954333804397168,
QTIM,/run/media/falconnier/Elements/BIDS_datasets_selection/QTIM/sub-0105/ses-01/anat/sub-0105_ses-01_T1w_defacemask.nii.gz,,,,,sub-0105,ses-01,256,256,256,0.9375,0.9,0.9375,0.18499469757080078,16777216,14868805,0.886249840259552,0.0,1.0,1.0,1.0,0.0,0.0,,,1.0,1.0,1.0,1.0,-2048.0,
QTIM,/run/media/falconnier/Elements/BIDS_datasets_selection/QTIM/sub-0106/ses-01/anat/sub-0106_ses-01_T1w_defacemask.nii.gz,,,,,sub-0106,ses-01,240,256,256,0.9,0.9375,0.9375,0.18264102935791016,15728640,13756446,0.8746112823486328,0.0,1.0,1.0,1.0,0.0,0.0,,,1.0,1.0,1.0,1.0,-2048.0,
QTIM,/run/media/falconnier/Elements/BIDS_datasets_selection/QTIM/sub-0106/ses-01/anat/sub-0106_ses-01_T1w.nii.gz,,,,,sub-0106,ses-01,240,256,256,0.9,0.9375,0.9375,15.117180824279785,15728640,13613653,0.8655327479044597,0.0,1302.0,67.07046124945303,19.0,94.17704158462651,12.0,4.258712768561802,1.9881853577640227,2.0,4.0,280.0,371.0,1.384913449210877,
QTIM,/run/media/falconnier/Elements/BIDS_datasets_selection/QTIM/sub-0107/ses-01/anat/sub-0107_ses-01_T1w_defacemask.nii.gz,,,,,sub-0107,ses-01,256,256,256,0.9375,0.9,0.9375,0.16023731231689453,16777216,15018609,0.8951788544654846,0.0,1.0,1.0,1.0,0.0,0.0,,,1.0,1.0,1.0,1.0,-2048.0,
QTIM,/run/media/falconnier/Elements/BIDS_datasets_selection/QTIM/sub-0107/ses-01/anat/sub-0107_ses-01_T1w.nii.gz,,,,,sub-0107,ses-01,256,256,256,0.9375,0.9,0.9375,10.331846237182617,16777216,13782798,0.8215187788009644,0.0,276.0,11.364210735730147,3.0,16.85512966103857,2.0,5.534706624783123,2.222766101240245,1.0,1.0,51.0,71.0,3.761428270347806,
QTIM,/run/media/falconnier/Elements/BIDS_datasets_selection/QTIM/sub-0107/ses-02/anat/sub-0107_ses-02_T1w_defacemask.nii.gz,,,,,sub-0107,ses-02,256,256,256,0.9375,0.9,0.9375,0.16228199005126953,16777216,15015504,0.894993782043457,0.0,1.0,1.0,1.0,0.0,0.0,,,1.0,1.0,1.0,1.0,-2048.0,
QTIM,/run/media/falconnier/Elements/BIDS_datasets_selection/QTIM/sub-0107/ses-02/anat/sub-0107_ses-02_T1w.nii.gz,,,,,sub-0107,ses-02,256,256,256,0.9375,0.9,0.9375,10.872336387634277,16777216,13974719,0.8329581618309021,0.0,365.0,13.61006428823363,4.0,20.33782760907563,3.0,5.290562971525146,2.175505341495389,1.0,1.0,61.0,84.0,3.1089973103057127,
QTIM,/run/media/falconnier/Elements/BIDS_datasets_selection/QTIM/sub-0108/ses-01/anat/sub-0108_ses-01_T1w.nii.gz,,,,,sub-0108,ses-01,256,256,256,0.9375,0.9,0.9375,10.250669479370117,16777216,13771800,0.8208632469177246,0.0,362.0,11.477890399221598,3.0,18.161199531864845,2.0,6.366952809214286,2.3920400814943816,1.0,1.0,55.0,77.0,2.907799907565309,
QTIM,/run/media/falconnier/Elements/BIDS_datasets_selection/QTIM/sub-0108/ses-01/anat/sub-0108_ses-01_T1w_defacemask.nii.gz,,,,,sub-0108,ses-01,256,256,256,0.9375,0.9,0.9375,0.1683053970336914,16777216,15016684,0.895064115524292,0.0,1.0,1.0,1.0,0.0,0.0,,,1.0,1.0,1.0,1.0,-2048.0,
QTIM,/run/media/falconnier/Elements/BIDS_datasets_selection/QTIM/sub-0109/ses-01/anat/sub-0109_ses-01_T1w_defacemask.nii.gz,,,,,sub-0109,ses-01,256,256,256,0.9375,0.9,0.9375,0.1925058364868164,16777216,15014418,0.894929051399231,0.0,1.0,1.0,1.0,0.0,0.0,,,1.0,1.0,1.0,1.0,-2048.0,
QTIM,/run/media/falconnier/Elements/BIDS_datasets_selection/QTIM/sub-0109/ses-01/anat/sub-0109_ses-01_T1w.nii.gz,,,,,sub-0109,ses-01,256,256,256,0.9375,0.9,0.9375,10.349750518798828,16777216,13773364,0.8209564685821533,0.0,366.0,11.914454958135137,3.0,19.1410923119026,2.0,6.834464962337025,2.417969333559604,1.0,1.0,57.0,80.0,2.8839373111822932,
QTIM,/run/media/falconnier/Elements/BIDS_datasets_selection/QTIM/sub-0110/ses-01/anat/sub-0110_ses-01_T1w_defacemask.nii.gz,,,,,sub-0110,ses-01,240,256,256,0.9,0.9375,0.9375,0.15962600708007812,15728640,14090014,0.8958189646402995,0.0,1.0,1.0,1.0,0.0,0.0,,,1.0,1.0,1.0,1.0,-2048.0,
QTIM,/run/media/falconnier/Elements/BIDS_datasets_selection/QTIM/sub-0110/ses-01/anat/sub-0110_ses-01_T1w.nii.gz,,,,,sub-0110,ses-01,240,256,256,0.9,0.9375,0.9375,14.08860969543457,15728640,13896017,0.8834849675496419,0.0,1601.0,45.656677881151126,12.0,72.96069560418239,7.0,5.316664001718371,2.2789139316394667,1.0,3.0,225.0,308.0,1.0117754813244666,
QTIM,/run/media/falconnier/Elements/BIDS_datasets_selection/QTIM/sub-0110/ses-02/anat/sub-0110_ses-02_T1w_defacemask.nii.gz,,,,,sub-0110,ses-02,240,256,256,0.9,0.9375,0.9375,0.1714029312133789,15728640,13932858,0.8858272552490234,0.0,1.0,1.0,1.0,0.0,0.0,,,1.0,1.0,1.0,1.0,-2048.0,
QTIM,/run/media/falconnier/Elements/BIDS_datasets_selection/QTIM/sub-0110/ses-02/anat/sub-0110_ses-02_T1w.nii.gz,,,,,sub-0110,ses-02,240,256,256,0.9,0.9375,0.9375,13.688040733337402,15728640,13725947,0.8726722081502278,0.0,1136.0,43.03766006090509,11.0,70.6424327970674,6.0,5.090529267275578,2.317067580479615,1.0,2.0,218.0,302.0,1.3946510333892892,
QTIM,/run/media/falconnier/Elements/BIDS_datasets_selection/QTIM/sub-0111/ses-01/anat/sub-0111_ses-01_T1w_defacemask.nii.gz,,,,,sub-0111,ses-01,256,256,256,0.9375,0.9,0.9375,0.19441986083984375,16777216,14920539,0.8893334269523621,0.0,1.0,1.0,1.0,0.0,0.0,,,1.0,1.0,1.0,1.0,-2048.0,
QTIM,/run/media/falconnier/Elements/BIDS_datasets_selection/QTIM/sub-0111/ses-01/anat/sub-0111_ses-01_T1w.nii.gz,,,,,sub-0111,ses-01,256,256,256,0.9375,0.9,0.9375,9.993650436401367,16777216,13485107,0.8037750124931335,0.0,295.0,10.736071949595951,3.0,16.47099387221727,2.0,7.162589499207209,2.412994010021271,1.0,1.0,49.0,69.0,3.4149172852587695,
QTIM,/run/media/falconnier/Elements/BIDS_datasets_selection/QTIM/sub-0111/ses-02/anat/sub-0111_ses-02_T1w_defacemask.nii.gz,,,,,sub-0111,ses-02,256,256,256,0.9375,0.9,0.9375,0.19452571868896484,16777216,14994070,0.8937162160873413,0.0,1.0,1.0,1.0,0.0,0.0,,,1.0,1.0,1.0,1.0,-2048.0,
QTIM,/run/media/falconnier/Elements/BIDS_datasets_selection/QTIM/sub-0111/ses-02/anat/sub-0111_ses-02_T1w.nii.gz,,,,,sub-0111,ses-02,256,256,256,0.9375,0.9,0.9375,10.841343879699707,16777216,14023895,0.8358892798423767,0.0,461.0,13.069600777815293,4.0,20.46498368424742,2.0,7.905564619542799,2.4851491309057128,1.0,1.0,61.0,86.0,2.461791426488392,
QTIM,/run/media/falconnier/Elements/BIDS_datasets_selection/QTIM/sub-0112/ses-01/anat/sub-0112_ses-01_T1w_defacemask.nii.gz,,,,,sub-0112,ses-01,256,256,256,0.9375,0.9,0.9375,0.18755054473876953,16777216,15001971,0.8941871523857117,0.0,1.0,1.0,1.0,0.0,0.0,,,1.0,1.0,1.0,1.0,-2048.0,
QTIM,/run/media/falconnier/Elements/BIDS_datasets_selection/QTIM/sub-0112/ses-01/anat/sub-0112_ses-01_T1w.nii.gz,,,,,sub-0112,ses-01,256,256,256,0.9375,0.9,0.9375,10.951555252075195,16777216,14069638,0.8386157751083374,0.0,374.0,13.620536079179862,4.0,19.968335403526673,3.0,6.382382133000222,2.290177811663295,1.0,1.0,60.0,82.0,3.124128352338909,
QTIM,/run/media/falconnier/Elements/BIDS_datasets_selection/QTIM/sub-0113/ses-01/anat/sub-0113_ses-01_T1w.nii.gz,,,,,sub-0113,ses-01,256,256,256,0.9375,0.9,0.9375,10.101482391357422,16777216,13525766,0.8061984777450562,0.0,280.0,11.746256441224844,3.0,17.950792241606024,2.0,5.08039509190233,2.18722949667592,1.0,1.0,54.0,73.0,3.6198684644807937,
QTIM,/run/media/falconnier/Elements/BIDS_datasets_selection/QTIM/sub-0113/ses-01/anat/sub-0113_ses-01_T1w_defacemask.nii.gz,,,,,sub-0113,ses-01,256,256,256,0.9375,0.9,0.9375,0.1840991973876953,16777216,14997309,0.8939092755317688,0.0,1.0,1.0,1.0,0.0,0.0,,,1.0,1.0,1.0,1.0,-2048.0,
QTIM,/run/media/falconnier/Elements/BIDS_datasets_selection/QTIM/sub-0114/ses-01/anat/sub-0114_ses-01_T1w_defacemask.nii.gz,,,,,sub-0114,ses-01,240,256,256,0.9,0.9375,0.9375,0.17460060119628906,15728640,14094185,0.8960841496785482,0.0,1.0,1.0,1.0,0.0,0.0,,,1.0,1.0,1.0,1.0,-2048.0,
QTIM,/run/media/falconnier/Elements/BIDS_datasets_selection/QTIM/sub-0114/ses-01/anat/sub-0114_ses-01_T1w.nii.gz,,,,,sub-0114,ses-01,240,256,256,0.9,0.9375,0.9375,14.401583671569824,15728640,13914480,0.8846588134765625,0.0,1141.0,47.75000582127395,13.0,73.48834256894386,8.0,4.665261284641675,2.170736056557471,1.0,3.0,224.0,306.0,1.4419358122803956,
QTIM,/run/media/falconnier/Elements/BIDS_datasets_selection/QTIM/sub-0115/ses-01/anat/sub-0115_ses-01_T1w_defacemask.nii.gz,,,,,sub-0115,ses-01,256,256,256,0.9375,0.9,0.9375,0.15880489349365234,16777216,15219762,0.9071685075759888,0.0,1.0,1.0,1.0,0.0,0.0,,,1.0,1.0,1.0,1.0,-2048.0,
QTIM,/run/media/falconnier/Elements/BIDS_datasets_selection/QTIM/sub-0115/ses-01/anat/sub-0115_ses-01_T1w.nii.gz,,,,,sub-0115,ses-01,256,256,256,0.9375,0.9,0.9375,10.509684562683105,16777216,14130287,0.8422307372093201,0.0,460.0,11.101387537280736,3.0,18.62147455577669,2.0,8.229930022825636,2.6689590890028465,1.0,1.0,56.0,82.0,2.2910825389105023,
QTIM,/run/media/falconnier/Elements/BIDS_datasets_selection/QTIM/sub-0116/ses-01/anat/sub-0116_ses-01_T1w_defacemask.nii.gz,,,,,sub-0116,ses-01,256,256,256,0.9375,0.9,0.9375,0.17902469635009766,16777216,14848680,0.8850502967834473,0.0,1.0,1.0,1.0,0.0,0.0,,,1.0,1.0,1.0,1.0,-2048.0,
QTIM,/run/media/falconnier/Elements/BIDS_datasets_selection/QTIM/sub-0116/ses-01/anat/sub-0116_ses-01_T1w.nii.gz,,,,,sub-0116,ses-01,256,256,256,0.9375,0.9,0.9375,11.096053123474121,16777216,13975355,0.8329960703849792,0.0,389.0,14.77171277581142,4.0,21.2300207990049,3.0,4.629738147296627,2.0643032604112332,1.0,1.0,64.0,86.0,3.015229629370442,
QTIM,/run/media/falconnier/Elements/BIDS_datasets_selection/QTIM/sub-0117/ses-01/anat/sub-0117_ses-01_T1w_defacemask.nii.gz,,,,,sub-0117,ses-01,240,256,256,0.9,0.9375,0.9375,0.17124652862548828,15728640,14086878,0.8956195831298828,0.0,1.0,1.0,1.0,0.0,0.0,,,1.0,1.0,1.0,1.0,-2048.0,
QTIM,/run/media/falconnier/Elements/BIDS_datasets_selection/QTIM/sub-0117/ses-01/anat/sub-0117_ses-01_T1w.nii.gz,,,,,sub-0117,ses-01,240,256,256,0.9,0.9375,0.9375,13.831178665161133,15728640,13885111,0.8827915827433268,0.0,1371.0,42.96186368261658,11.0,72.57138808187344,6.0,6.421159035963068,2.479102205048116,1.0,2.0,219.0,318.0,1.1518405777445522,
QTIM,/run/media/falconnier/Elements/BIDS_datasets_selection/QTIM/sub-0117/ses-02/anat/sub-0117_ses-02_T1w_defacemask.nii.gz,,,,,sub-0117,ses-02,240,256,256,0.9,0.9375,0.9375,0.15825271606445312,15728640,14072953,0.894734255472819,0.0,1.0,1.0,1.0,0.0,0.0,,,1.0,1.0,1.0,1.0,-2048.0,
QTIM,/run/media/falconnier/Elements/BIDS_datasets_selection/QTIM/sub-0117/ses-02/anat/sub-0117_ses-02_T1w.nii.gz,,,,,sub-0117,ses-02,240,256,256,0.9,0.9375,0.9375,14.21780776977539,15728640,13888338,0.8829967498779296,0.0,1163.0,45.45194082978107,13.0,71.42466837049696,8.0,5.13815751816505,2.2924692440047645,1.0,3.0,219.0,309.0,1.4032276354721975,
QTIM,/run/media/falconnier/Elements/BIDS_datasets_selection/QTIM/sub-0119/ses-01/anat/sub-0119_ses-01_T1w_defacemask.nii.gz,,,,,sub-0119,ses-01,240,256,256,0.9,0.9375,0.9375,0.17205429077148438,15728640,13931005,0.8857094446818033,0.0,1.0,1.0,1.0,0.0,0.0,,,1.0,1.0,1.0,1.0,-2048.0,
QTIM,/run/media/falconnier/Elements/BIDS_datasets_selection/QTIM/sub-0118/ses-01/anat/sub-0118_ses-01_T1w_defacemask.nii.gz,,,,,sub-0118,ses-01,256,256,256,0.9375,0.9,0.9375,0.17310047149658203,16777216,15068424,0.8981480598449707,0.0,1.0,1.0,1.0,0.0,0.0,,,1.0,1.0,1.0,1.0,-2048.0,
QTIM,/run/media/falconnier/Elements/BIDS_datasets_selection/QTIM/sub-0119/ses-01/anat/sub-0119_ses-01_T1w.nii.gz,,,,,sub-0119,ses-01,240,256,256,0.9,0.9375,0.9375,13.451501846313477,15728640,13726475,0.8727057774861654,0.0,867.0,36.77472359072522,11.0,59.712824727632054,6.0,5.6459823538030065,2.4133296281993957,1.0,2.0,183.0,264.0,1.7762997323575997,
QTIM,/run/media/falconnier/Elements/BIDS_datasets_selection/QTIM/sub-0118/ses-01/anat/sub-0118_ses-01_T1w.nii.gz,,,,,sub-0118,ses-01,256,256,256,0.9375,0.9,0.9375,10.830750465393066,16777216,14095367,0.8401493430137634,0.0,365.0,13.074259932359334,4.0,20.429288238910903,2.0,6.953978627899842,2.435489386148323,1.0,1.0,61.0,85.0,3.0673373171152125,
QTIM,/run/media/falconnier/Elements/BIDS_datasets_selection/QTIM/sub-0120/ses-01/anat/sub-0120_ses-01_T1w_defacemask.nii.gz,,,,,sub-0120,ses-01,256,256,256,0.9375,0.9,0.9375,0.16466140747070312,16777216,14974221,0.8925331234931946,0.0,1.0,1.0,1.0,0.0,0.0,,,1.0,1.0,1.0,1.0,-2048.0,
QTIM,/run/media/falconnier/Elements/BIDS_datasets_selection/QTIM/sub-0120/ses-01/anat/sub-0120_ses-01_T1w.nii.gz,,,,,sub-0120,ses-01,256,256,256,0.9375,0.9,0.9375,9.483868598937988,16777216,13144707,0.7834855914115906,0.0,213.0,9.716023415356462,3.0,14.41290516711087,2.0,5.8831253474777085,2.2562928272120018,1.0,1.0,43.0,59.0,4.614625723465477,
QTIM,/run/media/falconnier/Elements/BIDS_datasets_selection/QTIM/sub-0121/ses-01/anat/sub-0121_ses-01_T1w_defacemask.nii.gz,,,,,sub-0121,ses-01,256,256,256,0.9375,0.9,0.9375,0.1650857925415039,16777216,15251677,0.9090707898139954,0.0,1.0,1.0,1.0,0.0,0.0,,,1.0,1.0,1.0,1.0,-2048.0,
QTIM,/run/media/falconnier/Elements/BIDS_datasets_selection/QTIM/sub-0122/ses-01/anat/sub-0122_ses-01_T1w_defacemask.nii.gz,,,,,sub-0122,ses-01,256,256,256,0.9375,0.9,0.9375,0.173980712890625,16777216,15150672,0.903050422668457,0.0,1.0,1.0,1.0,0.0,0.0,,,1.0,1.0,1.0,1.0,-2048.0,
QTIM,/run/media/falconnier/Elements/BIDS_datasets_selection/QTIM/sub-0121/ses-01/anat/sub-0121_ses-01_T1w.nii.gz,,,,,sub-0121,ses-01,256,256,256,0.9375,0.9,0.9375,10.806886672973633,16777216,14091347,0.8399097323417664,0.0,415.0,12.783418221125347,3.0,19.464509656771437,2.0,5.405538552520916,2.2215002022378116,1.0,1.0,59.0,81.0,2.6796671361763256,
QTIM,/run/media/falconnier/Elements/BIDS_datasets_selection/QTIM/sub-0122/ses-01/anat/sub-0122_ses-01_T1w.nii.gz,,,,,sub-0122,ses-01,256,256,256,0.9375,0.9,0.9375,10.933737754821777,16777216,14069846,0.8386281728744507,0.0,435.0,13.53483755259297,4.0,20.54702577805829,3.0,5.922153447158243,2.2428622251537775,1.0,1.0,62.0,84.0,2.6062236303166557,
QTIM,/run/media/falconnier/Elements/BIDS_datasets_selection/QTIM/sub-0122/ses-02/anat/sub-0122_ses-02_T1w_defacemask.nii.gz,,,,,sub-0122,ses-02,240,256,256,0.9,0.9375,0.9375,0.1884326934814453,15728640,13900657,0.8837799708048503,0.0,1.0,1.0,1.0,0.0,0.0,,,1.0,1.0,1.0,1.0,-2048.0,
QTIM,/run/media/falconnier/Elements/BIDS_datasets_selection/QTIM/sub-0122/ses-02/anat/sub-0122_ses-02_T1w.nii.gz,,,,,sub-0122,ses-02,240,256,256,0.9,0.9375,0.9375,14.271113395690918,15728640,13719831,0.8722833633422852,0.0,1410.0,49.232421594697485,13.0,73.71765745829761,8.0,3.9076891818228843,2.0316515031958082,1.0,3.0,224.0,300.0,1.1709626543399567,
QTIM,/run/media/falconnier/Elements/BIDS_datasets_selection/QTIM/sub-0123/ses-02/anat/sub-0123_ses-02_T1w_defacemask.nii.gz,,,,,sub-0123,ses-02,240,256,256,0.9,0.9375,0.9375,0.17760181427001953,15728640,13938147,0.8861635208129883,0.0,1.0,1.0,1.0,0.0,0.0,,,1.0,1.0,1.0,1.0,-2048.0,
QTIM,/run/media/falconnier/Elements/BIDS_datasets_selection/QTIM/sub-0123/ses-01/anat/sub-0123_ses-01_T1w.nii.gz,,,,,sub-0123,ses-01,256,256,256,0.9375,0.9,0.9375,10.318373680114746,16777216,13785398,0.8216737508773804,0.0,329.0,11.838838748072417,3.0,19.436725394463448,2.0,5.7083383848663125,2.3571504724108805,1.0,1.0,59.0,82.0,3.0963590956136406,
QTIM,/run/media/falconnier/Elements/BIDS_datasets_selection/QTIM/sub-0123/ses-02/anat/sub-0123_ses-02_T1w.nii.gz,,,,,sub-0123,ses-02,240,256,256,0.9,0.9375,0.9375,13.836129188537598,15728640,13739280,0.8735198974609375,0.0,1041.0,41.94994322846612,11.0,65.14846466363569,6.0,4.221825796935996,2.149953102481285,1.0,2.0,202.0,273.0,1.5204878671942743,
QTIM,/run/media/falconnier/Elements/BIDS_datasets_selection/QTIM/sub-0123/ses-01/anat/sub-0123_ses-01_T1w_defacemask.nii.gz,,,,,sub-0123,ses-01,256,256,256,0.9375,0.9,0.9375,0.17876338958740234,16777216,15195871,0.9057444930076599,0.0,1.0,1.0,1.0,0.0,0.0,,,1.0,1.0,1.0,1.0,-2048.0,
QTIM,/run/media/falconnier/Elements/BIDS_datasets_selection/QTIM/sub-0124/ses-01/anat/sub-0124_ses-01_T1w.nii.gz,,,,,sub-0124,ses-01,240,256,256,0.9,0.9375,0.9375,14.266192436218262,15728640,13467553,0.8562439600626628,0.0,1429.0,55.52203848761538,14.0,80.78705769490767,9.0,3.615923005044091,1.9281857836777514,1.0,3.0,243.0,327.0,1.1911188599655396,
QTIM,/run/media/falconnier/Elements/BIDS_datasets_selection/QTIM/sub-0124/ses-01/anat/sub-0124_ses-01_T1w_defacemask.nii.gz,,,,,sub-0124,ses-01,240,256,256,0.9,0.9375,0.9375,0.16657161712646484,15728640,13638696,0.8671249389648438,0.0,1.0,1.0,1.0,0.0,0.0,,,1.0,1.0,1.0,1.0,-2048.0,
QTIM,/run/media/falconnier/Elements/BIDS_datasets_selection/QTIM/sub-0125/ses-01/anat/sub-0125_ses-01_T1w.nii.gz,,,,,sub-0125,ses-01,256,256,256,0.9375,0.9,0.9375,10.303285598754883,16777216,13077410,0.7794743776321411,0.0,628.0,17.777259258522903,3.0,26.404149976579642,2.0,2.9834077397298895,1.6547882259570026,1.0,1.0,77.0,89.0,1.8121143653051686,
QTIM,/run/media/falconnier/Elements/BIDS_datasets_selection/QTIM/sub-0125/ses-01/anat/sub-0125_ses-01_T1w_defacemask.nii.gz,,,,,sub-0125,ses-01,256,256,256,0.9375,0.9,0.9375,0.17432117462158203,16777216,14948305,0.8909884095191956,0.0,1.0,1.0,1.0,0.0,0.0,,,1.0,1.0,1.0,1.0,-2048.0,
QTIM,/run/media/falconnier/Elements/BIDS_datasets_selection/QTIM/sub-0126/ses-01/anat/sub-0126_ses-01_T1w_defacemask.nii.gz,,,,,sub-0126,ses-01,256,256,256,0.9375,0.9,0.9375,0.1691112518310547,16777216,15085141,0.8991444706916809,0.0,1.0,1.0,1.0,0.0,0.0,,,1.0,1.0,1.0,1.0,-2048.0,
QTIM,/run/media/falconnier/Elements/BIDS_datasets_selection/QTIM/sub-0126/ses-01/anat/sub-0126_ses-01_T1w.nii.gz,,,,,sub-0126,ses-01,256,256,256,0.9375,0.9,0.9375,10.041409492492676,16777216,13713114,0.817365288734436,0.0,438.0,11.138673972957564,3.0,17.589505432651467,2.0,5.756888184064325,2.312273645910177,1.0,1.0,53.0,76.0,2.3850611852610535,
QTIM,/run/media/falconnier/Elements/BIDS_datasets_selection/QTIM/sub-0127/ses-01/anat/sub-0127_ses-01_T1w.nii.gz,,,,,sub-0127,ses-01,256,256,256,0.9375,0.9,0.9375,11.420055389404297,16777216,14254397,0.8496282696723938,0.0,372.0,14.99874193205086,4.0,21.47766375633687,3.0,6.302488284525554,2.221070672104534,1.0,1.0,63.0,87.0,3.2409693517895,
QTIM,/run/media/falconnier/Elements/BIDS_datasets_selection/QTIM/sub-0127/ses-01/anat/sub-0127_ses-01_T1w_defacemask.nii.gz,,,,,sub-0127,ses-01,256,256,256,0.9375,0.9,0.9375,0.18343830108642578,16777216,15069608,0.8982186317443848,0.0,1.0,1.0,1.0,0.0,0.0,,,1.0,1.0,1.0,1.0,-2048.0,
QTIM,/run/media/falconnier/Elements/BIDS_datasets_selection/QTIM/sub-0128/ses-01/anat/sub-0128_ses-01_T1w.nii.gz,,,,,sub-0128,ses-01,256,256,256,0.9375,0.9,0.9375,10.09089183807373,16777216,13600903,0.8106769919395447,0.0,343.0,11.236929636216066,3.0,16.21227269538727,2.0,3.8946575324910784,2.015049422464122,1.0,1.0,50.0,67.0,3.078311571750682,
QTIM,/run/media/falconnier/Elements/BIDS_datasets_selection/QTIM/sub-0128/ses-01/anat/sub-0128_ses-01_T1w_defacemask.nii.gz,,,,,sub-0128,ses-01,256,256,256,0.9375,0.9,0.9375,0.1646862030029297,16777216,14847391,0.8849734663963318,0.0,1.0,1.0,1.0,0.0,0.0,,,1.0,1.0,1.0,1.0,-2048.0,
QTIM,/run/media/falconnier/Elements/BIDS_datasets_selection/QTIM/sub-0129/ses-01/anat/sub-0129_ses-01_T1w_defacemask.nii.gz,,,,,sub-0129,ses-01,256,256,256,0.9375,0.9,0.9375,0.1821308135986328,16777216,14844726,0.8848146200180054,0.0,1.0,1.0,1.0,0.0,0.0,,,1.0,1.0,1.0,1.0,-2048.0,
QTIM,/run/media/falconnier/Elements/BIDS_datasets_selection/QTIM/sub-0129/ses-01/anat/sub-0129_ses-01_T1w.nii.gz,,,,,sub-0129,ses-01,256,256,256,0.9375,0.9,0.9375,10.697970390319824,16777216,13736719,0.8187722563743591,0.0,343.0,14.156917892838894,3.0,21.373204293863626,2.0,6.022106917039903,2.2333139277661127,1.0,1.0,63.0,86.0,3.2748123858587928,
QTIM,/run/media/falconnier/Elements/BIDS_datasets_selection/QTIM/sub-0130/ses-01/anat/sub-0130_ses-01_T1w_defacemask.nii.gz,,,,,sub-0130,ses-01,256,256,256,0.9375,0.9,0.9375,0.17861366271972656,16777216,15154670,0.903288722038269,0.0,1.0,1.0,1.0,0.0,0.0,,,1.0,1.0,1.0,1.0,-2048.0,
QTIM,/run/media/falconnier/Elements/BIDS_datasets_selection/QTIM/sub-0130/ses-01/anat/sub-0130_ses-01_T1w.nii.gz,,,,,sub-0130,ses-01,256,256,256,0.9375,0.9,0.9375,9.692066192626953,16777216,13372672,0.7970733642578125,0.0,393.0,10.75668280804315,2.0,18.489391115731166,1.0,7.356862670282503,2.57256815389363,1.0,1.0,55.0,79.0,2.45758368222848,
QTIM,/run/media/falconnier/Elements/BIDS_datasets_selection/QTIM/sub-0131/ses-01/anat/sub-0131_ses-01_T1w_defacemask.nii.gz,,,,,sub-0131,ses-01,256,256,256,0.9375,0.9,0.9375,0.1715536117553711,16777216,14958990,0.8916252851486206,0.0,1.0,1.0,1.0,0.0,0.0,,,1.0,1.0,1.0,1.0,-2048.0,
QTIM,/run/media/falconnier/Elements/BIDS_datasets_selection/QTIM/sub-0132/ses-01/anat/sub-0132_ses-01_T1w_defacemask.nii.gz,,,,,sub-0132,ses-01,256,256,256,0.9375,0.9,0.9375,0.16530799865722656,16777216,15064884,0.8979370594024658,0.0,1.0,1.0,1.0,0.0,0.0,,,1.0,1.0,1.0,1.0,-2048.0,
QTIM,/run/media/falconnier/Elements/BIDS_datasets_selection/QTIM/sub-0131/ses-01/anat/sub-0131_ses-01_T1w.nii.gz,,,,,sub-0131,ses-01,256,256,256,0.9375,0.9,0.9375,10.359894752502441,16777216,13719036,0.8177182674407959,0.0,341.0,12.522157679300499,3.0,19.42028762424476,2.0,5.8858674787033465,2.286037829980733,1.0,1.0,58.0,80.0,3.1835239633892773,
QTIM,/run/media/falconnier/Elements/BIDS_datasets_selection/QTIM/sub-0132/ses-01/anat/sub-0132_ses-01_T1w.nii.gz,,,,,sub-0132,ses-01,256,256,256,0.9375,0.9,0.9375,10.23039436340332,16777216,13705477,0.8169100880622864,0.0,362.0,11.56381335724397,3.0,18.297249642402498,2.0,6.513437817773752,2.364194259512117,1.0,1.0,55.0,75.0,2.8808264684757745,
QTIM,/run/media/falconnier/Elements/BIDS_datasets_selection/QTIM/sub-0133/ses-01/anat/sub-0133_ses-01_T1w_defacemask.nii.gz,,,,,sub-0133,ses-01,256,256,256,0.9375,0.9,0.9375,0.1765613555908203,16777216,14794615,0.8818277716636658,0.0,1.0,1.0,1.0,0.0,0.0,,,1.0,1.0,1.0,1.0,-2048.0,
QTIM,/run/media/falconnier/Elements/BIDS_datasets_selection/QTIM/sub-0133/ses-01/anat/sub-0133_ses-01_T1w.nii.gz,,,,,sub-0133,ses-01,256,256,256,0.9375,0.9,0.9375,10.541770935058594,16777216,13786019,0.8217107653617859,0.0,322.0,13.178214319884514,4.0,19.55190548953468,2.0,4.938330208264624,2.14445618465388,1.0,1.0,60.0,81.0,3.478165113866239,
QTIM,/run/media/falconnier/Elements/BIDS_datasets_selection/QTIM/sub-0133/ses-02/anat/sub-0133_ses-02_T1w.nii.gz,,,,,sub-0133,ses-02,240,256,256,0.9,0.9375,0.9375,14.018604278564453,15728640,13502226,0.8584484100341797,0.0,1159.0,50.41680845810165,14.0,75.30949192316082,8.0,3.940162898066288,2.0739559892414374,1.0,3.0,231.0,315.0,1.446219706968804,
QTIM,/run/media/falconnier/Elements/BIDS_datasets_selection/QTIM/sub-0133/ses-02/anat/sub-0133_ses-02_T1w_defacemask.nii.gz,,,,,sub-0133,ses-02,240,256,256,0.9,0.9375,0.9375,0.17669677734375,15728640,13668846,0.8690418243408203,0.0,1.0,1.0,1.0,0.0,0.0,,,1.0,1.0,1.0,1.0,-2048.0,
QTIM,/run/media/falconnier/Elements/BIDS_datasets_selection/QTIM/sub-0134/ses-01/anat/sub-0134_ses-01_T1w_defacemask.nii.gz,,,,,sub-0134,ses-01,256,256,256,0.9375,0.9,0.9375,0.1889352798461914,16777216,15120247,0.9012369513511658,0.0,1.0,1.0,1.0,0.0,0.0,,,1.0,1.0,1.0,1.0,-2048.0,
QTIM,/run/media/falconnier/Elements/BIDS_datasets_selection/QTIM/sub-0134/ses-01/anat/sub-0134_ses-01_T1w.nii.gz,,,,,sub-0134,ses-01,256,256,256,0.9375,0.9,0.9375,10.309398651123047,16777216,13799173,0.8224948048591614,0.0,372.0,10.842901092695918,3.0,17.16032200611901,2.0,7.482050606628109,2.4991473327997897,1.0,1.0,52.0,73.0,2.805341592287307,
QTIM,/run/media/falconnier/Elements/BIDS_datasets_selection/QTIM/sub-0135/ses-01/anat/sub-0135_ses-01_T1w_defacemask.nii.gz,,,,,sub-0135,ses-01,240,256,256,0.9,0.9375,0.9375,0.15847015380859375,15728640,13897792,0.8835978190104167,0.0,1.0,1.0,1.0,0.0,0.0,,,1.0,1.0,1.0,1.0,-2048.0,
QTIM,/run/media/falconnier/Elements/BIDS_datasets_selection/QTIM/sub-0135/ses-01/anat/sub-0135_ses-01_T1w.nii.gz,,,,,sub-0135,ses-01,240,256,256,0.9,0.9375,0.9375,14.842548370361328,15728640,13746651,0.8739885330200196,0.0,1369.0,58.439024093941136,17.0,85.73534549616895,10.0,4.588519985131095,2.108658495726967,1.0,4.0,258.0,357.0,1.2726617373112794,
QTIM,/run/media/falconnier/Elements/BIDS_datasets_selection/QTIM/sub-0136/ses-01/anat/sub-0136_ses-01_T1w.nii.gz,,,,,sub-0136,ses-01,256,256,256,0.9375,0.9,0.9375,10.582006454467773,16777216,13984765,0.8335569500923157,0.0,409.0,12.293614086471957,3.0,18.729072071296823,2.0,5.866186379378636,2.275454216412622,1.0,1.0,57.0,78.0,2.6835557365825693,
QTIM,/run/media/falconnier/Elements/BIDS_datasets_selection/QTIM/sub-0136/ses-01/anat/sub-0136_ses-01_T1w_defacemask.nii.gz,,,,,sub-0136,ses-01,256,256,256,0.9375,0.9,0.9375,0.18446731567382812,16777216,15067043,0.8980657458305359,0.0,1.0,1.0,1.0,0.0,0.0,,,1.0,1.0,1.0,1.0,-2048.0,
QTIM,/run/media/falconnier/Elements/BIDS_datasets_selection/QTIM/sub-0137/ses-01/anat/sub-0137_ses-01_T1w_defacemask.nii.gz,,,,,sub-0137,ses-01,256,256,256,0.9375,0.9,0.9375,0.18853759765625,16777216,14827029,0.8837597966194153,0.0,1.0,1.0,1.0,0.0,0.0,,,1.0,1.0,1.0,1.0,-2048.0,
QTIM,/run/media/falconnier/Elements/BIDS_datasets_selection/QTIM/sub-0137/ses-01/anat/sub-0137_ses-01_T1w.nii.gz,,,,,sub-0137,ses-01,256,256,256,0.9375,0.9,0.9375,9.664995193481445,16777216,13185463,0.7859148383140564,0.0,357.0,10.629023038478056,3.0,16.255050714469782,2.0,6.937993044283317,2.32140991231625,1.0,1.0,48.0,67.0,2.81718787243558,
QTIM,/run/media/falconnier/Elements/BIDS_datasets_selection/QTIM/sub-0138/ses-01/anat/sub-0138_ses-01_T1w_defacemask.nii.gz,,,,,sub-0138,ses-01,256,256,256,0.9375,0.9,0.9375,0.17792034149169922,16777216,14938259,0.890389621257782,0.0,1.0,1.0,1.0,0.0,0.0,,,1.0,1.0,1.0,1.0,-2048.0,
QTIM,/run/media/falconnier/Elements/BIDS_datasets_selection/QTIM/sub-0138/ses-01/anat/sub-0138_ses-01_T1w.nii.gz,,,,,sub-0138,ses-01,256,256,256,0.9375,0.9,0.9375,10.168346405029297,16777216,13635946,0.8127657175064087,0.0,347.0,11.261268561785153,3.0,17.33938290439391,2.0,7.042767998266468,2.3614055475481273,1.0,1.0,52.0,72.0,2.9936557650483864,
QTIM,/run/media/falconnier/Elements/BIDS_datasets_selection/QTIM/sub-0138/ses-02/anat/sub-0138_ses-02_T1w_defacemask.nii.gz,,,,,sub-0138,ses-02,256,256,256,0.9375,0.9,0.9375,0.19131851196289062,16777216,14934542,0.8901680707931519,0.0,1.0,1.0,1.0,0.0,0.0,,,1.0,1.0,1.0,1.0,-2048.0,
QTIM,/run/media/falconnier/Elements/BIDS_datasets_selection/QTIM/sub-0138/ses-02/anat/sub-0138_ses-02_T1w.nii.gz,,,,,sub-0138,ses-02,256,256,256,0.9375,0.9,0.9375,10.14754867553711,16777216,13646442,0.8133913278579712,0.0,323.0,10.687942761930179,3.0,16.42525774105497,2.0,8.017657904125997,2.4770736476635937,1.0,1.0,49.0,69.0,3.1896927289997308,
QTIM,/run/media/falconnier/Elements/BIDS_datasets_selection/QTIM/sub-0139/ses-01/anat/sub-0139_ses-01_T1w.nii.gz,,,,,sub-0139,ses-01,256,256,256,0.9375,0.9,0.9375,10.936725616455078,16777216,14116228,0.8413927555084229,0.0,377.0,13.568944905112046,4.0,20.09636165503938,2.0,5.022942901865813,2.152100016730282,1.0,1.0,62.0,82.0,3.060392423193291,
QTIM,/run/media/falconnier/Elements/BIDS_datasets_selection/QTIM/sub-0139/ses-01/anat/sub-0139_ses-01_T1w_defacemask.nii.gz,,,,,sub-0139,ses-01,256,256,256,0.9375,0.9,0.9375,0.17922687530517578,16777216,15036284,0.8962323665618896,0.0,1.0,1.0,1.0,0.0,0.0,,,1.0,1.0,1.0,1.0,-2048.0,
QTIM,/run/media/falconnier/Elements/BIDS_datasets_selection/QTIM/sub-0140/ses-01/anat/sub-0140_ses-01_T1w_defacemask.nii.gz,,,,,sub-0140,ses-01,256,256,256,0.9375,0.9,0.9375,0.17207717895507812,16777216,15109204,0.9005787372589111,0.0,1.0,1.0,1.0,0.0,0.0,,,1.0,1.0,1.0,1.0,-2048.0,
QTIM,/run/media/falconnier/Elements/BIDS_datasets_selection/QTIM/sub-0140/ses-01/anat/sub-0140_ses-01_T1w.nii.gz,,,,,sub-0140,ses-01,256,256,256,0.9375,0.9,0.9375,10.063553810119629,16777216,13780920,0.8214068412780762,0.0,352.0,11.00574352075188,3.0,17.783547630944103,2.0,6.430714643519218,2.3904179909207106,1.0,1.0,54.0,76.0,2.8783218106744926,
QTIM,/run/media/falconnier/Elements/BIDS_datasets_selection/QTIM/sub-0141/ses-01/anat/sub-0141_ses-01_T1w_defacemask.nii.gz,,,,,sub-0141,ses-01,256,256,256,0.9375,0.9,0.9375,0.16392803192138672,16777216,14953756,0.8913133144378662,0.0,1.0,1.0,1.0,0.0,0.0,,,1.0,1.0,1.0,1.0,-2048.0,
QTIM,/run/media/falconnier/Elements/BIDS_datasets_selection/QTIM/sub-0141/ses-01/anat/sub-0141_ses-01_T1w.nii.gz,,,,,sub-0141,ses-01,256,256,256,0.9375,0.9,0.9375,10.35340690612793,16777216,13825950,0.824090838432312,0.0,285.0,11.74987013550606,3.0,18.10595740775845,2.0,6.8707570222880125,2.4487547212184575,1.0,1.0,54.0,77.0,3.7454090319236486,
QTIM,/run/media/falconnier/Elements/BIDS_datasets_selection/QTIM/sub-0142/ses-01/anat/sub-0142_ses-01_T1w.nii.gz,,,,,sub-0142,ses-01,240,256,256,0.9,0.9375,0.9375,14.310002326965332,15728640,13843269,0.8801313400268554,0.0,1605.0,47.439315309122435,13.0,72.49401480638292,7.0,5.214974608055808,2.194894741146382,1.0,3.0,220.0,305.0,1.0270679982027928,
QTIM,/run/media/falconnier/Elements/BIDS_datasets_selection/QTIM/sub-0142/ses-01/anat/sub-0142_ses-01_T1w_defacemask.nii.gz,,,,,sub-0142,ses-01,240,256,256,0.9,0.9375,0.9375,0.18875789642333984,15728640,14017542,0.8912113189697266,0.0,1.0,1.0,1.0,0.0,0.0,,,1.0,1.0,1.0,1.0,-2048.0,
QTIM,/run/media/falconnier/Elements/BIDS_datasets_selection/QTIM/sub-0143/ses-01/anat/sub-0143_ses-01_T1w_defacemask.nii.gz,,,,,sub-0143,ses-01,256,256,256,0.9375,0.9,0.9375,0.1664724349975586,16777216,15122475,0.9013697504997253,0.0,1.0,1.0,1.0,0.0,0.0,,,1.0,1.0,1.0,1.0,-2048.0,
QTIM,/run/media/falconnier/Elements/BIDS_datasets_selection/QTIM/sub-0143/ses-01/anat/sub-0143_ses-01_T1w.nii.gz,,,,,sub-0143,ses-01,256,256,256,0.9375,0.9,0.9375,10.259236335754395,16777216,13788417,0.8218536972999573,0.0,333.0,11.473624202111091,3.0,17.985968559304332,2.0,6.348424768842042,2.3568070535934984,1.0,1.0,54.0,76.0,3.1268924319673643,
QTIM,/run/media/falconnier/Elements/BIDS_datasets_selection/QTIM/sub-0144/ses-01/anat/sub-0144_ses-01_T1w_defacemask.nii.gz,,,,,sub-0144,ses-01,256,256,256,0.9375,0.9,0.9375,0.1615123748779297,16777216,15016278,0.8950399160385132,0.0,1.0,1.0,1.0,0.0,0.0,,,1.0,1.0,1.0,1.0,-2048.0,
QTIM,/run/media/falconnier/Elements/BIDS_datasets_selection/QTIM/sub-0144/ses-01/anat/sub-0144_ses-01_T1w.nii.gz,,,,,sub-0144,ses-01,256,256,256,0.9375,0.9,0.9375,10.553775787353516,16777216,13819500,0.8237063884735107,0.0,371.0,13.981202865516119,3.0,21.984507532531566,2.0,5.167304437534099,2.2222439554281084,1.0,1.0,66.0,89.0,3.021573787572569,
QTIM,/run/media/falconnier/Elements/BIDS_datasets_selection/QTIM/sub-0145/ses-01/anat/sub-0145_ses-01_T1w.nii.gz,,,,,sub-0145,ses-01,256,256,256,0.9375,0.9,0.9375,10.436522483825684,16777216,13982028,0.8333938121795654,0.0,354.0,11.718790721918165,3.0,18.054743714986856,2.0,5.563820072489831,2.2743986397909457,1.0,1.0,55.0,78.0,3.010984651337034,
QTIM,/run/media/falconnier/Elements/BIDS_datasets_selection/QTIM/sub-0145/ses-01/anat/sub-0145_ses-01_T1w_defacemask.nii.gz,,,,,sub-0145,ses-01,256,256,256,0.9375,0.9,0.9375,0.17047595977783203,16777216,15052060,0.8971726894378662,0.0,1.0,1.0,1.0,0.0,0.0,,,1.0,1.0,1.0,1.0,-2048.0,
QTIM,/run/media/falconnier/Elements/BIDS_datasets_selection/QTIM/sub-0146/ses-01/anat/sub-0146_ses-01_T1w_defacemask.nii.gz,,,,,sub-0146,ses-01,256,256,256,0.9375,0.9,0.9375,0.17031288146972656,16777216,14990880,0.8935260772705078,0.0,1.0,1.0,1.0,0.0,0.0,,,1.0,1.0,1.0,1.0,-2048.0,
QTIM,/run/media/falconnier/Elements/BIDS_datasets_selection/QTIM/sub-0146/ses-01/anat/sub-0146_ses-01_T1w.nii.gz,,,,,sub-0146,ses-01,256,256,256,0.9375,0.9,0.9375,9.484379768371582,16777216,13294781,0.7924306988716125,0.0,280.0,9.277965616733363,3.0,14.872696824305486,2.0,7.223579355272383,2.5107780657626435,1.0,1.0,45.0,63.0,3.245638428137599,
QTIM,/run/media/falconnier/Elements/BIDS_datasets_selection/QTIM/sub-0147/ses-01/anat/sub-0147_ses-01_T1w_defacemask.nii.gz,,,,,sub-0147,ses-01,256,256,256,0.9375,0.9,0.9375,0.1683492660522461,16777216,14975030,0.8925813436508179,0.0,1.0,1.0,1.0,0.0,0.0,,,1.0,1.0,1.0,1.0,-2048.0,
QTIM,/run/media/falconnier/Elements/BIDS_datasets_selection/QTIM/sub-0148/ses-01/anat/sub-0148_ses-01_T1w_defacemask.nii.gz,,,,,sub-0148,ses-01,256,256,256,0.9375,0.9,0.9375,0.1642894744873047,16777216,14867908,0.8861963748931885,0.0,1.0,1.0,1.0,0.0,0.0,,,1.0,1.0,1.0,1.0,-2048.0,
QTIM,/run/media/falconnier/Elements/BIDS_datasets_selection/QTIM/sub-0147/ses-01/anat/sub-0147_ses-01_T1w.nii.gz,,,,,sub-0147,ses-01,256,256,256,0.9375,0.9,0.9375,11.122428894042969,16777216,14055346,0.8377639055252075,0.0,349.0,15.071217741633681,4.0,21.42682442280472,3.0,4.9553260428409,2.043956182990816,1.0,1.0,63.0,85.0,3.3787588473339256,
QTIM,/run/media/falconnier/Elements/BIDS_datasets_selection/QTIM/sub-0148/ses-01/anat/sub-0148_ses-01_T1w.nii.gz,,,,,sub-0148,ses-01,256,256,256,0.9375,0.9,0.9375,10.166584968566895,16777216,13581408,0.8095149993896484,0.0,358.0,11.675427319464962,3.0,17.342661982077754,2.0,5.909135361201949,2.2437920348179237,1.0,1.0,52.0,71.0,3.0098173236883223,
QTIM,/run/media/falconnier/Elements/BIDS_datasets_selection/QTIM/sub-0149/ses-01/anat/sub-0149_ses-01_T1w_defacemask.nii.gz,,,,,sub-0149,ses-01,256,256,256,0.9375,0.9,0.9375,0.18014049530029297,16777216,15184777,0.9050832390785217,0.0,1.0,1.0,1.0,0.0,0.0,,,1.0,1.0,1.0,1.0,-2048.0,
QTIM,/run/media/falconnier/Elements/BIDS_datasets_selection/QTIM/sub-0149/ses-01/anat/sub-0149_ses-01_T1w.nii.gz,,,,,sub-0149,ses-01,256,256,256,0.9375,0.9,0.9375,9.871659278869629,16777216,13599762,0.810608983039856,0.0,393.0,10.413501206859355,3.0,17.774128230862573,2.0,7.211612697795349,2.549033891369239,1.0,1.0,54.0,78.0,2.4533726639804896,
QTIM,/run/media/falconnier/Elements/BIDS_datasets_selection/QTIM/sub-0150/ses-01/anat/sub-0150_ses-01_T1w.nii.gz,,,,,sub-0150,ses-01,256,256,256,0.9375,0.9,0.9375,10.207876205444336,16777216,13745202,0.8192778825759888,0.0,374.0,11.087395077933376,3.0,18.327195244355202,2.0,6.777658076001247,2.4771305730890902,1.0,1.0,55.0,78.0,2.7190166899321118,
QTIM,/run/media/falconnier/Elements/BIDS_datasets_selection/QTIM/sub-0150/ses-01/anat/sub-0150_ses-01_T1w_defacemask.nii.gz,,,,,sub-0150,ses-01,256,256,256,0.9375,0.9,0.9375,0.1674671173095703,16777216,15206797,0.9063957333564758,0.0,1.0,1.0,1.0,0.0,0.0,,,1.0,1.0,1.0,1.0,-2048.0,
QTIM,/run/media/falconnier/Elements/BIDS_datasets_selection/QTIM/sub-0151/ses-01/anat/sub-0151_ses-01_T1w_defacemask.nii.gz,,,,,sub-0151,ses-01,256,256,256,0.9375,0.9,0.9375,0.17991352081298828,16777216,15084664,0.899116039276123,0.0,1.0,1.0,1.0,0.0,0.0,,,1.0,1.0,1.0,1.0,-2048.0,
QTIM,/run/media/falconnier/Elements/BIDS_datasets_selection/QTIM/sub-0152/ses-01/anat/sub-0152_ses-01_T1w_defacemask.nii.gz,,,,,sub-0152,ses-01,240,256,256,0.9,0.9375,0.9375,0.17787837982177734,15728640,13961555,0.8876517613728842,0.0,1.0,1.0,1.0,0.0,0.0,,,1.0,1.0,1.0,1.0,-2048.0,
QTIM,/run/media/falconnier/Elements/BIDS_datasets_selection/QTIM/sub-0152/ses-01/anat/sub-0152_ses-01_T1w.nii.gz,,,,,sub-0152,ses-01,240,256,256,0.9,0.9375,0.9375,14.484627723693848,15728640,13793443,0.876963488260905,0.0,1458.0,54.780350272227174,14.0,87.44186422640682,8.0,5.024167838842285,2.2316246460519675,1.0,3.0,266.0,369.0,1.1478401262189257,
QTIM,/run/media/falconnier/Elements/BIDS_datasets_selection/QTIM/sub-0151/ses-01/anat/sub-0151_ses-01_T1w.nii.gz,,,,,sub-0151,ses-01,256,256,256,0.9375,0.9,0.9375,10.864508628845215,16777216,14105972,0.8407814502716064,0.0,301.0,13.275789927840492,4.0,19.165072881998547,3.0,5.336560930568693,2.1592224176417125,1.0,1.0,58.0,79.0,3.782250238796639,
QTIM,/run/media/falconnier/Elements/BIDS_datasets_selection/QTIM/sub-0154/ses-01/anat/sub-0154_ses-01_T1w_defacemask.nii.gz,,,,,sub-0154,ses-01,240,256,256,0.9,0.9375,0.9375,0.15620136260986328,15728640,13934744,0.8859471638997396,0.0,1.0,1.0,1.0,0.0,0.0,,,1.0,1.0,1.0,1.0,-2048.0,
QTIM,/run/media/falconnier/Elements/BIDS_datasets_selection/QTIM/sub-0153/ses-01/anat/sub-0153_ses-01_T1w_defacemask.nii.gz,,,,,sub-0153,ses-01,256,256,256,0.9375,0.9,0.9375,0.15728473663330078,16777216,15152136,0.9031376838684082,0.0,1.0,1.0,1.0,0.0,0.0,,,1.0,1.0,1.0,1.0,-2048.0,
QTIM,/run/media/falconnier/Elements/BIDS_datasets_selection/QTIM/sub-0155/ses-01/anat/sub-0155_ses-01_T1w_defacemask.nii.gz,,,,,sub-0155,ses-01,256,256,256,0.9375,0.9,0.9375,0.18054676055908203,16777216,14855629,0.8854644894599915,0.0,1.0,1.0,1.0,0.0,0.0,,,1.0,1.0,1.0,1.0,-2048.0,
QTIM,/run/media/falconnier/Elements/BIDS_datasets_selection/QTIM/sub-0153/ses-01/anat/sub-0153_ses-01_T1w.nii.gz,,,,,sub-0153,ses-01,256,256,256,0.9375,0.9,0.9375,10.078367233276367,16777216,13832014,0.82445228099823,0.0,432.0,10.457658660553697,3.0,17.9026695080964,2.0,8.350008862046426,2.6871341807887337,1.0,1.0,54.0,79.0,2.321130395557108,
QTIM,/run/media/falconnier/Elements/BIDS_datasets_selection/QTIM/sub-0154/ses-01/anat/sub-0154_ses-01_T1w.nii.gz,,,,,sub-0154,ses-01,240,256,256,0.9,0.9375,0.9375,14.43894100189209,15728640,13776406,0.8758803049723307,0.0,1320.0,51.163143420715095,15.0,75.9448365162029,9.0,5.0633176561073405,2.1899360412430475,1.0,3.0,230.0,315.0,1.2885563605317596,
QTIM,/run/media/falconnier/Elements/BIDS_datasets_selection/QTIM/sub-0155/ses-01/anat/sub-0155_ses-01_T1w.nii.gz,,,,,sub-0155,ses-01,256,256,256,0.9375,0.9,0.9375,10.729484558105469,16777216,13839018,0.8248697519302368,0.0,422.0,13.222634727406236,4.0,19.993515176062797,2.0,6.605572335554131,2.309290880843425,1.0,1.0,60.0,82.0,2.67471308707445,
QTIM,/run/media/falconnier/Elements/BIDS_datasets_selection/QTIM/sub-0155/ses-02/anat/sub-0155_ses-02_T1w_defacemask.nii.gz,,,,,sub-0155,ses-02,256,240,256,0.9375,0.9,0.9375,0.16861724853515625,15728640,14010626,0.8907716115315755,0.0,1.0,1.0,1.0,0.0,0.0,,,1.0,1.0,1.0,1.0,-2048.0,
QTIM,/run/media/falconnier/Elements/BIDS_datasets_selection/QTIM/sub-0155/ses-02/anat/sub-0155_ses-02_T1w.nii.gz,,,,,sub-0155,ses-02,256,240,256,0.9375,0.9,0.9375,14.911035537719727,15728640,13830910,0.8793455759684244,0.0,1854.0,56.86133949248459,15.0,89.61219946461536,9.0,6.2817715696348735,2.337922266746528,1.0,3.0,269.0,369.0,0.924297003026441,
QTIM,/run/media/falconnier/Elements/BIDS_datasets_selection/QTIM/sub-0156/ses-01/anat/sub-0156_ses-01_T1w.nii.gz,,,,,sub-0156,ses-01,256,256,256,0.9375,0.9,0.9375,11.167452812194824,16777216,14066578,0.8384333848953247,0.0,319.0,14.923694803384306,4.0,21.247628533735934,3.0,5.043720395296669,2.104887692054514,1.0,1.0,64.0,86.0,3.7707119632981456,
QTIM,/run/media/falconnier/Elements/BIDS_datasets_selection/QTIM/sub-0156/ses-01/anat/sub-0156_ses-01_T1w_defacemask.nii.gz,,,,,sub-0156,ses-01,256,256,256,0.9375,0.9,0.9375,0.17427825927734375,16777216,14904978,0.8884059190750122,0.0,1.0,1.0,1.0,0.0,0.0,,,1.0,1.0,1.0,1.0,-2048.0,
QTIM,/run/media/falconnier/Elements/BIDS_datasets_selection/QTIM/sub-0157/ses-01/anat/sub-0157_ses-01_T1w.nii.gz,,,,,sub-0157,ses-01,256,256,256,0.9375,0.9,0.9375,10.623419761657715,16777216,13980415,0.8332976698875427,0.0,457.0,11.905473192319398,3.0,18.818320801232677,2.0,7.9573547117087475,2.4661731448635313,1.0,1.0,57.0,80.0,2.378759339737671,
QTIM,/run/media/falconnier/Elements/BIDS_datasets_selection/QTIM/sub-0157/ses-01/anat/sub-0157_ses-01_T1w_defacemask.nii.gz,,,,,sub-0157,ses-01,256,256,256,0.9375,0.9,0.9375,0.18076610565185547,16777216,15150380,0.9030330181121826,0.0,1.0,1.0,1.0,0.0,0.0,,,1.0,1.0,1.0,1.0,-2048.0,
QTIM,/run/media/falconnier/Elements/BIDS_datasets_selection/QTIM/sub-0158/ses-01/anat/sub-0158_ses-01_T1w.nii.gz,,,,,sub-0158,ses-01,256,256,256,0.9375,0.9,0.9375,10.173941612243652,16777216,13651169,0.8136730790138245,0.0,316.0,11.070639811139984,3.0,16.868021732069398,2.0,7.094092364124386,2.409350978873693,1.0,1.0,51.0,72.0,3.3368908159286157,
QTIM,/run/media/falconnier/Elements/BIDS_datasets_selection/QTIM/sub-0158/ses-01/anat/sub-0158_ses-01_T1w_defacemask.nii.gz,,,,,sub-0158,ses-01,256,256,256,0.9375,0.9,0.9375,0.17086505889892578,16777216,14964309,0.8919423222541809,0.0,1.0,1.0,1.0,0.0,0.0,,,1.0,1.0,1.0,1.0,-2048.0,
QTIM,/run/media/falconnier/Elements/BIDS_datasets_selection/QTIM/sub-0159/ses-01/anat/sub-0159_ses-01_T1w_defacemask.nii.gz,,,,,sub-0159,ses-01,256,256,256,0.9375,0.9,0.9375,0.16046905517578125,16777216,15018567,0.895176351070404,0.0,1.0,1.0,1.0,0.0,0.0,,,1.0,1.0,1.0,1.0,-2048.0,
QTIM,/run/media/falconnier/Elements/BIDS_datasets_selection/QTIM/sub-0159/ses-01/anat/sub-0159_ses-01_T1w.nii.gz,,,,,sub-0159,ses-01,256,256,256,0.9375,0.9,0.9375,10.544995307922363,16777216,13926910,0.8301085233688354,0.0,396.0,12.686057926704487,3.0,19.77098539757821,2.0,6.552525516291942,2.3689749107870446,1.0,1.0,59.0,83.0,2.754848723026329,
QTIM,/run/media/falconnier/Elements/BIDS_datasets_selection/QTIM/sub-0160/ses-01/anat/sub-0160_ses-01_T1w_defacemask.nii.gz,,,,,sub-0160,ses-01,240,256,256,0.9,0.9375,0.9375,0.1902914047241211,15728640,13816799,0.8784484227498373,0.0,1.0,1.0,1.0,0.0,0.0,,,1.0,1.0,1.0,1.0,-2048.0,
QTIM,/run/media/falconnier/Elements/BIDS_datasets_selection/QTIM/sub-0160/ses-01/anat/sub-0160_ses-01_T1w.nii.gz,,,,,sub-0160,ses-01,240,256,256,0.9,0.9375,0.9375,14.467765808105469,15728640,13661240,0.8685582478841146,0.0,1322.0,55.487196111041165,15.0,81.04488770006677,9.0,4.2120236354264184,2.023325076964963,1.0,3.0,245.0,327.0,1.3006449276647851,
QTIM,/run/media/falconnier/Elements/BIDS_datasets_selection/QTIM/sub-0161/ses-01/anat/sub-0161_ses-01_T1w_defacemask.nii.gz,,,,,sub-0161,ses-01,256,256,256,0.9375,0.9,0.9375,0.1797018051147461,16777216,14940656,0.8905324935913086,0.0,1.0,1.0,1.0,0.0,0.0,,,1.0,1.0,1.0,1.0,-2048.0,
QTIM,/run/media/falconnier/Elements/BIDS_datasets_selection/QTIM/sub-0161/ses-01/anat/sub-0161_ses-01_T1w.nii.gz,,,,,sub-0161,ses-01,256,256,256,0.9375,0.9,0.9375,10.732654571533203,16777216,13870933,0.8267720341682434,0.0,463.0,13.408649656082975,3.0,20.951377562701936,2.0,6.469047208558425,2.326298274756933,1.0,1.0,63.0,86.0,2.44458662853519,
QTIM,/run/media/falconnier/Elements/BIDS_datasets_selection/QTIM/sub-0162/ses-01/anat/sub-0162_ses-01_T1w_defacemask.nii.gz,,,,,sub-0162,ses-01,256,256,256,0.9375,0.9,0.9375,0.18813800811767578,16777216,14917978,0.8891807794570923,0.0,1.0,1.0,1.0,0.0,0.0,,,1.0,1.0,1.0,1.0,-2048.0,
QTIM,/run/media/falconnier/Elements/BIDS_datasets_selection/QTIM/sub-0162/ses-01/anat/sub-0162_ses-01_T1w.nii.gz,,,,,sub-0162,ses-01,256,256,256,0.9375,0.9,0.9375,9.662073135375977,16777216,12510413,0.745678722858429,0.0,476.0,16.98749026111288,2.0,25.979954515995868,1.0,2.0815948343908417,1.617126245190812,1.0,1.0,77.0,89.0,2.2746936741888066,
QTIM,/run/media/falconnier/Elements/BIDS_datasets_selection/QTIM/sub-0163/ses-01/anat/sub-0163_ses-01_T1w_defacemask.nii.gz,,,,,sub-0163,ses-01,256,256,256,0.9375,0.9,0.9375,0.17884254455566406,16777216,14964781,0.8919704556465149,0.0,1.0,1.0,1.0,0.0,0.0,,,1.0,1.0,1.0,1.0,-2048.0,
QTIM,/run/media/falconnier/Elements/BIDS_datasets_selection/QTIM/sub-0163/ses-01/anat/sub-0163_ses-01_T1w.nii.gz,,,,,sub-0163,ses-01,256,256,256,0.9375,0.9,0.9375,10.560147285461426,16777216,13780417,0.8213768601417542,0.0,343.0,13.33237143694563,3.0,20.659415399600462,2.0,6.686120966971842,2.3470978330536676,1.0,1.0,61.0,83.0,3.193793020040716,
QTIM,/run/media/falconnier/Elements/BIDS_datasets_selection/QTIM/sub-0164/ses-01/anat/sub-0164_ses-01_T1w_defacemask.nii.gz,,,,,sub-0164,ses-01,240,256,256,0.9,0.9375,0.9375,0.17422008514404297,15728640,13724845,0.8726021448771158,0.0,1.0,1.0,1.0,0.0,0.0,,,1.0,1.0,1.0,1.0,-2048.0,
QTIM,/run/media/falconnier/Elements/BIDS_datasets_selection/QTIM/sub-0164/ses-01/anat/sub-0164_ses-01_T1w.nii.gz,,,,,sub-0164,ses-01,240,256,256,0.9,0.9375,0.9375,14.246066093444824,15728640,13564468,0.8624056498209636,0.0,1429.0,52.83420993731564,15.0,79.08321295830623,9.0,4.845867907526265,2.143769709548876,1.0,3.0,241.0,326.0,1.1884140079425336,
QTIM,/run/media/falconnier/Elements/BIDS_datasets_selection/QTIM/sub-0165/ses-02/anat/sub-0165_ses-02_T1w_defacemask.nii.gz,,,,,sub-0165,ses-02,240,256,256,0.9,0.9375,0.9375,0.16989994049072266,15728640,13950221,0.8869311650594075,0.0,1.0,1.0,1.0,0.0,0.0,,,1.0,1.0,1.0,1.0,-2048.0,
QTIM,/run/media/falconnier/Elements/BIDS_datasets_selection/QTIM/sub-0165/ses-01/anat/sub-0165_ses-01_T1w.nii.gz,,,,,sub-0165,ses-01,256,256,256,0.9375,0.9,0.9375,10.926036834716797,16777216,14090992,0.8398885726928711,0.0,380.0,14.059436766410768,4.0,21.14782527895437,3.0,5.535864432407582,2.222458496922906,1.0,1.0,63.0,87.0,3.0514509905258174,
QTIM,/run/media/falconnier/Elements/BIDS_datasets_selection/QTIM/sub-0165/ses-02/anat/sub-0165_ses-02_T1w.nii.gz,,,,,sub-0165,ses-02,240,256,256,0.9,0.9375,0.9375,14.443769454956055,15728640,13777675,0.8759609858194987,0.0,1592.0,53.52859295926199,14.0,80.60852618048764,9.0,4.141052079563143,2.083408811597096,1.0,3.0,246.0,331.0,1.0681214628765832,
QTIM,/run/media/falconnier/Elements/BIDS_datasets_selection/QTIM/sub-0165/ses-01/anat/sub-0165_ses-01_T1w_defacemask.nii.gz,,,,,sub-0165,ses-01,256,256,256,0.9375,0.9,0.9375,0.17189502716064453,16777216,15137706,0.9022775888442993,0.0,1.0,1.0,1.0,0.0,0.0,,,1.0,1.0,1.0,1.0,-2048.0,
QTIM,/run/media/falconnier/Elements/BIDS_datasets_selection/QTIM/sub-0166/ses-01/anat/sub-0166_ses-01_T1w_defacemask.nii.gz,,,,,sub-0166,ses-01,240,256,256,0.9,0.9375,0.9375,0.16908645629882812,15728640,13881063,0.8825342178344726,0.0,1.0,1.0,1.0,0.0,0.0,,,1.0,1.0,1.0,1.0,-2048.0,
QTIM,/run/media/falconnier/Elements/BIDS_datasets_selection/QTIM/sub-0166/ses-01/anat/sub-0166_ses-01_T1w.nii.gz,,,,,sub-0166,ses-01,240,256,256,0.9,0.9375,0.9375,14.753787994384766,15728640,13723358,0.8725076039632161,0.0,1608.0,57.50718512189218,15.0,84.47545637917601,9.0,3.9205497163823724,2.0195361344345897,1.0,3.0,257.0,342.0,1.0754439774357458,
QTIM,/run/media/falconnier/Elements/BIDS_datasets_selection/QTIM/sub-0167/ses-01/anat/sub-0167_ses-01_T1w_defacemask.nii.gz,,,,,sub-0167,ses-01,256,256,256,0.9375,0.9,0.9375,0.1734762191772461,16777216,15008794,0.8945938348770142,0.0,1.0,1.0,1.0,0.0,0.0,,,1.0,1.0,1.0,1.0,-2048.0,
QTIM,/run/media/falconnier/Elements/BIDS_datasets_selection/QTIM/sub-0167/ses-01/anat/sub-0167_ses-01_T1w.nii.gz,,,,,sub-0167,ses-01,256,256,256,0.9375,0.9,0.9375,10.547026634216309,16777216,13835214,0.8246430158615112,0.0,359.0,12.617417121267513,3.0,20.478902945327217,2.0,6.810063796224503,2.4286117035019683,1.0,1.0,62.0,86.0,2.9799888143364486,
QTIM,/run/media/falconnier/Elements/BIDS_datasets_selection/QTIM/sub-0168/ses-01/anat/sub-0168_ses-01_T1w_defacemask.nii.gz,,,,,sub-0168,ses-01,256,256,256,0.9375,0.9,0.9375,0.17290115356445312,16777216,15158747,0.9035317301750183,0.0,1.0,1.0,1.0,0.0,0.0,,,1.0,1.0,1.0,1.0,-2048.0,
QTIM,/run/media/falconnier/Elements/BIDS_datasets_selection/QTIM/sub-0168/ses-01/anat/sub-0168_ses-01_T1w.nii.gz,,,,,sub-0168,ses-01,256,256,256,0.9375,0.9,0.9375,10.554025650024414,16777216,13866497,0.8265076279640198,0.0,331.0,12.831195362462488,3.0,20.125246781380966,2.0,5.7174337773072565,2.271342068497745,1.0,1.0,60.0,82.0,3.253345535373242,
QTIM,/run/media/falconnier/Elements/BIDS_datasets_selection/QTIM/sub-0169/ses-01/anat/sub-0169_ses-01_T1w.nii.gz,,,,,sub-0169,ses-01,256,256,256,0.9375,0.9,0.9375,10.39892578125,16777216,13848542,0.8254374265670776,0.0,415.0,12.110894850880332,3.0,18.129979205942956,2.0,5.365384578993906,2.186434896845756,1.0,1.0,55.0,76.0,2.6374134825589257,
QTIM,/run/media/falconnier/Elements/BIDS_datasets_selection/QTIM/sub-0169/ses-01/anat/sub-0169_ses-01_T1w_defacemask.nii.gz,,,,,sub-0169,ses-01,256,256,256,0.9375,0.9,0.9375,0.16893577575683594,16777216,14982552,0.8930296897888184,0.0,1.0,1.0,1.0,0.0,0.0,,,1.0,1.0,1.0,1.0,-2048.0,
QTIM,/run/media/falconnier/Elements/BIDS_datasets_selection/QTIM/sub-0171/ses-01/anat/sub-0171_ses-01_T1w_defacemask.nii.gz,,,,,sub-0171,ses-01,256,256,256,0.9375,0.9,0.9375,0.16071701049804688,16777216,14925980,0.889657735824585,0.0,1.0,1.0,1.0,0.0,0.0,,,1.0,1.0,1.0,1.0,-2048.0,
QTIM,/run/media/falconnier/Elements/BIDS_datasets_selection/QTIM/sub-0170/ses-01/anat/sub-0170_ses-01_T1w.nii.gz,,,,,sub-0170,ses-01,256,256,256,0.9375,0.9,0.9375,9.657720565795898,16777216,13246394,0.7895466089248657,0.0,298.0,10.579260740696675,3.0,16.482204405012517,2.0,5.883589187423906,2.2856125599116286,1.0,1.0,50.0,68.0,3.2615931949029076,
QTIM,/run/media/falconnier/Elements/BIDS_datasets_selection/QTIM/sub-0170/ses-01/anat/sub-0170_ses-01_T1w_defacemask.nii.gz,,,,,sub-0170,ses-01,256,256,256,0.9375,0.9,0.9375,0.17596912384033203,16777216,14899942,0.8881057500839233,0.0,1.0,1.0,1.0,0.0,0.0,,,1.0,1.0,1.0,1.0,-2048.0,
QTIM,/run/media/falconnier/Elements/BIDS_datasets_selection/QTIM/sub-0171/ses-01/anat/sub-0171_ses-01_T1w.nii.gz,,,,,sub-0171,ses-01,256,256,256,0.9375,0.9,0.9375,10.414278030395508,16777216,13717676,0.8176372051239014,0.0,334.0,12.370061080317104,3.0,19.15197501588928,2.0,6.362083127790719,2.349847214770285,1.0,1.0,57.0,80.0,3.232865501709401,
QTIM,/run/media/falconnier/Elements/BIDS_datasets_selection/QTIM/sub-0172/ses-01/anat/sub-0172_ses-01_T1w_defacemask.nii.gz,,,,,sub-0172,ses-01,256,256,256,0.9375,0.9,0.9375,0.18033599853515625,16777216,14947234,0.8909245729446411,0.0,1.0,1.0,1.0,0.0,0.0,,,1.0,1.0,1.0,1.0,-2048.0,
QTIM,/run/media/falconnier/Elements/BIDS_datasets_selection/QTIM/sub-0172/ses-01/anat/sub-0172_ses-01_T1w.nii.gz,,,,,sub-0172,ses-01,256,256,256,0.9375,0.9,0.9375,10.471905708312988,16777216,13818423,0.8236421942710876,0.0,365.0,12.206657518010557,3.0,19.04598467785583,2.0,7.282451085903588,2.4328798848015345,1.0,1.0,57.0,80.0,2.978715823128724,
QTIM,/run/media/falconnier/Elements/BIDS_datasets_selection/QTIM/sub-0174/ses-01/anat/sub-0174_ses-01_T1w_defacemask.nii.gz,,,,,sub-0174,ses-01,256,256,256,0.9375,0.9,0.9375,0.16684436798095703,16777216,15138797,0.9023426175117493,0.0,1.0,1.0,1.0,0.0,0.0,,,1.0,1.0,1.0,1.0,-2048.0,
QTIM,/run/media/falconnier/Elements/BIDS_datasets_selection/QTIM/sub-0173/ses-01/anat/sub-0173_ses-01_T1w_defacemask.nii.gz,,,,,sub-0173,ses-01,256,256,256,0.9375,0.9,0.9375,0.17708873748779297,16777216,14705144,0.8764948844909668,0.0,1.0,1.0,1.0,0.0,0.0,,,1.0,1.0,1.0,1.0,-2048.0,
QTIM,/run/media/falconnier/Elements/BIDS_datasets_selection/QTIM/sub-0173/ses-01/anat/sub-0173_ses-01_T1w.nii.gz,,,,,sub-0173,ses-01,256,256,256,0.9375,0.9,0.9375,10.995606422424316,16777216,13833767,0.8245567679405212,0.0,361.0,15.675834066021208,4.0,22.831971696827885,2.0,3.8901622485816363,1.9445747340167026,1.0,1.0,69.0,89.0,3.273560277963106,
QTIM,/run/media/falconnier/Elements/BIDS_datasets_selection/QTIM/sub-0174/ses-01/anat/sub-0174_ses-01_T1w.nii.gz,,,,,sub-0174,ses-01,256,256,256,0.9375,0.9,0.9375,9.937906265258789,16777216,13619705,0.8117976784706116,0.0,368.0,11.24872506416255,3.0,19.20743467523103,2.0,7.659402170902382,2.5840337696032667,1.0,1.0,57.0,81.0,2.7286968552686037,
QTIM,/run/media/falconnier/Elements/BIDS_datasets_selection/QTIM/sub-0175/ses-01/anat/sub-0175_ses-01_T1w_defacemask.nii.gz,,,,,sub-0175,ses-01,240,256,256,0.9,0.9375,0.9375,0.16515254974365234,15728640,13485088,0.8573588053385417,0.0,1.0,1.0,1.0,0.0,0.0,,,1.0,1.0,1.0,1.0,-2048.0,
QTIM,/run/media/falconnier/Elements/BIDS_datasets_selection/QTIM/sub-0175/ses-01/anat/sub-0175_ses-01_T1w.nii.gz,,,,,sub-0175,ses-01,240,256,256,0.9,0.9375,0.9375,14.414677619934082,15728640,13334421,0.847779655456543,0.0,1342.0,57.6324549824848,17.0,78.10599090188504,11.0,3.9486177469820065,1.9353288735694196,1.0,4.0,233.0,310.0,1.3155286684812382,
QTIM,/run/media/falconnier/Elements/BIDS_datasets_selection/QTIM/sub-0176/ses-01/anat/sub-0176_ses-01_T1w_defacemask.nii.gz,,,,,sub-0176,ses-01,256,256,256,0.9375,0.9,0.9375,0.17542171478271484,16777216,14929289,0.8898549675941467,0.0,1.0,1.0,1.0,0.0,0.0,,,1.0,1.0,1.0,1.0,-2048.0,
QTIM,/run/media/falconnier/Elements/BIDS_datasets_selection/QTIM/sub-0177/ses-01/anat/sub-0177_ses-01_T1w_defacemask.nii.gz,,,,,sub-0177,ses-01,240,256,256,0.9,0.9375,0.9375,0.1746358871459961,15728640,13781664,0.876214599609375,0.0,1.0,1.0,1.0,0.0,0.0,,,1.0,1.0,1.0,1.0,-2048.0,
QTIM,/run/media/falconnier/Elements/BIDS_datasets_selection/QTIM/sub-0177/ses-01/anat/sub-0177_ses-01_T1w.nii.gz,,,,,sub-0177,ses-01,240,256,256,0.9,0.9375,0.9375,13.79590129852295,15728640,13591416,0.8641189575195313,0.0,972.0,42.901037537222024,12.0,65.47658754607738,7.0,4.199153189305479,2.1295569996673596,1.0,3.0,201.0,273.0,1.649249761211631,
QTIM,/run/media/falconnier/Elements/BIDS_datasets_selection/QTIM/sub-0176/ses-01/anat/sub-0176_ses-01_T1w.nii.gz,,,,,sub-0176,ses-01,256,256,256,0.9375,0.9,0.9375,11.214227676391602,16777216,14093843,0.8400585055351257,0.0,347.0,15.544716370119916,4.0,21.81772499558127,3.0,5.205686459978729,2.085544716705364,1.0,1.0,64.0,88.0,3.482667987747517,
QTIM,/run/media/falconnier/Elements/BIDS_datasets_selection/QTIM/sub-0178/ses-01/anat/sub-0178_ses-01_T1w.nii.gz,,,,,sub-0178,ses-01,256,256,256,0.9375,0.9,0.9375,10.796441078186035,16777216,13974624,0.8329524993896484,0.0,473.0,14.164692016042792,3.0,22.16466233125162,2.0,6.046673375306879,2.199995741132814,1.0,1.0,65.0,88.0,2.3745351134934887,
QTIM,/run/media/falconnier/Elements/BIDS_datasets_selection/QTIM/sub-0178/ses-01/anat/sub-0178_ses-01_T1w_defacemask.nii.gz,,,,,sub-0178,ses-01,256,256,256,0.9375,0.9,0.9375,0.1657733917236328,16777216,15185551,0.9051293730735779,0.0,1.0,1.0,1.0,0.0,0.0,,,1.0,1.0,1.0,1.0,-2048.0,
QTIM,/run/media/falconnier/Elements/BIDS_datasets_selection/QTIM/sub-0179/ses-01/anat/sub-0179_ses-01_T1w_defacemask.nii.gz,,,,,sub-0179,ses-01,256,256,256,0.9375,0.9,0.9375,0.18747711181640625,16777216,15132593,0.9019728302955627,0.0,1.0,1.0,1.0,0.0,0.0,,,1.0,1.0,1.0,1.0,-2048.0,
QTIM,/run/media/falconnier/Elements/BIDS_datasets_selection/QTIM/sub-0179/ses-01/anat/sub-0179_ses-01_T1w.nii.gz,,,,,sub-0179,ses-01,256,256,256,0.9375,0.9,0.9375,10.3059663772583,16777216,13822983,0.8239139914512634,0.0,384.0,11.378664503891816,3.0,17.87003946214265,2.0,6.3504533220032044,2.389544418817096,1.0,1.0,54.0,76.0,2.781167644301601,
QTIM,/run/media/falconnier/Elements/BIDS_datasets_selection/QTIM/sub-0179/ses-02/anat/sub-0179_ses-02_T1w_defacemask.nii.gz,,,,,sub-0179,ses-02,256,256,256,0.9375,0.9,0.9375,0.17798614501953125,16777216,15142934,0.9025892019271851,0.0,1.0,1.0,1.0,0.0,0.0,,,1.0,1.0,1.0,1.0,-2048.0,
QTIM,/run/media/falconnier/Elements/BIDS_datasets_selection/QTIM/sub-0179/ses-02/anat/sub-0179_ses-02_T1w.nii.gz,,,,,sub-0179,ses-02,256,256,256,0.9375,0.9,0.9375,10.932024002075195,16777216,14116477,0.8414075970649719,0.0,394.0,13.84938975921542,4.0,21.275941447600644,2.0,5.447184575468093,2.2471365770535536,1.0,1.0,65.0,88.0,2.8659849286503243,
QTIM,/run/media/falconnier/Elements/BIDS_datasets_selection/QTIM/sub-0180/ses-01/anat/sub-0180_ses-01_T1w.nii.gz,,,,,sub-0180,ses-01,256,256,256,0.9375,0.9,0.9375,10.51358699798584,16777216,13888282,0.8278061151504517,0.0,313.0,12.176052444787627,3.0,19.141001986683712,2.0,6.270031063149682,2.3647952829454537,1.0,1.0,57.0,81.0,3.389132201938254,
QTIM,/run/media/falconnier/Elements/BIDS_datasets_selection/QTIM/sub-0180/ses-01/anat/sub-0180_ses-01_T1w_defacemask.nii.gz,,,,,sub-0180,ses-01,256,256,256,0.9375,0.9,0.9375,0.1737070083618164,16777216,15149442,0.9029771089553833,0.0,1.0,1.0,1.0,0.0,0.0,,,1.0,1.0,1.0,1.0,-2048.0,
QTIM,/run/media/falconnier/Elements/BIDS_datasets_selection/QTIM/sub-0181/ses-01/anat/sub-0181_ses-01_T1w.nii.gz,,,,,sub-0181,ses-01,256,256,256,0.9375,0.9,0.9375,11.443197250366211,16777216,14145687,0.8431486487388611,0.0,358.0,14.92495726789374,5.0,21.034407443881648,3.0,5.6674421380617765,2.176694379994332,1.0,1.0,63.0,86.0,3.394703035050637,
QTIM,/run/media/falconnier/Elements/BIDS_datasets_selection/QTIM/sub-0182/ses-01/anat/sub-0182_ses-01_T1w_defacemask.nii.gz,,,,,sub-0182,ses-01,256,256,256,0.9375,0.9,0.9375,0.16490745544433594,16777216,15080465,0.8988657593727112,0.0,1.0,1.0,1.0,0.0,0.0,,,1.0,1.0,1.0,1.0,-2048.0,
QTIM,/run/media/falconnier/Elements/BIDS_datasets_selection/QTIM/sub-0181/ses-01/anat/sub-0181_ses-01_T1w_defacemask.nii.gz,,,,,sub-0181,ses-01,256,256,256,0.9375,0.9,0.9375,0.18340301513671875,16777216,14810412,0.8827693462371826,0.0,1.0,1.0,1.0,0.0,0.0,,,1.0,1.0,1.0,1.0,-2048.0,
QTIM,/run/media/falconnier/Elements/BIDS_datasets_selection/QTIM/sub-0182/ses-01/anat/sub-0182_ses-01_T1w.nii.gz,,,,,sub-0182,ses-01,256,256,256,0.9375,0.9,0.9375,10.448768615722656,16777216,13862330,0.8262592554092407,0.0,327.0,12.153149362336634,3.0,19.03559193043856,2.0,6.1117053398252335,2.328695649847387,1.0,1.0,57.0,79.0,3.255730043746696,
QTIM,/run/media/falconnier/Elements/BIDS_datasets_selection/QTIM/sub-0183/ses-01/anat/sub-0183_ses-01_T1w_defacemask.nii.gz,,,,,sub-0183,ses-01,240,256,256,0.9,0.9375,0.9375,0.1770639419555664,15728640,14068190,0.8944314320882162,0.0,1.0,1.0,1.0,0.0,0.0,,,1.0,1.0,1.0,1.0,-2048.0,
QTIM,/run/media/falconnier/Elements/BIDS_datasets_selection/QTIM/sub-0183/ses-01/anat/sub-0183_ses-01_T1w.nii.gz,,,,,sub-0183,ses-01,240,256,256,0.9,0.9375,0.9375,14.399956703186035,15728640,13896803,0.8835349400838216,0.0,1534.0,49.83055930202076,14.0,79.20207977794071,8.0,5.696466000960017,2.326785525363298,1.0,3.0,241.0,340.0,1.087368269059408,
QTIM,/run/media/falconnier/Elements/BIDS_datasets_selection/QTIM/sub-0185/ses-01/anat/sub-0185_ses-01_T1w_defacemask.nii.gz,,,,,sub-0185,ses-01,240,256,256,0.9,0.9375,0.9375,0.1837148666381836,15728640,13746099,0.8739534378051758,0.0,1.0,1.0,1.0,0.0,0.0,,,1.0,1.0,1.0,1.0,-2048.0,
QTIM,/run/media/falconnier/Elements/BIDS_datasets_selection/QTIM/sub-0184/ses-01/anat/sub-0184_ses-01_T1w.nii.gz,,,,,sub-0184,ses-01,256,256,256,0.9375,0.9,0.9375,10.54089641571045,16777216,13872971,0.8268935084342957,0.0,394.0,12.588535289232565,3.0,19.75469671471726,2.0,6.562039634996978,2.3441572603436014,1.0,1.0,59.0,81.0,2.7167128609166067,
QTIM,/run/media/falconnier/Elements/BIDS_datasets_selection/QTIM/sub-0184/ses-01/anat/sub-0184_ses-01_T1w_defacemask.nii.gz,,,,,sub-0184,ses-01,256,256,256,0.9375,0.9,0.9375,0.1645793914794922,16777216,15034234,0.8961101770401001,0.0,1.0,1.0,1.0,0.0,0.0,,,1.0,1.0,1.0,1.0,-2048.0,
QTIM,/run/media/falconnier/Elements/BIDS_datasets_selection/QTIM/sub-0185/ses-01/anat/sub-0185_ses-01_T1w.nii.gz,,,,,sub-0185,ses-01,240,256,256,0.9,0.9375,0.9375,14.09571647644043,15728640,13576480,0.8631693522135416,0.0,1040.0,49.095163400233346,14.0,72.76128052484339,8.0,4.381585140427136,2.126536155773341,1.0,3.0,221.0,307.0,1.6121628413711724,
QTIM,/run/media/falconnier/Elements/BIDS_datasets_selection/QTIM/sub-0186/ses-01/anat/sub-0186_ses-01_T1w.nii.gz,,,,,sub-0186,ses-01,256,256,256,0.9375,0.9,0.9375,10.035685539245605,16777216,13445994,0.8014436960220337,0.0,278.0,11.540639762296488,3.0,17.675664951400787,2.0,6.0113564999161735,2.2908658106231643,1.0,1.0,53.0,73.0,3.6585868518990985,
QTIM,/run/media/falconnier/Elements/BIDS_datasets_selection/QTIM/sub-0186/ses-01/anat/sub-0186_ses-01_T1w_defacemask.nii.gz,,,,,sub-0186,ses-01,256,256,256,0.9375,0.9,0.9375,0.16959381103515625,16777216,14823214,0.8835324048995972,0.0,1.0,1.0,1.0,0.0,0.0,,,1.0,1.0,1.0,1.0,-2048.0,
QTIM,/run/media/falconnier/Elements/BIDS_datasets_selection/QTIM/sub-0187/ses-01/anat/sub-0187_ses-01_T1w.nii.gz,,,,,sub-0187,ses-01,256,256,256,0.9375,0.9,0.9375,10.368352890014648,16777216,13688300,0.8158862590789795,0.0,409.0,12.840352783033685,3.0,20.831930676658423,2.0,6.182531154033258,2.35086230437882,1.0,1.0,62.0,86.0,2.5895366636209896,
QTIM,/run/media/falconnier/Elements/BIDS_datasets_selection/QTIM/sub-0187/ses-01/anat/sub-0187_ses-01_T1w_defacemask.nii.gz,,,,,sub-0187,ses-01,256,256,256,0.9375,0.9,0.9375,0.1765756607055664,16777216,15081757,0.898942768573761,0.0,1.0,1.0,1.0,0.0,0.0,,,1.0,1.0,1.0,1.0,-2048.0,
QTIM,/run/media/falconnier/Elements/BIDS_datasets_selection/QTIM/sub-0188/ses-01/anat/sub-0188_ses-01_T1w_defacemask.nii.gz,,,,,sub-0188,ses-01,256,256,256,0.9375,0.9,0.9375,0.18085861206054688,16777216,14914870,0.8889955282211304,0.0,1.0,1.0,1.0,0.0,0.0,,,1.0,1.0,1.0,1.0,-2048.0,
QTIM,/run/media/falconnier/Elements/BIDS_datasets_selection/QTIM/sub-0188/ses-01/anat/sub-0188_ses-01_T1w.nii.gz,,,,,sub-0188,ses-01,256,256,256,0.9375,0.9,0.9375,9.509344100952148,16777216,13172652,0.7851512432098389,0.0,294.0,9.719112901487112,3.0,15.669125097265642,2.0,7.879779350651303,2.5483091951239483,1.0,1.0,46.0,67.0,3.159312317954013,
QTIM,/run/media/falconnier/Elements/BIDS_datasets_selection/QTIM/sub-0189/ses-01/anat/sub-0189_ses-01_T1w_defacemask.nii.gz,,,,,sub-0189,ses-01,240,256,256,0.9,0.9375,0.9375,0.18677330017089844,15728640,13643601,0.8674367904663086,0.0,1.0,1.0,1.0,0.0,0.0,,,1.0,1.0,1.0,1.0,-2048.0,
QTIM,/run/media/falconnier/Elements/BIDS_datasets_selection/QTIM/sub-0189/ses-01/anat/sub-0189_ses-01_T1w.nii.gz,,,,,sub-0189,ses-01,240,256,256,0.9,0.9375,0.9375,14.826001167297363,15728640,13495261,0.8580055872599284,0.0,1304.0,63.17017996169174,18.0,89.34561882390769,11.0,3.751633686394098,1.9575695000744886,2.0,4.0,270.0,359.0,1.3617998921303014,
QTIM,/run/media/falconnier/Elements/BIDS_datasets_selection/QTIM/sub-0190/ses-01/anat/sub-0190_ses-01_T1w_defacemask.nii.gz,,,,,sub-0190,ses-01,256,256,256,0.9375,0.9,0.9375,0.17954349517822266,16777216,14934465,0.8901634812355042,0.0,1.0,1.0,1.0,0.0,0.0,,,1.0,1.0,1.0,1.0,-2048.0,
QTIM,/run/media/falconnier/Elements/BIDS_datasets_selection/QTIM/sub-0191/ses-01/anat/sub-0191_ses-01_T1w_defacemask.nii.gz,,,,,sub-0191,ses-01,256,256,256,0.9375,0.9,0.9375,0.17883014678955078,16777216,14946359,0.8908724188804626,0.0,1.0,1.0,1.0,0.0,0.0,,,1.0,1.0,1.0,1.0,-2048.0,
QTIM,/run/media/falconnier/Elements/BIDS_datasets_selection/QTIM/sub-0192/ses-01/anat/sub-0192_ses-01_T1w_defacemask.nii.gz,,,,,sub-0192,ses-01,256,256,256,0.9375,0.9,0.9375,0.17828369140625,16777216,14950782,0.8911360502243042,0.0,1.0,1.0,1.0,0.0,0.0,,,1.0,1.0,1.0,1.0,-2048.0,
QTIM,/run/media/falconnier/Elements/BIDS_datasets_selection/QTIM/sub-0190/ses-01/anat/sub-0190_ses-01_T1w.nii.gz,,,,,sub-0190,ses-01,256,256,256,0.9375,0.9,0.9375,10.898170471191406,16777216,14043064,0.8370318412780762,0.0,392.0,13.599071328023571,4.0,19.076525911418866,2.0,4.540419077640291,1.9920407216472018,1.0,1.0,58.0,78.0,2.9292300397179787,
QTIM,/run/media/falconnier/Elements/BIDS_datasets_selection/QTIM/sub-0191/ses-01/anat/sub-0191_ses-01_T1w.nii.gz,,,,,sub-0191,ses-01,256,256,256,0.9375,0.9,0.9375,11.141803741455078,16777216,14031062,0.8363164663314819,0.0,376.0,15.283534774488203,4.0,23.137282716757166,2.0,6.201745967986717,2.2736629011738003,1.0,1.0,68.0,93.0,3.145028983674093,
QTIM,/run/media/falconnier/Elements/BIDS_datasets_selection/QTIM/sub-0192/ses-01/anat/sub-0192_ses-01_T1w.nii.gz,,,,,sub-0192,ses-01,256,256,256,0.9375,0.9,0.9375,11.320642471313477,16777216,14168063,0.8444823622703552,0.0,406.0,14.96448166556007,4.0,21.593256770416634,3.0,6.119940690779167,2.2391197300471593,1.0,1.0,65.0,88.0,2.979119636719723,
QTIM,/run/media/falconnier/Elements/BIDS_datasets_selection/QTIM/sub-0193/ses-01/anat/sub-0193_ses-01_T1w.nii.gz,,,,,sub-0193,ses-01,256,256,256,0.9375,0.9,0.9375,9.637380599975586,16777216,13293223,0.7923378348350525,0.0,325.0,10.11236755751408,3.0,15.997899803699184,2.0,6.212054420809329,2.37809502870439,1.0,1.0,48.0,68.0,2.9944551447728394,
QTIM,/run/media/falconnier/Elements/BIDS_datasets_selection/QTIM/sub-0193/ses-01/anat/sub-0193_ses-01_T1w_defacemask.nii.gz,,,,,sub-0193,ses-01,256,256,256,0.9375,0.9,0.9375,0.17336654663085938,16777216,14973398,0.8924840688705444,0.0,1.0,1.0,1.0,0.0,0.0,,,1.0,1.0,1.0,1.0,-2048.0,
QTIM,/run/media/falconnier/Elements/BIDS_datasets_selection/QTIM/sub-0194/ses-01/anat/sub-0194_ses-01_T1w_defacemask.nii.gz,,,,,sub-0194,ses-01,256,256,256,0.9375,0.9,0.9375,0.18344593048095703,16777216,14824253,0.8835943341255188,0.0,1.0,1.0,1.0,0.0,0.0,,,1.0,1.0,1.0,1.0,-2048.0,
QTIM,/run/media/falconnier/Elements/BIDS_datasets_selection/QTIM/sub-0194/ses-01/anat/sub-0194_ses-01_T1w.nii.gz,,,,,sub-0194,ses-01,256,256,256,0.9375,0.9,0.9375,10.27811336517334,16777216,13580426,0.809456467628479,0.0,392.0,12.240723670965844,3.0,18.387109760283305,2.0,5.177127689021521,2.149619927987777,1.0,1.0,56.0,75.0,2.7395134908958445,
QTIM,/run/media/falconnier/Elements/BIDS_datasets_selection/QTIM/sub-0195/ses-01/anat/sub-0195_ses-01_T1w_defacemask.nii.gz,,,,,sub-0195,ses-01,256,256,256,0.9375,0.9,0.9375,0.1820392608642578,16777216,15006842,0.8944774866104126,0.0,1.0,1.0,1.0,0.0,0.0,,,1.0,1.0,1.0,1.0,-2048.0,
QTIM,/run/media/falconnier/Elements/BIDS_datasets_selection/QTIM/sub-0195/ses-01/anat/sub-0195_ses-01_T1w.nii.gz,,,,,sub-0195,ses-01,256,256,256,0.9375,0.9,0.9375,11.004897117614746,16777216,13948118,0.8313726186752319,0.0,383.0,15.01982747780023,4.0,22.57581632272883,3.0,5.389229022432774,2.1540199538470386,1.0,1.0,67.0,89.0,3.067272082607665,
QTIM,/run/media/falconnier/Elements/BIDS_datasets_selection/QTIM/sub-0196/ses-01/anat/sub-0196_ses-01_T1w.nii.gz,,,,,sub-0196,ses-01,240,256,256,0.9,0.9375,0.9375,14.907758712768555,15728640,13698944,0.8709554036458333,0.0,1283.0,61.044637455266624,17.0,89.72214962740527,11.0,4.619717157520232,2.0913234300760815,1.0,4.0,269.0,362.0,1.3649079481054058,
QTIM,/run/media/falconnier/Elements/BIDS_datasets_selection/QTIM/sub-0196/ses-01/anat/sub-0196_ses-01_T1w_defacemask.nii.gz,,,,,sub-0196,ses-01,240,256,256,0.9,0.9375,0.9375,0.1974649429321289,15728640,13849506,0.8805278778076172,0.0,1.0,1.0,1.0,0.0,0.0,,,1.0,1.0,1.0,1.0,-2048.0,
QTIM,/run/media/falconnier/Elements/BIDS_datasets_selection/QTIM/sub-0197/ses-01/anat/sub-0197_ses-01_T1w_defacemask.nii.gz,,,,,sub-0197,ses-01,256,256,256,0.9375,0.9,0.9375,0.17503738403320312,16777216,14864153,0.8859725594520569,0.0,1.0,1.0,1.0,0.0,0.0,,,1.0,1.0,1.0,1.0,-2048.0,
QTIM,/run/media/falconnier/Elements/BIDS_datasets_selection/QTIM/sub-0197/ses-01/anat/sub-0197_ses-01_T1w.nii.gz,,,,,sub-0197,ses-01,256,256,256,0.9375,0.9,0.9375,10.667360305786133,16777216,13684858,0.8156810998916626,0.0,498.0,15.327722143700724,3.0,23.413740132562353,2.0,4.919854109440039,2.0179842922772373,1.0,1.0,69.0,90.0,2.331928367892425,
QTIM,/run/media/falconnier/Elements/BIDS_datasets_selection/QTIM/sub-0198/ses-01/anat/sub-0198_ses-01_T1w_defacemask.nii.gz,,,,,sub-0198,ses-01,256,256,256,0.9375,0.9,0.9375,0.16659069061279297,16777216,15128453,0.9017260670661926,0.0,1.0,1.0,1.0,0.0,0.0,,,1.0,1.0,1.0,1.0,-2048.0,
QTIM,/run/media/falconnier/Elements/BIDS_datasets_selection/QTIM/sub-0198/ses-01/anat/sub-0198_ses-01_T1w.nii.gz,,,,,sub-0198,ses-01,256,256,256,0.9375,0.9,0.9375,10.033146858215332,16777216,13669699,0.8147775530815125,0.0,269.0,10.424162814411641,3.0,16.7638088274048,2.0,7.995660980924063,2.585638784751908,1.0,1.0,50.0,72.0,3.5785249878404817,
QTIM,/run/media/falconnier/Elements/BIDS_datasets_selection/QTIM/sub-0199/ses-01/anat/sub-0199_ses-01_T1w_defacemask.nii.gz,,,,,sub-0199,ses-01,256,256,256,0.9375,0.9,0.9375,0.16309070587158203,16777216,14993673,0.8936925530433655,0.0,1.0,1.0,1.0,0.0,0.0,,,1.0,1.0,1.0,1.0,-2048.0,
QTIM,/run/media/falconnier/Elements/BIDS_datasets_selection/QTIM/sub-0199/ses-01/anat/sub-0199_ses-01_T1w.nii.gz,,,,,sub-0199,ses-01,256,256,256,0.9375,0.9,0.9375,11.076732635498047,16777216,14102387,0.8405677676200867,0.0,375.0,14.983092791312563,4.0,21.590075312584318,3.0,4.362278169452746,2.0626644890644705,1.0,1.0,64.0,92.0,3.21227841625381,
QTIM,/run/media/falconnier/Elements/BIDS_datasets_selection/QTIM/sub-0200/ses-01/anat/sub-0200_ses-01_T1w_defacemask.nii.gz,,,,,sub-0200,ses-01,256,256,256,0.9375,0.9,0.9375,0.16661453247070312,16777216,15107279,0.9004639983177185,0.0,1.0,1.0,1.0,0.0,0.0,,,1.0,1.0,1.0,1.0,-2048.0,
QTIM,/run/media/falconnier/Elements/BIDS_datasets_selection/QTIM/sub-0200/ses-01/anat/sub-0200_ses-01_T1w.nii.gz,,,,,sub-0200,ses-01,256,256,256,0.9375,0.9,0.9375,10.950740814208984,16777216,14088259,0.8397256731987,0.0,443.0,13.612526075791196,4.0,21.12420229146839,2.0,6.710336952987712,2.3687718349820983,1.0,1.0,62.0,88.0,2.571610860117615,
QTIM,/run/media/falconnier/Elements/BIDS_datasets_selection/QTIM/sub-0201/ses-01/anat/sub-0201_ses-01_T1w_defacemask.nii.gz,,,,,sub-0201,ses-01,256,256,256,0.9375,0.9,0.9375,0.17619037628173828,16777216,15005046,0.894370436668396,0.0,1.0,1.0,1.0,0.0,0.0,,,1.0,1.0,1.0,1.0,-2048.0,
QTIM,/run/media/falconnier/Elements/BIDS_datasets_selection/QTIM/sub-0201/ses-01/anat/sub-0201_ses-01_T1w.nii.gz,,,,,sub-0201,ses-01,256,256,256,0.9375,0.9,0.9375,11.108153343200684,16777216,14066070,0.8384031057357788,0.0,433.0,14.171480306866098,4.0,21.762401048487373,2.0,5.891308512322755,2.2773505299238046,1.0,1.0,66.0,90.0,2.659634783926091,
QTIM,/run/media/falconnier/Elements/BIDS_datasets_selection/QTIM/sub-0202/ses-01/anat/sub-0202_ses-01_T1w.nii.gz,,,,,sub-0202,ses-01,256,256,256,0.9375,0.9,0.9375,11.107098579406738,16777216,13519959,0.8058523535728455,0.0,409.0,20.643369406667578,4.0,27.54439841774781,3.0,1.4839199577340754,1.3877301007516336,1.0,1.0,79.0,91.0,2.9908092845809198,
QTIM,/run/media/falconnier/Elements/BIDS_datasets_selection/QTIM/sub-0202/ses-01/anat/sub-0202_ses-01_T1w_defacemask.nii.gz,,,,,sub-0202,ses-01,256,256,256,0.9375,0.9,0.9375,0.1802968978881836,16777216,14923145,0.8894887566566467,0.0,1.0,1.0,1.0,0.0,0.0,,,1.0,1.0,1.0,1.0,-2048.0,
QTIM,/run/media/falconnier/Elements/BIDS_datasets_selection/QTIM/sub-0203/ses-01/anat/sub-0203_ses-01_T1w.nii.gz,,,,,sub-0203,ses-01,256,256,256,0.9375,0.9,0.9375,11.150720596313477,16777216,13957700,0.8319437503814697,0.0,381.0,15.203887245033208,4.0,21.95815626496563,3.0,6.9214170564475594,2.283001709189921,1.0,1.0,64.0,88.0,3.191722537845836,
QTIM,/run/media/falconnier/Elements/BIDS_datasets_selection/QTIM/sub-0204/ses-01/anat/sub-0204_ses-01_T1w_defacemask.nii.gz,,,,,sub-0204,ses-01,240,256,256,0.9,0.9375,0.9375,0.18865299224853516,15728640,13819804,0.8786394755045573,0.0,1.0,1.0,1.0,0.0,0.0,,,1.0,1.0,1.0,1.0,-2048.0,
QTIM,/run/media/falconnier/Elements/BIDS_datasets_selection/QTIM/sub-0203/ses-01/anat/sub-0203_ses-01_T1w_defacemask.nii.gz,,,,,sub-0203,ses-01,256,256,256,0.9375,0.9,0.9375,0.18001270294189453,16777216,14760266,0.8797804117202759,0.0,1.0,1.0,1.0,0.0,0.0,,,1.0,1.0,1.0,1.0,-2048.0,
QTIM,/run/media/falconnier/Elements/BIDS_datasets_selection/QTIM/sub-0204/ses-01/anat/sub-0204_ses-01_T1w.nii.gz,,,,,sub-0204,ses-01,240,256,256,0.9,0.9375,0.9375,13.991166114807129,15728640,13634044,0.8668291727701823,0.0,1399.0,48.121772600997915,13.0,74.99872356651734,8.0,5.004013657842361,2.197021685556866,1.0,3.0,228.0,314.0,1.1748570840931252,
QTIM,/run/media/falconnier/Elements/BIDS_datasets_selection/QTIM/sub-0205/ses-01/anat/sub-0205_ses-01_T1w.nii.gz,,,,,sub-0205,ses-01,256,256,256,0.9375,0.9,0.9375,9.540532112121582,16777216,13285895,0.7919010519981384,0.0,284.0,10.065664149837101,2.0,16.529494136295217,1.0,7.002204219301467,2.4758509466586007,1.0,1.0,49.0,68.0,3.2042567896728715,
QTIM,/run/media/falconnier/Elements/BIDS_datasets_selection/QTIM/sub-0205/ses-01/anat/sub-0205_ses-01_T1w_defacemask.nii.gz,,,,,sub-0205,ses-01,256,256,256,0.9375,0.9,0.9375,0.1727161407470703,16777216,15113073,0.9008093476295471,0.0,1.0,1.0,1.0,0.0,0.0,,,1.0,1.0,1.0,1.0,-2048.0,
QTIM,/run/media/falconnier/Elements/BIDS_datasets_selection/QTIM/sub-0206/ses-01/anat/sub-0206_ses-01_T1w_defacemask.nii.gz,,,,,sub-0206,ses-01,256,256,256,0.9375,0.9,0.9375,0.17764663696289062,16777216,14992678,0.893633246421814,0.0,1.0,1.0,1.0,0.0,0.0,,,1.0,1.0,1.0,1.0,-2048.0,
QTIM,/run/media/falconnier/Elements/BIDS_datasets_selection/QTIM/sub-0206/ses-01/anat/sub-0206_ses-01_T1w.nii.gz,,,,,sub-0206,ses-01,256,256,256,0.9375,0.9,0.9375,9.886809349060059,16777216,13512540,0.8054101467132568,0.0,415.0,11.099317152807687,3.0,17.9228544202106,2.0,6.398532798729194,2.376383615647616,1.0,1.0,55.0,75.0,2.469779246799765,
QTIM,/run/media/falconnier/Elements/BIDS_datasets_selection/QTIM/sub-0207/ses-01/anat/sub-0207_ses-01_T1w_defacemask.nii.gz,,,,,sub-0207,ses-01,256,256,256,0.9375,0.9,0.9375,0.18483352661132812,16777216,14842269,0.8846681714057922,0.0,1.0,1.0,1.0,0.0,0.0,,,1.0,1.0,1.0,1.0,-2048.0,
QTIM,/run/media/falconnier/Elements/BIDS_datasets_selection/QTIM/sub-0207/ses-01/anat/sub-0207_ses-01_T1w.nii.gz,,,,,sub-0207,ses-01,256,256,256,0.9375,0.9,0.9375,10.922136306762695,16777216,13943221,0.8310807347297668,0.0,368.0,14.15662449874387,4.0,20.711751988318326,2.0,5.776674405788084,2.191223293442115,1.0,1.0,62.0,84.0,3.1643524738275284,
QTIM,/run/media/falconnier/Elements/BIDS_datasets_selection/QTIM/sub-0207/ses-02/anat/sub-0207_ses-02_T1w_defacemask.nii.gz,,,,,sub-0207,ses-02,256,256,256,0.9375,0.9,0.9375,0.19997787475585938,16777216,14855396,0.8854506015777588,0.0,1.0,1.0,1.0,0.0,0.0,,,1.0,1.0,1.0,1.0,-2048.0,
QTIM,/run/media/falconnier/Elements/BIDS_datasets_selection/QTIM/sub-0207/ses-02/anat/sub-0207_ses-02_T1w.nii.gz,,,,,sub-0207,ses-02,256,256,256,0.9375,0.9,0.9375,10.72907829284668,16777216,13858548,0.8260338306427002,0.0,364.0,13.356130238175023,4.0,19.332166567189944,3.0,5.753771340827312,2.1677000032706206,1.0,1.0,58.0,79.0,3.138908799056428,
QTIM,/run/media/falconnier/Elements/BIDS_datasets_selection/QTIM/sub-0208/ses-01/anat/sub-0208_ses-01_T1w.nii.gz,,,,,sub-0208,ses-01,256,256,256,0.9375,0.9,0.9375,10.242895126342773,16777216,13770908,0.820810079574585,0.0,295.0,11.459641513834818,3.0,17.442792317859492,2.0,5.2515188126265215,2.2329627547712447,1.0,1.0,53.0,73.0,3.5388272025851277,
QTIM,/run/media/falconnier/Elements/BIDS_datasets_selection/QTIM/sub-0209/ses-01/anat/sub-0209_ses-01_T1w_defacemask.nii.gz,,,,,sub-0209,ses-01,240,256,256,0.9,0.9375,0.9375,0.17724132537841797,15728640,13588704,0.863946533203125,0.0,1.0,1.0,1.0,0.0,0.0,,,1.0,1.0,1.0,1.0,-2048.0,
QTIM,/run/media/falconnier/Elements/BIDS_datasets_selection/QTIM/sub-0208/ses-01/anat/sub-0208_ses-01_T1w_defacemask.nii.gz,,,,,sub-0208,ses-01,256,256,256,0.9375,0.9,0.9375,0.17253589630126953,16777216,15003773,0.8942945599555969,0.0,1.0,1.0,1.0,0.0,0.0,,,1.0,1.0,1.0,1.0,-2048.0,
QTIM,/run/media/falconnier/Elements/BIDS_datasets_selection/QTIM/sub-0209/ses-01/anat/sub-0209_ses-01_T1w.nii.gz,,,,,sub-0209,ses-01,240,256,256,0.9,0.9375,0.9375,14.417702674865723,15728640,13434889,0.8541672388712566,0.0,1355.0,55.08289856358322,16.0,78.06636273789552,10.0,4.2002903340339435,2.0043829462123157,1.0,3.0,238.0,318.0,1.2794617583760595,
QTIM,/run/media/falconnier/Elements/BIDS_datasets_selection/QTIM/sub-0210/ses-01/anat/sub-0210_ses-01_T1w_defacemask.nii.gz,,,,,sub-0210,ses-01,240,256,256,0.9,0.9375,0.9375,0.16204452514648438,15728640,14074855,0.8948551813761393,0.0,1.0,1.0,1.0,0.0,0.0,,,1.0,1.0,1.0,1.0,-2048.0,
QTIM,/run/media/falconnier/Elements/BIDS_datasets_selection/QTIM/sub-0210/ses-01/anat/sub-0210_ses-01_T1w.nii.gz,,,,,sub-0210,ses-01,240,256,256,0.9,0.9375,0.9375,13.628705978393555,15728640,13858528,0.8811014811197917,0.0,1348.0,39.799766252231116,10.0,68.0471158300488,5.0,6.7728770428949865,2.5156671691937076,1.0,2.0,208.0,297.0,1.1474388738351973,
QTIM,/run/media/falconnier/Elements/BIDS_datasets_selection/QTIM/sub-0211/ses-01/anat/sub-0211_ses-01_T1w_defacemask.nii.gz,,,,,sub-0211,ses-01,256,256,256,0.9375,0.9,0.9375,0.15720653533935547,16777216,15097838,0.899901270866394,0.0,1.0,1.0,1.0,0.0,0.0,,,1.0,1.0,1.0,1.0,-2048.0,
QTIM,/run/media/falconnier/Elements/BIDS_datasets_selection/QTIM/sub-0212/ses-01/anat/sub-0212_ses-01_T1w_defacemask.nii.gz,,,,,sub-0212,ses-01,256,256,256,0.9375,0.9,0.9375,0.17129230499267578,16777216,15039504,0.8964242935180664,0.0,1.0,1.0,1.0,0.0,0.0,,,1.0,1.0,1.0,1.0,-2048.0,
QTIM,/run/media/falconnier/Elements/BIDS_datasets_selection/QTIM/sub-0211/ses-01/anat/sub-0211_ses-01_T1w.nii.gz,,,,,sub-0211,ses-01,256,256,256,0.9375,0.9,0.9375,10.51253604888916,16777216,13853984,0.8257617950439453,0.0,358.0,12.7648108298667,3.0,20.844524931108182,2.0,7.184714955226928,2.4706963855642816,1.0,1.0,62.0,88.0,2.9833673386463864,
QTIM,/run/media/falconnier/Elements/BIDS_datasets_selection/QTIM/sub-0212/ses-01/anat/sub-0212_ses-01_T1w.nii.gz,,,,,sub-0212,ses-01,256,256,256,0.9375,0.9,0.9375,9.321466445922852,16777216,13133482,0.7828165292739868,0.0,286.0,8.883014192275894,2.0,14.109458649161178,1.0,7.8528502934033355,2.5396431697241666,1.0,1.0,42.0,60.0,3.121791967785766,
QTIM,/run/media/falconnier/Elements/BIDS_datasets_selection/QTIM/sub-0213/ses-01/anat/sub-0213_ses-01_T1w.nii.gz,,,,,sub-0213,ses-01,256,256,256,0.9375,0.9,0.9375,9.507610321044922,16777216,13214040,0.7876181602478027,0.0,328.0,9.68850798090516,2.0,15.793088083384067,1.0,6.809218903806968,2.4601891433191714,1.0,1.0,48.0,68.0,2.8673835815671027,
QTIM,/run/media/falconnier/Elements/BIDS_datasets_selection/QTIM/sub-0213/ses-01/anat/sub-0213_ses-01_T1w_defacemask.nii.gz,,,,,sub-0213,ses-01,256,256,256,0.9375,0.9,0.9375,0.18982601165771484,16777216,14984870,0.8931678533554077,0.0,1.0,1.0,1.0,0.0,0.0,,,1.0,1.0,1.0,1.0,-2048.0,
QTIM,/run/media/falconnier/Elements/BIDS_datasets_selection/QTIM/sub-0213/ses-02/anat/sub-0213_ses-02_T1w.nii.gz,,,,,sub-0213,ses-02,256,256,256,0.9375,0.9,0.9375,10.31479549407959,16777216,13678170,0.8152824640274048,0.0,387.0,12.33875247931558,3.0,20.13367965401896,2.0,6.296250262210174,2.4013337030012525,1.0,1.0,61.0,85.0,2.69664957710115,
QTIM,/run/media/falconnier/Elements/BIDS_datasets_selection/QTIM/sub-0213/ses-02/anat/sub-0213_ses-02_T1w_defacemask.nii.gz,,,,,sub-0213,ses-02,256,256,256,0.9375,0.9,0.9375,0.1883373260498047,16777216,14960590,0.8917206525802612,0.0,1.0,1.0,1.0,0.0,0.0,,,1.0,1.0,1.0,1.0,-2048.0,
QTIM,/run/media/falconnier/Elements/BIDS_datasets_selection/QTIM/sub-0214/ses-01/anat/sub-0214_ses-01_T1w_defacemask.nii.gz,,,,,sub-0214,ses-01,256,256,256,0.9375,0.9,0.9375,0.1723775863647461,16777216,15127137,0.9016476273536682,0.0,1.0,1.0,1.0,0.0,0.0,,,1.0,1.0,1.0,1.0,-2048.0,
QTIM,/run/media/falconnier/Elements/BIDS_datasets_selection/QTIM/sub-0214/ses-01/anat/sub-0214_ses-01_T1w.nii.gz,,,,,sub-0214,ses-01,256,256,256,0.9375,0.9,0.9375,10.461588859558105,16777216,13789677,0.8219287991523743,0.0,298.0,12.20632484720273,3.0,18.866384038839126,2.0,4.490687368769375,2.1436243002223945,1.0,1.0,58.0,77.0,3.504737660975204,
QTIM,/run/media/falconnier/Elements/BIDS_datasets_selection/QTIM/sub-0215/ses-01/anat/sub-0215_ses-01_T1w.nii.gz,,,,,sub-0215,ses-01,240,256,256,0.9,0.9375,0.9375,13.696250915527344,15728640,13514795,0.8592475255330404,0.0,1235.0,44.86271956030409,12.0,70.27413574737291,7.0,5.003154022674277,2.229510250499816,1.0,3.0,214.0,296.0,1.3079709086870241,
QTIM,/run/media/falconnier/Elements/BIDS_datasets_selection/QTIM/sub-0215/ses-01/anat/sub-0215_ses-01_T1w_defacemask.nii.gz,,,,,sub-0215,ses-01,240,256,256,0.9,0.9375,0.9375,0.16679859161376953,15728640,13707175,0.8714787165323893,0.0,1.0,1.0,1.0,0.0,0.0,,,1.0,1.0,1.0,1.0,-2048.0,
QTIM,/run/media/falconnier/Elements/BIDS_datasets_selection/QTIM/sub-0216/ses-01/anat/sub-0216_ses-01_T1w_defacemask.nii.gz,,,,,sub-0216,ses-01,256,256,256,0.9375,0.9,0.9375,0.1638631820678711,16777216,15110633,0.9006639122962952,0.0,1.0,1.0,1.0,0.0,0.0,,,1.0,1.0,1.0,1.0,-2048.0,
QTIM,/run/media/falconnier/Elements/BIDS_datasets_selection/QTIM/sub-0216/ses-01/anat/sub-0216_ses-01_T1w.nii.gz,,,,,sub-0216,ses-01,256,256,256,0.9375,0.9,0.9375,10.47429084777832,16777216,13827629,0.8241909146308899,0.0,373.0,12.293086761295084,3.0,19.440432091594303,2.0,5.726564792839994,2.298728422969104,1.0,1.0,58.0,81.0,2.8692087220818614,
QTIM,/run/media/falconnier/Elements/BIDS_datasets_selection/QTIM/sub-0217/ses-01/anat/sub-0217_ses-01_T1w_defacemask.nii.gz,,,,,sub-0217,ses-01,256,256,256,0.9375,0.9,0.9375,0.17527389526367188,16777216,15009490,0.8946353197097778,0.0,1.0,1.0,1.0,0.0,0.0,,,1.0,1.0,1.0,1.0,-2048.0,
QTIM,/run/media/falconnier/Elements/BIDS_datasets_selection/QTIM/sub-0217/ses-01/anat/sub-0217_ses-01_T1w.nii.gz,,,,,sub-0217,ses-01,256,256,256,0.9375,0.9,0.9375,10.386411666870117,16777216,13848269,0.825421154499054,0.0,328.0,11.613799746379854,3.0,17.83271857078093,2.0,5.162228937676746,2.2533745448920413,1.0,1.0,55.0,76.0,3.256368865989075,
QTIM,/run/media/falconnier/Elements/BIDS_datasets_selection/QTIM/sub-0217/ses-02/anat/sub-0217_ses-02_T1w_defacemask.nii.gz,,,,,sub-0217,ses-02,256,256,256,0.9375,0.9,0.9375,0.17905139923095703,16777216,14976351,0.8926600813865662,0.0,1.0,1.0,1.0,0.0,0.0,,,1.0,1.0,1.0,1.0,-2048.0,
QTIM,/run/media/falconnier/Elements/BIDS_datasets_selection/QTIM/sub-0217/ses-02/anat/sub-0217_ses-02_T1w.nii.gz,,,,,sub-0217,ses-02,256,256,256,0.9375,0.9,0.9375,10.470970153808594,16777216,13847186,0.8253566026687622,0.0,324.0,12.313619171433098,3.0,19.250860579291505,2.0,5.502705464012944,2.28554682633522,1.0,1.0,59.0,81.0,3.3326121784570213,
QTIM,/run/media/falconnier/Elements/BIDS_datasets_selection/QTIM/sub-0219/ses-01/anat/sub-0219_ses-01_T1w_defacemask.nii.gz,,,,,sub-0219,ses-01,256,256,256,0.9375,0.9,0.9375,0.1821155548095703,16777216,14858201,0.8856177926063538,0.0,1.0,1.0,1.0,0.0,0.0,,,1.0,1.0,1.0,1.0,-2048.0,
QTIM,/run/media/falconnier/Elements/BIDS_datasets_selection/QTIM/sub-0218/ses-01/anat/sub-0218_ses-01_T1w_defacemask.nii.gz,,,,,sub-0218,ses-01,256,256,256,0.9375,0.9,0.9375,0.17786312103271484,16777216,14780039,0.8809589743614197,0.0,1.0,1.0,1.0,0.0,0.0,,,1.0,1.0,1.0,1.0,-2048.0,
QTIM,/run/media/falconnier/Elements/BIDS_datasets_selection/QTIM/sub-0218/ses-01/anat/sub-0218_ses-01_T1w.nii.gz,,,,,sub-0218,ses-01,256,256,256,0.9375,0.9,0.9375,11.267498970031738,16777216,13989710,0.83385169506073,0.0,419.0,15.735141757763385,4.0,22.763598604900345,3.0,5.590382229888181,2.1469442832589256,1.0,1.0,68.0,91.0,2.9018382966584926,
QTIM,/run/media/falconnier/Elements/BIDS_datasets_selection/QTIM/sub-0219/ses-01/anat/sub-0219_ses-01_T1w.nii.gz,,,,,sub-0219,ses-01,256,256,256,0.9375,0.9,0.9375,10.994474411010742,16777216,13879996,0.8273122310638428,0.0,385.0,15.11700543717736,4.0,23.476312079698175,2.0,6.104811209295168,2.278372225758749,1.0,1.0,69.0,96.0,3.0238081586221193,
QTIM,/run/media/falconnier/Elements/BIDS_datasets_selection/QTIM/sub-0220/ses-01/anat/sub-0220_ses-01_T1w_defacemask.nii.gz,,,,,sub-0220,ses-01,256,256,256,0.9375,0.9,0.9375,0.1815176010131836,16777216,15117538,0.9010754823684692,0.0,1.0,1.0,1.0,0.0,0.0,,,1.0,1.0,1.0,1.0,-2048.0,
QTIM,/run/media/falconnier/Elements/BIDS_datasets_selection/QTIM/sub-0220/ses-01/anat/sub-0220_ses-01_T1w.nii.gz,,,,,sub-0220,ses-01,256,256,256,0.9375,0.9,0.9375,10.882794380187988,16777216,14058163,0.8379318118095398,0.0,402.0,13.62371171823801,4.0,21.20608294511058,2.0,6.953066122590114,2.38904959476634,1.0,1.0,63.0,88.0,2.78710593598566,
QTIM,/run/media/falconnier/Elements/BIDS_datasets_selection/QTIM/sub-0220/ses-02/anat/sub-0220_ses-02_T1w_defacemask.nii.gz,,,,,sub-0220,ses-02,240,256,256,0.9,0.9375,0.9375,0.17528533935546875,15728640,13796786,0.877176030476888,0.0,1.0,1.0,1.0,0.0,0.0,,,1.0,1.0,1.0,1.0,-2048.0,
QTIM,/run/media/falconnier/Elements/BIDS_datasets_selection/QTIM/sub-0220/ses-02/anat/sub-0220_ses-02_T1w.nii.gz,,,,,sub-0220,ses-02,240,256,256,0.9,0.9375,0.9375,14.02565860748291,15728640,13616006,0.8656823476155598,0.0,1333.0,47.818428105863056,13.0,71.91809870828797,8.0,4.456694614416937,2.092489985093521,1.0,3.0,217.0,296.0,1.2363282163092215,
QTIM,/run/media/falconnier/Elements/BIDS_datasets_selection/QTIM/sub-0221/ses-01/anat/sub-0221_ses-01_T1w_defacemask.nii.gz,,,,,sub-0221,ses-01,256,256,256,0.9375,0.9,0.9375,0.18541622161865234,16777216,15096191,0.899803102016449,0.0,1.0,1.0,1.0,0.0,0.0,,,1.0,1.0,1.0,1.0,-2048.0,
QTIM,/run/media/falconnier/Elements/BIDS_datasets_selection/QTIM/sub-0221/ses-01/anat/sub-0221_ses-01_T1w.nii.gz,,,,,sub-0221,ses-01,256,256,256,0.9375,0.9,0.9375,10.360496520996094,16777216,13853037,0.825705349445343,0.0,398.0,11.769665092210467,3.0,18.701803189708887,2.0,6.84912154238935,2.413198635231148,1.0,1.0,56.0,78.0,2.63705334737569,
QTIM,/run/media/falconnier/Elements/BIDS_datasets_selection/QTIM/sub-0222/ses-01/anat/sub-0222_ses-01_T1w_defacemask.nii.gz,,,,,sub-0222,ses-01,240,256,256,0.9,0.9375,0.9375,0.19448471069335938,15728640,13746643,0.8739880243937175,0.0,1.0,1.0,1.0,0.0,0.0,,,1.0,1.0,1.0,1.0,-2048.0,
QTIM,/run/media/falconnier/Elements/BIDS_datasets_selection/QTIM/sub-0222/ses-01/anat/sub-0222_ses-01_T1w.nii.gz,,,,,sub-0222,ses-01,240,256,256,0.9,0.9375,0.9375,14.752974510192871,15728640,13601910,0.8647861480712891,0.0,1487.0,58.51450972694276,18.0,81.34457033207576,12.0,3.512150434105126,1.9331418948197234,2.0,4.0,248.0,334.0,1.1852425281858812,
QTIM,/run/media/falconnier/Elements/BIDS_datasets_selection/QTIM/sub-0223/ses-01/anat/sub-0223_ses-01_T1w.nii.gz,,,,,sub-0223,ses-01,256,256,256,0.9375,0.9,0.9375,10.579354286193848,16777216,13955204,0.8317949771881104,0.0,355.0,12.866349499441212,3.0,20.696889998577163,2.0,6.629888482957945,2.431948173788773,1.0,1.0,62.0,87.0,3.056341614040571,
QTIM,/run/media/falconnier/Elements/BIDS_datasets_selection/QTIM/sub-0223/ses-01/anat/sub-0223_ses-01_T1w_defacemask.nii.gz,,,,,sub-0223,ses-01,256,256,256,0.9375,0.9,0.9375,0.1733837127685547,16777216,15152132,0.9031374454498291,0.0,1.0,1.0,1.0,0.0,0.0,,,1.0,1.0,1.0,1.0,-2048.0,
QTIM,/run/media/falconnier/Elements/BIDS_datasets_selection/QTIM/sub-0224/ses-01/anat/sub-0224_ses-01_T1w.nii.gz,,,,,sub-0224,ses-01,240,256,256,0.9,0.9375,0.9375,13.89970874786377,15728640,13772219,0.8756141026814779,0.0,1386.0,45.436888057037145,12.0,73.17868971132117,7.0,5.71710778922238,2.3215173780810314,1.0,3.0,222.0,313.0,1.1639831814939254,
QTIM,/run/media/falconnier/Elements/BIDS_datasets_selection/QTIM/sub-0224/ses-01/anat/sub-0224_ses-01_T1w_defacemask.nii.gz,,,,,sub-0224,ses-01,240,256,256,0.9,0.9375,0.9375,0.15683269500732422,15728640,13962036,0.8876823425292969,0.0,1.0,1.0,1.0,0.0,0.0,,,1.0,1.0,1.0,1.0,-2048.0,
QTIM,/run/media/falconnier/Elements/BIDS_datasets_selection/QTIM/sub-0225/ses-01/anat/sub-0225_ses-01_T1w.nii.gz,,,,,sub-0225,ses-01,240,256,256,0.9,0.9375,0.9375,14.234509468078613,15728640,13576640,0.8631795247395834,0.0,1276.0,53.5274199654701,15.0,78.37516603383551,9.0,4.068944379016702,2.0222034683796775,1.0,3.0,238.0,319.0,1.3385459733905058,
QTIM,/run/media/falconnier/Elements/BIDS_datasets_selection/QTIM/sub-0225/ses-01/anat/sub-0225_ses-01_T1w_defacemask.nii.gz,,,,,sub-0225,ses-01,240,256,256,0.9,0.9375,0.9375,0.17392539978027344,15728640,13739878,0.8735579172770183,0.0,1.0,1.0,1.0,0.0,0.0,,,1.0,1.0,1.0,1.0,-2048.0,
QTIM,/run/media/falconnier/Elements/BIDS_datasets_selection/QTIM/sub-0226/ses-01/anat/sub-0226_ses-01_T1w.nii.gz,,,,,sub-0226,ses-01,256,256,256,0.9375,0.9,0.9375,10.566020011901855,16777216,13983702,0.8334935903549194,0.0,340.0,12.38490286763834,4.0,19.364490147178127,2.0,6.383765682902624,2.405259342720144,1.0,1.0,59.0,83.0,3.262099605941032,
QTIM,/run/media/falconnier/Elements/BIDS_datasets_selection/QTIM/sub-0226/ses-01/anat/sub-0226_ses-01_T1w_defacemask.nii.gz,,,,,sub-0226,ses-01,256,256,256,0.9375,0.9,0.9375,0.182464599609375,16777216,15069264,0.898198127746582,0.0,1.0,1.0,1.0,0.0,0.0,,,1.0,1.0,1.0,1.0,-2048.0,
QTIM,/run/media/falconnier/Elements/BIDS_datasets_selection/QTIM/sub-0227/ses-01/anat/sub-0227_ses-01_T1w_defacemask.nii.gz,,,,,sub-0227,ses-01,256,256,256,0.9375,0.9,0.9375,0.17528438568115234,16777216,15060130,0.8976536989212036,0.0,1.0,1.0,1.0,0.0,0.0,,,1.0,1.0,1.0,1.0,-2048.0,
QTIM,/run/media/falconnier/Elements/BIDS_datasets_selection/QTIM/sub-0227/ses-01/anat/sub-0227_ses-01_T1w.nii.gz,,,,,sub-0227,ses-01,256,256,256,0.9375,0.9,0.9375,10.0132474899292,16777216,13603195,0.8108136057853699,0.0,303.0,10.739283528612212,3.0,16.920451735011817,2.0,6.8176215995414715,2.4328181966763025,1.0,1.0,51.0,71.0,3.3052102618274666,
QTIM,/run/media/falconnier/Elements/BIDS_datasets_selection/QTIM/sub-0228/ses-01/anat/sub-0228_ses-01_T1w.nii.gz,,,,,sub-0228,ses-01,256,256,256,0.9375,0.9,0.9375,9.999045372009277,16777216,13656841,0.8140111565589905,0.0,257.0,10.054682265100691,3.0,15.742364197022297,2.0,7.638444088363332,2.5566364057691353,1.0,1.0,47.0,68.0,4.1783738227414995,
QTIM,/run/media/falconnier/Elements/BIDS_datasets_selection/QTIM/sub-0228/ses-01/anat/sub-0228_ses-01_T1w_defacemask.nii.gz,,,,,sub-0228,ses-01,256,256,256,0.9375,0.9,0.9375,0.17037200927734375,16777216,15079936,0.898834228515625,0.0,1.0,1.0,1.0,0.0,0.0,,,1.0,1.0,1.0,1.0,-2048.0,
QTIM,/run/media/falconnier/Elements/BIDS_datasets_selection/QTIM/sub-0229/ses-01/anat/sub-0229_ses-01_T1w.nii.gz,,,,,sub-0229,ses-01,256,256,256,0.9375,0.9,0.9375,9.857738494873047,16777216,13455232,0.8019943237304688,0.0,324.0,10.484463144150915,3.0,15.952224705946339,2.0,7.492883946587996,2.417287755937882,1.0,1.0,48.0,66.0,3.137828854448226,
QTIM,/run/media/falconnier/Elements/BIDS_datasets_selection/QTIM/sub-0229/ses-01/anat/sub-0229_ses-01_T1w_defacemask.nii.gz,,,,,sub-0229,ses-01,256,256,256,0.9375,0.9,0.9375,0.18905162811279297,16777216,14873852,0.8865506649017334,0.0,1.0,1.0,1.0,0.0,0.0,,,1.0,1.0,1.0,1.0,-2048.0,
QTIM,/run/media/falconnier/Elements/BIDS_datasets_selection/QTIM/sub-0230/ses-01/anat/sub-0230_ses-01_T1w_defacemask.nii.gz,,,,,sub-0230,ses-01,256,256,256,0.9375,0.9,0.9375,0.17205238342285156,16777216,14796801,0.8819580674171448,0.0,1.0,1.0,1.0,0.0,0.0,,,1.0,1.0,1.0,1.0,-2048.0,
QTIM,/run/media/falconnier/Elements/BIDS_datasets_selection/QTIM/sub-0230/ses-01/anat/sub-0230_ses-01_T1w.nii.gz,,,,,sub-0230,ses-01,256,256,256,0.9375,0.9,0.9375,11.1461181640625,16777216,14032561,0.8364058136940002,0.0,360.0,15.086575857393386,4.0,21.3364047503895,3.0,4.722917892213451,2.045000580741339,1.0,1.0,65.0,86.0,3.34237448898061,
QTIM,/run/media/falconnier/Elements/BIDS_datasets_selection/QTIM/sub-0231/ses-01/anat/sub-0231_ses-01_T1w_defacemask.nii.gz,,,,,sub-0231,ses-01,256,256,256,0.9375,0.9,0.9375,0.18125438690185547,16777216,14762499,0.8799135088920593,0.0,1.0,1.0,1.0,0.0,0.0,,,1.0,1.0,1.0,1.0,-2048.0,
QTIM,/run/media/falconnier/Elements/BIDS_datasets_selection/QTIM/sub-0231/ses-01/anat/sub-0231_ses-01_T1w.nii.gz,,,,,sub-0231,ses-01,256,256,256,0.9375,0.9,0.9375,10.98616886138916,16777216,13861663,0.8262194991111755,0.0,399.0,14.92117973146512,4.0,20.59155254958203,3.0,4.291454227564501,1.9453740497328216,1.0,1.0,62.0,81.0,2.9764063969703582,
QTIM,/run/media/falconnier/Elements/BIDS_datasets_selection/QTIM/sub-0232/ses-01/anat/sub-0232_ses-01_T1w.nii.gz,,,,,sub-0232,ses-01,256,256,256,0.9375,0.9,0.9375,10.491438865661621,16777216,13894306,0.8281651735305786,0.0,333.0,12.319541256684573,3.0,18.729891945928216,2.0,6.108043058886407,2.264012915504956,1.0,1.0,57.0,79.0,3.2779187678953927,
QTIM,/run/media/falconnier/Elements/BIDS_datasets_selection/QTIM/sub-0232/ses-01/anat/sub-0232_ses-01_T1w_defacemask.nii.gz,,,,,sub-0232,ses-01,256,256,256,0.9375,0.9,0.9375,0.1793041229248047,16777216,14923855,0.8895310759544373,0.0,1.0,1.0,1.0,0.0,0.0,,,1.0,1.0,1.0,1.0,-2048.0,
QTIM,/run/media/falconnier/Elements/BIDS_datasets_selection/QTIM/sub-0233/ses-01/anat/sub-0233_ses-01_T1w.nii.gz,,,,,sub-0233,ses-01,256,256,256,0.9375,0.9,0.9375,10.55577278137207,16777216,13928072,0.8301777839660645,0.0,379.0,11.959721489090521,3.0,18.720230699478822,2.0,7.351487312303899,2.441495011833146,1.0,1.0,56.0,79.0,2.860932662327945,
QTIM,/run/media/falconnier/Elements/BIDS_datasets_selection/QTIM/sub-0233/ses-01/anat/sub-0233_ses-01_T1w_defacemask.nii.gz,,,,,sub-0233,ses-01,256,256,256,0.9375,0.9,0.9375,0.1746807098388672,16777216,15070395,0.898265540599823,0.0,1.0,1.0,1.0,0.0,0.0,,,1.0,1.0,1.0,1.0,-2048.0,
QTIM,/run/media/falconnier/Elements/BIDS_datasets_selection/QTIM/sub-0234/ses-01/anat/sub-0234_ses-01_T1w.nii.gz,,,,,sub-0234,ses-01,256,256,256,0.9375,0.9,0.9375,9.673873901367188,16777216,13221447,0.788059651851654,0.0,314.0,11.48292641493779,3.0,18.36609262152605,2.0,4.6655015807217195,2.1644469223443132,1.0,1.0,56.0,75.0,3.1336007124376457,
QTIM,/run/media/falconnier/Elements/BIDS_datasets_selection/QTIM/sub-0234/ses-01/anat/sub-0234_ses-01_T1w_defacemask.nii.gz,,,,,sub-0234,ses-01,256,256,256,0.9375,0.9,0.9375,0.17189502716064453,16777216,14864639,0.8860015273094177,0.0,1.0,1.0,1.0,0.0,0.0,,,1.0,1.0,1.0,1.0,-2048.0,
QTIM,/run/media/falconnier/Elements/BIDS_datasets_selection/QTIM/sub-0235/ses-01/anat/sub-0235_ses-01_T1w.nii.gz,,,,,sub-0235,ses-01,256,256,256,0.9375,0.9,0.9375,10.591484069824219,16777216,13872349,0.8268564343452454,0.0,383.0,12.858590207037034,4.0,19.188135575289294,3.0,6.026306878850724,2.2800781707143627,1.0,1.0,57.0,79.0,2.9653395730804513,
QTIM,/run/media/falconnier/Elements/BIDS_datasets_selection/QTIM/sub-0235/ses-01/anat/sub-0235_ses-01_T1w_defacemask.nii.gz,,,,,sub-0235,ses-01,256,256,256,0.9375,0.9,0.9375,0.1819133758544922,16777216,14956906,0.8915010690689087,0.0,1.0,1.0,1.0,0.0,0.0,,,1.0,1.0,1.0,1.0,-2048.0,
QTIM,/run/media/falconnier/Elements/BIDS_datasets_selection/QTIM/sub-0236/ses-01/anat/sub-0236_ses-01_T1w_defacemask.nii.gz,,,,,sub-0236,ses-01,256,256,256,0.9375,0.9,0.9375,0.1748332977294922,16777216,14939268,0.8904497623443604,0.0,1.0,1.0,1.0,0.0,0.0,,,1.0,1.0,1.0,1.0,-2048.0,
QTIM,/run/media/falconnier/Elements/BIDS_datasets_selection/QTIM/sub-0236/ses-01/anat/sub-0236_ses-01_T1w.nii.gz,,,,,sub-0236,ses-01,256,256,256,0.9375,0.9,0.9375,10.677248001098633,16777216,13833006,0.8245114088058472,0.0,338.0,13.53514659069764,3.0,20.530376372523417,2.0,4.420726551425903,2.1013260215355816,1.0,1.0,63.0,83.0,3.3013886249799094,
QTIM,/run/media/falconnier/Elements/BIDS_datasets_selection/QTIM/sub-0237/ses-01/anat/sub-0237_ses-01_T1w_defacemask.nii.gz,,,,,sub-0237,ses-01,240,256,256,0.9,0.9375,0.9375,0.1787242889404297,15728640,13612763,0.8654761632283529,0.0,1.0,1.0,1.0,0.0,0.0,,,1.0,1.0,1.0,1.0,-2048.0,
QTIM,/run/media/falconnier/Elements/BIDS_datasets_selection/QTIM/sub-0237/ses-01/anat/sub-0237_ses-01_T1w.nii.gz,,,,,sub-0237,ses-01,240,256,256,0.9,0.9375,0.9375,14.241318702697754,15728640,13450742,0.8551751454671224,0.0,1459.0,52.73751775180879,15.0,75.24948214255292,9.0,4.466192243102358,2.024554401709002,1.0,3.0,229.0,312.0,1.1716124143147733,
QTIM,/run/media/falconnier/Elements/BIDS_datasets_selection/QTIM/sub-0238/ses-01/anat/sub-0238_ses-01_T1w_defacemask.nii.gz,,,,,sub-0238,ses-01,256,256,256,0.9375,0.9,0.9375,0.16388607025146484,16777216,14984079,0.8931207060813904,0.0,1.0,1.0,1.0,0.0,0.0,,,1.0,1.0,1.0,1.0,-2048.0,
QTIM,/run/media/falconnier/Elements/BIDS_datasets_selection/QTIM/sub-0238/ses-01/anat/sub-0238_ses-01_T1w.nii.gz,,,,,sub-0238,ses-01,256,256,256,0.9375,0.9,0.9375,10.831812858581543,16777216,13912587,0.8292548060417175,0.0,517.0,14.376141331587002,3.0,22.490171064130443,2.0,4.639602506684178,2.1370686085359445,1.0,1.0,69.0,90.0,2.1364204328184493,
QTIM,/run/media/falconnier/Elements/BIDS_datasets_selection/QTIM/sub-0239/ses-01/anat/sub-0239_ses-01_T1w_defacemask.nii.gz,,,,,sub-0239,ses-01,240,256,256,0.9,0.9375,0.9375,0.1784658432006836,15728640,13972642,0.8883566538492839,0.0,1.0,1.0,1.0,0.0,0.0,,,1.0,1.0,1.0,1.0,-2048.0,
QTIM,/run/media/falconnier/Elements/BIDS_datasets_selection/QTIM/sub-0239/ses-01/anat/sub-0239_ses-01_T1w.nii.gz,,,,,sub-0239,ses-01,240,256,256,0.9,0.9375,0.9375,14.615838050842285,15728640,13803693,0.8776151657104492,0.0,1302.0,55.56392075656855,14.0,86.96055210325125,8.0,4.904859492553897,2.210824298258721,1.0,3.0,264.0,363.0,1.3002081577568656,
QTIM,/run/media/falconnier/Elements/BIDS_datasets_selection/QTIM/sub-0240/ses-01/anat/sub-0240_ses-01_T1w_defacemask.nii.gz,,,,,sub-0240,ses-01,240,256,256,0.9,0.9375,0.9375,0.19430065155029297,15728640,13844048,0.8801808675130208,0.0,1.0,1.0,1.0,0.0,0.0,,,1.0,1.0,1.0,1.0,-2048.0,
QTIM,/run/media/falconnier/Elements/BIDS_datasets_selection/QTIM/sub-0240/ses-01/anat/sub-0240_ses-01_T1w.nii.gz,,,,,sub-0240,ses-01,240,256,256,0.9,0.9375,0.9375,13.789703369140625,15728640,13650324,0.8678642272949219,0.0,1700.0,44.79528910815597,12.0,71.08712516265469,7.0,5.343101769298546,2.240045734455962,1.0,3.0,217.0,301.0,0.9465162783566564,
QTIM,/run/media/falconnier/Elements/BIDS_datasets_selection/QTIM/sub-0241/ses-01/anat/sub-0241_ses-01_T1w_defacemask.nii.gz,,,,,sub-0241,ses-01,256,256,256,0.9375,0.9,0.9375,0.17946624755859375,16777216,14728835,0.8779069781303406,0.0,1.0,1.0,1.0,0.0,0.0,,,1.0,1.0,1.0,1.0,-2048.0,
QTIM,/run/media/falconnier/Elements/BIDS_datasets_selection/QTIM/sub-0241/ses-01/anat/sub-0241_ses-01_T1w.nii.gz,,,,,sub-0241,ses-01,256,256,256,0.9375,0.9,0.9375,10.556767463684082,16777216,13685505,0.8157196640968323,0.0,376.0,13.201423696093055,4.0,19.75972181128895,2.0,4.856242759003008,2.139788599863141,1.0,1.0,60.0,81.0,2.998669666777286,
QTIM,/run/media/falconnier/Elements/BIDS_datasets_selection/QTIM/sub-0242/ses-01/anat/sub-0242_ses-01_T1w_defacemask.nii.gz,,,,,sub-0242,ses-01,256,256,256,0.9375,0.9,0.9375,0.15185928344726562,16777216,15185735,0.9051403403282166,0.0,1.0,1.0,1.0,0.0,0.0,,,1.0,1.0,1.0,1.0,-2048.0,
QTIM,/run/media/falconnier/Elements/BIDS_datasets_selection/QTIM/sub-0242/ses-01/anat/sub-0242_ses-01_T1w.nii.gz,,,,,sub-0242,ses-01,256,256,256,0.9375,0.9,0.9375,10.890007972717285,16777216,14165023,0.844301164150238,0.0,315.0,13.787893531835422,4.0,20.122649980710353,3.0,5.253133285632831,2.1644652653159553,1.0,1.0,60.0,82.0,3.6553701620352608,
QTIM,/run/media/falconnier/Elements/BIDS_datasets_selection/QTIM/sub-0243/ses-01/anat/sub-0243_ses-01_T1w.nii.gz,,,,,sub-0243,ses-01,256,256,256,0.9375,0.9,0.9375,10.813966751098633,16777216,14044999,0.8371471762657166,0.0,333.0,12.815111414390275,4.0,18.698475910556834,3.0,6.12025300913381,2.236065991698133,1.0,1.0,55.0,77.0,3.3768828556216475,
QTIM,/run/media/falconnier/Elements/BIDS_datasets_selection/QTIM/sub-0243/ses-01/anat/sub-0243_ses-01_T1w_defacemask.nii.gz,,,,,sub-0243,ses-01,256,256,256,0.9375,0.9,0.9375,0.17429542541503906,16777216,15160132,0.9036142826080322,0.0,1.0,1.0,1.0,0.0,0.0,,,1.0,1.0,1.0,1.0,-2048.0,
QTIM,/run/media/falconnier/Elements/BIDS_datasets_selection/QTIM/sub-0244/ses-01/anat/sub-0244_ses-01_T1w_defacemask.nii.gz,,,,,sub-0244,ses-01,256,256,256,0.9375,0.9,0.9375,0.1862468719482422,16777216,15023073,0.895444929599762,0.0,1.0,1.0,1.0,0.0,0.0,,,1.0,1.0,1.0,1.0,-2048.0,
QTIM,/run/media/falconnier/Elements/BIDS_datasets_selection/QTIM/sub-0244/ses-01/anat/sub-0244_ses-01_T1w.nii.gz,,,,,sub-0244,ses-01,256,256,256,0.9375,0.9,0.9375,9.907784461975098,16777216,13477893,0.8033450245857239,0.0,354.0,11.221824509216685,3.0,18.133827413656498,2.0,5.399660829754433,2.2589639507765034,1.0,1.0,55.0,74.0,2.8128047609780547,
QTIM,/run/media/falconnier/Elements/BIDS_datasets_selection/QTIM/sub-0245/ses-01/anat/sub-0245_ses-01_T1w.nii.gz,,,,,sub-0245,ses-01,256,256,256,0.9375,0.9,0.9375,10.055217742919922,16777216,13619914,0.8118101358413696,0.0,312.0,10.073053912087845,3.0,15.611956131444726,2.0,9.285483510118883,2.6348461992284666,1.0,1.0,46.0,66.0,3.203970597760614,
QTIM,/run/media/falconnier/Elements/BIDS_datasets_selection/QTIM/sub-0245/ses-01/anat/sub-0245_ses-01_T1w_defacemask.nii.gz,,,,,sub-0245,ses-01,256,256,256,0.9375,0.9,0.9375,0.16860485076904297,16777216,15058970,0.8975845575332642,0.0,1.0,1.0,1.0,0.0,0.0,,,1.0,1.0,1.0,1.0,-2048.0,
QTIM,/run/media/falconnier/Elements/BIDS_datasets_selection/QTIM/sub-0246/ses-01/anat/sub-0246_ses-01_T1w.nii.gz,,,,,sub-0246,ses-01,256,256,256,0.9375,0.9,0.9375,9.83978271484375,16777216,13366642,0.7967139482498169,0.0,294.0,10.747803000933219,3.0,15.307588759179803,2.0,4.915691399268217,2.080796260887919,1.0,1.0,47.0,64.0,3.5148373560017987,
QTIM,/run/media/falconnier/Elements/BIDS_datasets_selection/QTIM/sub-0246/ses-01/anat/sub-0246_ses-01_T1w_defacemask.nii.gz,,,,,sub-0246,ses-01,256,256,256,0.9375,0.9,0.9375,0.1901865005493164,16777216,14626254,0.8717926740646362,0.0,1.0,1.0,1.0,0.0,0.0,,,1.0,1.0,1.0,1.0,-2048.0,
QTIM,/run/media/falconnier/Elements/BIDS_datasets_selection/QTIM/sub-0247/ses-01/anat/sub-0247_ses-01_T1w_defacemask.nii.gz,,,,,sub-0247,ses-01,256,256,256,0.9375,0.9,0.9375,0.1826772689819336,16777216,14932789,0.8900635838508606,0.0,1.0,1.0,1.0,0.0,0.0,,,1.0,1.0,1.0,1.0,-2048.0,
QTIM,/run/media/falconnier/Elements/BIDS_datasets_selection/QTIM/sub-0247/ses-01/anat/sub-0247_ses-01_T1w.nii.gz,,,,,sub-0247,ses-01,256,256,256,0.9375,0.9,0.9375,10.371696472167969,16777216,13750177,0.8195744156837463,0.0,341.0,12.34681779005463,3.0,19.184689046663085,2.0,6.193344463286497,2.348314634699157,1.0,1.0,58.0,81.0,3.2082362705681007,
QTIM,/run/media/falconnier/Elements/BIDS_datasets_selection/QTIM/sub-0248/ses-01/anat/sub-0248_ses-01_T1w_defacemask.nii.gz,,,,,sub-0248,ses-01,256,256,256,0.9375,0.9,0.9375,0.16404247283935547,16777216,15160895,0.9036597609519958,0.0,1.0,1.0,1.0,0.0,0.0,,,1.0,1.0,1.0,1.0,-2048.0,
QTIM,/run/media/falconnier/Elements/BIDS_datasets_selection/QTIM/sub-0248/ses-01/anat/sub-0248_ses-01_T1w.nii.gz,,,,,sub-0248,ses-01,256,256,256,0.9375,0.9,0.9375,10.114961624145508,16777216,13774364,0.8210160732269287,0.0,327.0,10.074651359583644,3.0,15.545993686857345,2.0,7.457495055006131,2.46913548558056,1.0,1.0,47.0,67.0,3.077430239535101,
QTIM,/run/media/falconnier/Elements/BIDS_datasets_selection/QTIM/sub-0249/ses-01/anat/sub-0249_ses-01_T1w.nii.gz,,,,,sub-0249,ses-01,256,256,256,0.9375,0.9,0.9375,10.999842643737793,16777216,14179118,0.8451412916183472,0.0,366.0,13.046674059698212,4.0,19.953880080194107,2.0,6.137064455567712,2.3664350846464144,1.0,1.0,60.0,85.0,3.113276407773709,
QTIM,/run/media/falconnier/Elements/BIDS_datasets_selection/QTIM/sub-0249/ses-01/anat/sub-0249_ses-01_T1w_defacemask.nii.gz,,,,,sub-0249,ses-01,256,256,256,0.9375,0.9,0.9375,0.1621875762939453,16777216,15153646,0.903227686882019,0.0,1.0,1.0,1.0,0.0,0.0,,,1.0,1.0,1.0,1.0,-2048.0,
QTIM,/run/media/falconnier/Elements/BIDS_datasets_selection/QTIM/sub-0250/ses-01/anat/sub-0250_ses-01_T1w_defacemask.nii.gz,,,,,sub-0250,ses-01,256,256,256,0.9375,0.9,0.9375,0.1750497817993164,16777216,15075580,0.8985745906829834,0.0,1.0,1.0,1.0,0.0,0.0,,,1.0,1.0,1.0,1.0,-2048.0,
QTIM,/run/media/falconnier/Elements/BIDS_datasets_selection/QTIM/sub-0250/ses-01/anat/sub-0250_ses-01_T1w.nii.gz,,,,,sub-0250,ses-01,256,256,256,0.9375,0.9,0.9375,10.519248008728027,16777216,13894243,0.8281614184379578,0.0,499.0,12.326689118651517,3.0,19.27619062814904,2.0,7.0818321514767675,2.382905339833147,1.0,1.0,59.0,81.0,2.2630658459736406,
QTIM,/run/media/falconnier/Elements/BIDS_datasets_selection/QTIM/sub-0251/ses-01/anat/sub-0251_ses-01_T1w_defacemask.nii.gz,,,,,sub-0251,ses-01,256,256,256,0.9375,0.9,0.9375,0.17185115814208984,16777216,15063473,0.8978529572486877,0.0,1.0,1.0,1.0,0.0,0.0,,,1.0,1.0,1.0,1.0,-2048.0,
QTIM,/run/media/falconnier/Elements/BIDS_datasets_selection/QTIM/sub-0251/ses-01/anat/sub-0251_ses-01_T1w.nii.gz,,,,,sub-0251,ses-01,256,256,256,0.9375,0.9,0.9375,10.337995529174805,16777216,13788934,0.8218845129013062,0.0,428.0,11.84457935617068,3.0,19.28900677245547,2.0,6.846270960824425,2.4532065916618424,1.0,1.0,58.0,81.0,2.461854875938429,
QTIM,/run/media/falconnier/Elements/BIDS_datasets_selection/QTIM/sub-0251/ses-02/anat/sub-0251_ses-02_T1w_defacemask.nii.gz,,,,,sub-0251,ses-02,240,256,256,0.9,0.9375,0.9375,0.17554473876953125,15728640,13915140,0.8847007751464844,0.0,1.0,1.0,1.0,0.0,0.0,,,1.0,1.0,1.0,1.0,-2048.0,
QTIM,/run/media/falconnier/Elements/BIDS_datasets_selection/QTIM/sub-0251/ses-02/anat/sub-0251_ses-02_T1w.nii.gz,,,,,sub-0251,ses-02,240,256,256,0.9,0.9375,0.9375,13.835348129272461,15728640,13716029,0.8720416386922201,0.0,1237.0,44.3066396987058,11.0,71.56488876404757,6.0,5.176205275471736,2.287098776914596,1.0,2.0,220.0,305.0,1.2960788197548394,
QTIM,/run/media/falconnier/Elements/BIDS_datasets_selection/QTIM/sub-0252/ses-01/anat/sub-0252_ses-01_T1w_defacemask.nii.gz,,,,,sub-0252,ses-01,240,256,256,0.9,0.9375,0.9375,0.197113037109375,15728640,13836264,0.8796859741210937,0.0,1.0,1.0,1.0,0.0,0.0,,,1.0,1.0,1.0,1.0,-2048.0,
QTIM,/run/media/falconnier/Elements/BIDS_datasets_selection/QTIM/sub-0252/ses-01/anat/sub-0252_ses-01_T1w.nii.gz,,,,,sub-0252,ses-01,240,256,256,0.9,0.9375,0.9375,14.33254623413086,15728640,13675419,0.8694597244262695,0.0,1506.0,52.139149008889596,15.0,78.51848132742715,9.0,5.170106605111833,2.1678483504480863,1.0,3.0,238.0,329.0,1.1220706015430946,
QTIM,/run/media/falconnier/Elements/BIDS_datasets_selection/QTIM/sub-0253/ses-01/anat/sub-0253_ses-01_T1w_defacemask.nii.gz,,,,,sub-0253,ses-01,240,256,256,0.9,0.9375,0.9375,0.1693716049194336,15728640,13952929,0.8871033350626628,0.0,1.0,1.0,1.0,0.0,0.0,,,1.0,1.0,1.0,1.0,-2048.0,
QTIM,/run/media/falconnier/Elements/BIDS_datasets_selection/QTIM/sub-0253/ses-01/anat/sub-0253_ses-01_T1w.nii.gz,,,,,sub-0253,ses-01,240,256,256,0.9,0.9375,0.9375,14.09975528717041,15728640,13767194,0.8752946217854818,0.0,1315.0,46.511233225884666,12.0,72.89714622257804,7.0,5.035701547169278,2.2371877148535675,1.0,3.0,221.0,310.0,1.237906096775365,
QTIM,/run/media/falconnier/Elements/BIDS_datasets_selection/QTIM/sub-0254/ses-01/anat/sub-0254_ses-01_T1w_defacemask.nii.gz,,,,,sub-0254,ses-01,256,256,256,0.9375,0.9,0.9375,0.16937541961669922,16777216,15075694,0.8985813856124878,0.0,1.0,1.0,1.0,0.0,0.0,,,1.0,1.0,1.0,1.0,-2048.0,
QTIM,/run/media/falconnier/Elements/BIDS_datasets_selection/QTIM/sub-0254/ses-01/anat/sub-0254_ses-01_T1w.nii.gz,,,,,sub-0254,ses-01,256,256,256,0.9375,0.9,0.9375,10.4246244430542,16777216,13847941,0.8254016041755676,0.0,490.0,12.348056147841762,3.0,19.753750035528242,2.0,6.86110392743155,2.4476837002158587,1.0,1.0,59.0,83.0,2.2870014561214345,
QTIM,/run/media/falconnier/Elements/BIDS_datasets_selection/QTIM/sub-0255/ses-01/anat/sub-0255_ses-01_T1w.nii.gz,,,,,sub-0255,ses-01,256,256,256,0.9375,0.9,0.9375,10.895833969116211,16777216,13928264,0.8301892280578613,0.0,472.0,13.458202759511163,4.0,20.83770777501805,2.0,6.968423594420971,2.3520624763778906,1.0,1.0,63.0,87.0,2.4325792967680586,
QTIM,/run/media/falconnier/Elements/BIDS_datasets_selection/QTIM/sub-0255/ses-01/anat/sub-0255_ses-01_T1w_defacemask.nii.gz,,,,,sub-0255,ses-01,256,256,256,0.9375,0.9,0.9375,0.19974899291992188,16777216,14924011,0.8895403742790222,0.0,1.0,1.0,1.0,0.0,0.0,,,1.0,1.0,1.0,1.0,-2048.0,
QTIM,/run/media/falconnier/Elements/BIDS_datasets_selection/QTIM/sub-0256/ses-01/anat/sub-0256_ses-01_T1w.nii.gz,,,,,sub-0256,ses-01,256,256,256,0.9375,0.9,0.9375,9.86589527130127,16777216,13608350,0.811120867729187,0.0,355.0,10.200139105769619,3.0,15.905719520356227,2.0,6.7272448783495715,2.404842874359552,1.0,1.0,48.0,68.0,2.843264504526842,
QTIM,/run/media/falconnier/Elements/BIDS_datasets_selection/QTIM/sub-0256/ses-01/anat/sub-0256_ses-01_T1w_defacemask.nii.gz,,,,,sub-0256,ses-01,256,256,256,0.9375,0.9,0.9375,0.1613597869873047,16777216,15061358,0.8977268934249878,0.0,1.0,1.0,1.0,0.0,0.0,,,1.0,1.0,1.0,1.0,-2048.0,
QTIM,/run/media/falconnier/Elements/BIDS_datasets_selection/QTIM/sub-0257/ses-01/anat/sub-0257_ses-01_T1w_defacemask.nii.gz,,,,,sub-0257,ses-01,256,256,256,0.9375,0.9,0.9375,0.17825794219970703,16777216,14957700,0.8915483951568604,0.0,1.0,1.0,1.0,0.0,0.0,,,1.0,1.0,1.0,1.0,-2048.0,
QTIM,/run/media/falconnier/Elements/BIDS_datasets_selection/QTIM/sub-0257/ses-01/anat/sub-0257_ses-01_T1w.nii.gz,,,,,sub-0257,ses-01,256,256,256,0.9375,0.9,0.9375,10.513686180114746,16777216,13828705,0.8242550492286682,0.0,277.0,12.759318171875096,3.0,19.62300221794509,2.0,5.615312211624545,2.280138195959108,1.0,1.0,58.0,82.0,3.8927038242306966,
QTIM,/run/media/falconnier/Elements/BIDS_datasets_selection/QTIM/sub-0258/ses-01/anat/sub-0258_ses-01_T1w.nii.gz,,,,,sub-0258,ses-01,256,256,256,0.9375,0.9,0.9375,10.12163257598877,16777216,13562027,0.8083598017692566,0.0,281.0,11.444070639293079,3.0,17.17825421230595,2.0,5.783855816502308,2.2547335123116197,1.0,1.0,51.0,71.0,3.671466342668952,
QTIM,/run/media/falconnier/Elements/BIDS_datasets_selection/QTIM/sub-0258/ses-01/anat/sub-0258_ses-01_T1w_defacemask.nii.gz,,,,,sub-0258,ses-01,256,256,256,0.9375,0.9,0.9375,0.15881061553955078,16777216,14932029,0.8900182843208313,0.0,1.0,1.0,1.0,0.0,0.0,,,1.0,1.0,1.0,1.0,-2048.0,
QTIM,/run/media/falconnier/Elements/BIDS_datasets_selection/QTIM/sub-0259/ses-01/anat/sub-0259_ses-01_T1w.nii.gz,,,,,sub-0259,ses-01,240,256,256,0.9,0.9375,0.9375,14.02804946899414,15728640,13592591,0.8641936620076497,0.0,1543.0,50.14581399528611,13.0,76.30402393066646,8.0,4.802458368021986,2.1410591331614524,1.0,3.0,231.0,313.0,1.0758263315233363,
QTIM,/run/media/falconnier/Elements/BIDS_datasets_selection/QTIM/sub-0259/ses-01/anat/sub-0259_ses-01_T1w_defacemask.nii.gz,,,,,sub-0259,ses-01,240,256,256,0.9,0.9375,0.9375,0.16909408569335938,15728640,13774106,0.8757340749104817,0.0,1.0,1.0,1.0,0.0,0.0,,,1.0,1.0,1.0,1.0,-2048.0,
QTIM,/run/media/falconnier/Elements/BIDS_datasets_selection/QTIM/sub-0260/ses-01/anat/sub-0260_ses-01_T1w_defacemask.nii.gz,,,,,sub-0260,ses-01,256,256,256,0.9375,0.9,0.9375,0.17722702026367188,16777216,14950221,0.8911026120185852,0.0,1.0,1.0,1.0,0.0,0.0,,,1.0,1.0,1.0,1.0,-2048.0,
QTIM,/run/media/falconnier/Elements/BIDS_datasets_selection/QTIM/sub-0260/ses-01/anat/sub-0260_ses-01_T1w.nii.gz,,,,,sub-0260,ses-01,256,256,256,0.9375,0.9,0.9375,9.97667121887207,16777216,13519475,0.8058235049247742,0.0,340.0,10.503741306522627,3.0,16.088343196791456,2.0,8.704372320342495,2.572123758389911,1.0,1.0,47.0,68.0,3.035114290100715,
QTIM,/run/media/falconnier/Elements/BIDS_datasets_selection/QTIM/sub-0261/ses-01/anat/sub-0261_ses-01_T1w_defacemask.nii.gz,,,,,sub-0261,ses-01,240,256,256,0.9,0.9375,0.9375,0.17548084259033203,15728640,13879928,0.8824620564778646,0.0,1.0,1.0,1.0,0.0,0.0,,,1.0,1.0,1.0,1.0,-2048.0,
QTIM,/run/media/falconnier/Elements/BIDS_datasets_selection/QTIM/sub-0261/ses-01/anat/sub-0261_ses-01_T1w.nii.gz,,,,,sub-0261,ses-01,240,256,256,0.9,0.9375,0.9375,14.294151306152344,15728640,13707586,0.8715048472086588,0.0,1226.0,50.10495743014124,14.0,75.52887797568242,9.0,5.059778671927379,2.2075993359205457,1.0,3.0,228.0,312.0,1.369790126150048,
QTIM,/run/media/falconnier/Elements/BIDS_datasets_selection/QTIM/sub-0262/ses-01/anat/sub-0262_ses-01_T1w_defacemask.nii.gz,,,,,sub-0262,ses-01,240,256,256,0.9,0.9375,0.9375,0.17494583129882812,15728640,13987624,0.8893091837565105,0.0,1.0,1.0,1.0,0.0,0.0,,,1.0,1.0,1.0,1.0,-2048.0,
QTIM,/run/media/falconnier/Elements/BIDS_datasets_selection/QTIM/sub-0262/ses-01/anat/sub-0262_ses-01_T1w.nii.gz,,,,,sub-0262,ses-01,240,256,256,0.9,0.9375,0.9375,13.730127334594727,15728640,13785964,0.8764879862467448,0.0,1205.0,39.86484405443101,11.0,66.15414912806101,6.0,6.214122971284777,2.469511301441802,1.0,2.0,203.0,291.0,1.296771763439575,
QTIM,/run/media/falconnier/Elements/BIDS_datasets_selection/QTIM/sub-0263/ses-01/anat/sub-0263_ses-01_T1w_defacemask.nii.gz,,,,,sub-0263,ses-01,240,256,256,0.9,0.9375,0.9375,0.188934326171875,15728640,13683675,0.8699846267700195,0.0,1.0,1.0,1.0,0.0,0.0,,,1.0,1.0,1.0,1.0,-2048.0,
QTIM,/run/media/falconnier/Elements/BIDS_datasets_selection/QTIM/sub-0263/ses-01/anat/sub-0263_ses-01_T1w.nii.gz,,,,,sub-0263,ses-01,240,256,256,0.9,0.9375,0.9375,14.701963424682617,15728640,13536365,0.8606189092000326,0.0,1356.0,59.006123874467036,17.0,82.41873737607587,11.0,3.625437475981782,1.9185553904209491,2.0,4.0,251.0,332.0,1.2957420835202278,
QTIM,/run/media/falconnier/Elements/BIDS_datasets_selection/QTIM/sub-0264/ses-01/anat/sub-0264_ses-01_T1w_defacemask.nii.gz,,,,,sub-0264,ses-01,240,256,256,0.9,0.9375,0.9375,0.17927169799804688,15728640,13863289,0.8814041773478191,0.0,1.0,1.0,1.0,0.0,0.0,,,1.0,1.0,1.0,1.0,-2048.0,
QTIM,/run/media/falconnier/Elements/BIDS_datasets_selection/QTIM/sub-0264/ses-01/anat/sub-0264_ses-01_T1w.nii.gz,,,,,sub-0264,ses-01,240,256,256,0.9,0.9375,0.9375,14.777632713317871,15728640,13701926,0.8711449940999348,0.0,1453.0,57.683153448646564,16.0,84.9546009144232,10.0,5.531362117450346,2.2010507493022575,1.0,3.0,253.0,349.0,1.1952336023292576,
QTIM,/run/media/falconnier/Elements/BIDS_datasets_selection/QTIM/sub-0265/ses-01/anat/sub-0265_ses-01_T1w.nii.gz,,,,,sub-0265,ses-01,256,256,256,0.9375,0.9,0.9375,10.705048561096191,16777216,13824611,0.8240110278129578,0.0,443.0,13.852804538225342,4.0,20.192987829851596,3.0,6.537160421248132,2.22339963041167,1.0,1.0,60.0,82.0,2.63902420430316,
QTIM,/run/media/falconnier/Elements/BIDS_datasets_selection/QTIM/sub-0265/ses-01/anat/sub-0265_ses-01_T1w_defacemask.nii.gz,,,,,sub-0265,ses-01,256,256,256,0.9375,0.9,0.9375,0.17368412017822266,16777216,14783058,0.8811389207839966,0.0,1.0,1.0,1.0,0.0,0.0,,,1.0,1.0,1.0,1.0,-2048.0,
QTIM,/run/media/falconnier/Elements/BIDS_datasets_selection/QTIM/sub-0266/ses-01/anat/sub-0266_ses-01_T1w.nii.gz,,,,,sub-0266,ses-01,256,256,256,0.9375,0.9,0.9375,9.916675567626953,16777216,13545447,0.8073715567588806,0.0,280.0,10.851956897398809,3.0,16.431218790305028,2.0,5.405993731454229,2.245526961422836,1.0,1.0,50.0,69.0,3.609907560628537,
QTIM,/run/media/falconnier/Elements/BIDS_datasets_selection/QTIM/sub-0266/ses-01/anat/sub-0266_ses-01_T1w_defacemask.nii.gz,,,,,sub-0266,ses-01,256,256,256,0.9375,0.9,0.9375,0.1878337860107422,16777216,14914822,0.8889926671981812,0.0,1.0,1.0,1.0,0.0,0.0,,,1.0,1.0,1.0,1.0,-2048.0,
QTIM,/run/media/falconnier/Elements/BIDS_datasets_selection/QTIM/sub-0267/ses-01/anat/sub-0267_ses-01_T1w_defacemask.nii.gz,,,,,sub-0267,ses-01,256,256,256,0.9375,0.9,0.9375,0.17646408081054688,16777216,14951316,0.8911678791046143,0.0,1.0,1.0,1.0,0.0,0.0,,,1.0,1.0,1.0,1.0,-2048.0,
QTIM,/run/media/falconnier/Elements/BIDS_datasets_selection/QTIM/sub-0267/ses-01/anat/sub-0267_ses-01_T1w.nii.gz,,,,,sub-0267,ses-01,256,256,256,0.9375,0.9,0.9375,10.946434020996094,16777216,14038630,0.8367675542831421,0.0,408.0,13.80942314171682,4.0,20.31283573977481,2.0,5.678600454208034,2.2233667732581983,1.0,1.0,61.0,84.0,2.846497580285632,
QTIM,/run/media/falconnier/Elements/BIDS_datasets_selection/QTIM/sub-0268/ses-01/anat/sub-0268_ses-01_T1w_defacemask.nii.gz,,,,,sub-0268,ses-01,256,256,256,0.9375,0.9,0.9375,0.1763896942138672,16777216,14809481,0.8827138543128967,0.0,1.0,1.0,1.0,0.0,0.0,,,1.0,1.0,1.0,1.0,-2048.0,
QTIM,/run/media/falconnier/Elements/BIDS_datasets_selection/QTIM/sub-0268/ses-01/anat/sub-0268_ses-01_T1w.nii.gz,,,,,sub-0268,ses-01,256,256,256,0.9375,0.9,0.9375,10.237834930419922,16777216,13582336,0.8095703125,0.0,401.0,11.980575432679622,3.0,17.887503365979956,2.0,7.448312521743363,2.3406029456682647,1.0,1.0,53.0,72.0,2.7061670587856654,
QTIM,/run/media/falconnier/Elements/BIDS_datasets_selection/QTIM/sub-0269/ses-01/anat/sub-0269_ses-01_T1w.nii.gz,,,,,sub-0269,ses-01,256,256,256,0.9375,0.9,0.9375,10.36616325378418,16777216,13799561,0.8225179314613342,0.0,388.0,12.539225776820002,3.0,19.864929069206372,2.0,5.260850150683398,2.246706104202088,1.0,1.0,60.0,82.0,2.7162253168716957,
QTIM,/run/media/falconnier/Elements/BIDS_datasets_selection/QTIM/sub-0269/ses-01/anat/sub-0269_ses-01_T1w_defacemask.nii.gz,,,,,sub-0269,ses-01,256,256,256,0.9375,0.9,0.9375,0.17171192169189453,16777216,15105507,0.9003583788871765,0.0,1.0,1.0,1.0,0.0,0.0,,,1.0,1.0,1.0,1.0,-2048.0,
QTIM,/run/media/falconnier/Elements/BIDS_datasets_selection/QTIM/sub-0270/ses-01/anat/sub-0270_ses-01_T1w.nii.gz,,,,,sub-0270,ses-01,256,256,256,0.9375,0.9,0.9375,9.584668159484863,16777216,13269217,0.7909069657325745,0.0,379.0,10.061685855314598,3.0,15.983853918428071,2.0,6.555310716991199,2.3819690002209244,1.0,1.0,49.0,67.0,2.621611528809071,
QTIM,/run/media/falconnier/Elements/BIDS_datasets_selection/QTIM/sub-0270/ses-01/anat/sub-0270_ses-01_T1w_defacemask.nii.gz,,,,,sub-0270,ses-01,256,256,256,0.9375,0.9,0.9375,0.17852497100830078,16777216,14928247,0.8897928595542908,0.0,1.0,1.0,1.0,0.0,0.0,,,1.0,1.0,1.0,1.0,-2048.0,
QTIM,/run/media/falconnier/Elements/BIDS_datasets_selection/QTIM/sub-0271/ses-01/anat/sub-0271_ses-01_T1w_defacemask.nii.gz,,,,,sub-0271,ses-01,240,256,256,0.9,0.9375,0.9375,0.18495559692382812,15728640,13977811,0.8886852900187174,0.0,1.0,1.0,1.0,0.0,0.0,,,1.0,1.0,1.0,1.0,-2048.0,
QTIM,/run/media/falconnier/Elements/BIDS_datasets_selection/QTIM/sub-0271/ses-01/anat/sub-0271_ses-01_T1w.nii.gz,,,,,sub-0271,ses-01,240,256,256,0.9,0.9375,0.9375,14.455647468566895,15728640,13807395,0.8778505325317383,0.0,1697.0,51.99961006402729,14.0,81.54741768983571,8.0,5.606453871781843,2.2529792853286477,1.0,3.0,249.0,343.0,0.9860861783114706,
QTIM,/run/media/falconnier/Elements/BIDS_datasets_selection/QTIM/sub-0272/ses-01/anat/sub-0272_ses-01_T1w_defacemask.nii.gz,,,,,sub-0272,ses-01,240,256,256,0.9,0.9375,0.9375,0.1761016845703125,15728640,14007239,0.890556271870931,0.0,1.0,1.0,1.0,0.0,0.0,,,1.0,1.0,1.0,1.0,-2048.0,
QTIM,/run/media/falconnier/Elements/BIDS_datasets_selection/QTIM/sub-0272/ses-01/anat/sub-0272_ses-01_T1w.nii.gz,,,,,sub-0272,ses-01,240,256,256,0.9,0.9375,0.9375,14.37578010559082,15728640,13831697,0.8793956120808919,0.0,1418.0,48.15762888675193,13.0,75.91377986691576,8.0,6.230187697135948,2.3541587548652827,1.0,3.0,230.0,325.0,1.163162913626223,
QTIM,/run/media/falconnier/Elements/BIDS_datasets_selection/QTIM/sub-0273/ses-01/anat/sub-0273_ses-01_T1w_defacemask.nii.gz,,,,,sub-0273,ses-01,256,256,256,0.9375,0.9,0.9375,0.1792917251586914,16777216,14986221,0.8932483792304993,0.0,1.0,1.0,1.0,0.0,0.0,,,1.0,1.0,1.0,1.0,-2048.0,
QTIM,/run/media/falconnier/Elements/BIDS_datasets_selection/QTIM/sub-0273/ses-01/anat/sub-0273_ses-01_T1w.nii.gz,,,,,sub-0273,ses-01,256,256,256,0.9375,0.9,0.9375,10.4589204788208,16777216,13814984,0.8234372138977051,0.0,367.0,12.819751076077974,3.0,20.158841172853375,2.0,5.209198555069282,2.2505091849103507,1.0,1.0,61.0,84.0,2.9684193899773006,
QTIM,/run/media/falconnier/Elements/BIDS_datasets_selection/QTIM/sub-0274/ses-01/anat/sub-0274_ses-01_T1w.nii.gz,,,,,sub-0274,ses-01,256,256,256,0.9375,0.9,0.9375,9.996971130371094,16777216,13498422,0.8045686483383179,0.0,389.0,10.514810027423946,3.0,16.468811454383466,2.0,7.744763391636107,2.455212664982802,1.0,1.0,49.0,69.0,2.584671100006878,
QTIM,/run/media/falconnier/Elements/BIDS_datasets_selection/QTIM/sub-0274/ses-01/anat/sub-0274_ses-01_T1w_defacemask.nii.gz,,,,,sub-0274,ses-01,256,256,256,0.9375,0.9,0.9375,0.1854114532470703,16777216,15064489,0.8979135155677795,0.0,1.0,1.0,1.0,0.0,0.0,,,1.0,1.0,1.0,1.0,-2048.0,
QTIM,/run/media/falconnier/Elements/BIDS_datasets_selection/QTIM/sub-0275/ses-01/anat/sub-0275_ses-01_T1w.nii.gz,,,,,sub-0275,ses-01,256,256,256,0.9375,0.9,0.9375,10.027557373046875,16777216,13501630,0.8047598600387573,0.0,351.0,11.859248994380678,3.0,18.850135205938884,2.0,6.245180822515604,2.3300023769262697,1.0,1.0,57.0,78.0,2.956501171802135,
QTIM,/run/media/falconnier/Elements/BIDS_datasets_selection/QTIM/sub-0275/ses-01/anat/sub-0275_ses-01_T1w_defacemask.nii.gz,,,,,sub-0275,ses-01,256,256,256,0.9375,0.9,0.9375,0.15966796875,16777216,14904066,0.888351559638977,0.0,1.0,1.0,1.0,0.0,0.0,,,1.0,1.0,1.0,1.0,-2048.0,
QTIM,/run/media/falconnier/Elements/BIDS_datasets_selection/QTIM/sub-0276/ses-01/anat/sub-0276_ses-01_T1w_defacemask.nii.gz,,,,,sub-0276,ses-01,240,256,256,0.9,0.9375,0.9375,0.16771411895751953,15728640,13716494,0.8720712025960287,0.0,1.0,1.0,1.0,0.0,0.0,,,1.0,1.0,1.0,1.0,-2048.0,
QTIM,/run/media/falconnier/Elements/BIDS_datasets_selection/QTIM/sub-0276/ses-01/anat/sub-0276_ses-01_T1w.nii.gz,,,,,sub-0276,ses-01,240,256,256,0.9,0.9375,0.9375,14.758964538574219,15728640,13567102,0.8625731150309245,0.0,1510.0,60.649581907764826,18.0,87.8634101993526,11.0,5.43934442550494,2.1722924761419606,2.0,4.0,260.0,356.0,1.1718167069910634,
QTIM,/run/media/falconnier/Elements/BIDS_datasets_selection/QTIM/sub-0277/ses-01/anat/sub-0277_ses-01_T1w_defacemask.nii.gz,,,,,sub-0277,ses-01,240,256,256,0.9,0.9375,0.9375,0.16038227081298828,15728640,13926563,0.8854270299275716,0.0,1.0,1.0,1.0,0.0,0.0,,,1.0,1.0,1.0,1.0,-2048.0,
QTIM,/run/media/falconnier/Elements/BIDS_datasets_selection/QTIM/sub-0277/ses-01/anat/sub-0277_ses-01_T1w.nii.gz,,,,,sub-0277,ses-01,240,256,256,0.9,0.9375,0.9375,13.967870712280273,15728640,13743714,0.8738018035888672,0.0,1244.0,45.97478389029341,12.0,72.86160569898621,7.0,5.000904019524908,2.2480969852898354,1.0,3.0,223.0,311.0,1.3038065965148062,
QTIM,/run/media/falconnier/Elements/BIDS_datasets_selection/QTIM/sub-0278/ses-01/anat/sub-0278_ses-01_T1w_defacemask.nii.gz,,,,,sub-0278,ses-01,240,256,256,0.9,0.9375,0.9375,0.17740726470947266,15728640,13701532,0.8711199442545573,0.0,1.0,1.0,1.0,0.0,0.0,,,1.0,1.0,1.0,1.0,-2048.0,
QTIM,/run/media/falconnier/Elements/BIDS_datasets_selection/QTIM/sub-0278/ses-01/anat/sub-0278_ses-01_T1w.nii.gz,,,,,sub-0278,ses-01,240,256,256,0.9,0.9375,0.9375,14.431854248046875,15728640,13546380,0.8612556457519531,0.0,1751.0,55.43558175689741,16.0,79.92131715075233,10.0,4.702909561252058,2.031589697686292,1.0,3.0,245.0,322.0,0.9863999194199586,
QTIM,/run/media/falconnier/Elements/BIDS_datasets_selection/QTIM/sub-0279/ses-01/anat/sub-0279_ses-01_T1w.nii.gz,,,,,sub-0279,ses-01,256,256,256,0.9375,0.9,0.9375,10.06116771697998,16777216,13675696,0.8151350021362305,0.0,477.0,11.087851543351066,3.0,18.019152656848114,2.0,7.1308186050952305,2.4589306472164094,1.0,1.0,55.0,77.0,2.2176419039073125,
QTIM,/run/media/falconnier/Elements/BIDS_datasets_selection/QTIM/sub-0279/ses-01/anat/sub-0279_ses-01_T1w_defacemask.nii.gz,,,,,sub-0279,ses-01,256,256,256,0.9375,0.9,0.9375,0.17839717864990234,16777216,15071476,0.8983299732208252,0.0,1.0,1.0,1.0,0.0,0.0,,,1.0,1.0,1.0,1.0,-2048.0,
QTIM,/run/media/falconnier/Elements/BIDS_datasets_selection/QTIM/sub-0280/ses-01/anat/sub-0280_ses-01_T1w_defacemask.nii.gz,,,,,sub-0280,ses-01,256,256,256,0.9375,0.9,0.9375,0.1780681610107422,16777216,14582351,0.8691758513450623,0.0,1.0,1.0,1.0,0.0,0.0,,,1.0,1.0,1.0,1.0,-2048.0,
QTIM,/run/media/falconnier/Elements/BIDS_datasets_selection/QTIM/sub-0280/ses-01/anat/sub-0280_ses-01_T1w.nii.gz,,,,,sub-0280,ses-01,256,256,256,0.9375,0.9,0.9375,11.141542434692383,16777216,13899423,0.8284701704978943,0.0,442.0,15.27237663031048,5.0,22.065063618493237,3.0,5.736689798527667,2.2195276294979647,1.0,1.0,66.0,91.0,2.768444161251453,
QTIM,/run/media/falconnier/Elements/BIDS_datasets_selection/QTIM/sub-0281/ses-01/anat/sub-0281_ses-01_T1w.nii.gz,,,,,sub-0281,ses-01,256,256,256,0.9375,0.9,0.9375,9.828548431396484,16777216,13456683,0.8020808100700378,0.0,358.0,10.411124866358225,3.0,16.435789468560525,2.0,6.782908957787926,2.4063391731019688,1.0,1.0,50.0,70.0,2.806702132266694,
QTIM,/run/media/falconnier/Elements/BIDS_datasets_selection/QTIM/sub-0281/ses-01/anat/sub-0281_ses-01_T1w_defacemask.nii.gz,,,,,sub-0281,ses-01,256,256,256,0.9375,0.9,0.9375,0.18111228942871094,16777216,14966462,0.8920706510543823,0.0,1.0,1.0,1.0,0.0,0.0,,,1.0,1.0,1.0,1.0,-2048.0,
QTIM,/run/media/falconnier/Elements/BIDS_datasets_selection/QTIM/sub-0283/ses-01/anat/sub-0283_ses-01_T1w_defacemask.nii.gz,,,,,sub-0283,ses-01,240,256,256,0.9,0.9375,0.9375,0.19015026092529297,15728640,13946289,0.8866811752319336,0.0,1.0,1.0,1.0,0.0,0.0,,,1.0,1.0,1.0,1.0,-2048.0,
QTIM,/run/media/falconnier/Elements/BIDS_datasets_selection/QTIM/sub-0282/ses-01/anat/sub-0282_ses-01_T1w.nii.gz,,,,,sub-0282,ses-01,256,256,256,0.9375,0.9,0.9375,10.773387908935547,16777216,13478486,0.8033803701400757,0.0,554.0,19.363494460728006,3.0,27.176711031363876,2.0,1.6887765691619867,1.4631927847788875,1.0,1.0,79.0,90.0,2.0974705747507008,
QTIM,/run/media/falconnier/Elements/BIDS_datasets_selection/QTIM/sub-0282/ses-01/anat/sub-0282_ses-01_T1w_defacemask.nii.gz,,,,,sub-0282,ses-01,256,256,256,0.9375,0.9,0.9375,0.17963790893554688,16777216,15044756,0.8967373371124268,0.0,1.0,1.0,1.0,0.0,0.0,,,1.0,1.0,1.0,1.0,-2048.0,
QTIM,/run/media/falconnier/Elements/BIDS_datasets_selection/QTIM/sub-0283/ses-01/anat/sub-0283_ses-01_T1w.nii.gz,,,,,sub-0283,ses-01,240,256,256,0.9,0.9375,0.9375,13.918508529663086,15728640,13759158,0.874783706665039,0.0,1043.0,41.20178058860869,12.0,63.114346109647286,7.0,4.768905647131059,2.228660513600555,1.0,3.0,194.0,270.0,1.5352739306922532,
QTIM,/run/media/falconnier/Elements/BIDS_datasets_selection/QTIM/sub-0284/ses-01/anat/sub-0284_ses-01_T1w_defacemask.nii.gz,,,,,sub-0284,ses-01,240,256,256,0.9,0.9375,0.9375,0.15501022338867188,15728640,13965313,0.8878906885782878,0.0,1.0,1.0,1.0,0.0,0.0,,,1.0,1.0,1.0,1.0,-2048.0,
QTIM,/run/media/falconnier/Elements/BIDS_datasets_selection/QTIM/sub-0284/ses-01/anat/sub-0284_ses-01_T1w.nii.gz,,,,,sub-0284,ses-01,240,256,256,0.9,0.9375,0.9375,14.721220970153809,15728640,13813744,0.8782541910807292,0.0,1429.0,52.47649478664148,16.0,74.4087033370894,10.0,4.32936872851214,2.046967179287373,1.0,4.0,228.0,308.0,1.2015461850632518,
QTIM,/run/media/falconnier/Elements/BIDS_datasets_selection/QTIM/sub-0285/ses-01/anat/sub-0285_ses-01_T1w_defacemask.nii.gz,,,,,sub-0285,ses-01,240,256,256,0.9,0.9375,0.9375,0.19883060455322266,15728640,13542458,0.8610062917073568,0.0,1.0,1.0,1.0,0.0,0.0,,,1.0,1.0,1.0,1.0,-2048.0,
QTIM,/run/media/falconnier/Elements/BIDS_datasets_selection/QTIM/sub-0285/ses-01/anat/sub-0285_ses-01_T1w.nii.gz,,,,,sub-0285,ses-01,240,256,256,0.9,0.9375,0.9375,14.221538543701172,15728640,13386656,0.8511006673177083,0.0,959.0,51.681727385838556,16.0,69.64159682805133,10.0,3.1799333578771662,1.8484501482892073,1.0,3.0,212.0,282.0,1.7923340904525862,
QTIM,/run/media/falconnier/Elements/BIDS_datasets_selection/QTIM/sub-0286/ses-01/anat/sub-0286_ses-01_T1w_defacemask.nii.gz,,,,,sub-0286,ses-01,256,256,256,0.9375,0.9,0.9375,0.15513324737548828,16777216,15226632,0.9075779914855957,0.0,1.0,1.0,1.0,0.0,0.0,,,1.0,1.0,1.0,1.0,-2048.0,
QTIM,/run/media/falconnier/Elements/BIDS_datasets_selection/QTIM/sub-0286/ses-01/anat/sub-0286_ses-01_T1w.nii.gz,,,,,sub-0286,ses-01,256,256,256,0.9375,0.9,0.9375,10.628277778625488,16777216,14026484,0.8360435962677002,0.0,282.0,12.395992609409458,3.0,19.655966193522815,2.0,4.959896900191546,2.2455567483682257,1.0,1.0,60.0,83.0,3.6941878233398997,
QTIM,/run/media/falconnier/Elements/BIDS_datasets_selection/QTIM/sub-0287/ses-01/anat/sub-0287_ses-01_T1w.nii.gz,,,,,sub-0287,ses-01,256,256,256,0.9375,0.9,0.9375,9.9900541305542,16777216,13513200,0.8054494857788086,0.0,253.0,11.035752893467128,3.0,16.953559094706787,2.0,5.805667441252119,2.3019488617059314,1.0,1.0,51.0,71.0,4.304840505516378,
QTIM,/run/media/falconnier/Elements/BIDS_datasets_selection/QTIM/sub-0287/ses-01/anat/sub-0287_ses-01_T1w_defacemask.nii.gz,,,,,sub-0287,ses-01,256,256,256,0.9375,0.9,0.9375,0.17093372344970703,16777216,15009931,0.8946616053581238,0.0,1.0,1.0,1.0,0.0,0.0,,,1.0,1.0,1.0,1.0,-2048.0,
QTIM,/run/media/falconnier/Elements/BIDS_datasets_selection/QTIM/sub-0288/ses-01/anat/sub-0288_ses-01_T1w.nii.gz,,,,,sub-0288,ses-01,256,256,256,0.9375,0.9,0.9375,11.37412166595459,16777216,14241129,0.8488374352455139,0.0,347.0,14.96109276167641,4.0,20.735123045951152,3.0,4.777590143437912,2.030098766278815,1.0,1.0,62.0,83.0,3.4550154629667698,
QTIM,/run/media/falconnier/Elements/BIDS_datasets_selection/QTIM/sub-0288/ses-01/anat/sub-0288_ses-01_T1w_defacemask.nii.gz,,,,,sub-0288,ses-01,256,256,256,0.9375,0.9,0.9375,0.18029403686523438,16777216,15084787,0.8991233706474304,0.0,1.0,1.0,1.0,0.0,0.0,,,1.0,1.0,1.0,1.0,-2048.0,
QTIM,/run/media/falconnier/Elements/BIDS_datasets_selection/QTIM/sub-0289/ses-01/anat/sub-0289_ses-01_T1w_defacemask.nii.gz,,,,,sub-0289,ses-01,256,256,256,0.9375,0.9,0.9375,0.17853069305419922,16777216,15009486,0.8946350812911987,0.0,1.0,1.0,1.0,0.0,0.0,,,1.0,1.0,1.0,1.0,-2048.0,
QTIM,/run/media/falconnier/Elements/BIDS_datasets_selection/QTIM/sub-0289/ses-01/anat/sub-0289_ses-01_T1w.nii.gz,,,,,sub-0289,ses-01,256,256,256,0.9375,0.9,0.9375,9.898858070373535,16777216,13483629,0.8036869168281555,0.0,328.0,10.875350916285223,3.0,17.79732083429058,2.0,6.3523231269304805,2.4171403396030704,1.0,1.0,54.0,76.0,3.0116743786595737,
QTIM,/run/media/falconnier/Elements/BIDS_datasets_selection/QTIM/sub-0290/ses-01/anat/sub-0290_ses-01_T1w.nii.gz,,,,,sub-0290,ses-01,256,256,256,0.9375,0.9,0.9375,10.559097290039062,16777216,14016884,0.8354713916778564,0.0,434.0,12.43300622306641,3.0,19.681195112762484,2.0,6.675552673831289,2.394024381137824,1.0,1.0,60.0,82.0,2.516343293408278,
QTIM,/run/media/falconnier/Elements/BIDS_datasets_selection/QTIM/sub-0290/ses-01/anat/sub-0290_ses-01_T1w_defacemask.nii.gz,,,,,sub-0290,ses-01,256,256,256,0.9375,0.9,0.9375,0.16532325744628906,16777216,15164840,0.9038949012756348,0.0,1.0,1.0,1.0,0.0,0.0,,,1.0,1.0,1.0,1.0,-2048.0,
QTIM,/run/media/falconnier/Elements/BIDS_datasets_selection/QTIM/sub-0291/ses-01/anat/sub-0291_ses-01_T1w_defacemask.nii.gz,,,,,sub-0291,ses-01,256,256,256,0.9375,0.9,0.9375,0.18118953704833984,16777216,14942993,0.8906717896461487,0.0,1.0,1.0,1.0,0.0,0.0,,,1.0,1.0,1.0,1.0,-2048.0,
QTIM,/run/media/falconnier/Elements/BIDS_datasets_selection/QTIM/sub-0291/ses-01/anat/sub-0291_ses-01_T1w.nii.gz,,,,,sub-0291,ses-01,256,256,256,0.9375,0.9,0.9375,10.817891120910645,16777216,13936524,0.830681562423706,0.0,399.0,13.947707333622072,4.0,20.78464162120722,3.0,5.747166692553586,2.2009431330691687,1.0,1.0,63.0,84.0,2.861073855127599,
QTIM,/run/media/falconnier/Elements/BIDS_datasets_selection/QTIM/sub-0292/ses-01/anat/sub-0292_ses-01_T1w_defacemask.nii.gz,,,,,sub-0292,ses-01,256,256,256,0.9375,0.9,0.9375,0.1835184097290039,16777216,15064281,0.8979011178016663,0.0,1.0,1.0,1.0,0.0,0.0,,,1.0,1.0,1.0,1.0,-2048.0,
QTIM,/run/media/falconnier/Elements/BIDS_datasets_selection/QTIM/sub-0293/ses-01/anat/sub-0293_ses-01_T1w_defacemask.nii.gz,,,,,sub-0293,ses-01,256,256,256,0.9375,0.9,0.9375,0.1767902374267578,16777216,14999323,0.8940293192863464,0.0,1.0,1.0,1.0,0.0,0.0,,,1.0,1.0,1.0,1.0,-2048.0,
QTIM,/run/media/falconnier/Elements/BIDS_datasets_selection/QTIM/sub-0292/ses-01/anat/sub-0292_ses-01_T1w.nii.gz,,,,,sub-0292,ses-01,256,256,256,0.9375,0.9,0.9375,10.885136604309082,16777216,14057576,0.8378968238830566,0.0,493.0,13.794209897922658,4.0,21.06991514335858,2.0,6.719882668810184,2.3314984973265793,1.0,1.0,63.0,87.0,2.3941901007380735,
QTIM,/run/media/falconnier/Elements/BIDS_datasets_selection/QTIM/sub-0293/ses-01/anat/sub-0293_ses-01_T1w.nii.gz,,,,,sub-0293,ses-01,256,256,256,0.9375,0.9,0.9375,11.33842658996582,16777216,14155939,0.8437597155570984,0.0,480.0,15.683519616748843,4.0,23.33388546770221,3.0,6.37821343512425,2.3098000196953192,1.0,1.0,68.0,97.0,2.5703337188609887,
QTIM,/run/media/falconnier/Elements/BIDS_datasets_selection/QTIM/sub-0294/ses-01/anat/sub-0294_ses-01_T1w.nii.gz,,,,,sub-0294,ses-01,256,256,256,0.9375,0.9,0.9375,9.778632164001465,16777216,13584796,0.8097169399261475,0.0,332.0,9.787581351976137,3.0,16.124695878570353,2.0,7.757821505733258,2.610100068375812,1.0,1.0,48.0,70.0,2.922854938909116,
QTIM,/run/media/falconnier/Elements/BIDS_datasets_selection/QTIM/sub-0294/ses-01/anat/sub-0294_ses-01_T1w_defacemask.nii.gz,,,,,sub-0294,ses-01,256,256,256,0.9375,0.9,0.9375,0.17340469360351562,16777216,15209139,0.9065353274345398,0.0,1.0,1.0,1.0,0.0,0.0,,,1.0,1.0,1.0,1.0,-2048.0,
QTIM,/run/media/falconnier/Elements/BIDS_datasets_selection/QTIM/sub-0295/ses-01/anat/sub-0295_ses-01_T1w.nii.gz,,,,,sub-0295,ses-01,256,256,256,0.9375,0.9,0.9375,9.402520179748535,16777216,13045805,0.7775905728340149,0.0,333.0,9.149357897040467,2.0,14.515802918033913,1.0,8.216542813106296,2.5326885551420393,1.0,1.0,43.0,62.0,2.782096033541622,
QTIM,/run/media/falconnier/Elements/BIDS_datasets_selection/QTIM/sub-0295/ses-01/anat/sub-0295_ses-01_T1w_defacemask.nii.gz,,,,,sub-0295,ses-01,256,256,256,0.9375,0.9,0.9375,0.18137073516845703,16777216,15021305,0.8953395485877991,0.0,1.0,1.0,1.0,0.0,0.0,,,1.0,1.0,1.0,1.0,-2048.0,
QTIM,/run/media/falconnier/Elements/BIDS_datasets_selection/QTIM/sub-0296/ses-01/anat/sub-0296_ses-01_T1w_defacemask.nii.gz,,,,,sub-0296,ses-01,256,256,256,0.9375,0.9,0.9375,0.18887901306152344,16777216,15093009,0.8996134400367737,0.0,1.0,1.0,1.0,0.0,0.0,,,1.0,1.0,1.0,1.0,-2048.0,
QTIM,/run/media/falconnier/Elements/BIDS_datasets_selection/QTIM/sub-0296/ses-01/anat/sub-0296_ses-01_T1w.nii.gz,,,,,sub-0296,ses-01,256,256,256,0.9375,0.9,0.9375,10.660785675048828,16777216,13935329,0.8306103348731995,0.0,442.0,12.819973608086325,3.0,20.094510585428,2.0,7.190721135647053,2.3781660549143036,1.0,1.0,59.0,83.0,2.4881957492427613,
QTIM,/run/media/falconnier/Elements/BIDS_datasets_selection/QTIM/sub-0297/ses-01/anat/sub-0297_ses-01_T1w_defacemask.nii.gz,,,,,sub-0297,ses-01,256,256,256,0.9375,0.9,0.9375,0.18932342529296875,16777216,14920912,0.8893556594848633,0.0,1.0,1.0,1.0,0.0,0.0,,,1.0,1.0,1.0,1.0,-2048.0,
QTIM,/run/media/falconnier/Elements/BIDS_datasets_selection/QTIM/sub-0297/ses-01/anat/sub-0297_ses-01_T1w.nii.gz,,,,,sub-0297,ses-01,256,256,256,0.9375,0.9,0.9375,10.931930541992188,16777216,13944492,0.8311564922332764,0.0,364.0,14.219372423176118,4.0,21.413990391382928,3.0,6.482957414553221,2.316748313734199,1.0,1.0,63.0,88.0,3.171445518446239,
QTIM,/run/media/falconnier/Elements/BIDS_datasets_selection/QTIM/sub-0298/ses-01/anat/sub-0298_ses-01_T1w.nii.gz,,,,,sub-0298,ses-01,256,256,256,0.9375,0.9,0.9375,10.969913482666016,16777216,13955743,0.8318271040916443,0.0,387.0,14.152398836808617,4.0,19.57795510757425,3.0,5.030658408890771,2.0862499258863725,1.0,1.0,59.0,79.0,3.0575333828826565,
QTIM,/run/media/falconnier/Elements/BIDS_datasets_selection/QTIM/sub-0298/ses-01/anat/sub-0298_ses-01_T1w_defacemask.nii.gz,,,,,sub-0298,ses-01,256,256,256,0.9375,0.9,0.9375,0.17021751403808594,16777216,14744837,0.8788607716560364,0.0,1.0,1.0,1.0,0.0,0.0,,,1.0,1.0,1.0,1.0,-2048.0,
QTIM,/run/media/falconnier/Elements/BIDS_datasets_selection/QTIM/sub-0298/ses-02/anat/sub-0298_ses-02_T1w_defacemask.nii.gz,,,,,sub-0298,ses-02,256,256,256,0.9375,0.9,0.9375,0.16432762145996094,16777216,14842939,0.8847081065177917,0.0,1.0,1.0,1.0,0.0,0.0,,,1.0,1.0,1.0,1.0,-2048.0,
QTIM,/run/media/falconnier/Elements/BIDS_datasets_selection/QTIM/sub-0298/ses-02/anat/sub-0298_ses-02_T1w.nii.gz,,,,,sub-0298,ses-02,256,256,256,0.9375,0.9,0.9375,11.21030044555664,16777216,14092473,0.8399768471717834,0.0,387.0,15.163004250566951,5.0,21.274432785689505,3.0,4.716423756711085,2.0688924445959365,1.0,1.0,64.0,86.0,3.116712668512302,
QTIM,/run/media/falconnier/Elements/BIDS_datasets_selection/QTIM/sub-0299/ses-01/anat/sub-0299_ses-01_T1w_defacemask.nii.gz,,,,,sub-0299,ses-01,256,256,256,0.9375,0.9,0.9375,0.18785476684570312,16777216,14855722,0.8854700326919556,0.0,1.0,1.0,1.0,0.0,0.0,,,1.0,1.0,1.0,1.0,-2048.0,
QTIM,/run/media/falconnier/Elements/BIDS_datasets_selection/QTIM/sub-0299/ses-01/anat/sub-0299_ses-01_T1w.nii.gz,,,,,sub-0299,ses-01,256,256,256,0.9375,0.9,0.9375,9.748806953430176,16777216,13330086,0.7945350408554077,0.0,364.0,10.119910029087585,3.0,15.287593208401029,2.0,7.89650185049428,2.417459128245043,1.0,1.0,46.0,63.0,2.7883425412119025,
QTIM,/run/media/falconnier/Elements/BIDS_datasets_selection/QTIM/sub-0300/ses-01/anat/sub-0300_ses-01_T1w_defacemask.nii.gz,,,,,sub-0300,ses-01,256,256,256,0.9375,0.9,0.9375,0.16951942443847656,16777216,14978221,0.8927715420722961,0.0,1.0,1.0,1.0,0.0,0.0,,,1.0,1.0,1.0,1.0,-2048.0,
QTIM,/run/media/falconnier/Elements/BIDS_datasets_selection/QTIM/sub-0300/ses-01/anat/sub-0300_ses-01_T1w.nii.gz,,,,,sub-0300,ses-01,256,256,256,0.9375,0.9,0.9375,10.653493881225586,16777216,13924233,0.8299489617347717,0.0,248.0,12.28478495009384,4.0,16.936154482462307,3.0,4.980971487818103,2.0809778078101178,1.0,1.0,51.0,68.0,4.724862215944197,
QTIM,/run/media/falconnier/Elements/BIDS_datasets_selection/QTIM/sub-0301/ses-01/anat/sub-0301_ses-01_T1w_defacemask.nii.gz,,,,,sub-0301,ses-01,256,256,256,0.9375,0.9,0.9375,0.18457317352294922,16777216,14975894,0.8926328420639038,0.0,1.0,1.0,1.0,0.0,0.0,,,1.0,1.0,1.0,1.0,-2048.0,
QTIM,/run/media/falconnier/Elements/BIDS_datasets_selection/QTIM/sub-0301/ses-01/anat/sub-0301_ses-01_T1w.nii.gz,,,,,sub-0301,ses-01,256,256,256,0.9375,0.9,0.9375,10.097589492797852,16777216,13604346,0.8108822107315063,0.0,346.0,11.23194051371525,3.0,16.646119430947614,2.0,3.9421597209997303,2.038467615876906,1.0,1.0,51.0,68.0,2.995649758677812,
QTIM,/run/media/falconnier/Elements/BIDS_datasets_selection/QTIM/sub-0302/ses-01/anat/sub-0302_ses-01_T1w_defacemask.nii.gz,,,,,sub-0302,ses-01,256,256,256,0.9375,0.9,0.9375,0.17093849182128906,16777216,15134085,0.9020617604255676,0.0,1.0,1.0,1.0,0.0,0.0,,,1.0,1.0,1.0,1.0,-2048.0,
QTIM,/run/media/falconnier/Elements/BIDS_datasets_selection/QTIM/sub-0302/ses-01/anat/sub-0302_ses-01_T1w.nii.gz,,,,,sub-0302,ses-01,256,256,256,0.9375,0.9,0.9375,10.592242240905762,16777216,13864245,0.8263733983039856,0.0,440.0,13.789135434349292,3.0,22.59468506179801,2.0,5.041257275591342,2.2314620252778283,1.0,1.0,68.0,91.0,2.4739960952477884,
QTIM,/run/media/falconnier/Elements/BIDS_datasets_selection/QTIM/sub-0303/ses-01/anat/sub-0303_ses-01_T1w.nii.gz,,,,,sub-0303,ses-01,256,256,256,0.9375,0.9,0.9375,11.157693862915039,16777216,14104572,0.8406980037689209,0.0,341.0,14.957482935320547,4.0,21.10852151471555,3.0,5.075247692519422,2.086115667011005,1.0,1.0,63.0,85.0,3.5438541936852217,
QTIM,/run/media/falconnier/Elements/BIDS_datasets_selection/QTIM/sub-0303/ses-01/anat/sub-0303_ses-01_T1w_defacemask.nii.gz,,,,,sub-0303,ses-01,256,256,256,0.9375,0.9,0.9375,0.1847248077392578,16777216,14927132,0.8897264003753662,0.0,1.0,1.0,1.0,0.0,0.0,,,1.0,1.0,1.0,1.0,-2048.0,
QTIM,/run/media/falconnier/Elements/BIDS_datasets_selection/QTIM/sub-0304/ses-01/anat/sub-0304_ses-01_T1w_defacemask.nii.gz,,,,,sub-0304,ses-01,256,256,256,0.9375,0.9,0.9375,0.1873607635498047,16777216,14992923,0.8936478495597839,0.0,1.0,1.0,1.0,0.0,0.0,,,1.0,1.0,1.0,1.0,-2048.0,
QTIM,/run/media/falconnier/Elements/BIDS_datasets_selection/QTIM/sub-0304/ses-01/anat/sub-0304_ses-01_T1w.nii.gz,,,,,sub-0304,ses-01,256,256,256,0.9375,0.9,0.9375,10.02913761138916,16777216,13618035,0.8116981387138367,0.0,251.0,10.870304856757969,3.0,16.101057956635003,2.0,5.0915574354689745,2.188251770686652,1.0,1.0,49.0,67.0,4.378325632997259,
QTIM,/run/media/falconnier/Elements/BIDS_datasets_selection/QTIM/sub-0305/ses-01/anat/sub-0305_ses-01_T1w_defacemask.nii.gz,,,,,sub-0305,ses-01,256,256,256,0.9375,0.9,0.9375,0.17679119110107422,16777216,15070547,0.8982746005058289,0.0,1.0,1.0,1.0,0.0,0.0,,,1.0,1.0,1.0,1.0,-2048.0,
QTIM,/run/media/falconnier/Elements/BIDS_datasets_selection/QTIM/sub-0305/ses-01/anat/sub-0305_ses-01_T1w.nii.gz,,,,,sub-0305,ses-01,256,256,256,0.9375,0.9,0.9375,10.366142272949219,16777216,13855046,0.8258250951766968,0.0,307.0,11.63165470544089,3.0,16.833817931155693,2.0,5.66905744581528,2.2222872625794583,1.0,1.0,51.0,70.0,3.5599836040279014,
QTIM,/run/media/falconnier/Elements/BIDS_datasets_selection/QTIM/sub-0306/ses-01/anat/sub-0306_ses-01_T1w_defacemask.nii.gz,,,,,sub-0306,ses-01,256,256,256,0.9375,0.9,0.9375,0.1670093536376953,16777216,15141135,0.9024819731712341,0.0,1.0,1.0,1.0,0.0,0.0,,,1.0,1.0,1.0,1.0,-2048.0,
QTIM,/run/media/falconnier/Elements/BIDS_datasets_selection/QTIM/sub-0306/ses-01/anat/sub-0306_ses-01_T1w.nii.gz,,,,,sub-0306,ses-01,256,256,256,0.9375,0.9,0.9375,10.641925811767578,16777216,14018743,0.8355821967124939,0.0,337.0,12.080106183557255,3.0,19.320857706788527,2.0,7.3007329833287535,2.5241217431853595,1.0,1.0,58.0,83.0,3.217247657635255,
QTIM,/run/media/falconnier/Elements/BIDS_datasets_selection/QTIM/sub-0307/ses-01/anat/sub-0307_ses-01_T1w_defacemask.nii.gz,,,,,sub-0307,ses-01,256,256,256,0.9375,0.9,0.9375,0.1597881317138672,16777216,14938815,0.8904227614402771,0.0,1.0,1.0,1.0,0.0,0.0,,,1.0,1.0,1.0,1.0,-2048.0,
QTIM,/run/media/falconnier/Elements/BIDS_datasets_selection/QTIM/sub-0307/ses-01/anat/sub-0307_ses-01_T1w.nii.gz,,,,,sub-0307,ses-01,256,256,256,0.9375,0.9,0.9375,11.219132423400879,16777216,14119849,0.8416085839271545,0.0,349.0,15.112375989289971,4.0,21.288244969186042,3.0,4.586581831559225,2.040019512947575,1.0,1.0,64.0,86.0,3.4353157355675417,
QTIM,/run/media/falconnier/Elements/BIDS_datasets_selection/QTIM/sub-0308/ses-01/anat/sub-0308_ses-01_T1w_defacemask.nii.gz,,,,,sub-0308,ses-01,256,256,256,0.9375,0.9,0.9375,0.1844310760498047,16777216,14797924,0.8820250034332275,0.0,1.0,1.0,1.0,0.0,0.0,,,1.0,1.0,1.0,1.0,-2048.0,
QTIM,/run/media/falconnier/Elements/BIDS_datasets_selection/QTIM/sub-0308/ses-01/anat/sub-0308_ses-01_T1w.nii.gz,,,,,sub-0308,ses-01,256,256,256,0.9375,0.9,0.9375,11.088068008422852,16777216,14026150,0.8360236883163452,0.0,369.0,14.44668921977877,4.0,20.616019902004012,3.0,5.832436230124575,2.2271515881184705,1.0,1.0,62.0,84.0,3.2738841590766397,
QTIM,/run/media/falconnier/Elements/BIDS_datasets_selection/QTIM/sub-0308/ses-02/anat/sub-0308_ses-02_T1w_defacemask.nii.gz,,,,,sub-0308,ses-02,240,256,256,0.9,0.9375,0.9375,0.17219257354736328,15728640,13553014,0.8616774241129558,0.0,1.0,1.0,1.0,0.0,0.0,,,1.0,1.0,1.0,1.0,-2048.0,
QTIM,/run/media/falconnier/Elements/BIDS_datasets_selection/QTIM/sub-0308/ses-02/anat/sub-0308_ses-02_T1w.nii.gz,,,,,sub-0308,ses-02,240,256,256,0.9,0.9375,0.9375,14.309926986694336,15728640,13396324,0.8517153422037761,0.0,1383.0,55.23692044175701,16.0,79.10593865250054,10.0,5.032776634438218,2.1253514354558183,1.0,3.0,238.0,319.0,1.2575482097783712,
QTIM,/run/media/falconnier/Elements/BIDS_datasets_selection/QTIM/sub-0309/ses-01/anat/sub-0309_ses-01_T1w.nii.gz,,,,,sub-0309,ses-01,256,256,256,0.9375,0.9,0.9375,9.422890663146973,16777216,13035606,0.7769826650619507,0.0,324.0,9.631221057156836,2.0,15.34022024212441,1.0,6.532032329347642,2.364555100986847,1.0,1.0,46.0,64.0,2.858138284178582,
QTIM,/run/media/falconnier/Elements/BIDS_datasets_selection/QTIM/sub-0309/ses-01/anat/sub-0309_ses-01_T1w_defacemask.nii.gz,,,,,sub-0309,ses-01,256,256,256,0.9375,0.9,0.9375,0.18914318084716797,16777216,15011720,0.894768238067627,0.0,1.0,1.0,1.0,0.0,0.0,,,1.0,1.0,1.0,1.0,-2048.0,
QTIM,/run/media/falconnier/Elements/BIDS_datasets_selection/QTIM/sub-0309/ses-02/anat/sub-0309_ses-02_T1w_defacemask.nii.gz,,,,,sub-0309,ses-02,256,256,256,0.9375,0.9,0.9375,0.18352127075195312,16777216,15098850,0.8999615907669067,0.0,1.0,1.0,1.0,0.0,0.0,,,1.0,1.0,1.0,1.0,-2048.0,
QTIM,/run/media/falconnier/Elements/BIDS_datasets_selection/QTIM/sub-0309/ses-02/anat/sub-0309_ses-02_T1w.nii.gz,,,,,sub-0309,ses-02,256,256,256,0.9375,0.9,0.9375,10.455009460449219,16777216,13882232,0.8274455070495605,0.0,385.0,12.099865064926158,3.0,19.523804709508365,2.0,6.37388890557715,2.379338129414912,1.0,1.0,59.0,82.0,2.7792727256600775,
QTIM,/run/media/falconnier/Elements/BIDS_datasets_selection/QTIM/sub-0310/ses-01/anat/sub-0310_ses-01_T1w_defacemask.nii.gz,,,,,sub-0310,ses-01,240,256,256,0.9,0.9375,0.9375,0.1708669662475586,15728640,13696136,0.870776875813802,0.0,1.0,1.0,1.0,0.0,0.0,,,1.0,1.0,1.0,1.0,-2048.0,
QTIM,/run/media/falconnier/Elements/BIDS_datasets_selection/QTIM/sub-0310/ses-01/anat/sub-0310_ses-01_T1w.nii.gz,,,,,sub-0310,ses-01,240,256,256,0.9,0.9375,0.9375,14.1915864944458,15728640,13536990,0.8606586456298828,0.0,1317.0,53.5233048114832,15.0,81.50454774363432,9.0,4.856466162436152,2.18197132966235,1.0,3.0,248.0,344.0,1.290913341310831,
QTIM,/run/media/falconnier/Elements/BIDS_datasets_selection/QTIM/sub-0311/ses-01/anat/sub-0311_ses-01_T1w_defacemask.nii.gz,,,,,sub-0311,ses-01,240,256,256,0.9,0.9375,0.9375,0.18588542938232422,15728640,13401029,0.8520144780476888,0.0,1.0,1.0,1.0,0.0,0.0,,,1.0,1.0,1.0,1.0,-2048.0,
QTIM,/run/media/falconnier/Elements/BIDS_datasets_selection/QTIM/sub-0311/ses-01/anat/sub-0311_ses-01_T1w.nii.gz,,,,,sub-0311,ses-01,240,256,256,0.9,0.9375,0.9375,14.254130363464355,15728640,13252575,0.8425760269165039,0.0,1474.0,56.419196043033146,17.0,74.55853924158512,11.0,3.0347653431963275,1.7674061642902155,2.0,4.0,225.0,291.0,1.188367503460765,
QTIM,/run/media/falconnier/Elements/BIDS_datasets_selection/QTIM/sub-0312/ses-01/anat/sub-0312_ses-01_T1w_defacemask.nii.gz,,,,,sub-0312,ses-01,256,256,256,0.9375,0.9,0.9375,0.18430614471435547,16777216,15085471,0.8991641402244568,0.0,1.0,1.0,1.0,0.0,0.0,,,1.0,1.0,1.0,1.0,-2048.0,
QTIM,/run/media/falconnier/Elements/BIDS_datasets_selection/QTIM/sub-0312/ses-01/anat/sub-0312_ses-01_T1w.nii.gz,,,,,sub-0312,ses-01,256,256,256,0.9375,0.9,0.9375,10.877809524536133,16777216,14058590,0.8379572629928589,0.0,301.0,12.840946851711303,4.0,18.721791334104267,3.0,5.674183451348229,2.2249062059391918,1.0,1.0,56.0,78.0,3.7289967816363054,
QTIM,/run/media/falconnier/Elements/BIDS_datasets_selection/QTIM/sub-0313/ses-01/anat/sub-0313_ses-01_T1w.nii.gz,,,,,sub-0313,ses-01,256,256,256,0.9375,0.9,0.9375,10.181622505187988,16777216,13676361,0.8151746392250061,0.0,285.0,11.169878668748215,3.0,15.777673185965375,2.0,4.784390361412054,2.109650018580906,1.0,1.0,48.0,67.0,3.75158672355766,
QTIM,/run/media/falconnier/Elements/BIDS_datasets_selection/QTIM/sub-0313/ses-01/anat/sub-0313_ses-01_T1w_defacemask.nii.gz,,,,,sub-0313,ses-01,256,256,256,0.9375,0.9,0.9375,0.1718921661376953,16777216,14747107,0.8789960741996765,0.0,1.0,1.0,1.0,0.0,0.0,,,1.0,1.0,1.0,1.0,-2048.0,
QTIM,/run/media/falconnier/Elements/BIDS_datasets_selection/QTIM/sub-0314/ses-01/anat/sub-0314_ses-01_T1w_defacemask.nii.gz,,,,,sub-0314,ses-01,256,256,256,0.9375,0.9,0.9375,0.1924285888671875,16777216,14700338,0.8762084245681763,0.0,1.0,1.0,1.0,0.0,0.0,,,1.0,1.0,1.0,1.0,-2048.0,
QTIM,/run/media/falconnier/Elements/BIDS_datasets_selection/QTIM/sub-0314/ses-01/anat/sub-0314_ses-01_T1w.nii.gz,,,,,sub-0314,ses-01,256,256,256,0.9375,0.9,0.9375,10.850798606872559,16777216,13852066,0.8256474733352661,0.0,288.0,13.568574608293089,4.0,19.04776267410769,3.0,4.599276414300468,2.0670400499068458,1.0,1.0,58.0,77.0,4.033842084117754,
QTIM,/run/media/falconnier/Elements/BIDS_datasets_selection/QTIM/sub-0315/ses-01/anat/sub-0315_ses-01_T1w.nii.gz,,,,,sub-0315,ses-01,256,256,256,0.9375,0.9,0.9375,10.423681259155273,16777216,13743773,0.8191927075386047,0.0,333.0,11.922891406893871,3.0,18.426974395946356,2.0,6.674760080929463,2.3892440121232954,1.0,1.0,55.0,78.0,3.242595367239423,
QTIM,/run/media/falconnier/Elements/BIDS_datasets_selection/QTIM/sub-0315/ses-01/anat/sub-0315_ses-01_T1w_defacemask.nii.gz,,,,,sub-0315,ses-01,256,256,256,0.9375,0.9,0.9375,0.19432735443115234,16777216,14893648,0.887730598449707,0.0,1.0,1.0,1.0,0.0,0.0,,,1.0,1.0,1.0,1.0,-2048.0,
QTIM,/run/media/falconnier/Elements/BIDS_datasets_selection/QTIM/sub-0316/ses-01/anat/sub-0316_ses-01_T1w_defacemask.nii.gz,,,,,sub-0316,ses-01,256,256,256,0.9375,0.9,0.9375,0.17187118530273438,16777216,15100857,0.900081217288971,0.0,1.0,1.0,1.0,0.0,0.0,,,1.0,1.0,1.0,1.0,-2048.0,
QTIM,/run/media/falconnier/Elements/BIDS_datasets_selection/QTIM/sub-0316/ses-01/anat/sub-0316_ses-01_T1w.nii.gz,,,,,sub-0316,ses-01,256,256,256,0.9375,0.9,0.9375,11.422601699829102,16777216,14219770,0.8475643396377563,0.0,434.0,16.56367015781549,4.0,25.987031600341563,2.0,7.322957733319452,2.3815257507076737,1.0,1.0,77.0,102.0,2.767454194312997,
QTIM,/run/media/falconnier/Elements/BIDS_datasets_selection/QTIM/sub-0317/ses-01/anat/sub-0317_ses-01_T1w_defacemask.nii.gz,,,,,sub-0317,ses-01,256,256,256,0.9375,0.9,0.9375,0.16891002655029297,16777216,15074912,0.8985347747802734,0.0,1.0,1.0,1.0,0.0,0.0,,,1.0,1.0,1.0,1.0,-2048.0,
QTIM,/run/media/falconnier/Elements/BIDS_datasets_selection/QTIM/sub-0317/ses-01/anat/sub-0317_ses-01_T1w.nii.gz,,,,,sub-0317,ses-01,256,256,256,0.9375,0.9,0.9375,10.484861373901367,16777216,13857287,0.8259586691856384,0.0,348.0,12.434042103623892,3.0,19.466687520308355,2.0,7.274612896062218,2.438015765241734,1.0,1.0,58.0,81.0,3.099913698033306,
QTIM,/run/media/falconnier/Elements/BIDS_datasets_selection/QTIM/sub-0318/ses-01/anat/sub-0318_ses-01_T1w_defacemask.nii.gz,,,,,sub-0318,ses-01,240,256,256,0.9,0.9375,0.9375,0.1742725372314453,15728640,13659702,0.8684604644775391,0.0,1.0,1.0,1.0,0.0,0.0,,,1.0,1.0,1.0,1.0,-2048.0,
QTIM,/run/media/falconnier/Elements/BIDS_datasets_selection/QTIM/sub-0318/ses-01/anat/sub-0318_ses-01_T1w.nii.gz,,,,,sub-0318,ses-01,240,256,256,0.9,0.9375,0.9375,14.459410667419434,15728640,13505026,0.8586264292399088,0.0,1412.0,57.82877293238828,16.0,82.14336461581183,10.0,3.5921654255042945,1.9464109173583335,1.0,3.0,249.0,332.0,1.2335571500495468,
QTIM,/run/media/falconnier/Elements/BIDS_datasets_selection/QTIM/sub-0319/ses-01/anat/sub-0319_ses-01_T1w.nii.gz,,,,,sub-0319,ses-01,256,256,256,0.9375,0.9,0.9375,10.57339859008789,16777216,13314618,0.793613076210022,0.0,516.0,19.043423401257176,3.0,26.7161644491687,2.0,1.4196827703795378,1.4604351550165748,1.0,1.0,78.0,89.0,2.2549230180308135,
QTIM,/run/media/falconnier/Elements/BIDS_datasets_selection/QTIM/sub-0319/ses-01/anat/sub-0319_ses-01_T1w_defacemask.nii.gz,,,,,sub-0319,ses-01,256,256,256,0.9375,0.9,0.9375,0.18486976623535156,16777216,14881963,0.8870341181755066,0.0,1.0,1.0,1.0,0.0,0.0,,,1.0,1.0,1.0,1.0,-2048.0,
QTIM,/run/media/falconnier/Elements/BIDS_datasets_selection/QTIM/sub-0320/ses-01/anat/sub-0320_ses-01_T1w_defacemask.nii.gz,,,,,sub-0320,ses-01,240,256,256,0.9,0.9375,0.9375,0.16445636749267578,15728640,13619026,0.8658743540445963,0.0,1.0,1.0,1.0,0.0,0.0,,,1.0,1.0,1.0,1.0,-2048.0,
QTIM,/run/media/falconnier/Elements/BIDS_datasets_selection/QTIM/sub-0320/ses-01/anat/sub-0320_ses-01_T1w.nii.gz,,,,,sub-0320,ses-01,240,256,256,0.9,0.9375,0.9375,14.322415351867676,15728640,13458840,0.8556900024414062,0.0,836.0,54.49185234388699,15.0,76.00730680296437,9.0,2.7324352621666943,1.8311873306562847,1.0,3.0,231.0,305.0,2.0520148898599806,
QTIM,/run/media/falconnier/Elements/BIDS_datasets_selection/QTIM/sub-0321/ses-01/anat/sub-0321_ses-01_T1w_defacemask.nii.gz,,,,,sub-0321,ses-01,256,256,256,0.9375,0.9,0.9375,0.18479537963867188,16777216,15037669,0.8963149189949036,0.0,1.0,1.0,1.0,0.0,0.0,,,1.0,1.0,1.0,1.0,-2048.0,
QTIM,/run/media/falconnier/Elements/BIDS_datasets_selection/QTIM/sub-0321/ses-01/anat/sub-0321_ses-01_T1w.nii.gz,,,,,sub-0321,ses-01,256,256,256,0.9375,0.9,0.9375,11.499735832214355,16777216,14263581,0.850175678730011,0.0,429.0,15.39450163321539,4.0,21.62229915543746,3.0,5.7778363847797785,2.138202013800107,1.0,1.0,64.0,87.0,2.8379116518616803,
QTIM,/run/media/falconnier/Elements/BIDS_datasets_selection/QTIM/sub-0322/ses-01/anat/sub-0322_ses-01_T1w_defacemask.nii.gz,,,,,sub-0322,ses-01,256,256,256,0.9375,0.9,0.9375,0.17634963989257812,16777216,15002229,0.8942025303840637,0.0,1.0,1.0,1.0,0.0,0.0,,,1.0,1.0,1.0,1.0,-2048.0,
QTIM,/run/media/falconnier/Elements/BIDS_datasets_selection/QTIM/sub-0322/ses-01/anat/sub-0322_ses-01_T1w.nii.gz,,,,,sub-0322,ses-01,256,256,256,0.9375,0.9,0.9375,9.747928619384766,16777216,13352937,0.7958970665931702,0.0,306.0,10.945899018320839,3.0,17.496905027424255,2.0,5.521496364569648,2.2985003292466364,1.0,1.0,53.0,72.0,3.200518345151418,
QTIM,/run/media/falconnier/Elements/BIDS_datasets_selection/QTIM/sub-0323/ses-01/anat/sub-0323_ses-01_T1w.nii.gz,,,,,sub-0323,ses-01,256,256,256,0.9375,0.9,0.9375,11.015846252441406,16777216,14174254,0.8448513746261597,0.0,451.0,13.140747936364058,4.0,20.707849476299764,2.0,7.362599699528317,2.464947443514928,1.0,1.0,62.0,88.0,2.5011527237865563,
QTIM,/run/media/falconnier/Elements/BIDS_datasets_selection/QTIM/sub-0323/ses-01/anat/sub-0323_ses-01_T1w_defacemask.nii.gz,,,,,sub-0323,ses-01,256,256,256,0.9375,0.9,0.9375,0.18913745880126953,16777216,15122449,0.9013682007789612,0.0,1.0,1.0,1.0,0.0,0.0,,,1.0,1.0,1.0,1.0,-2048.0,
QTIM,/run/media/falconnier/Elements/BIDS_datasets_selection/QTIM/sub-0323/ses-02/anat/sub-0323_ses-02_T1w_defacemask.nii.gz,,,,,sub-0323,ses-02,256,256,256,0.9375,0.9,0.9375,0.19286823272705078,16777216,15069447,0.8982090353965759,0.0,1.0,1.0,1.0,0.0,0.0,,,1.0,1.0,1.0,1.0,-2048.0,
QTIM,/run/media/falconnier/Elements/BIDS_datasets_selection/QTIM/sub-0323/ses-02/anat/sub-0323_ses-02_T1w.nii.gz,,,,,sub-0323,ses-02,256,256,256,0.9375,0.9,0.9375,10.621219635009766,16777216,13919084,0.8296420574188232,0.0,420.0,12.353703088507835,3.0,19.69927409111998,2.0,7.513081986927146,2.492725469076507,1.0,1.0,59.0,83.0,2.5886943970783247,
QTIM,/run/media/falconnier/Elements/BIDS_datasets_selection/QTIM/sub-0324/ses-01/anat/sub-0324_ses-01_T1w_defacemask.nii.gz,,,,,sub-0324,ses-01,240,256,256,0.9,0.9375,0.9375,0.17188167572021484,15728640,13815554,0.8783692677815755,0.0,1.0,1.0,1.0,0.0,0.0,,,1.0,1.0,1.0,1.0,-2048.0,
QTIM,/run/media/falconnier/Elements/BIDS_datasets_selection/QTIM/sub-0324/ses-01/anat/sub-0324_ses-01_T1w.nii.gz,,,,,sub-0324,ses-01,240,256,256,0.9,0.9375,0.9375,14.083747863769531,15728640,13630394,0.8665971120198568,0.0,1042.0,49.45788118817402,12.0,77.95886184576243,7.0,4.507101972945605,2.175832206182123,1.0,3.0,238.0,324.0,1.5730823950536894,
QTIM,/run/media/falconnier/Elements/BIDS_datasets_selection/QTIM/sub-0325/ses-01/anat/sub-0325_ses-01_T1w_defacemask.nii.gz,,,,,sub-0325,ses-01,256,256,256,0.9375,0.9,0.9375,0.17246532440185547,16777216,15111369,0.9007077813148499,0.0,1.0,1.0,1.0,0.0,0.0,,,1.0,1.0,1.0,1.0,-2048.0,
QTIM,/run/media/falconnier/Elements/BIDS_datasets_selection/QTIM/sub-0325/ses-01/anat/sub-0325_ses-01_T1w.nii.gz,,,,,sub-0325,ses-01,256,256,256,0.9375,0.9,0.9375,10.17902660369873,16777216,13804752,0.8228273391723633,0.0,303.0,11.291001316068554,3.0,18.723975550158837,2.0,7.4886529761328475,2.549061994334595,1.0,1.0,56.0,78.0,3.3093835049162523,
QTIM,/run/media/falconnier/Elements/BIDS_datasets_selection/QTIM/sub-0327/ses-01/anat/sub-0327_ses-01_T1w_defacemask.nii.gz,,,,,sub-0327,ses-01,240,256,256,0.9,0.9375,0.9375,0.1767129898071289,15728640,13804260,0.8776512145996094,0.0,1.0,1.0,1.0,0.0,0.0,,,1.0,1.0,1.0,1.0,-2048.0,
QTIM,/run/media/falconnier/Elements/BIDS_datasets_selection/QTIM/sub-0326/ses-01/anat/sub-0326_ses-01_T1w.nii.gz,,,,,sub-0326,ses-01,256,256,256,0.9375,0.9,0.9375,9.88589096069336,16777216,13552272,0.8077783584594727,0.0,341.0,10.632812048046262,3.0,17.598079792452637,2.0,7.8981933305669045,2.566790500866079,1.0,1.0,52.0,75.0,2.9038773253201615,
QTIM,/run/media/falconnier/Elements/BIDS_datasets_selection/QTIM/sub-0327/ses-01/anat/sub-0327_ses-01_T1w.nii.gz,,,,,sub-0327,ses-01,240,256,256,0.9,0.9375,0.9375,15.162788391113281,15728640,13663637,0.8687106450398763,0.0,1540.0,65.55124803154533,19.0,93.33113609157317,12.0,4.219321083046778,2.020236627483778,2.0,4.0,282.0,381.0,1.1650861142927058,
QTIM,/run/media/falconnier/Elements/BIDS_datasets_selection/QTIM/sub-0326/ses-01/anat/sub-0326_ses-01_T1w_defacemask.nii.gz,,,,,sub-0326,ses-01,256,256,256,0.9375,0.9,0.9375,0.1702728271484375,16777216,15127741,0.9016836285591125,0.0,1.0,1.0,1.0,0.0,0.0,,,1.0,1.0,1.0,1.0,-2048.0,
QTIM,/run/media/falconnier/Elements/BIDS_datasets_selection/QTIM/sub-0328/ses-01/anat/sub-0328_ses-01_T1w_defacemask.nii.gz,,,,,sub-0328,ses-01,240,256,256,0.9,0.9375,0.9375,0.17406463623046875,15728640,13776811,0.8759060541788737,0.0,1.0,1.0,1.0,0.0,0.0,,,1.0,1.0,1.0,1.0,-2048.0,
QTIM,/run/media/falconnier/Elements/BIDS_datasets_selection/QTIM/sub-0328/ses-01/anat/sub-0328_ses-01_T1w.nii.gz,,,,,sub-0328,ses-01,240,256,256,0.9,0.9375,0.9375,14.412277221679688,15728640,13610093,0.8653064092000325,0.0,1347.0,53.955017721039816,14.0,78.70448173343937,9.0,4.477154122667957,2.036681082018296,1.0,3.0,240.0,320.0,1.267415536927044,
QTIM,/run/media/falconnier/Elements/BIDS_datasets_selection/QTIM/sub-0329/ses-01/anat/sub-0329_ses-01_T1w.nii.gz,,,,,sub-0329,ses-01,240,256,256,0.9,0.9375,0.9375,14.729869842529297,15728640,13857605,0.8810427983601888,0.0,1194.0,52.54980525134033,16.0,76.23048172130179,10.0,4.480745880413214,2.1194265130131753,1.0,3.0,232.0,317.0,1.440031374424183,
QTIM,/run/media/falconnier/Elements/BIDS_datasets_selection/QTIM/sub-0329/ses-01/anat/sub-0329_ses-01_T1w_defacemask.nii.gz,,,,,sub-0329,ses-01,240,256,256,0.9,0.9375,0.9375,0.15680503845214844,15728640,14013297,0.8909414291381836,0.0,1.0,1.0,1.0,0.0,0.0,,,1.0,1.0,1.0,1.0,-2048.0,
QTIM,/run/media/falconnier/Elements/BIDS_datasets_selection/QTIM/sub-0330/ses-01/anat/sub-0330_ses-01_T1w_defacemask.nii.gz,,,,,sub-0330,ses-01,240,256,256,0.9,0.9375,0.9375,0.16737842559814453,15728640,13982662,0.8889937082926432,0.0,1.0,1.0,1.0,0.0,0.0,,,1.0,1.0,1.0,1.0,-2048.0,
QTIM,/run/media/falconnier/Elements/BIDS_datasets_selection/QTIM/sub-0331/ses-01/anat/sub-0331_ses-01_T1w_defacemask.nii.gz,,,,,sub-0331,ses-01,240,256,256,0.9,0.9375,0.9375,0.1551685333251953,15728640,13866768,0.8816253662109375,0.0,1.0,1.0,1.0,0.0,0.0,,,1.0,1.0,1.0,1.0,-2048.0,
QTIM,/run/media/falconnier/Elements/BIDS_datasets_selection/QTIM/sub-0331/ses-01/anat/sub-0331_ses-01_T1w.nii.gz,,,,,sub-0331,ses-01,240,256,256,0.9,0.9375,0.9375,14.247363090515137,15728640,13689466,0.8703528086344401,0.0,1628.0,50.200165441077104,13.0,77.97399669347499,8.0,5.0308353949356395,2.1876492067117934,1.0,3.0,239.0,322.0,1.0206490118645264,
QTIM,/run/media/falconnier/Elements/BIDS_datasets_selection/QTIM/sub-0330/ses-01/anat/sub-0330_ses-01_T1w.nii.gz,,,,,sub-0330,ses-01,240,256,256,0.9,0.9375,0.9375,14.461878776550293,15728640,13812729,0.8781896591186523,0.0,1367.0,49.28304059248538,15.0,71.32948112688975,10.0,5.536602584998329,2.2059948286380613,1.0,3.0,214.0,302.0,1.243320953627813,
QTIM,/run/media/falconnier/Elements/BIDS_datasets_selection/QTIM/sub-0332/ses-01/anat/sub-0332_ses-01_T1w_defacemask.nii.gz,,,,,sub-0332,ses-01,240,256,256,0.9,0.9375,0.9375,0.18907833099365234,15728640,13750279,0.8742191950480144,0.0,1.0,1.0,1.0,0.0,0.0,,,1.0,1.0,1.0,1.0,-2048.0,
QTIM,/run/media/falconnier/Elements/BIDS_datasets_selection/QTIM/sub-0333/ses-01/anat/sub-0333_ses-01_T1w_defacemask.nii.gz,,,,,sub-0333,ses-01,240,256,256,0.9,0.9375,0.9375,0.16759204864501953,15728640,13878888,0.8823959350585937,0.0,1.0,1.0,1.0,0.0,0.0,,,1.0,1.0,1.0,1.0,-2048.0,
QTIM,/run/media/falconnier/Elements/BIDS_datasets_selection/QTIM/sub-0332/ses-01/anat/sub-0332_ses-01_T1w.nii.gz,,,,,sub-0332,ses-01,240,256,256,0.9,0.9375,0.9375,14.43114948272705,15728640,13596085,0.8644158045450846,0.0,1337.0,55.959216421491924,16.0,80.73727955930316,10.0,4.088564157676131,1.9969064923153168,1.0,3.0,245.0,325.0,1.2926265678317517,
QTIM,/run/media/falconnier/Elements/BIDS_datasets_selection/QTIM/sub-0333/ses-01/anat/sub-0333_ses-01_T1w.nii.gz,,,,,sub-0333,ses-01,240,256,256,0.9,0.9375,0.9375,13.795816421508789,15728640,13680848,0.8698048909505208,0.0,1240.0,44.082605551936545,11.0,71.65364374681579,6.0,5.87577299066961,2.341994610359092,1.0,2.0,219.0,304.0,1.2857299894427932,
QTIM,/run/media/falconnier/Elements/BIDS_datasets_selection/QTIM/sub-0334/ses-01/anat/sub-0334_ses-01_T1w_defacemask.nii.gz,,,,,sub-0334,ses-01,256,256,256,0.9375,0.9,0.9375,0.1763925552368164,16777216,15045571,0.8967859148979187,0.0,1.0,1.0,1.0,0.0,0.0,,,1.0,1.0,1.0,1.0,-2048.0,
QTIM,/run/media/falconnier/Elements/BIDS_datasets_selection/QTIM/sub-0334/ses-01/anat/sub-0334_ses-01_T1w.nii.gz,,,,,sub-0334,ses-01,256,256,256,0.9375,0.9,0.9375,10.600889205932617,16777216,13929312,0.8302516937255859,0.0,294.0,11.697285120758297,4.0,16.304554277447682,3.0,4.1590476598368715,2.016008206620143,1.0,1.0,50.0,67.0,3.7049081399117796,
QTIM,/run/media/falconnier/Elements/BIDS_datasets_selection/QTIM/sub-0335/ses-01/anat/sub-0335_ses-01_T1w.nii.gz,,,,,sub-0335,ses-01,256,256,256,0.9375,0.9,0.9375,9.344847679138184,16777216,13139267,0.7831613421440125,0.0,278.0,8.959301763180548,2.0,14.155228257285538,1.0,7.27170016480135,2.459642857643006,1.0,1.0,42.0,59.0,3.165416271245882,
QTIM,/run/media/falconnier/Elements/BIDS_datasets_selection/QTIM/sub-0335/ses-01/anat/sub-0335_ses-01_T1w_defacemask.nii.gz,,,,,sub-0335,ses-01,256,256,256,0.9375,0.9,0.9375,0.15976428985595703,16777216,15173962,0.9044386148452759,0.0,1.0,1.0,1.0,0.0,0.0,,,1.0,1.0,1.0,1.0,-2048.0,
QTIM,/run/media/falconnier/Elements/BIDS_datasets_selection/QTIM/sub-0336/ses-01/anat/sub-0336_ses-01_T1w.nii.gz,,,,,sub-0336,ses-01,256,256,256,0.9375,0.9,0.9375,10.232858657836914,16777216,13620551,0.8118481040000916,0.0,406.0,11.930331526235612,3.0,19.60631255379333,2.0,6.682088289513482,2.405625320463869,1.0,1.0,59.0,83.0,2.5314912151653806,
QTIM,/run/media/falconnier/Elements/BIDS_datasets_selection/QTIM/sub-0336/ses-01/anat/sub-0336_ses-01_T1w_defacemask.nii.gz,,,,,sub-0336,ses-01,256,256,256,0.9375,0.9,0.9375,0.17334747314453125,16777216,15002527,0.8942202925682068,0.0,1.0,1.0,1.0,0.0,0.0,,,1.0,1.0,1.0,1.0,-2048.0,
QTIM,/run/media/falconnier/Elements/BIDS_datasets_selection/QTIM/sub-0337/ses-01/anat/sub-0337_ses-01_T1w.nii.gz,,,,,sub-0337,ses-01,256,256,256,0.9375,0.9,0.9375,10.44991683959961,16777216,13980456,0.8333001136779785,0.0,247.0,11.327361282064047,3.0,16.82316930083919,2.0,4.827290457952628,2.207903239223662,1.0,1.0,51.0,71.0,4.524139729906435,
QTIM,/run/media/falconnier/Elements/BIDS_datasets_selection/QTIM/sub-0337/ses-01/anat/sub-0337_ses-01_T1w_defacemask.nii.gz,,,,,sub-0337,ses-01,256,256,256,0.9375,0.9,0.9375,0.15733051300048828,16777216,15135463,0.9021438956260681,0.0,1.0,1.0,1.0,0.0,0.0,,,1.0,1.0,1.0,1.0,-2048.0,
QTIM,/run/media/falconnier/Elements/BIDS_datasets_selection/QTIM/sub-0338/ses-01/anat/sub-0338_ses-01_T1w.nii.gz,,,,,sub-0338,ses-01,256,256,256,0.9375,0.9,0.9375,10.948010444641113,16777216,13988362,0.8337713479995728,0.0,377.0,13.547280946832803,4.0,19.833008100057008,2.0,7.093280572860063,2.336098396552576,1.0,1.0,59.0,81.0,3.1040015684683775,
QTIM,/run/media/falconnier/Elements/BIDS_datasets_selection/QTIM/sub-0338/ses-01/anat/sub-0338_ses-01_T1w_defacemask.nii.gz,,,,,sub-0338,ses-01,256,256,256,0.9375,0.9,0.9375,0.17444133758544922,16777216,14837051,0.8843571543693542,0.0,1.0,1.0,1.0,0.0,0.0,,,1.0,1.0,1.0,1.0,-2048.0,
QTIM,/run/media/falconnier/Elements/BIDS_datasets_selection/QTIM/sub-0339/ses-01/anat/sub-0339_ses-01_T1w.nii.gz,,,,,sub-0339,ses-01,256,256,256,0.9375,0.9,0.9375,9.980794906616211,16777216,13411461,0.7993853688240051,0.0,378.0,11.399061966477776,3.0,18.03149417451944,2.0,6.726360803749465,2.3415037893367687,1.0,1.0,54.0,74.0,2.7214582076145875,
QTIM,/run/media/falconnier/Elements/BIDS_datasets_selection/QTIM/sub-0339/ses-01/anat/sub-0339_ses-01_T1w_defacemask.nii.gz,,,,,sub-0339,ses-01,256,256,256,0.9375,0.9,0.9375,0.17325401306152344,16777216,15045779,0.896798312664032,0.0,1.0,1.0,1.0,0.0,0.0,,,1.0,1.0,1.0,1.0,-2048.0,
QTIM,/run/media/falconnier/Elements/BIDS_datasets_selection/QTIM/sub-0340/ses-01/anat/sub-0340_ses-01_T1w_defacemask.nii.gz,,,,,sub-0340,ses-01,256,256,256,0.9375,0.9,0.9375,0.18025493621826172,16777216,14989842,0.893464207649231,0.0,1.0,1.0,1.0,0.0,0.0,,,1.0,1.0,1.0,1.0,-2048.0,
QTIM,/run/media/falconnier/Elements/BIDS_datasets_selection/QTIM/sub-0340/ses-01/anat/sub-0340_ses-01_T1w.nii.gz,,,,,sub-0340,ses-01,256,256,256,0.9375,0.9,0.9375,10.230782508850098,16777216,13683276,0.8155868053436279,0.0,313.0,11.646805998797364,3.0,18.184468639776412,2.0,5.418084082685935,2.284022951172543,1.0,1.0,55.0,76.0,3.3398155420001143,
QTIM,/run/media/falconnier/Elements/BIDS_datasets_selection/QTIM/sub-0341/ses-01/anat/sub-0341_ses-01_T1w.nii.gz,,,,,sub-0341,ses-01,256,256,256,0.9375,0.9,0.9375,10.975852966308594,16777216,14129809,0.8422022461891174,0.0,426.0,13.60881318353277,4.0,20.180384131653085,2.0,6.730830414978609,2.2916180881299497,1.0,1.0,61.0,82.0,2.723642649276194,
QTIM,/run/media/falconnier/Elements/BIDS_datasets_selection/QTIM/sub-0341/ses-02/anat/sub-0341_ses-02_T1w_defacemask.nii.gz,,,,,sub-0341,ses-02,240,256,256,0.9,0.9375,0.9375,0.1649932861328125,15728640,13736553,0.8733465194702148,0.0,1.0,1.0,1.0,0.0,0.0,,,1.0,1.0,1.0,1.0,-2048.0,
QTIM,/run/media/falconnier/Elements/BIDS_datasets_selection/QTIM/sub-0341/ses-01/anat/sub-0341_ses-01_T1w_defacemask.nii.gz,,,,,sub-0341,ses-01,256,256,256,0.9375,0.9,0.9375,0.17703723907470703,16777216,15051015,0.8971104025840759,0.0,1.0,1.0,1.0,0.0,0.0,,,1.0,1.0,1.0,1.0,-2048.0,
QTIM,/run/media/falconnier/Elements/BIDS_datasets_selection/QTIM/sub-0341/ses-02/anat/sub-0341_ses-02_T1w.nii.gz,,,,,sub-0341,ses-02,240,256,256,0.9,0.9375,0.9375,14.481012344360352,15728640,13577766,0.8632511138916016,0.0,1388.0,56.75052906347038,15.0,84.19472222651697,9.0,4.212563895584417,2.062128022813191,1.0,3.0,257.0,343.0,1.241403280997177,
QTIM,/run/media/falconnier/Elements/BIDS_datasets_selection/QTIM/sub-0342/ses-01/anat/sub-0342_ses-01_T1w_defacemask.nii.gz,,,,,sub-0342,ses-01,240,256,256,0.9,0.9375,0.9375,0.1598520278930664,15728640,13694761,0.8706894556681315,0.0,1.0,1.0,1.0,0.0,0.0,,,1.0,1.0,1.0,1.0,-2048.0,
QTIM,/run/media/falconnier/Elements/BIDS_datasets_selection/QTIM/sub-0342/ses-01/anat/sub-0342_ses-01_T1w.nii.gz,,,,,sub-0342,ses-01,240,256,256,0.9,0.9375,0.9375,14.525599479675293,15728640,13543180,0.8610521952311198,0.0,1282.0,54.94425024255751,17.0,78.59334513535748,10.0,4.268122946186134,2.0465718662919787,1.0,4.0,240.0,325.0,1.3474829350213442,
QTIM,/run/media/falconnier/Elements/BIDS_datasets_selection/QTIM/sub-0343/ses-01/anat/sub-0343_ses-01_T1w_defacemask.nii.gz,,,,,sub-0343,ses-01,256,256,256,0.9375,0.9,0.9375,0.19217967987060547,16777216,14874733,0.8866031765937805,0.0,1.0,1.0,1.0,0.0,0.0,,,1.0,1.0,1.0,1.0,-2048.0,
QTIM,/run/media/falconnier/Elements/BIDS_datasets_selection/QTIM/sub-0344/ses-01/anat/sub-0344_ses-01_T1w_defacemask.nii.gz,,,,,sub-0344,ses-01,256,256,256,0.9375,0.9,0.9375,0.16673851013183594,16777216,15184834,0.9050866365432739,0.0,1.0,1.0,1.0,0.0,0.0,,,1.0,1.0,1.0,1.0,-2048.0,
QTIM,/run/media/falconnier/Elements/BIDS_datasets_selection/QTIM/sub-0343/ses-01/anat/sub-0343_ses-01_T1w.nii.gz,,,,,sub-0343,ses-01,256,256,256,0.9375,0.9,0.9375,11.041614532470703,16777216,14016211,0.8354312777519226,0.0,322.0,14.572247378410614,4.0,20.983813466082097,3.0,5.761941890189187,2.1899710538411434,1.0,1.0,63.0,84.0,3.676445729157657,
QTIM,/run/media/falconnier/Elements/BIDS_datasets_selection/QTIM/sub-0344/ses-01/anat/sub-0344_ses-01_T1w.nii.gz,,,,,sub-0344,ses-01,256,256,256,0.9375,0.9,0.9375,10.82435417175293,16777216,14070327,0.8386568427085876,0.0,407.0,13.02265789558409,3.0,20.189695890606114,2.0,5.944869018389246,2.308596082180018,1.0,1.0,61.0,84.0,2.723401093248407,
QTIM,/run/media/falconnier/Elements/BIDS_datasets_selection/QTIM/sub-0345/ses-01/anat/sub-0345_ses-01_T1w_defacemask.nii.gz,,,,,sub-0345,ses-01,256,256,256,0.9375,0.9,0.9375,0.1686086654663086,16777216,15118878,0.9011553525924683,0.0,1.0,1.0,1.0,0.0,0.0,,,1.0,1.0,1.0,1.0,-2048.0,
QTIM,/run/media/falconnier/Elements/BIDS_datasets_selection/QTIM/sub-0345/ses-01/anat/sub-0345_ses-01_T1w.nii.gz,,,,,sub-0345,ses-01,256,256,256,0.9375,0.9,0.9375,10.636271476745605,16777216,13953375,0.8316859602928162,0.0,460.0,12.250657636593298,3.0,19.33533392098604,2.0,7.580231012072561,2.492410968770328,1.0,1.0,58.0,82.0,2.4131764920774477,
QTIM,/run/media/falconnier/Elements/BIDS_datasets_selection/QTIM/sub-0346/ses-01/anat/sub-0346_ses-01_T1w.nii.gz,,,,,sub-0346,ses-01,256,256,256,0.9375,0.9,0.9375,10.900580406188965,16777216,14020695,0.8356985449790955,0.0,415.0,14.415905916218847,4.0,22.416883146284096,3.0,5.886133627432516,2.2580250406226443,1.0,1.0,67.0,92.0,2.751223893944614,
QTIM,/run/media/falconnier/Elements/BIDS_datasets_selection/QTIM/sub-0346/ses-01/anat/sub-0346_ses-01_T1w_defacemask.nii.gz,,,,,sub-0346,ses-01,256,256,256,0.9375,0.9,0.9375,0.17610740661621094,16777216,15111275,0.900702178478241,0.0,1.0,1.0,1.0,0.0,0.0,,,1.0,1.0,1.0,1.0,-2048.0,
QTIM,/run/media/falconnier/Elements/BIDS_datasets_selection/QTIM/sub-0347/ses-01/anat/sub-0347_ses-01_T1w_defacemask.nii.gz,,,,,sub-0347,ses-01,256,256,256,0.9375,0.9,0.9375,0.17916202545166016,16777216,14991829,0.8935826420783997,0.0,1.0,1.0,1.0,0.0,0.0,,,1.0,1.0,1.0,1.0,-2048.0,
QTIM,/run/media/falconnier/Elements/BIDS_datasets_selection/QTIM/sub-0347/ses-01/anat/sub-0347_ses-01_T1w.nii.gz,,,,,sub-0347,ses-01,256,256,256,0.9375,0.9,0.9375,10.801223754882812,16777216,13946183,0.8312572836875916,0.0,499.0,13.458014139065865,4.0,20.8893150452087,2.0,6.973668094673746,2.3932324570470334,1.0,1.0,63.0,87.0,2.3453822833448217,
QTIM,/run/media/falconnier/Elements/BIDS_datasets_selection/QTIM/sub-0348/ses-01/anat/sub-0348_ses-01_T1w_defacemask.nii.gz,,,,,sub-0348,ses-01,256,256,256,0.9375,0.9,0.9375,0.1734609603881836,16777216,14902146,0.8882371187210083,0.0,1.0,1.0,1.0,0.0,0.0,,,1.0,1.0,1.0,1.0,-2048.0,
QTIM,/run/media/falconnier/Elements/BIDS_datasets_selection/QTIM/sub-0348/ses-01/anat/sub-0348_ses-01_T1w.nii.gz,,,,,sub-0348,ses-01,256,256,256,0.9375,0.9,0.9375,11.358647346496582,16777216,14122913,0.8417912125587463,0.0,353.0,15.238614300038526,4.0,21.453182779566788,3.0,5.423993993575481,2.1212779422086427,1.0,1.0,64.0,86.0,3.4239847002136257,
QTIM,/run/media/falconnier/Elements/BIDS_datasets_selection/QTIM/sub-0349/ses-01/anat/sub-0349_ses-01_T1w_defacemask.nii.gz,,,,,sub-0349,ses-01,256,256,256,0.9375,0.9,0.9375,0.17852783203125,16777216,15035530,0.896187424659729,0.0,1.0,1.0,1.0,0.0,0.0,,,1.0,1.0,1.0,1.0,-2048.0,
QTIM,/run/media/falconnier/Elements/BIDS_datasets_selection/QTIM/sub-0350/ses-01/anat/sub-0350_ses-01_T1w_defacemask.nii.gz,,,,,sub-0350,ses-01,240,256,256,0.9,0.9375,0.9375,0.15869426727294922,15728640,14034865,0.8923126856486002,0.0,1.0,1.0,1.0,0.0,0.0,,,1.0,1.0,1.0,1.0,-2048.0,
QTIM,/run/media/falconnier/Elements/BIDS_datasets_selection/QTIM/sub-0349/ses-01/anat/sub-0349_ses-01_T1w.nii.gz,,,,,sub-0349,ses-01,256,256,256,0.9375,0.9,0.9375,10.944500923156738,16777216,14048245,0.8373406529426575,0.0,369.0,13.912808966529271,4.0,21.512373026846284,2.0,5.830124515875825,2.281211336731301,1.0,1.0,65.0,89.0,3.0833021747099827,
QTIM,/run/media/falconnier/Elements/BIDS_datasets_selection/QTIM/sub-0350/ses-01/anat/sub-0350_ses-01_T1w.nii.gz,,,,,sub-0350,ses-01,240,256,256,0.9,0.9375,0.9375,13.880167007446289,15728640,13843551,0.8801492691040039,0.0,1378.0,42.714304371761266,12.0,68.08099177408647,7.0,6.319354126073629,2.3690346628965746,1.0,3.0,207.0,294.0,1.1596391920173414,
QTIM,/run/media/falconnier/Elements/BIDS_datasets_selection/QTIM/sub-0351/ses-01/anat/sub-0351_ses-01_T1w_defacemask.nii.gz,,,,,sub-0351,ses-01,256,256,256,0.9375,0.9,0.9375,0.18476486206054688,16777216,14992302,0.8936108350753784,0.0,1.0,1.0,1.0,0.0,0.0,,,1.0,1.0,1.0,1.0,-2048.0,
QTIM,/run/media/falconnier/Elements/BIDS_datasets_selection/QTIM/sub-0351/ses-01/anat/sub-0351_ses-01_T1w.nii.gz,,,,,sub-0351,ses-01,256,256,256,0.9375,0.9,0.9375,10.413329124450684,16777216,13801831,0.8226532340049744,0.0,501.0,12.273370323111477,3.0,19.917568260393878,2.0,6.66362992708865,2.415570581825508,1.0,1.0,61.0,83.0,2.2202149872527177,
QTIM,/run/media/falconnier/Elements/BIDS_datasets_selection/QTIM/sub-0351/ses-02/anat/sub-0351_ses-02_T1w_defacemask.nii.gz,,,,,sub-0351,ses-02,240,256,256,0.9,0.9375,0.9375,0.15722274780273438,15728640,13870716,0.8818763732910156,0.0,1.0,1.0,1.0,0.0,0.0,,,1.0,1.0,1.0,1.0,-2048.0,
QTIM,/run/media/falconnier/Elements/BIDS_datasets_selection/QTIM/sub-0351/ses-02/anat/sub-0351_ses-02_T1w.nii.gz,,,,,sub-0351,ses-02,240,256,256,0.9,0.9375,0.9375,13.642777442932129,15728640,13666618,0.8689001719156901,0.0,1236.0,43.79124667126863,11.0,71.98992463761522,6.0,5.370222422514223,2.3100845211655776,1.0,2.0,221.0,306.0,1.2811955963402561,
QTIM,/run/media/falconnier/Elements/BIDS_datasets_selection/QTIM/sub-0352/ses-01/anat/sub-0352_ses-01_T1w_defacemask.nii.gz,,,,,sub-0352,ses-01,256,256,256,0.9375,0.9,0.9375,0.17987728118896484,16777216,14854456,0.8853945732116699,0.0,1.0,1.0,1.0,0.0,0.0,,,1.0,1.0,1.0,1.0,-2048.0,
QTIM,/run/media/falconnier/Elements/BIDS_datasets_selection/QTIM/sub-0352/ses-01/anat/sub-0352_ses-01_T1w.nii.gz,,,,,sub-0352,ses-01,256,256,256,0.9375,0.9,0.9375,10.177332878112793,16777216,13685263,0.8157052397727966,0.0,342.0,11.354645066010058,3.0,16.826373761298356,2.0,8.286900435506844,2.4249747059874607,1.0,1.0,51.0,70.0,3.185416829643507,
QTIM,/run/media/falconnier/Elements/BIDS_datasets_selection/QTIM/sub-0353/ses-01/anat/sub-0353_ses-01_T1w_defacemask.nii.gz,,,,,sub-0353,ses-01,256,256,256,0.9375,0.9,0.9375,0.16457271575927734,16777216,15106628,0.9004251956939697,0.0,1.0,1.0,1.0,0.0,0.0,,,1.0,1.0,1.0,1.0,-2048.0,
QTIM,/run/media/falconnier/Elements/BIDS_datasets_selection/QTIM/sub-0353/ses-01/anat/sub-0353_ses-01_T1w.nii.gz,,,,,sub-0353,ses-01,256,256,256,0.9375,0.9,0.9375,9.44117259979248,16777216,13233123,0.7887555956840515,0.0,362.0,9.119484871409417,2.0,14.59651132217963,1.0,7.875777272147387,2.578871157447576,1.0,1.0,44.0,63.0,2.6406484873038516,
QTIM,/run/media/falconnier/Elements/BIDS_datasets_selection/QTIM/sub-0354/ses-01/anat/sub-0354_ses-01_T1w.nii.gz,,,,,sub-0354,ses-01,256,256,256,0.9375,0.9,0.9375,9.791463851928711,16777216,12487532,0.7443149089813232,0.0,517.0,16.363594423621898,3.0,23.6123942183484,2.0,2.561743399226722,1.5809184162991339,1.0,1.0,69.0,79.0,2.094304485346007,
QTIM,/run/media/falconnier/Elements/BIDS_datasets_selection/QTIM/sub-0354/ses-01/anat/sub-0354_ses-01_T1w_defacemask.nii.gz,,,,,sub-0354,ses-01,256,256,256,0.9375,0.9,0.9375,0.18000411987304688,16777216,14886349,0.8872955441474915,0.0,1.0,1.0,1.0,0.0,0.0,,,1.0,1.0,1.0,1.0,-2048.0,
QTIM,/run/media/falconnier/Elements/BIDS_datasets_selection/QTIM/sub-0355/ses-01/anat/sub-0355_ses-01_T1w.nii.gz,,,,,sub-0355,ses-01,240,256,256,0.9,0.9375,0.9375,14.053446769714355,15728640,13351953,0.8488943099975585,0.0,1439.0,53.69135421612104,15.0,77.40286828094669,9.0,3.5862107377257573,1.9555329665538077,1.0,3.0,236.0,314.0,1.1884464359122937,
QTIM,/run/media/falconnier/Elements/BIDS_datasets_selection/QTIM/sub-0355/ses-01/anat/sub-0355_ses-01_T1w_defacemask.nii.gz,,,,,sub-0355,ses-01,240,256,256,0.9,0.9375,0.9375,0.1815319061279297,15728640,13513935,0.8591928482055664,0.0,1.0,1.0,1.0,0.0,0.0,,,1.0,1.0,1.0,1.0,-2048.0,
QTIM,/run/media/falconnier/Elements/BIDS_datasets_selection/QTIM/sub-0356/ses-01/anat/sub-0356_ses-01_T1w.nii.gz,,,,,sub-0356,ses-01,256,256,256,0.9375,0.9,0.9375,9.846446990966797,16777216,12676518,0.7555793523788452,0.0,660.0,17.88867392449567,3.0,26.628060620453255,2.0,3.2449408434987985,1.6551361995564704,1.0,1.0,77.0,89.0,1.7256158762496407,
QTIM,/run/media/falconnier/Elements/BIDS_datasets_selection/QTIM/sub-0356/ses-01/anat/sub-0356_ses-01_T1w_defacemask.nii.gz,,,,,sub-0356,ses-01,256,256,256,0.9375,0.9,0.9375,0.17046070098876953,16777216,14885776,0.8872613906860352,0.0,1.0,1.0,1.0,0.0,0.0,,,1.0,1.0,1.0,1.0,-2048.0,
QTIM,/run/media/falconnier/Elements/BIDS_datasets_selection/QTIM/sub-0357/ses-01/anat/sub-0357_ses-01_T1w.nii.gz,,,,,sub-0357,ses-01,256,256,256,0.9375,0.9,0.9375,10.26868724822998,16777216,13716498,0.817566990852356,0.0,348.0,11.236487403709022,3.0,16.853780771969905,2.0,6.251824661736405,2.323727897116136,1.0,1.0,51.0,71.0,3.0550687893237543,
QTIM,/run/media/falconnier/Elements/BIDS_datasets_selection/QTIM/sub-0357/ses-01/anat/sub-0357_ses-01_T1w_defacemask.nii.gz,,,,,sub-0357,ses-01,256,256,256,0.9375,0.9,0.9375,0.18154430389404297,16777216,14884684,0.8871963024139404,0.0,1.0,1.0,1.0,0.0,0.0,,,1.0,1.0,1.0,1.0,-2048.0,
QTIM,/run/media/falconnier/Elements/BIDS_datasets_selection/QTIM/sub-0358/ses-01/anat/sub-0358_ses-01_T1w_defacemask.nii.gz,,,,,sub-0358,ses-01,240,256,256,0.9,0.9375,0.9375,0.17465686798095703,15728640,14032085,0.8921359380086263,0.0,1.0,1.0,1.0,0.0,0.0,,,1.0,1.0,1.0,1.0,-2048.0,
QTIM,/run/media/falconnier/Elements/BIDS_datasets_selection/QTIM/sub-0358/ses-01/anat/sub-0358_ses-01_T1w.nii.gz,,,,,sub-0358,ses-01,240,256,256,0.9,0.9375,0.9375,14.05575180053711,15728640,13844440,0.8802057902018229,0.0,1132.0,47.13873323875866,12.0,76.82585492794652,7.0,4.5446448078237545,2.2314949685578225,1.0,3.0,236.0,326.0,1.4208753049092904,
QTIM,/run/media/falconnier/Elements/BIDS_datasets_selection/QTIM/sub-0359/ses-01/anat/sub-0359_ses-01_T1w_defacemask.nii.gz,,,,,sub-0359,ses-01,240,256,256,0.9,0.9375,0.9375,0.17621326446533203,15728640,13756441,0.874610964457194,0.0,1.0,1.0,1.0,0.0,0.0,,,1.0,1.0,1.0,1.0,-2048.0,
QTIM,/run/media/falconnier/Elements/BIDS_datasets_selection/QTIM/sub-0359/ses-01/anat/sub-0359_ses-01_T1w.nii.gz,,,,,sub-0359,ses-01,240,256,256,0.9,0.9375,0.9375,14.565000534057617,15728640,13601492,0.8647595723470052,0.0,1481.0,56.549953343353806,16.0,82.48675466854125,10.0,4.142198935908558,2.038683091187165,1.0,3.0,252.0,334.0,1.167856569649594,
QTIM,/run/media/falconnier/Elements/BIDS_datasets_selection/QTIM/sub-0360/ses-01/anat/sub-0360_ses-01_T1w.nii.gz,,,,,sub-0360,ses-01,256,256,256,0.9375,0.9,0.9375,10.684381484985352,16777216,13926403,0.8300783038139343,0.0,241.0,12.639220263839844,4.0,17.57703373742045,3.0,4.717391356308436,2.0601535721189226,1.0,1.0,53.0,71.0,4.83777533267715,
QTIM,/run/media/falconnier/Elements/BIDS_datasets_selection/QTIM/sub-0360/ses-02/anat/sub-0360_ses-02_T1w_defacemask.nii.gz,,,,,sub-0360,ses-02,256,256,256,0.9375,0.9,0.9375,0.19537067413330078,16777216,14875258,0.8866344690322876,0.0,1.0,1.0,1.0,0.0,0.0,,,1.0,1.0,1.0,1.0,-2048.0,
QTIM,/run/media/falconnier/Elements/BIDS_datasets_selection/QTIM/sub-0360/ses-01/anat/sub-0360_ses-01_T1w_defacemask.nii.gz,,,,,sub-0360,ses-01,256,256,256,0.9375,0.9,0.9375,0.19512462615966797,16777216,14892254,0.8876475095748901,0.0,1.0,1.0,1.0,0.0,0.0,,,1.0,1.0,1.0,1.0,-2048.0,
QTIM,/run/media/falconnier/Elements/BIDS_datasets_selection/QTIM/sub-0360/ses-02/anat/sub-0360_ses-02_T1w.nii.gz,,,,,sub-0360,ses-02,256,256,256,0.9375,0.9,0.9375,11.158388137817383,16777216,14076122,0.839002251625061,0.0,316.0,15.042329982647209,4.0,21.213356673704947,3.0,4.18961515533807,2.001279368566358,1.0,1.0,64.0,85.0,3.804014689666772,
QTIM,/run/media/falconnier/Elements/BIDS_datasets_selection/QTIM/sub-0361/ses-01/anat/sub-0361_ses-01_T1w.nii.gz,,,,,sub-0361,ses-01,256,256,256,0.9375,0.9,0.9375,10.421170234680176,16777216,13902344,0.8286442756652832,0.0,369.0,12.126982471445103,3.0,19.410523041306206,2.0,7.0287185293041485,2.4297740655150943,1.0,1.0,58.0,82.0,2.8951929265131198,
QTIM,/run/media/falconnier/Elements/BIDS_datasets_selection/QTIM/sub-0361/ses-01/anat/sub-0361_ses-01_T1w_defacemask.nii.gz,,,,,sub-0361,ses-01,256,256,256,0.9375,0.9,0.9375,0.15948200225830078,16777216,15260138,0.9095751047134399,0.0,1.0,1.0,1.0,0.0,0.0,,,1.0,1.0,1.0,1.0,-2048.0,
QTIM,/run/media/falconnier/Elements/BIDS_datasets_selection/QTIM/sub-0362/ses-01/anat/sub-0362_ses-01_T1w.nii.gz,,,,,sub-0362,ses-01,256,256,256,0.9375,0.9,0.9375,10.797179222106934,16777216,14000792,0.8345122337341309,0.0,396.0,13.6978017386445,3.0,21.106662473176286,2.0,6.051459538204682,2.271787656648604,1.0,1.0,63.0,86.0,2.816981253836435,
QTIM,/run/media/falconnier/Elements/BIDS_datasets_selection/QTIM/sub-0363/ses-01/anat/sub-0363_ses-01_T1w.nii.gz,,,,,sub-0363,ses-01,240,256,256,0.9,0.9375,0.9375,13.714566230773926,15728640,13744916,0.8738782246907552,0.0,1436.0,41.770375169990125,11.0,68.3091377554096,6.0,5.75405570762668,2.3624225029625,1.0,3.0,209.0,295.0,1.097551801809184,
QTIM,/run/media/falconnier/Elements/BIDS_datasets_selection/QTIM/sub-0363/ses-01/anat/sub-0363_ses-01_T1w_defacemask.nii.gz,,,,,sub-0363,ses-01,240,256,256,0.9,0.9375,0.9375,0.1802654266357422,15728640,13940343,0.8863031387329101,0.0,1.0,1.0,1.0,0.0,0.0,,,1.0,1.0,1.0,1.0,-2048.0,
QTIM,/run/media/falconnier/Elements/BIDS_datasets_selection/QTIM/sub-0362/ses-01/anat/sub-0362_ses-01_T1w_defacemask.nii.gz,,,,,sub-0362,ses-01,256,256,256,0.9375,0.9,0.9375,0.17363929748535156,16777216,15144014,0.9026535749435425,0.0,1.0,1.0,1.0,0.0,0.0,,,1.0,1.0,1.0,1.0,-2048.0,
QTIM,/run/media/falconnier/Elements/BIDS_datasets_selection/QTIM/sub-0364/ses-01/anat/sub-0364_ses-01_T1w.nii.gz,,,,,sub-0364,ses-01,256,256,256,0.9375,0.9,0.9375,9.361664772033691,16777216,13074694,0.7793124914169312,0.0,306.0,9.30912478716519,2.0,14.426840742505567,1.0,6.237720556062319,2.306097806462747,1.0,1.0,44.0,61.0,3.022222040471757,
QTIM,/run/media/falconnier/Elements/BIDS_datasets_selection/QTIM/sub-0364/ses-01/anat/sub-0364_ses-01_T1w_defacemask.nii.gz,,,,,sub-0364,ses-01,256,256,256,0.9375,0.9,0.9375,0.17679214477539062,16777216,14928558,0.8898113965988159,0.0,1.0,1.0,1.0,0.0,0.0,,,1.0,1.0,1.0,1.0,-2048.0,
QTIM,/run/media/falconnier/Elements/BIDS_datasets_selection/QTIM/sub-0365/ses-01/anat/sub-0365_ses-01_T1w_defacemask.nii.gz,,,,,sub-0365,ses-01,256,256,256,0.9375,0.9,0.9375,0.1826038360595703,16777216,14924251,0.8895546793937683,0.0,1.0,1.0,1.0,0.0,0.0,,,1.0,1.0,1.0,1.0,-2048.0,
QTIM,/run/media/falconnier/Elements/BIDS_datasets_selection/QTIM/sub-0366/ses-01/anat/sub-0366_ses-01_T1w_defacemask.nii.gz,,,,,sub-0366,ses-01,256,256,256,0.9375,0.9,0.9375,0.1737651824951172,16777216,15101420,0.9001147747039795,0.0,1.0,1.0,1.0,0.0,0.0,,,1.0,1.0,1.0,1.0,-2048.0,
QTIM,/run/media/falconnier/Elements/BIDS_datasets_selection/QTIM/sub-0367/ses-01/anat/sub-0367_ses-01_T1w_defacemask.nii.gz,,,,,sub-0367,ses-01,240,256,256,0.9,0.9375,0.9375,0.17585468292236328,15728640,13872698,0.8820023854573568,0.0,1.0,1.0,1.0,0.0,0.0,,,1.0,1.0,1.0,1.0,-2048.0,
QTIM,/run/media/falconnier/Elements/BIDS_datasets_selection/QTIM/sub-0365/ses-01/anat/sub-0365_ses-01_T1w.nii.gz,,,,,sub-0365,ses-01,256,256,256,0.9375,0.9,0.9375,10.195967674255371,16777216,13634816,0.8126983642578125,0.0,426.0,11.753949301552732,3.0,18.977015879743963,2.0,7.196223172476856,2.4339487459459375,1.0,1.0,57.0,80.0,2.4804463584108136,
QTIM,/run/media/falconnier/Elements/BIDS_datasets_selection/QTIM/sub-0367/ses-01/anat/sub-0367_ses-01_T1w.nii.gz,,,,,sub-0367,ses-01,240,256,256,0.9,0.9375,0.9375,14.43740177154541,15728640,13705856,0.8713948567708333,0.0,1524.0,54.50363786107194,14.0,83.91382474037009,8.0,5.2427645001083025,2.1867022345613125,1.0,3.0,255.0,347.0,1.113528501374223,
QTIM,/run/media/falconnier/Elements/BIDS_datasets_selection/QTIM/sub-0366/ses-01/anat/sub-0366_ses-01_T1w.nii.gz,,,,,sub-0366,ses-01,256,256,256,0.9375,0.9,0.9375,10.716620445251465,16777216,13938167,0.830779492855072,0.0,355.0,12.779577185436219,3.0,19.971969886985757,2.0,6.69924193332206,2.3413399844713005,1.0,1.0,60.0,81.0,3.0701608980914803,
QTIM,/run/media/falconnier/Elements/BIDS_datasets_selection/QTIM/sub-0368/ses-01/anat/sub-0368_ses-01_T1w_defacemask.nii.gz,,,,,sub-0368,ses-01,256,256,256,0.9375,0.9,0.9375,0.1785297393798828,16777216,14822463,0.8834876418113708,0.0,1.0,1.0,1.0,0.0,0.0,,,1.0,1.0,1.0,1.0,-2048.0,
QTIM,/run/media/falconnier/Elements/BIDS_datasets_selection/QTIM/sub-0370/ses-01/anat/sub-0370_ses-01_T1w_defacemask.nii.gz,,,,,sub-0370,ses-01,240,256,256,0.9,0.9375,0.9375,0.1834888458251953,15728640,13921288,0.8850916544596354,0.0,1.0,1.0,1.0,0.0,0.0,,,1.0,1.0,1.0,1.0,-2048.0,
QTIM,/run/media/falconnier/Elements/BIDS_datasets_selection/QTIM/sub-0368/ses-01/anat/sub-0368_ses-01_T1w.nii.gz,,,,,sub-0368,ses-01,256,256,256,0.9375,0.9,0.9375,10.637123107910156,16777216,13750117,0.8195708394050598,0.0,337.0,13.460117321183521,3.0,20.33578949758874,2.0,5.189443267210709,2.196489563758452,1.0,1.0,61.0,84.0,3.3442805152292445,
QTIM,/run/media/falconnier/Elements/BIDS_datasets_selection/QTIM/sub-0369/ses-01/anat/sub-0369_ses-01_T1w_defacemask.nii.gz,,,,,sub-0369,ses-01,256,256,256,0.9375,0.9,0.9375,0.172698974609375,16777216,14912655,0.8888635039329529,0.0,1.0,1.0,1.0,0.0,0.0,,,1.0,1.0,1.0,1.0,-2048.0,
QTIM,/run/media/falconnier/Elements/BIDS_datasets_selection/QTIM/sub-0370/ses-01/anat/sub-0370_ses-01_T1w.nii.gz,,,,,sub-0370,ses-01,240,256,256,0.9,0.9375,0.9375,14.023640632629395,15728640,13734461,0.87321351369222,0.0,1553.0,47.872721543277166,12.0,77.4931149448066,7.0,5.499522081090911,2.304096152447723,1.0,3.0,238.0,326.0,1.0464856752855627,
QTIM,/run/media/falconnier/Elements/BIDS_datasets_selection/QTIM/sub-0369/ses-01/anat/sub-0369_ses-01_T1w.nii.gz,,,,,sub-0369,ses-01,256,256,256,0.9375,0.9,0.9375,10.425357818603516,16777216,13766791,0.8205646872520447,0.0,425.0,12.86425384100042,3.0,20.39036527995467,2.0,6.30544576779287,2.356199313347045,1.0,1.0,61.0,84.0,2.588433177744026,
QTIM,/run/media/falconnier/Elements/BIDS_datasets_selection/QTIM/sub-0370/ses-02/anat/sub-0370_ses-02_T1w.nii.gz,,,,,sub-0370,ses-02,240,256,256,0.9,0.9375,0.9375,14.225828170776367,15728640,13625430,0.8662815093994141,0.0,1526.0,50.46984007110235,14.0,77.4684592825806,8.0,4.871643072618633,2.1937992819993006,1.0,3.0,239.0,323.0,1.1011856846180612,
QTIM,/run/media/falconnier/Elements/BIDS_datasets_selection/QTIM/sub-0370/ses-02/anat/sub-0370_ses-02_T1w_defacemask.nii.gz,,,,,sub-0370,ses-02,240,256,256,0.9,0.9375,0.9375,0.17136764526367188,15728640,13797933,0.8772489547729492,0.0,1.0,1.0,1.0,0.0,0.0,,,1.0,1.0,1.0,1.0,-2048.0,
QTIM,/run/media/falconnier/Elements/BIDS_datasets_selection/QTIM/sub-0371/ses-01/anat/sub-0371_ses-01_T1w.nii.gz,,,,,sub-0371,ses-01,240,256,256,0.9,0.9375,0.9375,14.402284622192383,15728640,13727638,0.8727797190348308,0.0,1201.0,51.72601171446974,15.0,76.56601593249901,9.0,3.8367402951826586,2.0518949342254515,1.0,3.0,234.0,320.0,1.4043165387947718,
QTIM,/run/media/falconnier/Elements/BIDS_datasets_selection/QTIM/sub-0371/ses-01/anat/sub-0371_ses-01_T1w_defacemask.nii.gz,,,,,sub-0371,ses-01,240,256,256,0.9,0.9375,0.9375,0.17079544067382812,15728640,13892529,0.8832632064819336,0.0,1.0,1.0,1.0,0.0,0.0,,,1.0,1.0,1.0,1.0,-2048.0,
QTIM,/run/media/falconnier/Elements/BIDS_datasets_selection/QTIM/sub-0372/ses-01/anat/sub-0372_ses-01_T1w.nii.gz,,,,,sub-0372,ses-01,256,256,256,0.9375,0.9,0.9375,10.36886978149414,16777216,13796685,0.8223465085029602,0.0,396.0,12.546763660980881,3.0,19.81129993122794,2.0,6.2806928843671415,2.335736315936741,1.0,1.0,60.0,81.0,2.6909917527513056,
QTIM,/run/media/falconnier/Elements/BIDS_datasets_selection/QTIM/sub-0372/ses-01/anat/sub-0372_ses-01_T1w_defacemask.nii.gz,,,,,sub-0372,ses-01,256,256,256,0.9375,0.9,0.9375,0.17253398895263672,16777216,14993778,0.8936988115310669,0.0,1.0,1.0,1.0,0.0,0.0,,,1.0,1.0,1.0,1.0,-2048.0,
QTIM,/run/media/falconnier/Elements/BIDS_datasets_selection/QTIM/sub-0372/ses-02/anat/sub-0372_ses-02_T1w.nii.gz,,,,,sub-0372,ses-02,256,256,256,0.9375,0.9,0.9375,10.216276168823242,16777216,13753197,0.819754421710968,0.0,345.0,11.889921594230055,3.0,18.599421726399285,2.0,6.305022463250534,2.317454991701985,1.0,1.0,56.0,76.0,3.0187980512202044,
QTIM,/run/media/falconnier/Elements/BIDS_datasets_selection/QTIM/sub-0372/ses-02/anat/sub-0372_ses-02_T1w_defacemask.nii.gz,,,,,sub-0372,ses-02,256,256,256,0.9375,0.9,0.9375,0.16257953643798828,16777216,15120200,0.9012341499328613,0.0,1.0,1.0,1.0,0.0,0.0,,,1.0,1.0,1.0,1.0,-2048.0,
QTIM,/run/media/falconnier/Elements/BIDS_datasets_selection/QTIM/sub-0373/ses-01/anat/sub-0373_ses-01_T1w_defacemask.nii.gz,,,,,sub-0373,ses-01,240,256,256,0.9,0.9375,0.9375,0.16119861602783203,15728640,13874202,0.8820980072021485,0.0,1.0,1.0,1.0,0.0,0.0,,,1.0,1.0,1.0,1.0,-2048.0,
QTIM,/run/media/falconnier/Elements/BIDS_datasets_selection/QTIM/sub-0373/ses-01/anat/sub-0373_ses-01_T1w.nii.gz,,,,,sub-0373,ses-01,240,256,256,0.9,0.9375,0.9375,14.672208786010742,15728640,13720554,0.8723293304443359,0.0,1454.0,57.08143993311057,16.0,83.88653061506183,10.0,5.1990730253288024,2.156597219050747,1.0,3.0,249.0,343.0,1.1908556720875176,
QTIM,/run/media/falconnier/Elements/BIDS_datasets_selection/QTIM/sub-0374/ses-01/anat/sub-0374_ses-01_T1w_defacemask.nii.gz,,,,,sub-0374,ses-01,256,256,256,0.9375,0.9,0.9375,0.1730518341064453,16777216,15076584,0.8986344337463379,0.0,1.0,1.0,1.0,0.0,0.0,,,1.0,1.0,1.0,1.0,-2048.0,
QTIM,/run/media/falconnier/Elements/BIDS_datasets_selection/QTIM/sub-0374/ses-01/anat/sub-0374_ses-01_T1w.nii.gz,,,,,sub-0374,ses-01,256,256,256,0.9375,0.9,0.9375,10.902872085571289,16777216,14019146,0.8356062173843384,0.0,388.0,13.414552926405074,4.0,20.840726442550416,2.0,7.287169664733105,2.413802095306735,1.0,1.0,62.0,87.0,2.853852696114794,
QTIM,/run/media/falconnier/Elements/BIDS_datasets_selection/QTIM/sub-0375/ses-01/anat/sub-0375_ses-01_T1w_defacemask.nii.gz,,,,,sub-0375,ses-01,240,256,256,0.9,0.9375,0.9375,0.1864023208618164,15728640,13849321,0.8805161158243815,0.0,1.0,1.0,1.0,0.0,0.0,,,1.0,1.0,1.0,1.0,-2048.0,
QTIM,/run/media/falconnier/Elements/BIDS_datasets_selection/QTIM/sub-0375/ses-01/anat/sub-0375_ses-01_T1w.nii.gz,,,,,sub-0375,ses-01,240,256,256,0.9,0.9375,0.9375,14.552842140197754,15728640,13694969,0.8707026799519857,0.0,1437.0,55.54078888385947,16.0,81.9591200415893,9.0,4.486717036855149,2.082404049726669,1.0,3.0,249.0,340.0,1.195369601247992,
QTIM,/run/media/falconnier/Elements/BIDS_datasets_selection/QTIM/sub-0376/ses-01/anat/sub-0376_ses-01_T1w_defacemask.nii.gz,,,,,sub-0376,ses-01,256,256,256,0.9375,0.9,0.9375,0.16793537139892578,16777216,15163861,0.9038365483283997,0.0,1.0,1.0,1.0,0.0,0.0,,,1.0,1.0,1.0,1.0,-2048.0,
QTIM,/run/media/falconnier/Elements/BIDS_datasets_selection/QTIM/sub-0376/ses-01/anat/sub-0376_ses-01_T1w.nii.gz,,,,,sub-0376,ses-01,256,256,256,0.9375,0.9,0.9375,11.20179271697998,16777216,14258617,0.849879801273346,0.0,419.0,14.149448645685624,4.0,21.682278891868584,2.0,5.71757102057078,2.2659724600142246,1.0,1.0,66.0,89.0,2.7670780712846343,
QTIM,/run/media/falconnier/Elements/BIDS_datasets_selection/QTIM/sub-0377/ses-01/anat/sub-0377_ses-01_T1w_defacemask.nii.gz,,,,,sub-0377,ses-01,240,256,256,0.9,0.9375,0.9375,0.1444225311279297,15728640,13990545,0.8894948959350586,0.0,1.0,1.0,1.0,0.0,0.0,,,1.0,1.0,1.0,1.0,-2048.0,
QTIM,/run/media/falconnier/Elements/BIDS_datasets_selection/QTIM/sub-0377/ses-01/anat/sub-0377_ses-01_T1w.nii.gz,,,,,sub-0377,ses-01,240,256,256,0.9,0.9375,0.9375,14.130306243896484,15728640,13805811,0.8777498245239258,0.0,1248.0,48.865010755253714,12.0,77.83174356218309,7.0,4.797438569484273,2.220161531719139,1.0,3.0,238.0,325.0,1.3110117038414066,
QTIM,/run/media/falconnier/Elements/BIDS_datasets_selection/QTIM/sub-0378/ses-01/anat/sub-0378_ses-01_T1w.nii.gz,,,,,sub-0378,ses-01,256,256,256,0.9375,0.9,0.9375,10.651044845581055,16777216,13997574,0.8343204259872437,0.0,399.0,12.824007145809695,3.0,20.690053323357258,2.0,7.529234406197096,2.4900286386363133,1.0,1.0,62.0,88.0,2.7210355360641985,
QTIM,/run/media/falconnier/Elements/BIDS_datasets_selection/QTIM/sub-0378/ses-01/anat/sub-0378_ses-01_T1w_defacemask.nii.gz,,,,,sub-0378,ses-01,256,256,256,0.9375,0.9,0.9375,0.17963600158691406,16777216,15165133,0.903912365436554,0.0,1.0,1.0,1.0,0.0,0.0,,,1.0,1.0,1.0,1.0,-2048.0,
QTIM,/run/media/falconnier/Elements/BIDS_datasets_selection/QTIM/sub-0379/ses-01/anat/sub-0379_ses-01_T1w_defacemask.nii.gz,,,,,sub-0379,ses-01,256,256,256,0.9375,0.9,0.9375,0.1778879165649414,16777216,14977542,0.8927310705184937,0.0,1.0,1.0,1.0,0.0,0.0,,,1.0,1.0,1.0,1.0,-2048.0,
QTIM,/run/media/falconnier/Elements/BIDS_datasets_selection/QTIM/sub-0379/ses-01/anat/sub-0379_ses-01_T1w.nii.gz,,,,,sub-0379,ses-01,256,256,256,0.9375,0.9,0.9375,11.061713218688965,16777216,14133399,0.8424162268638611,0.0,311.0,13.987829396170023,4.0,20.360516688831467,3.0,5.543803056835921,2.2481312428624878,1.0,1.0,62.0,85.0,3.821261049261604,
QTIM,/run/media/falconnier/Elements/BIDS_datasets_selection/QTIM/sub-0380/ses-01/anat/sub-0380_ses-01_T1w_defacemask.nii.gz,,,,,sub-0380,ses-01,256,256,256,0.9375,0.9,0.9375,0.15835952758789062,16777216,15011235,0.8947393298149109,0.0,1.0,1.0,1.0,0.0,0.0,,,1.0,1.0,1.0,1.0,-2048.0,
QTIM,/run/media/falconnier/Elements/BIDS_datasets_selection/QTIM/sub-0380/ses-01/anat/sub-0380_ses-01_T1w.nii.gz,,,,,sub-0380,ses-01,256,256,256,0.9375,0.9,0.9375,10.658870697021484,16777216,14008313,0.8349605202674866,0.0,299.0,12.366798557399452,4.0,18.564198157764434,2.0,5.868400823222876,2.2937752323157916,1.0,1.0,56.0,77.0,3.698956462963013,
QTIM,/run/media/falconnier/Elements/BIDS_datasets_selection/QTIM/sub-0381/ses-01/anat/sub-0381_ses-01_T1w.nii.gz,,,,,sub-0381,ses-01,240,256,256,0.9,0.9375,0.9375,14.773714065551758,15728640,13567144,0.8625757853190105,0.0,1472.0,62.57292220086998,16.0,89.96025196193459,10.0,3.571087135519111,1.9260420877634732,1.0,3.0,270.0,359.0,1.1925741886112593,
QTIM,/run/media/falconnier/Elements/BIDS_datasets_selection/QTIM/sub-0381/ses-01/anat/sub-0381_ses-01_T1w_defacemask.nii.gz,,,,,sub-0381,ses-01,240,256,256,0.9,0.9375,0.9375,0.1642894744873047,15728640,13728735,0.8728494644165039,0.0,1.0,1.0,1.0,0.0,0.0,,,1.0,1.0,1.0,1.0,-2048.0,
QTIM,/run/media/falconnier/Elements/BIDS_datasets_selection/QTIM/sub-0382/ses-01/anat/sub-0382_ses-01_T1w.nii.gz,,,,,sub-0382,ses-01,256,256,256,0.9375,0.9,0.9375,10.39981460571289,16777216,13833826,0.824560284614563,0.0,343.0,11.936511562311106,3.0,19.59619887061213,2.0,7.650791981772132,2.553235670502858,1.0,1.0,58.0,85.0,3.033831909696347,
QTIM,/run/media/falconnier/Elements/BIDS_datasets_selection/QTIM/sub-0382/ses-01/anat/sub-0382_ses-01_T1w_defacemask.nii.gz,,,,,sub-0382,ses-01,256,256,256,0.9375,0.9,0.9375,0.1848611831665039,16777216,15131378,0.9019004106521606,0.0,1.0,1.0,1.0,0.0,0.0,,,1.0,1.0,1.0,1.0,-2048.0,
QTIM,/run/media/falconnier/Elements/BIDS_datasets_selection/QTIM/sub-0383/ses-01/anat/sub-0383_ses-01_T1w.nii.gz,,,,,sub-0383,ses-01,256,256,256,0.9375,0.9,0.9375,10.245501518249512,16777216,13615650,0.8115559816360474,0.0,285.0,11.766551505069534,3.0,16.354575797558862,2.0,3.6592768434780174,1.9195784634750854,1.0,1.0,49.0,66.0,3.738271304346555,
QTIM,/run/media/falconnier/Elements/BIDS_datasets_selection/QTIM/sub-0383/ses-01/anat/sub-0383_ses-01_T1w_defacemask.nii.gz,,,,,sub-0383,ses-01,256,256,256,0.9375,0.9,0.9375,0.19017601013183594,16777216,14829626,0.883914589881897,0.0,1.0,1.0,1.0,0.0,0.0,,,1.0,1.0,1.0,1.0,-2048.0,
QTIM,/run/media/falconnier/Elements/BIDS_datasets_selection/QTIM/sub-0384/ses-01/anat/sub-0384_ses-01_T1w_defacemask.nii.gz,,,,,sub-0384,ses-01,256,256,256,0.9375,0.9,0.9375,0.18601131439208984,16777216,14804235,0.882401168346405,0.0,1.0,1.0,1.0,0.0,0.0,,,1.0,1.0,1.0,1.0,-2048.0,
QTIM,/run/media/falconnier/Elements/BIDS_datasets_selection/QTIM/sub-0384/ses-01/anat/sub-0384_ses-01_T1w.nii.gz,,,,,sub-0384,ses-01,256,256,256,0.9375,0.9,0.9375,10.641119956970215,16777216,13812669,0.82329922914505,0.0,386.0,13.437199791003462,4.0,20.560164268919543,2.0,6.886133524829024,2.3815833291654456,1.0,1.0,61.0,85.0,2.8973281898978125,
QTIM,/run/media/falconnier/Elements/BIDS_datasets_selection/QTIM/sub-0385/ses-01/anat/sub-0385_ses-01_T1w_defacemask.nii.gz,,,,,sub-0385,ses-01,256,256,256,0.9375,0.9,0.9375,0.16455364227294922,16777216,14977524,0.8927299976348877,0.0,1.0,1.0,1.0,0.0,0.0,,,1.0,1.0,1.0,1.0,-2048.0,
QTIM,/run/media/falconnier/Elements/BIDS_datasets_selection/QTIM/sub-0385/ses-01/anat/sub-0385_ses-01_T1w.nii.gz,,,,,sub-0385,ses-01,256,256,256,0.9375,0.9,0.9375,10.053226470947266,16777216,13595837,0.8103750348091125,0.0,286.0,10.943742264635858,3.0,16.24207411049191,2.0,5.778330380355346,2.268492512227541,1.0,1.0,49.0,68.0,3.6086151628418106,
QTIM,/run/media/falconnier/Elements/BIDS_datasets_selection/QTIM/sub-0386/ses-01/anat/sub-0386_ses-01_T1w.nii.gz,,,,,sub-0386,ses-01,256,256,256,0.9375,0.9,0.9375,9.808642387390137,16777216,13523471,0.8060616850852966,0.0,369.0,10.229575232571579,3.0,16.24273576066612,2.0,6.300739412996753,2.344187980668908,1.0,1.0,50.0,69.0,2.6983056910572434,
QTIM,/run/media/falconnier/Elements/BIDS_datasets_selection/QTIM/sub-0386/ses-01/anat/sub-0386_ses-01_T1w_defacemask.nii.gz,,,,,sub-0386,ses-01,256,256,256,0.9375,0.9,0.9375,0.1683502197265625,16777216,15081356,0.898918867111206,0.0,1.0,1.0,1.0,0.0,0.0,,,1.0,1.0,1.0,1.0,-2048.0,
QTIM,/run/media/falconnier/Elements/BIDS_datasets_selection/QTIM/sub-0387/ses-01/anat/sub-0387_ses-01_T1w_defacemask.nii.gz,,,,,sub-0387,ses-01,240,256,256,0.9,0.9375,0.9375,0.16450977325439453,15728640,13940566,0.8863173166910807,0.0,1.0,1.0,1.0,0.0,0.0,,,1.0,1.0,1.0,1.0,-2048.0,
QTIM,/run/media/falconnier/Elements/BIDS_datasets_selection/QTIM/sub-0387/ses-01/anat/sub-0387_ses-01_T1w.nii.gz,,,,,sub-0387,ses-01,240,256,256,0.9,0.9375,0.9375,14.705452919006348,15728640,13793327,0.8769561131795247,0.0,1156.0,53.420593450731644,17.0,76.59129821341408,10.0,3.8211239821084204,2.0400622819150804,2.0,4.0,236.0,318.0,1.4859832967940094,
QTIM,/run/media/falconnier/Elements/BIDS_datasets_selection/QTIM/sub-0388/ses-01/anat/sub-0388_ses-01_T1w_defacemask.nii.gz,,,,,sub-0388,ses-01,256,256,256,0.9375,0.9,0.9375,0.18363475799560547,16777216,14936453,0.8902819752693176,0.0,1.0,1.0,1.0,0.0,0.0,,,1.0,1.0,1.0,1.0,-2048.0,
QTIM,/run/media/falconnier/Elements/BIDS_datasets_selection/QTIM/sub-0388/ses-01/anat/sub-0388_ses-01_T1w.nii.gz,,,,,sub-0388,ses-01,256,256,256,0.9375,0.9,0.9375,10.935576438903809,16777216,14049762,0.8374310731887817,0.0,341.0,14.196789383336172,4.0,21.19310889688012,3.0,6.073913891124196,2.2998065480234553,1.0,1.0,63.0,87.0,3.4724782562154806,
QTIM,/run/media/falconnier/Elements/BIDS_datasets_selection/QTIM/sub-0389/ses-01/anat/sub-0389_ses-01_T1w_defacemask.nii.gz,,,,,sub-0389,ses-01,240,256,256,0.9,0.9375,0.9375,0.1690082550048828,15728640,14010027,0.8907335281372071,0.0,1.0,1.0,1.0,0.0,0.0,,,1.0,1.0,1.0,1.0,-2048.0,
QTIM,/run/media/falconnier/Elements/BIDS_datasets_selection/QTIM/sub-0389/ses-01/anat/sub-0389_ses-01_T1w.nii.gz,,,,,sub-0389,ses-01,240,256,256,0.9,0.9375,0.9375,14.19367790222168,15728640,13829022,0.8792255401611329,0.0,1600.0,47.915063841824825,13.0,78.26724410776053,7.0,6.586882312579377,2.398724782698296,1.0,3.0,238.0,334.0,1.020197197042606,
QTIM,/run/media/falconnier/Elements/BIDS_datasets_selection/QTIM/sub-0390/ses-01/anat/sub-0390_ses-01_T1w_defacemask.nii.gz,,,,,sub-0390,ses-01,240,256,256,0.9,0.9375,0.9375,0.1789407730102539,15728640,13907064,0.8841873168945312,0.0,1.0,1.0,1.0,0.0,0.0,,,1.0,1.0,1.0,1.0,-2048.0,
QTIM,/run/media/falconnier/Elements/BIDS_datasets_selection/QTIM/sub-0390/ses-01/anat/sub-0390_ses-01_T1w.nii.gz,,,,,sub-0390,ses-01,240,256,256,0.9,0.9375,0.9375,14.302814483642578,15728640,13727059,0.8727429072062175,0.0,1651.0,52.38951285923664,13.0,83.05422327339991,7.0,5.405722210633815,2.2237446249854047,1.0,3.0,252.0,341.0,1.0077481239813952,
QTIM,/run/media/falconnier/Elements/BIDS_datasets_selection/QTIM/sub-0391/ses-01/anat/sub-0391_ses-01_T1w_defacemask.nii.gz,,,,,sub-0391,ses-01,240,256,256,0.9,0.9375,0.9375,0.15471649169921875,15728640,13991519,0.8895568211873373,0.0,1.0,1.0,1.0,0.0,0.0,,,1.0,1.0,1.0,1.0,-2048.0,
QTIM,/run/media/falconnier/Elements/BIDS_datasets_selection/QTIM/sub-0391/ses-01/anat/sub-0391_ses-01_T1w.nii.gz,,,,,sub-0391,ses-01,240,256,256,0.9,0.9375,0.9375,14.18782901763916,15728640,13804069,0.8776390711466472,0.0,1111.0,49.39213314566886,12.0,78.45731470385759,7.0,4.451339018452298,2.18243944596117,1.0,3.0,240.0,328.0,1.4713081573644111,
QTIM,/run/media/falconnier/Elements/BIDS_datasets_selection/QTIM/sub-0391/ses-02/anat/sub-0391_ses-02_T1w.nii.gz,,,,,sub-0391,ses-02,240,256,256,0.9,0.9375,0.9375,14.482110023498535,15728640,13822252,0.8787951151529948,0.0,1388.0,54.42073230903329,13.0,86.76426672711386,7.0,4.463713734935553,2.1862482661241422,1.0,3.0,266.0,363.0,1.2061339487863676,
QTIM,/run/media/falconnier/Elements/BIDS_datasets_selection/QTIM/sub-0391/ses-02/anat/sub-0391_ses-02_T1w_defacemask.nii.gz,,,,,sub-0391,ses-02,240,256,256,0.9,0.9375,0.9375,0.16184043884277344,15728640,13996165,0.8898522059122721,0.0,1.0,1.0,1.0,0.0,0.0,,,1.0,1.0,1.0,1.0,-2048.0,
QTIM,/run/media/falconnier/Elements/BIDS_datasets_selection/QTIM/sub-0392/ses-01/anat/sub-0392_ses-01_T1w_defacemask.nii.gz,,,,,sub-0392,ses-01,256,256,256,0.9375,0.9,0.9375,0.17708587646484375,16777216,15016507,0.8950535655021667,0.0,1.0,1.0,1.0,0.0,0.0,,,1.0,1.0,1.0,1.0,-2048.0,
QTIM,/run/media/falconnier/Elements/BIDS_datasets_selection/QTIM/sub-0392/ses-01/anat/sub-0392_ses-01_T1w.nii.gz,,,,,sub-0392,ses-01,256,256,256,0.9375,0.9,0.9375,10.42743968963623,16777216,13814182,0.8233894109725952,0.0,413.0,12.419541236679812,3.0,20.370025790647023,2.0,6.7708433038169975,2.429948634074978,1.0,1.0,62.0,86.0,2.570596622336691,
QTIM,/run/media/falconnier/Elements/BIDS_datasets_selection/QTIM/sub-0394/ses-01/anat/sub-0394_ses-01_T1w_defacemask.nii.gz,,,,,sub-0394,ses-01,240,256,256,0.9,0.9375,0.9375,0.17533016204833984,15728640,13917103,0.8848255793253581,0.0,1.0,1.0,1.0,0.0,0.0,,,1.0,1.0,1.0,1.0,-2048.0,
QTIM,/run/media/falconnier/Elements/BIDS_datasets_selection/QTIM/sub-0393/ses-01/anat/sub-0393_ses-01_T1w.nii.gz,,,,,sub-0393,ses-01,256,256,256,0.9375,0.9,0.9375,10.155226707458496,16777216,13653749,0.813826858997345,0.0,368.0,11.321094301645651,3.0,17.311232616269002,2.0,6.2219347458885625,2.3131502163627204,1.0,1.0,52.0,72.0,2.8683804944284517,
QTIM,/run/media/falconnier/Elements/BIDS_datasets_selection/QTIM/sub-0393/ses-01/anat/sub-0393_ses-01_T1w_defacemask.nii.gz,,,,,sub-0393,ses-01,256,256,256,0.9375,0.9,0.9375,0.1769552230834961,16777216,15058915,0.8975812792778015,0.0,1.0,1.0,1.0,0.0,0.0,,,1.0,1.0,1.0,1.0,-2048.0,
QTIM,/run/media/falconnier/Elements/BIDS_datasets_selection/QTIM/sub-0394/ses-01/anat/sub-0394_ses-01_T1w.nii.gz,,,,,sub-0394,ses-01,240,256,256,0.9,0.9375,0.9375,14.201396942138672,15728640,13738264,0.873455301920573,0.0,1363.0,49.74916758041628,13.0,78.27545815256563,7.0,4.892984106273101,2.200128510517132,1.0,3.0,240.0,325.0,1.212145814027406,
QTIM,/run/media/falconnier/Elements/BIDS_datasets_selection/QTIM/sub-0395/ses-01/anat/sub-0395_ses-01_T1w_defacemask.nii.gz,,,,,sub-0395,ses-01,256,256,256,0.9375,0.9,0.9375,0.16250324249267578,16777216,15161017,0.9036670327186584,0.0,1.0,1.0,1.0,0.0,0.0,,,1.0,1.0,1.0,1.0,-2048.0,
QTIM,/run/media/falconnier/Elements/BIDS_datasets_selection/QTIM/sub-0395/ses-01/anat/sub-0395_ses-01_T1w.nii.gz,,,,,sub-0395,ses-01,256,256,256,0.9375,0.9,0.9375,9.979719161987305,16777216,13625543,0.8121456503868103,0.0,399.0,11.537324494150434,3.0,19.596365564992272,2.0,7.361553806882128,2.5211771289343528,1.0,1.0,59.0,82.0,2.495867093273583,
QTIM,/run/media/falconnier/Elements/BIDS_datasets_selection/QTIM/sub-0396/ses-01/anat/sub-0396_ses-01_T1w_defacemask.nii.gz,,,,,sub-0396,ses-01,240,256,256,0.9,0.9375,0.9375,0.17196369171142578,15728640,13668566,0.8690240224202473,0.0,1.0,1.0,1.0,0.0,0.0,,,1.0,1.0,1.0,1.0,-2048.0,
QTIM,/run/media/falconnier/Elements/BIDS_datasets_selection/QTIM/sub-0395/ses-02/anat/sub-0395_ses-02_T1w_defacemask.nii.gz,,,,,sub-0395,ses-02,256,256,256,0.9375,0.9,0.9375,0.1580791473388672,16777216,15128195,0.9017106890678406,0.0,1.0,1.0,1.0,0.0,0.0,,,1.0,1.0,1.0,1.0,-2048.0,
QTIM,/run/media/falconnier/Elements/BIDS_datasets_selection/QTIM/sub-0396/ses-01/anat/sub-0396_ses-01_T1w.nii.gz,,,,,sub-0396,ses-01,240,256,256,0.9,0.9375,0.9375,14.847620964050293,15728640,13519548,0.8595497131347656,0.0,1285.0,61.02761349713763,18.0,84.7238999494719,12.0,3.227456077038675,1.8869258592879679,2.0,4.0,260.0,340.0,1.3773141451859137,
QTIM,/run/media/falconnier/Elements/BIDS_datasets_selection/QTIM/sub-0395/ses-02/anat/sub-0395_ses-02_T1w.nii.gz,,,,,sub-0395,ses-02,256,256,256,0.9375,0.9,0.9375,9.889514923095703,16777216,13548917,0.8075783848762512,0.0,426.0,11.083787582431865,3.0,18.49434825617962,2.0,7.699565978989096,2.53212580021364,1.0,1.0,56.0,78.0,2.38559103327807,
QTIM,/run/media/falconnier/Elements/BIDS_datasets_selection/QTIM/sub-0397/ses-01/anat/sub-0397_ses-01_T1w_defacemask.nii.gz,,,,,sub-0397,ses-01,240,256,256,0.9,0.9375,0.9375,0.1694498062133789,15728640,13865455,0.881541887919108,0.0,1.0,1.0,1.0,0.0,0.0,,,1.0,1.0,1.0,1.0,-2048.0,
QTIM,/run/media/falconnier/Elements/BIDS_datasets_selection/QTIM/sub-0397/ses-01/anat/sub-0397_ses-01_T1w.nii.gz,,,,,sub-0397,ses-01,240,256,256,0.9,0.9375,0.9375,13.769755363464355,15728640,13670956,0.8691759745279948,0.0,1352.0,42.74499471726776,12.0,67.57517061385595,7.0,5.593347873521962,2.2883768321183924,1.0,3.0,208.0,287.0,1.185723000693087,
QTIM,/run/media/falconnier/Elements/BIDS_datasets_selection/QTIM/sub-0398/ses-01/anat/sub-0398_ses-01_T1w_defacemask.nii.gz,,,,,sub-0398,ses-01,256,256,256,0.9375,0.9,0.9375,0.17633342742919922,16777216,15164960,0.9039020538330078,0.0,1.0,1.0,1.0,0.0,0.0,,,1.0,1.0,1.0,1.0,-2048.0,
QTIM,/run/media/falconnier/Elements/BIDS_datasets_selection/QTIM/sub-0398/ses-01/anat/sub-0398_ses-01_T1w.nii.gz,,,,,sub-0398,ses-01,256,256,256,0.9375,0.9,0.9375,9.927604675292969,16777216,13505186,0.8049718141555786,0.0,324.0,10.56158041807051,3.0,17.314941923789018,2.0,6.523567419322308,2.428369399785639,1.0,1.0,52.0,73.0,2.974635512897893,
QTIM,/run/media/falconnier/Elements/BIDS_datasets_selection/QTIM/sub-0398/ses-02/anat/sub-0398_ses-02_T1w_defacemask.nii.gz,,,,,sub-0398,ses-02,256,256,256,0.9375,0.9,0.9375,0.18697452545166016,16777216,15134952,0.9021134376525879,0.0,1.0,1.0,1.0,0.0,0.0,,,1.0,1.0,1.0,1.0,-2048.0,
QTIM,/run/media/falconnier/Elements/BIDS_datasets_selection/QTIM/sub-0398/ses-02/anat/sub-0398_ses-02_T1w.nii.gz,,,,,sub-0398,ses-02,256,256,256,0.9375,0.9,0.9375,10.61387825012207,16777216,13890879,0.8279609084129333,0.0,377.0,12.71623293241558,3.0,20.767176042952503,2.0,5.840682059560706,2.36018223213246,1.0,1.0,63.0,87.0,2.8505144766064165,
QTIM,/run/media/falconnier/Elements/BIDS_datasets_selection/QTIM/sub-0399/ses-01/anat/sub-0399_ses-01_T1w.nii.gz,,,,,sub-0399,ses-01,256,256,256,0.9375,0.9,0.9375,10.042207717895508,16777216,13587018,0.8098493814468384,0.0,348.0,10.518663992349168,3.0,16.534248801518913,2.0,7.2531307930109765,2.4542266677973292,1.0,1.0,50.0,71.0,2.9030813052339797,
QTIM,/run/media/falconnier/Elements/BIDS_datasets_selection/QTIM/sub-0399/ses-01/anat/sub-0399_ses-01_T1w_defacemask.nii.gz,,,,,sub-0399,ses-01,256,256,256,0.9375,0.9,0.9375,0.17173099517822266,16777216,14965816,0.8920321464538574,0.0,1.0,1.0,1.0,0.0,0.0,,,1.0,1.0,1.0,1.0,-2048.0,
QTIM,/run/media/falconnier/Elements/BIDS_datasets_selection/QTIM/sub-0400/ses-01/anat/sub-0400_ses-01_T1w.nii.gz,,,,,sub-0400,ses-01,256,256,256,0.9375,0.9,0.9375,9.701201438903809,16777216,13394456,0.7983717918395996,0.0,473.0,10.19532835077438,3.0,16.496361970265397,2.0,6.717570761620204,2.3857037146967035,1.0,1.0,50.0,70.0,2.1404524078129423,
QTIM,/run/media/falconnier/Elements/BIDS_datasets_selection/QTIM/sub-0400/ses-01/anat/sub-0400_ses-01_T1w_defacemask.nii.gz,,,,,sub-0400,ses-01,256,256,256,0.9375,0.9,0.9375,0.17973899841308594,16777216,15092876,0.8996055126190186,0.0,1.0,1.0,1.0,0.0,0.0,,,1.0,1.0,1.0,1.0,-2048.0,
QTIM,/run/media/falconnier/Elements/BIDS_datasets_selection/QTIM/sub-0401/ses-01/anat/sub-0401_ses-01_T1w_defacemask.nii.gz,,,,,sub-0401,ses-01,256,256,256,0.9375,0.9,0.9375,0.1716299057006836,16777216,15003733,0.8942921757698059,0.0,1.0,1.0,1.0,0.0,0.0,,,1.0,1.0,1.0,1.0,-2048.0,
QTIM,/run/media/falconnier/Elements/BIDS_datasets_selection/QTIM/sub-0401/ses-01/anat/sub-0401_ses-01_T1w.nii.gz,,,,,sub-0401,ses-01,256,256,256,0.9375,0.9,0.9375,10.492048263549805,16777216,13774793,0.8210416436195374,0.0,303.0,12.26263385591348,3.0,17.8576674680752,2.0,6.21824551078001,2.2337014782877316,1.0,1.0,53.0,73.0,3.5868140817587753,
QTIM,/run/media/falconnier/Elements/BIDS_datasets_selection/QTIM/sub-0402/ses-01/anat/sub-0402_ses-01_T1w_defacemask.nii.gz,,,,,sub-0402,ses-01,256,256,256,0.9375,0.9,0.9375,0.18600845336914062,16777216,14894990,0.8878105878829956,0.0,1.0,1.0,1.0,0.0,0.0,,,1.0,1.0,1.0,1.0,-2048.0,
QTIM,/run/media/falconnier/Elements/BIDS_datasets_selection/QTIM/sub-0402/ses-01/anat/sub-0402_ses-01_T1w.nii.gz,,,,,sub-0402,ses-01,256,256,256,0.9375,0.9,0.9375,10.708440780639648,16777216,13993388,0.8340709209442139,0.0,287.0,12.314804820676736,4.0,16.93779281270257,3.0,5.7414547723046905,2.157124689357089,1.0,1.0,51.0,68.0,3.9522166477986858,
QTIM,/run/media/falconnier/Elements/BIDS_datasets_selection/QTIM/sub-0402/ses-02/anat/sub-0402_ses-02_T1w.nii.gz,,,,,sub-0402,ses-02,256,256,256,0.9375,0.9,0.9375,11.657962799072266,16777216,14370840,0.8565688133239746,0.0,338.0,15.965240375649579,5.0,21.95565671673782,3.0,5.670141910435609,2.1409073949835133,1.0,1.0,65.0,87.0,3.720110482653509,
QTIM,/run/media/falconnier/Elements/BIDS_datasets_selection/QTIM/sub-0403/ses-01/anat/sub-0403_ses-01_T1w_defacemask.nii.gz,,,,,sub-0403,ses-01,240,256,256,0.9,0.9375,0.9375,0.17402362823486328,15728640,13996554,0.8898769378662109,0.0,1.0,1.0,1.0,0.0,0.0,,,1.0,1.0,1.0,1.0,-2048.0,
QTIM,/run/media/falconnier/Elements/BIDS_datasets_selection/QTIM/sub-0402/ses-02/anat/sub-0402_ses-02_T1w_defacemask.nii.gz,,,,,sub-0402,ses-02,256,256,256,0.9375,0.9,0.9375,0.16228866577148438,16777216,15004449,0.8943348526954651,0.0,1.0,1.0,1.0,0.0,0.0,,,1.0,1.0,1.0,1.0,-2048.0,
QTIM,/run/media/falconnier/Elements/BIDS_datasets_selection/QTIM/sub-0403/ses-01/anat/sub-0403_ses-01_T1w.nii.gz,,,,,sub-0403,ses-01,240,256,256,0.9,0.9375,0.9375,13.911954879760742,15728640,13806899,0.8778189977010091,0.0,1214.0,44.067303599454156,12.0,71.44164113941213,7.0,5.53945327870788,2.3444499376798604,1.0,3.0,217.0,307.0,1.313249509169199,
QTIM,/run/media/falconnier/Elements/BIDS_datasets_selection/QTIM/sub-0404/ses-01/anat/sub-0404_ses-01_T1w.nii.gz,,,,,sub-0404,ses-01,256,256,256,0.9375,0.9,0.9375,9.615935325622559,16777216,13390845,0.7981565594673157,0.0,217.0,9.203119220631708,3.0,12.906230515102493,2.0,6.025585396138551,2.212675386802011,1.0,1.0,39.0,53.0,4.620111187035041,
QTIM,/run/media/falconnier/Elements/BIDS_datasets_selection/QTIM/sub-0404/ses-01/anat/sub-0404_ses-01_T1w_defacemask.nii.gz,,,,,sub-0404,ses-01,256,256,256,0.9375,0.9,0.9375,0.17622089385986328,16777216,14957342,0.8915270566940308,0.0,1.0,1.0,1.0,0.0,0.0,,,1.0,1.0,1.0,1.0,-2048.0,
QTIM,/run/media/falconnier/Elements/BIDS_datasets_selection/QTIM/sub-0406/ses-01/anat/sub-0406_ses-01_T1w_defacemask.nii.gz,,,,,sub-0406,ses-01,240,256,256,0.9,0.9375,0.9375,0.16834068298339844,15728640,13887584,0.8829488118489583,0.0,1.0,1.0,1.0,0.0,0.0,,,1.0,1.0,1.0,1.0,-2048.0,
QTIM,/run/media/falconnier/Elements/BIDS_datasets_selection/QTIM/sub-0405/ses-01/anat/sub-0405_ses-01_T1w_defacemask.nii.gz,,,,,sub-0405,ses-01,256,256,256,0.9375,0.9,0.9375,0.17581748962402344,16777216,14995868,0.8938233852386475,0.0,1.0,1.0,1.0,0.0,0.0,,,1.0,1.0,1.0,1.0,-2048.0,
QTIM,/run/media/falconnier/Elements/BIDS_datasets_selection/QTIM/sub-0406/ses-01/anat/sub-0406_ses-01_T1w.nii.gz,,,,,sub-0406,ses-01,240,256,256,0.9,0.9375,0.9375,14.203863143920898,15728640,13710191,0.8716704686482747,0.0,1375.0,49.56549584174283,13.0,77.33388455211376,7.0,4.477106201454326,2.1693726708824097,1.0,3.0,237.0,324.0,1.2002555704827198,
QTIM,/run/media/falconnier/Elements/BIDS_datasets_selection/QTIM/sub-0405/ses-01/anat/sub-0405_ses-01_T1w.nii.gz,,,,,sub-0405,ses-01,256,256,256,0.9375,0.9,0.9375,11.02346134185791,16777216,14023107,0.8358423113822937,0.0,468.0,14.307102841046566,4.0,22.336780712042724,2.0,6.09208135117388,2.300269243755335,1.0,1.0,67.0,92.0,2.4807143395230367,
QTIM,/run/media/falconnier/Elements/BIDS_datasets_selection/QTIM/sub-0407/ses-01/anat/sub-0407_ses-01_T1w_defacemask.nii.gz,,,,,sub-0407,ses-01,240,256,256,0.9,0.9375,0.9375,0.15416240692138672,15728640,14104747,0.8967556635538737,0.0,1.0,1.0,1.0,0.0,0.0,,,1.0,1.0,1.0,1.0,-2048.0,
QTIM,/run/media/falconnier/Elements/BIDS_datasets_selection/QTIM/sub-0407/ses-01/anat/sub-0407_ses-01_T1w.nii.gz,,,,,sub-0407,ses-01,240,256,256,0.9,0.9375,0.9375,14.102726936340332,15728640,13911363,0.8844606399536132,0.0,1166.0,44.45998267747021,12.0,69.51935443503103,7.0,4.762843516284008,2.1973947900584783,1.0,3.0,214.0,293.0,1.3769586503322546,
QTIM,/run/media/falconnier/Elements/BIDS_datasets_selection/QTIM/sub-0408/ses-01/anat/sub-0408_ses-01_T1w.nii.gz,,,,,sub-0408,ses-01,240,256,256,0.9,0.9375,0.9375,13.933761596679688,15728640,13739081,0.8735072453816731,0.0,1326.0,46.22372726385411,12.0,73.69312653559341,7.0,4.560273376086157,2.1988227857562492,1.0,3.0,227.0,310.0,1.2166530149199843,
QTIM,/run/media/falconnier/Elements/BIDS_datasets_selection/QTIM/sub-0408/ses-01/anat/sub-0408_ses-01_T1w_defacemask.nii.gz,,,,,sub-0408,ses-01,240,256,256,0.9,0.9375,0.9375,0.1609334945678711,15728640,13932372,0.8857963562011719,0.0,1.0,1.0,1.0,0.0,0.0,,,1.0,1.0,1.0,1.0,-2048.0,
QTIM,/run/media/falconnier/Elements/BIDS_datasets_selection/QTIM/sub-0408/ses-02/anat/sub-0408_ses-02_T1w_defacemask.nii.gz,,,,,sub-0408,ses-02,240,256,256,0.9,0.9375,0.9375,0.17455482482910156,15728640,13794887,0.877055295308431,0.0,1.0,1.0,1.0,0.0,0.0,,,1.0,1.0,1.0,1.0,-2048.0,
QTIM,/run/media/falconnier/Elements/BIDS_datasets_selection/QTIM/sub-0408/ses-02/anat/sub-0408_ses-02_T1w.nii.gz,,,,,sub-0408,ses-02,240,256,256,0.9,0.9375,0.9375,14.12155532836914,15728640,13617315,0.8657655715942383,0.0,1156.0,50.82167872300817,13.0,80.83277148864447,7.0,4.4209248022557235,2.204021402965588,1.0,3.0,249.0,344.0,1.4268636514797326,
QTIM,/run/media/falconnier/Elements/BIDS_datasets_selection/QTIM/sub-0409/ses-01/anat/sub-0409_ses-01_T1w.nii.gz,,,,,sub-0409,ses-01,240,256,256,0.9,0.9375,0.9375,14.840193748474121,15728640,13201711,0.8393421808878581,0.0,1341.0,65.78564945104465,20.0,85.71777627685442,14.0,3.261349412951729,1.7852720510313993,2.0,4.0,256.0,334.0,1.3566789045199472,
QTIM,/run/media/falconnier/Elements/BIDS_datasets_selection/QTIM/sub-0409/ses-01/anat/sub-0409_ses-01_T1w_defacemask.nii.gz,,,,,sub-0409,ses-01,240,256,256,0.9,0.9375,0.9375,0.20498180389404297,15728640,13342617,0.8483007431030274,0.0,1.0,1.0,1.0,0.0,0.0,,,1.0,1.0,1.0,1.0,-2048.0,
QTIM,/run/media/falconnier/Elements/BIDS_datasets_selection/QTIM/sub-0410/ses-01/anat/sub-0410_ses-01_T1w_defacemask.nii.gz,,,,,sub-0410,ses-01,256,256,256,0.9375,0.9,0.9375,0.1916828155517578,16777216,14926620,0.8896958827972412,0.0,1.0,1.0,1.0,0.0,0.0,,,1.0,1.0,1.0,1.0,-2048.0,
QTIM,/run/media/falconnier/Elements/BIDS_datasets_selection/QTIM/sub-0410/ses-01/anat/sub-0410_ses-01_T1w.nii.gz,,,,,sub-0410,ses-01,256,256,256,0.9375,0.9,0.9375,10.439026832580566,16777216,13813541,0.8233512043952942,0.0,414.0,12.158419264111933,3.0,18.989706222826854,2.0,5.881598206033635,2.294392080526542,1.0,1.0,58.0,80.0,2.5982528381288303,
QTIM,/run/media/falconnier/Elements/BIDS_datasets_selection/QTIM/sub-0411/ses-01/anat/sub-0411_ses-01_T1w_defacemask.nii.gz,,,,,sub-0411,ses-01,256,256,256,0.9375,0.9,0.9375,0.16901016235351562,16777216,15269284,0.9101202487945557,0.0,1.0,1.0,1.0,0.0,0.0,,,1.0,1.0,1.0,1.0,-2048.0,
QTIM,/run/media/falconnier/Elements/BIDS_datasets_selection/QTIM/sub-0411/ses-01/anat/sub-0411_ses-01_T1w.nii.gz,,,,,sub-0411,ses-01,256,256,256,0.9375,0.9,0.9375,10.480900764465332,16777216,13994401,0.8341313004493713,0.0,362.0,11.600521165571859,3.0,18.31424062276835,2.0,6.933383326835621,2.432952561857997,1.0,1.0,56.0,78.0,2.9443924654478386,
QTIM,/run/media/falconnier/Elements/BIDS_datasets_selection/QTIM/sub-0412/ses-01/anat/sub-0412_ses-01_T1w_defacemask.nii.gz,,,,,sub-0412,ses-01,256,256,256,0.9375,0.9,0.9375,0.17031478881835938,16777216,15160623,0.9036435484886169,0.0,1.0,1.0,1.0,0.0,0.0,,,1.0,1.0,1.0,1.0,-2048.0,
QTIM,/run/media/falconnier/Elements/BIDS_datasets_selection/QTIM/sub-0412/ses-01/anat/sub-0412_ses-01_T1w.nii.gz,,,,,sub-0412,ses-01,256,256,256,0.9375,0.9,0.9375,9.982025146484375,16777216,13562645,0.8083966374397278,0.0,339.0,10.623065191192426,3.0,16.822721104318855,2.0,6.37285417814633,2.3688558846446237,1.0,1.0,50.0,71.0,2.9462896836948236,
QTIM,/run/media/falconnier/Elements/BIDS_datasets_selection/QTIM/sub-0413/ses-01/anat/sub-0413_ses-01_T1w.nii.gz,,,,,sub-0413,ses-01,256,256,256,0.9375,0.9,0.9375,10.191937446594238,16777216,13578609,0.8093481659889221,0.0,264.0,11.783907836215034,3.0,17.056368428687847,2.0,5.748926443146415,2.212630729950858,1.0,1.0,51.0,70.0,3.993004855791529,
QTIM,/run/media/falconnier/Elements/BIDS_datasets_selection/QTIM/sub-0413/ses-01/anat/sub-0413_ses-01_T1w_defacemask.nii.gz,,,,,sub-0413,ses-01,256,256,256,0.9375,0.9,0.9375,0.18832969665527344,16777216,14840232,0.8845467567443848,0.0,1.0,1.0,1.0,0.0,0.0,,,1.0,1.0,1.0,1.0,-2048.0,
QTIM,/run/media/falconnier/Elements/BIDS_datasets_selection/QTIM/sub-0414/ses-01/anat/sub-0414_ses-01_T1w.nii.gz,,,,,sub-0414,ses-01,256,256,256,0.9375,0.9,0.9375,9.794244766235352,16777216,13398447,0.7986096739768982,0.0,308.0,10.253255993026654,3.0,14.667009947161388,2.0,6.006762339703602,2.166770929250732,1.0,1.0,44.0,60.0,3.2820296337303563,
QTIM,/run/media/falconnier/Elements/BIDS_datasets_selection/QTIM/sub-0414/ses-01/anat/sub-0414_ses-01_T1w_defacemask.nii.gz,,,,,sub-0414,ses-01,256,256,256,0.9375,0.9,0.9375,0.1656179428100586,16777216,14900724,0.8881523609161377,0.0,1.0,1.0,1.0,0.0,0.0,,,1.0,1.0,1.0,1.0,-2048.0,
QTIM,/run/media/falconnier/Elements/BIDS_datasets_selection/QTIM/sub-0415/ses-01/anat/sub-0415_ses-01_T1w.nii.gz,,,,,sub-0415,ses-01,256,256,256,0.9375,0.9,0.9375,10.475220680236816,16777216,13796637,0.822343647480011,0.0,332.0,12.459108404461174,3.0,19.83970431533963,2.0,6.447040189126298,2.3872222553424627,1.0,1.0,59.0,84.0,3.2264552651850105,
QTIM,/run/media/falconnier/Elements/BIDS_datasets_selection/QTIM/sub-0415/ses-01/anat/sub-0415_ses-01_T1w_defacemask.nii.gz,,,,,sub-0415,ses-01,256,256,256,0.9375,0.9,0.9375,0.17963123321533203,16777216,15006003,0.894427478313446,0.0,1.0,1.0,1.0,0.0,0.0,,,1.0,1.0,1.0,1.0,-2048.0,
QTIM,/run/media/falconnier/Elements/BIDS_datasets_selection/QTIM/sub-0417/ses-01/anat/sub-0417_ses-01_T1w_defacemask.nii.gz,,,,,sub-0417,ses-01,240,256,256,0.9,0.9375,0.9375,0.1783313751220703,15728640,13699442,0.870987065633138,0.0,1.0,1.0,1.0,0.0,0.0,,,1.0,1.0,1.0,1.0,-2048.0,
QTIM,/run/media/falconnier/Elements/BIDS_datasets_selection/QTIM/sub-0416/ses-01/anat/sub-0416_ses-01_T1w_defacemask.nii.gz,,,,,sub-0416,ses-01,256,256,256,0.9375,0.9,0.9375,0.2037029266357422,16777216,14623570,0.8716326951980591,0.0,1.0,1.0,1.0,0.0,0.0,,,1.0,1.0,1.0,1.0,-2048.0,
QTIM,/run/media/falconnier/Elements/BIDS_datasets_selection/QTIM/sub-0416/ses-01/anat/sub-0416_ses-01_T1w.nii.gz,,,,,sub-0416,ses-01,256,256,256,0.9375,0.9,0.9375,9.975667953491211,16777216,13400412,0.7987267971038818,0.0,313.0,11.653054100127667,3.0,17.038992849236884,2.0,4.424246689346542,2.068201942352146,1.0,1.0,52.0,70.0,3.399502799826046,
QTIM,/run/media/falconnier/Elements/BIDS_datasets_selection/QTIM/sub-0417/ses-01/anat/sub-0417_ses-01_T1w.nii.gz,,,,,sub-0417,ses-01,240,256,256,0.9,0.9375,0.9375,14.196809768676758,15728640,13523808,0.859820556640625,0.0,1064.0,49.38580745896422,13.0,72.34444273155296,8.0,4.0213250347401175,2.0377218250768396,1.0,3.0,219.0,299.0,1.5697977540733938,
QTIM,/run/media/falconnier/Elements/BIDS_datasets_selection/QTIM/sub-0418/ses-01/anat/sub-0418_ses-01_T1w_defacemask.nii.gz,,,,,sub-0418,ses-01,256,256,256,0.9375,0.9,0.9375,0.16826629638671875,16777216,15102875,0.9002014994621277,0.0,1.0,1.0,1.0,0.0,0.0,,,1.0,1.0,1.0,1.0,-2048.0,
QTIM,/run/media/falconnier/Elements/BIDS_datasets_selection/QTIM/sub-0418/ses-01/anat/sub-0418_ses-01_T1w.nii.gz,,,,,sub-0418,ses-01,256,256,256,0.9375,0.9,0.9375,10.245220184326172,16777216,13762228,0.8202927112579346,0.0,382.0,11.857977792549288,3.0,19.456844151348843,2.0,6.08488188315545,2.382601456218644,1.0,1.0,60.0,82.0,2.7469739343677118,
QTIM,/run/media/falconnier/Elements/BIDS_datasets_selection/QTIM/sub-0419/ses-01/anat/sub-0419_ses-01_T1w_defacemask.nii.gz,,,,,sub-0419,ses-01,256,256,256,0.9375,0.9,0.9375,0.16215229034423828,16777216,14978482,0.8927870988845825,0.0,1.0,1.0,1.0,0.0,0.0,,,1.0,1.0,1.0,1.0,-2048.0,
QTIM,/run/media/falconnier/Elements/BIDS_datasets_selection/QTIM/sub-0419/ses-01/anat/sub-0419_ses-01_T1w.nii.gz,,,,,sub-0419,ses-01,256,256,256,0.9375,0.9,0.9375,10.206823348999023,16777216,13686387,0.8157722353935242,0.0,348.0,11.870014708775955,3.0,18.79074754347533,2.0,5.332827200652428,2.262606080457142,1.0,1.0,57.0,79.0,2.9923575255339614,
QTIM,/run/media/falconnier/Elements/BIDS_datasets_selection/QTIM/sub-0420/ses-01/anat/sub-0420_ses-01_T1w_defacemask.nii.gz,,,,,sub-0420,ses-01,256,256,256,0.9375,0.9,0.9375,0.17382335662841797,16777216,15042754,0.8966180086135864,0.0,1.0,1.0,1.0,0.0,0.0,,,1.0,1.0,1.0,1.0,-2048.0,
QTIM,/run/media/falconnier/Elements/BIDS_datasets_selection/QTIM/sub-0420/ses-01/anat/sub-0420_ses-01_T1w.nii.gz,,,,,sub-0420,ses-01,256,256,256,0.9375,0.9,0.9375,10.431991577148438,16777216,13893551,0.8281201720237732,0.0,413.0,11.761191073469986,3.0,18.276790963002114,2.0,7.701020441707083,2.4499732535139622,1.0,1.0,55.0,77.0,2.6076612140206374,
QTIM,/run/media/falconnier/Elements/BIDS_datasets_selection/QTIM/sub-0421/ses-01/anat/sub-0421_ses-01_T1w_defacemask.nii.gz,,,,,sub-0421,ses-01,240,256,256,0.9,0.9375,0.9375,0.17189884185791016,15728640,13653240,0.8680496215820312,0.0,1.0,1.0,1.0,0.0,0.0,,,1.0,1.0,1.0,1.0,-2048.0,
QTIM,/run/media/falconnier/Elements/BIDS_datasets_selection/QTIM/sub-0421/ses-01/anat/sub-0421_ses-01_T1w.nii.gz,,,,,sub-0421,ses-01,240,256,256,0.9,0.9375,0.9375,14.21226692199707,15728640,13487600,0.8575185139973959,0.0,906.0,52.376952534179544,15.0,75.81613037612658,9.0,3.7636804135343738,2.0087518491293874,1.0,3.0,230.0,313.0,1.8730518002729268,
QTIM,/run/media/falconnier/Elements/BIDS_datasets_selection/QTIM/sub-0422/ses-01/anat/sub-0422_ses-01_T1w_defacemask.nii.gz,,,,,sub-0422,ses-01,256,256,256,0.9375,0.9,0.9375,0.16457557678222656,16777216,14867170,0.8861523866653442,0.0,1.0,1.0,1.0,0.0,0.0,,,1.0,1.0,1.0,1.0,-2048.0,
QTIM,/run/media/falconnier/Elements/BIDS_datasets_selection/QTIM/sub-0422/ses-01/anat/sub-0422_ses-01_T1w.nii.gz,,,,,sub-0422,ses-01,256,256,256,0.9375,0.9,0.9375,11.258456230163574,16777216,14062540,0.8381927013397217,0.0,376.0,15.748106672052133,4.0,22.302944890532363,3.0,4.184469683248618,2.011302935331952,1.0,1.0,67.0,90.0,3.260221823060728,
QTIM,/run/media/falconnier/Elements/BIDS_datasets_selection/QTIM/sub-0423/ses-01/anat/sub-0423_ses-01_T1w_defacemask.nii.gz,,,,,sub-0423,ses-01,256,256,256,0.9375,0.9,0.9375,0.18654155731201172,16777216,14898743,0.8880342841148376,0.0,1.0,1.0,1.0,0.0,0.0,,,1.0,1.0,1.0,1.0,-2048.0,
QTIM,/run/media/falconnier/Elements/BIDS_datasets_selection/QTIM/sub-0423/ses-01/anat/sub-0423_ses-01_T1w.nii.gz,,,,,sub-0423,ses-01,256,256,256,0.9375,0.9,0.9375,10.414900779724121,16777216,13761647,0.8202580809593201,0.0,257.0,11.590049359644235,3.0,16.748289469329084,2.0,5.853629435520659,2.2467643645780733,1.0,1.0,50.0,69.0,4.478888593014628,
QTIM,/run/media/falconnier/Elements/BIDS_datasets_selection/QTIM/sub-0424/ses-01/anat/sub-0424_ses-01_T1w.nii.gz,,,,,sub-0424,ses-01,256,256,256,0.9375,0.9,0.9375,9.548129081726074,16777216,13179325,0.785548985004425,0.0,315.0,10.127125402856368,2.0,16.187991765533482,1.0,6.247734147898578,2.3552352140669703,1.0,1.0,49.0,67.0,2.9947401689336997,
QTIM,/run/media/falconnier/Elements/BIDS_datasets_selection/QTIM/sub-0424/ses-01/anat/sub-0424_ses-01_T1w_defacemask.nii.gz,,,,,sub-0424,ses-01,256,256,256,0.9375,0.9,0.9375,0.1780099868774414,16777216,15046990,0.896870493888855,0.0,1.0,1.0,1.0,0.0,0.0,,,1.0,1.0,1.0,1.0,-2048.0,
QTIM,/run/media/falconnier/Elements/BIDS_datasets_selection/QTIM/sub-0425/ses-01/anat/sub-0425_ses-01_T1w.nii.gz,,,,,sub-0425,ses-01,256,256,256,0.9375,0.9,0.9375,9.895377159118652,16777216,13465836,0.802626371383667,0.0,341.0,10.81531194944005,3.0,17.249534797031266,2.0,7.050397415854402,2.458059314893958,1.0,1.0,51.0,73.0,2.9748571762441687,
QTIM,/run/media/falconnier/Elements/BIDS_datasets_selection/QTIM/sub-0425/ses-01/anat/sub-0425_ses-01_T1w_defacemask.nii.gz,,,,,sub-0425,ses-01,256,256,256,0.9375,0.9,0.9375,0.17246627807617188,16777216,14996442,0.8938575983047485,0.0,1.0,1.0,1.0,0.0,0.0,,,1.0,1.0,1.0,1.0,-2048.0,
QTIM,/run/media/falconnier/Elements/BIDS_datasets_selection/QTIM/sub-0425/ses-02/anat/sub-0425_ses-02_T1w_defacemask.nii.gz,,,,,sub-0425,ses-02,256,256,256,0.9375,0.9,0.9375,0.17154788970947266,16777216,15056650,0.8974462747573853,0.0,1.0,1.0,1.0,0.0,0.0,,,1.0,1.0,1.0,1.0,-2048.0,
QTIM,/run/media/falconnier/Elements/BIDS_datasets_selection/QTIM/sub-0425/ses-02/anat/sub-0425_ses-02_T1w.nii.gz,,,,,sub-0425,ses-02,256,256,256,0.9375,0.9,0.9375,10.580646514892578,16777216,13905404,0.8288266658782959,0.0,383.0,12.317198910581814,3.0,19.33843656330595,2.0,7.19193741390041,2.4633188914977766,1.0,1.0,58.0,82.0,2.881314341782796,
QTIM,/run/media/falconnier/Elements/BIDS_datasets_selection/QTIM/sub-0426/ses-01/anat/sub-0426_ses-01_T1w.nii.gz,,,,,sub-0426,ses-01,256,256,256,0.9375,0.9,0.9375,10.146902084350586,16777216,13634404,0.812673807144165,0.0,356.0,11.439976107499822,3.0,18.625586251457026,2.0,5.95306293298164,2.3604458027064443,1.0,1.0,57.0,79.0,2.868376328417322,
QTIM,/run/media/falconnier/Elements/BIDS_datasets_selection/QTIM/sub-0426/ses-01/anat/sub-0426_ses-01_T1w_defacemask.nii.gz,,,,,sub-0426,ses-01,256,256,256,0.9375,0.9,0.9375,0.1681041717529297,16777216,14961246,0.8917597532272339,0.0,1.0,1.0,1.0,0.0,0.0,,,1.0,1.0,1.0,1.0,-2048.0,
QTIM,/run/media/falconnier/Elements/BIDS_datasets_selection/QTIM/sub-0427/ses-01/anat/sub-0427_ses-01_T1w.nii.gz,,,,,sub-0427,ses-01,256,256,256,0.9375,0.9,0.9375,10.326931953430176,16777216,13758228,0.820054292678833,0.0,274.0,11.149979125218742,4.0,15.915475440231372,3.0,5.686974700974137,2.243191593145694,1.0,1.0,48.0,67.0,3.8972070412385533,
QTIM,/run/media/falconnier/Elements/BIDS_datasets_selection/QTIM/sub-0427/ses-01/anat/sub-0427_ses-01_T1w_defacemask.nii.gz,,,,,sub-0427,ses-01,256,256,256,0.9375,0.9,0.9375,0.17363357543945312,16777216,14802711,0.8823103308677673,0.0,1.0,1.0,1.0,0.0,0.0,,,1.0,1.0,1.0,1.0,-2048.0,
QTIM,/run/media/falconnier/Elements/BIDS_datasets_selection/QTIM/sub-0428/ses-01/anat/sub-0428_ses-01_T1w_defacemask.nii.gz,,,,,sub-0428,ses-01,256,256,256,0.9375,0.9,0.9375,0.18127727508544922,16777216,15049917,0.8970449566841125,0.0,1.0,1.0,1.0,0.0,0.0,,,1.0,1.0,1.0,1.0,-2048.0,
QTIM,/run/media/falconnier/Elements/BIDS_datasets_selection/QTIM/sub-0428/ses-01/anat/sub-0428_ses-01_T1w.nii.gz,,,,,sub-0428,ses-01,256,256,256,0.9375,0.9,0.9375,11.05505657196045,16777216,14114096,0.8412656784057617,0.0,259.0,14.019241544056381,4.0,20.71838001541561,3.0,5.475484364813699,2.2165237040336376,1.0,1.0,62.0,85.0,4.364164301357388,
QTIM,/run/media/falconnier/Elements/BIDS_datasets_selection/QTIM/sub-0429/ses-01/anat/sub-0429_ses-01_T1w_defacemask.nii.gz,,,,,sub-0429,ses-01,256,256,256,0.9375,0.9,0.9375,0.1778860092163086,16777216,15043114,0.8966394662857056,0.0,1.0,1.0,1.0,0.0,0.0,,,1.0,1.0,1.0,1.0,-2048.0,
QTIM,/run/media/falconnier/Elements/BIDS_datasets_selection/QTIM/sub-0429/ses-01/anat/sub-0429_ses-01_T1w.nii.gz,,,,,sub-0429,ses-01,256,256,256,0.9375,0.9,0.9375,10.38823127746582,16777216,13782442,0.8214975595474243,0.0,344.0,12.039003175199285,3.0,18.854601959150028,2.0,5.879729545000915,2.3132417979263518,1.0,1.0,57.0,79.0,3.0646308924493852,
QTIM,/run/media/falconnier/Elements/BIDS_datasets_selection/QTIM/sub-0430/ses-01/anat/sub-0430_ses-01_T1w_defacemask.nii.gz,,,,,sub-0430,ses-01,256,256,256,0.9375,0.9,0.9375,0.16876888275146484,16777216,14976390,0.8926624059677124,0.0,1.0,1.0,1.0,0.0,0.0,,,1.0,1.0,1.0,1.0,-2048.0,
QTIM,/run/media/falconnier/Elements/BIDS_datasets_selection/QTIM/sub-0430/ses-01/anat/sub-0430_ses-01_T1w.nii.gz,,,,,sub-0430,ses-01,256,256,256,0.9375,0.9,0.9375,10.900206565856934,16777216,13965320,0.8323979377746582,0.0,426.0,14.590979010864055,4.0,22.84823192715508,2.0,5.5504134400056415,2.213219587626239,1.0,1.0,69.0,91.0,2.6802140447824856,
QTIM,/run/media/falconnier/Elements/BIDS_datasets_selection/QTIM/sub-0431/ses-01/anat/sub-0431_ses-01_T1w.nii.gz,,,,,sub-0431,ses-01,256,256,256,0.9375,0.9,0.9375,9.350286483764648,16777216,12899075,0.7688447833061218,0.0,294.0,9.661149268455297,2.0,14.677732831144382,1.0,5.355693399620085,2.1900420140673584,1.0,1.0,45.0,60.0,3.145413404601401,
QTIM,/run/media/falconnier/Elements/BIDS_datasets_selection/QTIM/sub-0431/ses-01/anat/sub-0431_ses-01_T1w_defacemask.nii.gz,,,,,sub-0431,ses-01,256,256,256,0.9375,0.9,0.9375,0.16681766510009766,16777216,15013551,0.8948773741722107,0.0,1.0,1.0,1.0,0.0,0.0,,,1.0,1.0,1.0,1.0,-2048.0,
QTIM,/run/media/falconnier/Elements/BIDS_datasets_selection/QTIM/sub-0432/ses-01/anat/sub-0432_ses-01_T1w_defacemask.nii.gz,,,,,sub-0432,ses-01,256,256,256,0.9375,0.9,0.9375,0.16740798950195312,16777216,14826796,0.8837459087371826,0.0,1.0,1.0,1.0,0.0,0.0,,,1.0,1.0,1.0,1.0,-2048.0,
QTIM,/run/media/falconnier/Elements/BIDS_datasets_selection/QTIM/sub-0432/ses-01/anat/sub-0432_ses-01_T1w.nii.gz,,,,,sub-0432,ses-01,256,256,256,0.9375,0.9,0.9375,11.21187686920166,16777216,13962296,0.8322176933288574,0.0,467.0,16.262415364922788,4.0,24.592376234894328,2.0,5.369252785595661,2.1835746998955785,1.0,1.0,73.0,100.0,2.6069395904519244,
QTIM,/run/media/falconnier/Elements/BIDS_datasets_selection/QTIM/sub-0433/ses-01/anat/sub-0433_ses-01_T1w.nii.gz,,,,,sub-0433,ses-01,256,256,256,0.9375,0.9,0.9375,10.325872421264648,16777216,13731330,0.8184510469436646,0.0,456.0,11.812907125529719,3.0,19.56152201223293,2.0,7.840254117313881,2.521794794344905,1.0,1.0,59.0,83.0,2.315570367966109,
QTIM,/run/media/falconnier/Elements/BIDS_datasets_selection/QTIM/sub-0433/ses-01/anat/sub-0433_ses-01_T1w_defacemask.nii.gz,,,,,sub-0433,ses-01,256,256,256,0.9375,0.9,0.9375,0.17850303649902344,16777216,15061660,0.89774489402771,0.0,1.0,1.0,1.0,0.0,0.0,,,1.0,1.0,1.0,1.0,-2048.0,
QTIM,/run/media/falconnier/Elements/BIDS_datasets_selection/QTIM/sub-0434/ses-01/anat/sub-0434_ses-01_T1w_defacemask.nii.gz,,,,,sub-0434,ses-01,256,256,256,0.9375,0.9,0.9375,0.1750965118408203,16777216,14987756,0.8933398723602295,0.0,1.0,1.0,1.0,0.0,0.0,,,1.0,1.0,1.0,1.0,-2048.0,
QTIM,/run/media/falconnier/Elements/BIDS_datasets_selection/QTIM/sub-0434/ses-01/anat/sub-0434_ses-01_T1w.nii.gz,,,,,sub-0434,ses-01,256,256,256,0.9375,0.9,0.9375,10.663479804992676,16777216,13930576,0.830327033996582,0.0,494.0,12.875094396671035,3.0,19.844008226277914,2.0,6.488959504265656,2.3084498537203464,1.0,1.0,59.0,82.0,2.3076220633855336,
QTIM,/run/media/falconnier/Elements/BIDS_datasets_selection/QTIM/sub-0435/ses-01/anat/sub-0435_ses-01_T1w_defacemask.nii.gz,,,,,sub-0435,ses-01,256,256,256,0.9375,0.9,0.9375,0.17810344696044922,16777216,14858726,0.8856490850448608,0.0,1.0,1.0,1.0,0.0,0.0,,,1.0,1.0,1.0,1.0,-2048.0,
QTIM,/run/media/falconnier/Elements/BIDS_datasets_selection/QTIM/sub-0435/ses-01/anat/sub-0435_ses-01_T1w.nii.gz,,,,,sub-0435,ses-01,256,256,256,0.9375,0.9,0.9375,10.68095874786377,16777216,13877259,0.8271490931510925,0.0,342.0,13.918352536333003,4.0,20.985269247945986,2.0,4.53410878347945,2.1053515999751986,1.0,1.0,65.0,86.0,3.3357974115097244,
QTIM,/run/media/falconnier/Elements/BIDS_datasets_selection/QTIM/sub-0436/ses-01/anat/sub-0436_ses-01_T1w_defacemask.nii.gz,,,,,sub-0436,ses-01,256,256,256,0.9375,0.9,0.9375,0.17161273956298828,16777216,15036430,0.8962410688400269,0.0,1.0,1.0,1.0,0.0,0.0,,,1.0,1.0,1.0,1.0,-2048.0,
QTIM,/run/media/falconnier/Elements/BIDS_datasets_selection/QTIM/sub-0436/ses-01/anat/sub-0436_ses-01_T1w.nii.gz,,,,,sub-0436,ses-01,256,256,256,0.9375,0.9,0.9375,10.517882347106934,16777216,13831924,0.8244469165802002,0.0,371.0,12.790041645688627,3.0,19.92193002865744,2.0,4.76133915919712,2.178129520047304,1.0,1.0,60.0,84.0,2.922631085950017,
QTIM,/run/media/falconnier/Elements/BIDS_datasets_selection/QTIM/sub-0437/ses-01/anat/sub-0437_ses-01_T1w_defacemask.nii.gz,,,,,sub-0437,ses-01,256,256,256,0.9375,0.9,0.9375,0.18964862823486328,16777216,15034305,0.8961144089698792,0.0,1.0,1.0,1.0,0.0,0.0,,,1.0,1.0,1.0,1.0,-2048.0,
QTIM,/run/media/falconnier/Elements/BIDS_datasets_selection/QTIM/sub-0437/ses-01/anat/sub-0437_ses-01_T1w.nii.gz,,,,,sub-0437,ses-01,256,256,256,0.9375,0.9,0.9375,10.407978057861328,16777216,13739862,0.8189595937728882,0.0,365.0,12.044054299817567,3.0,19.545079333481635,2.0,7.349284186899078,2.5180887150225657,1.0,1.0,58.0,83.0,2.9192383025441284,
QTIM,/run/media/falconnier/Elements/BIDS_datasets_selection/QTIM/sub-0438/ses-01/anat/sub-0438_ses-01_T1w_defacemask.nii.gz,,,,,sub-0438,ses-01,256,256,256,0.9375,0.9,0.9375,0.18072795867919922,16777216,14910641,0.8887434601783752,0.0,1.0,1.0,1.0,0.0,0.0,,,1.0,1.0,1.0,1.0,-2048.0,
QTIM,/run/media/falconnier/Elements/BIDS_datasets_selection/QTIM/sub-0438/ses-01/anat/sub-0438_ses-01_T1w.nii.gz,,,,,sub-0438,ses-01,256,256,256,0.9375,0.9,0.9375,9.921963691711426,16777216,13588510,0.8099383115768433,0.0,485.0,10.127661458099526,3.0,15.096691880716149,2.0,6.225178173961652,2.3020504969382993,1.0,1.0,46.0,63.0,2.203262644872737,
QTIM,/run/media/falconnier/Elements/BIDS_datasets_selection/QTIM/sub-0439/ses-01/anat/sub-0439_ses-01_T1w.nii.gz,,,,,sub-0439,ses-01,256,256,256,0.9375,0.9,0.9375,10.698028564453125,16777216,13928825,0.8302226662635803,0.0,359.0,13.03366665888903,4.0,19.658349641504394,2.0,6.22362548553429,2.329272648754824,1.0,1.0,59.0,82.0,3.151229712345664,
QTIM,/run/media/falconnier/Elements/BIDS_datasets_selection/QTIM/sub-0439/ses-01/anat/sub-0439_ses-01_T1w_defacemask.nii.gz,,,,,sub-0439,ses-01,256,256,256,0.9375,0.9,0.9375,0.1881694793701172,16777216,14907936,0.8885822296142578,0.0,1.0,1.0,1.0,0.0,0.0,,,1.0,1.0,1.0,1.0,-2048.0,
QTIM,/run/media/falconnier/Elements/BIDS_datasets_selection/QTIM/sub-0440/ses-01/anat/sub-0440_ses-01_T1w_defacemask.nii.gz,,,,,sub-0440,ses-01,256,256,256,0.9375,0.9,0.9375,0.17476272583007812,16777216,14989867,0.8934656977653503,0.0,1.0,1.0,1.0,0.0,0.0,,,1.0,1.0,1.0,1.0,-2048.0,
QTIM,/run/media/falconnier/Elements/BIDS_datasets_selection/QTIM/sub-0440/ses-01/anat/sub-0440_ses-01_T1w.nii.gz,,,,,sub-0440,ses-01,256,256,256,0.9375,0.9,0.9375,10.43846607208252,16777216,13738858,0.8188997507095337,0.0,404.0,13.486189172346057,3.0,21.688953602450436,2.0,5.534551654029247,2.292974216121986,1.0,1.0,65.0,90.0,2.686636157245706,
QTIM,/run/media/falconnier/Elements/BIDS_datasets_selection/QTIM/sub-0440/ses-02/anat/sub-0440_ses-02_T1w_defacemask.nii.gz,,,,,sub-0440,ses-02,256,256,256,0.9375,0.9,0.9375,0.1661691665649414,16777216,14962648,0.891843318939209,0.0,1.0,1.0,1.0,0.0,0.0,,,1.0,1.0,1.0,1.0,-2048.0,
QTIM,/run/media/falconnier/Elements/BIDS_datasets_selection/QTIM/sub-0440/ses-02/anat/sub-0440_ses-02_T1w.nii.gz,,,,,sub-0440,ses-02,256,256,256,0.9375,0.9,0.9375,10.38015365600586,16777216,13661253,0.8142741322517395,0.0,386.0,12.945459248869778,3.0,19.930310810340448,2.0,5.067369255037191,2.1942481030049104,1.0,1.0,60.0,82.0,2.7910078639001927,
QTIM,/run/media/falconnier/Elements/BIDS_datasets_selection/QTIM/sub-0441/ses-01/anat/sub-0441_ses-01_T1w_defacemask.nii.gz,,,,,sub-0441,ses-01,256,256,256,0.9375,0.9,0.9375,0.17993736267089844,16777216,14931493,0.8899863362312317,0.0,1.0,1.0,1.0,0.0,0.0,,,1.0,1.0,1.0,1.0,-2048.0,
QTIM,/run/media/falconnier/Elements/BIDS_datasets_selection/QTIM/sub-0441/ses-01/anat/sub-0441_ses-01_T1w.nii.gz,,,,,sub-0441,ses-01,256,256,256,0.9375,0.9,0.9375,9.865117073059082,16777216,13551683,0.8077432513237,0.0,275.0,10.44123486359591,3.0,15.388383426742068,2.0,5.443575001823547,2.2026670297441187,1.0,1.0,47.0,65.0,3.6392186056303855,
QTIM,/run/media/falconnier/Elements/BIDS_datasets_selection/QTIM/sub-0442/ses-01/anat/sub-0442_ses-01_T1w.nii.gz,,,,,sub-0442,ses-01,256,256,256,0.9375,0.9,0.9375,10.633687973022461,16777216,13847979,0.8254038691520691,0.0,365.0,12.773992219370061,3.0,20.2009194429833,2.0,7.264080096697299,2.4503268568578638,1.0,1.0,60.0,85.0,3.0096466905930988,
QTIM,/run/media/falconnier/Elements/BIDS_datasets_selection/QTIM/sub-0442/ses-01/anat/sub-0442_ses-01_T1w_defacemask.nii.gz,,,,,sub-0442,ses-01,256,256,256,0.9375,0.9,0.9375,0.1936502456665039,16777216,14980302,0.8928955793380737,0.0,1.0,1.0,1.0,0.0,0.0,,,1.0,1.0,1.0,1.0,-2048.0,
QTIM,/run/media/falconnier/Elements/BIDS_datasets_selection/QTIM/sub-0443/ses-01/anat/sub-0443_ses-01_T1w_defacemask.nii.gz,,,,,sub-0443,ses-01,256,256,256,0.9375,0.9,0.9375,0.18735599517822266,16777216,14954003,0.8913280367851257,0.0,1.0,1.0,1.0,0.0,0.0,,,1.0,1.0,1.0,1.0,-2048.0,
QTIM,/run/media/falconnier/Elements/BIDS_datasets_selection/QTIM/sub-0443/ses-01/anat/sub-0443_ses-01_T1w.nii.gz,,,,,sub-0443,ses-01,256,256,256,0.9375,0.9,0.9375,10.111321449279785,16777216,13538631,0.8069652915000916,0.0,369.0,11.77314803837995,3.0,18.745573658453303,2.0,6.449017986475628,2.345108444586553,1.0,1.0,56.0,78.0,2.8302741759414523,
QTIM,/run/media/falconnier/Elements/BIDS_datasets_selection/QTIM/sub-0444/ses-01/anat/sub-0444_ses-01_T1w.nii.gz,,,,,sub-0444,ses-01,256,256,256,0.9375,0.9,0.9375,10.223782539367676,16777216,13677733,0.8152564167976379,0.0,385.0,11.58163366692419,3.0,17.435046774921435,2.0,5.910679613391316,2.2406302752743734,1.0,1.0,53.0,73.0,2.8259751205808414,
QTIM,/run/media/falconnier/Elements/BIDS_datasets_selection/QTIM/sub-0444/ses-01/anat/sub-0444_ses-01_T1w_defacemask.nii.gz,,,,,sub-0444,ses-01,256,256,256,0.9375,0.9,0.9375,0.1925668716430664,16777216,14848105,0.8850160241127014,0.0,1.0,1.0,1.0,0.0,0.0,,,1.0,1.0,1.0,1.0,-2048.0,
QTIM,/run/media/falconnier/Elements/BIDS_datasets_selection/QTIM/sub-0445/ses-01/anat/sub-0445_ses-01_T1w_defacemask.nii.gz,,,,,sub-0445,ses-01,256,256,256,0.9375,0.9,0.9375,0.1846914291381836,16777216,15043114,0.8966394662857056,0.0,1.0,1.0,1.0,0.0,0.0,,,1.0,1.0,1.0,1.0,-2048.0,
QTIM,/run/media/falconnier/Elements/BIDS_datasets_selection/QTIM/sub-0445/ses-01/anat/sub-0445_ses-01_T1w.nii.gz,,,,,sub-0445,ses-01,256,256,256,0.9375,0.9,0.9375,10.391613006591797,16777216,13750429,0.8195894360542297,0.0,326.0,11.752737896395814,3.0,18.69426208473734,2.0,7.142539087516285,2.443283525769477,1.0,1.0,56.0,79.0,3.2031701639943324,
QTIM,/run/media/falconnier/Elements/BIDS_datasets_selection/QTIM/sub-0446/ses-01/anat/sub-0446_ses-01_T1w_defacemask.nii.gz,,,,,sub-0446,ses-01,256,256,256,0.9375,0.9,0.9375,0.18952274322509766,16777216,14985602,0.8932114839553833,0.0,1.0,1.0,1.0,0.0,0.0,,,1.0,1.0,1.0,1.0,-2048.0,
QTIM,/run/media/falconnier/Elements/BIDS_datasets_selection/QTIM/sub-0446/ses-01/anat/sub-0446_ses-01_T1w.nii.gz,,,,,sub-0446,ses-01,256,256,256,0.9375,0.9,0.9375,10.326055526733398,16777216,13716479,0.8175658583641052,0.0,336.0,11.806153168025117,3.0,18.43707510645275,2.0,6.300449302527452,2.3511457769341044,1.0,1.0,55.0,77.0,3.1560329209277165,
QTIM,/run/media/falconnier/Elements/BIDS_datasets_selection/QTIM/sub-0447/ses-01/anat/sub-0447_ses-01_T1w_defacemask.nii.gz,,,,,sub-0447,ses-01,256,256,256,0.9375,0.9,0.9375,0.17270469665527344,16777216,15155361,0.9033299088478088,0.0,1.0,1.0,1.0,0.0,0.0,,,1.0,1.0,1.0,1.0,-2048.0,
QTIM,/run/media/falconnier/Elements/BIDS_datasets_selection/QTIM/sub-0447/ses-01/anat/sub-0447_ses-01_T1w.nii.gz,,,,,sub-0447,ses-01,256,256,256,0.9375,0.9,0.9375,10.257880210876465,16777216,13697624,0.8164420127868652,0.0,338.0,11.96448763668794,3.0,19.226397010094995,2.0,5.456845662455208,2.2777858243222093,1.0,1.0,58.0,80.0,3.0506706597083157,
QTIM,/run/media/falconnier/Elements/BIDS_datasets_selection/QTIM/sub-0448/ses-01/anat/sub-0448_ses-01_T1w.nii.gz,,,,,sub-0448,ses-01,256,256,256,0.9375,0.9,0.9375,10.016307830810547,16777216,12781545,0.7618394494056702,0.0,550.0,16.94415064845447,3.0,26.04823630791522,2.0,3.187197367926398,1.7480609352440557,1.0,1.0,76.0,91.0,1.9839345282089738,
QTIM,/run/media/falconnier/Elements/BIDS_datasets_selection/QTIM/sub-0448/ses-01/anat/sub-0448_ses-01_T1w_defacemask.nii.gz,,,,,sub-0448,ses-01,256,256,256,0.9375,0.9,0.9375,0.18083858489990234,16777216,15068910,0.8981770277023315,0.0,1.0,1.0,1.0,0.0,0.0,,,1.0,1.0,1.0,1.0,-2048.0,
QTIM,/run/media/falconnier/Elements/BIDS_datasets_selection/QTIM/sub-0449/ses-01/anat/sub-0449_ses-01_T1w.nii.gz,,,,,sub-0449,ses-01,256,256,256,0.9375,0.9,0.9375,10.256831169128418,16777216,13745814,0.8193143606185913,0.0,234.0,11.175636160943252,3.0,16.446517130600025,2.0,4.994027577963591,2.195039609978549,1.0,1.0,50.0,69.0,4.660874308386564,
QTIM,/run/media/falconnier/Elements/BIDS_datasets_selection/QTIM/sub-0449/ses-01/anat/sub-0449_ses-01_T1w_defacemask.nii.gz,,,,,sub-0449,ses-01,256,256,256,0.9375,0.9,0.9375,0.16915321350097656,16777216,15030652,0.8958966732025146,0.0,1.0,1.0,1.0,0.0,0.0,,,1.0,1.0,1.0,1.0,-2048.0,
QTIM,/run/media/falconnier/Elements/BIDS_datasets_selection/QTIM/sub-0450/ses-01/anat/sub-0450_ses-01_T1w_defacemask.nii.gz,,,,,sub-0450,ses-01,256,256,256,0.9375,0.9,0.9375,0.17217636108398438,16777216,15043337,0.8966527581214905,0.0,1.0,1.0,1.0,0.0,0.0,,,1.0,1.0,1.0,1.0,-2048.0,
QTIM,/run/media/falconnier/Elements/BIDS_datasets_selection/QTIM/sub-0450/ses-01/anat/sub-0450_ses-01_T1w.nii.gz,,,,,sub-0450,ses-01,256,256,256,0.9375,0.9,0.9375,10.816032409667969,16777216,13929402,0.8302570581436157,0.0,322.0,14.079451723771056,3.0,21.98580508773853,2.0,4.9197350111155735,2.1806971822749968,1.0,1.0,67.0,89.0,3.4332798521571055,
QTIM,/run/media/falconnier/Elements/BIDS_datasets_selection/QTIM/sub-0451/ses-01/anat/sub-0451_ses-01_T1w.nii.gz,,,,,sub-0451,ses-01,256,256,256,0.9375,0.9,0.9375,10.043334007263184,16777216,13645739,0.8133494257926941,0.0,403.0,11.188573663910764,3.0,18.44866511809738,2.0,7.536384813650592,2.502690951780276,1.0,1.0,55.0,78.0,2.4986547820395204,
QTIM,/run/media/falconnier/Elements/BIDS_datasets_selection/QTIM/sub-0451/ses-01/anat/sub-0451_ses-01_T1w_defacemask.nii.gz,,,,,sub-0451,ses-01,256,256,256,0.9375,0.9,0.9375,0.16294384002685547,16777216,15083007,0.8990172743797302,0.0,1.0,1.0,1.0,0.0,0.0,,,1.0,1.0,1.0,1.0,-2048.0,
QTIM,/run/media/falconnier/Elements/BIDS_datasets_selection/QTIM/sub-0452/ses-01/anat/sub-0452_ses-01_T1w_defacemask.nii.gz,,,,,sub-0452,ses-01,240,256,256,0.9,0.9375,0.9375,0.17211055755615234,15728640,13806353,0.8777842839558919,0.0,1.0,1.0,1.0,0.0,0.0,,,1.0,1.0,1.0,1.0,-2048.0,
QTIM,/run/media/falconnier/Elements/BIDS_datasets_selection/QTIM/sub-0452/ses-01/anat/sub-0452_ses-01_T1w.nii.gz,,,,,sub-0452,ses-01,240,256,256,0.9,0.9375,0.9375,14.10749626159668,15728640,13628327,0.866465695699056,0.0,1398.0,49.84302614693645,13.0,78.05293038403917,7.0,4.729907586888702,2.189338380547517,1.0,3.0,240.0,325.0,1.1838461305011931,
QTIM,/run/media/falconnier/Elements/BIDS_datasets_selection/QTIM/sub-0452/ses-02/anat/sub-0452_ses-02_T1w_defacemask.nii.gz,,,,,sub-0452,ses-02,240,256,256,0.9,0.9375,0.9375,0.16971683502197266,15728640,13743914,0.8738145192464193,0.0,1.0,1.0,1.0,0.0,0.0,,,1.0,1.0,1.0,1.0,-2048.0,
QTIM,/run/media/falconnier/Elements/BIDS_datasets_selection/QTIM/sub-0452/ses-02/anat/sub-0452_ses-02_T1w.nii.gz,,,,,sub-0452,ses-02,240,256,256,0.9,0.9375,0.9375,13.925644874572754,15728640,13559794,0.8621084849039714,0.0,1400.0,48.34326826793976,12.0,75.85750126863157,7.0,4.582833647012118,2.1779964686351225,1.0,3.0,232.0,317.0,1.171912425742036,
QTIM,/run/media/falconnier/Elements/BIDS_datasets_selection/QTIM/sub-0453/ses-01/anat/sub-0453_ses-01_T1w.nii.gz,,,,,sub-0453,ses-01,256,256,256,0.9375,0.9,0.9375,9.452996253967285,16777216,13246644,0.7895615100860596,0.0,571.0,9.362568436201652,3.0,14.944284346517813,2.0,6.005808912666927,2.3737265994677044,1.0,1.0,46.0,64.0,1.666592893358432,
QTIM,/run/media/falconnier/Elements/BIDS_datasets_selection/QTIM/sub-0453/ses-01/anat/sub-0453_ses-01_T1w_defacemask.nii.gz,,,,,sub-0453,ses-01,256,256,256,0.9375,0.9,0.9375,0.1789569854736328,16777216,14974605,0.8925560116767883,0.0,1.0,1.0,1.0,0.0,0.0,,,1.0,1.0,1.0,1.0,-2048.0,
QTIM,/run/media/falconnier/Elements/BIDS_datasets_selection/QTIM/sub-0454/ses-01/anat/sub-0454_ses-01_T1w.nii.gz,,,,,sub-0454,ses-01,256,256,256,0.9375,0.9,0.9375,10.39875316619873,16777216,13811286,0.8232167959213257,0.0,420.0,12.57423110346133,3.0,19.367664604064785,2.0,5.86164218551793,2.242149717163461,1.0,1.0,59.0,80.0,2.6066687812793123,
QTIM,/run/media/falconnier/Elements/BIDS_datasets_selection/QTIM/sub-0454/ses-01/anat/sub-0454_ses-01_T1w_defacemask.nii.gz,,,,,sub-0454,ses-01,256,256,256,0.9375,0.9,0.9375,0.17744064331054688,16777216,15001003,0.8941294550895691,0.0,1.0,1.0,1.0,0.0,0.0,,,1.0,1.0,1.0,1.0,-2048.0,
QTIM,/run/media/falconnier/Elements/BIDS_datasets_selection/QTIM/sub-0455/ses-01/anat/sub-0455_ses-01_T1w_defacemask.nii.gz,,,,,sub-0455,ses-01,240,256,256,0.9,0.9375,0.9375,0.18223285675048828,15728640,13849434,0.8805233001708984,0.0,1.0,1.0,1.0,0.0,0.0,,,1.0,1.0,1.0,1.0,-2048.0,
QTIM,/run/media/falconnier/Elements/BIDS_datasets_selection/QTIM/sub-0455/ses-01/anat/sub-0455_ses-01_T1w.nii.gz,,,,,sub-0455,ses-01,240,256,256,0.9,0.9375,0.9375,13.899349212646484,15728640,13659644,0.868456776936849,0.0,1484.0,47.606773939350106,12.0,78.92879351115685,7.0,5.626199984469389,2.349035567564108,1.0,3.0,242.0,336.0,1.0871816503674723,
QTIM,/run/media/falconnier/Elements/BIDS_datasets_selection/QTIM/sub-0456/ses-01/anat/sub-0456_ses-01_T1w_defacemask.nii.gz,,,,,sub-0456,ses-01,256,256,256,0.9375,0.9,0.9375,0.17246627807617188,16777216,15262046,0.9096888303756714,0.0,1.0,1.0,1.0,0.0,0.0,,,1.0,1.0,1.0,1.0,-2048.0,
QTIM,/run/media/falconnier/Elements/BIDS_datasets_selection/QTIM/sub-0456/ses-01/anat/sub-0456_ses-01_T1w.nii.gz,,,,,sub-0456,ses-01,256,256,256,0.9375,0.9,0.9375,10.237242698669434,16777216,13847944,0.825401782989502,0.0,358.0,11.656636393099221,3.0,19.520551317908378,2.0,7.785133798722162,2.5625314764539366,1.0,1.0,57.0,83.0,2.844683729703114,
QTIM,/run/media/falconnier/Elements/BIDS_datasets_selection/QTIM/sub-0457/ses-01/anat/sub-0457_ses-01_T1w_defacemask.nii.gz,,,,,sub-0457,ses-01,256,256,256,0.9375,0.9,0.9375,0.17554092407226562,16777216,14845664,0.8848705291748047,0.0,1.0,1.0,1.0,0.0,0.0,,,1.0,1.0,1.0,1.0,-2048.0,
QTIM,/run/media/falconnier/Elements/BIDS_datasets_selection/QTIM/sub-0457/ses-01/anat/sub-0457_ses-01_T1w.nii.gz,,,,,sub-0457,ses-01,256,256,256,0.9375,0.9,0.9375,9.46478271484375,16777216,13239773,0.7891519665718079,0.0,201.0,9.307185176060043,3.0,13.23881439809092,2.0,4.270341792326743,2.076864274732323,1.0,1.0,41.0,55.0,4.800473216637572,
QTIM,/run/media/falconnier/Elements/BIDS_datasets_selection/QTIM/sub-0458/ses-01/anat/sub-0458_ses-01_T1w_defacemask.nii.gz,,,,,sub-0458,ses-01,240,256,256,0.9,0.9375,0.9375,0.17850112915039062,15728640,13820776,0.8787012736002604,0.0,1.0,1.0,1.0,0.0,0.0,,,1.0,1.0,1.0,1.0,-2048.0,
QTIM,/run/media/falconnier/Elements/BIDS_datasets_selection/QTIM/sub-0458/ses-01/anat/sub-0458_ses-01_T1w.nii.gz,,,,,sub-0458,ses-01,240,256,256,0.9,0.9375,0.9375,14.892778396606445,15728640,13666366,0.8688841501871745,0.0,2072.0,65.49368281224139,16.0,101.66146136408247,9.0,5.70957831670936,2.232733449392302,1.0,4.0,303.0,410.0,0.8473785021652241,
QTIM,/run/media/falconnier/Elements/BIDS_datasets_selection/QTIM/sub-0459/ses-01/anat/sub-0459_ses-01_T1w_defacemask.nii.gz,,,,,sub-0459,ses-01,256,256,256,0.9375,0.9,0.9375,0.19193363189697266,16777216,15066824,0.8980526924133301,0.0,1.0,1.0,1.0,0.0,0.0,,,1.0,1.0,1.0,1.0,-2048.0,
QTIM,/run/media/falconnier/Elements/BIDS_datasets_selection/QTIM/sub-0459/ses-01/anat/sub-0459_ses-01_T1w.nii.gz,,,,,sub-0459,ses-01,256,256,256,0.9375,0.9,0.9375,10.599554061889648,16777216,13868561,0.8266306519508362,0.0,384.0,12.3278492988566,3.0,19.517137511084233,2.0,6.709848630888443,2.3951862857926556,1.0,1.0,59.0,82.0,2.8417685370933214,
QTIM,/run/media/falconnier/Elements/BIDS_datasets_selection/QTIM/sub-0460/ses-01/anat/sub-0460_ses-01_T1w_defacemask.nii.gz,,,,,sub-0460,ses-01,240,256,256,0.9,0.9375,0.9375,0.1864185333251953,15728640,13933508,0.8858685811360677,0.0,1.0,1.0,1.0,0.0,0.0,,,1.0,1.0,1.0,1.0,-2048.0,
QTIM,/run/media/falconnier/Elements/BIDS_datasets_selection/QTIM/sub-0460/ses-01/anat/sub-0460_ses-01_T1w.nii.gz,,,,,sub-0460,ses-01,240,256,256,0.9,0.9375,0.9375,14.460370063781738,15728640,13770447,0.8755014419555665,0.0,1458.0,48.808745061071726,15.0,71.60867191519827,9.0,5.181734153382935,2.166930283943979,1.0,3.0,218.0,299.0,1.150808611969556,
QTIM,/run/media/falconnier/Elements/BIDS_datasets_selection/QTIM/sub-0461/ses-01/anat/sub-0461_ses-01_T1w.nii.gz,,,,,sub-0461,ses-01,256,256,256,0.9375,0.9,0.9375,10.33511734008789,16777216,13915314,0.82941734790802,0.0,396.0,11.640576633771973,3.0,18.932027778010763,2.0,6.458478447810757,2.419314030795414,1.0,1.0,57.0,80.0,2.610692367751364,
QTIM,/run/media/falconnier/Elements/BIDS_datasets_selection/QTIM/sub-0461/ses-01/anat/sub-0461_ses-01_T1w_defacemask.nii.gz,,,,,sub-0461,ses-01,256,256,256,0.9375,0.9,0.9375,0.17627906799316406,16777216,15255639,0.9093069434165955,0.0,1.0,1.0,1.0,0.0,0.0,,,1.0,1.0,1.0,1.0,-2048.0,
QTIM,/run/media/falconnier/Elements/BIDS_datasets_selection/QTIM/sub-0462/ses-01/anat/sub-0462_ses-01_T1w_defacemask.nii.gz,,,,,sub-0462,ses-01,240,256,256,0.9,0.9375,0.9375,0.18096065521240234,15728640,13941958,0.8864058176676433,0.0,1.0,1.0,1.0,0.0,0.0,,,1.0,1.0,1.0,1.0,-2048.0,
QTIM,/run/media/falconnier/Elements/BIDS_datasets_selection/QTIM/sub-0462/ses-01/anat/sub-0462_ses-01_T1w.nii.gz,,,,,sub-0462,ses-01,240,256,256,0.9,0.9375,0.9375,14.279638290405273,15728640,13762650,0.8750057220458984,0.0,1476.0,50.8124587924564,13.0,80.73907415517692,7.0,4.813151652463038,2.221552958101351,1.0,3.0,247.0,337.0,1.1192173475062126,
QTIM,/run/media/falconnier/Elements/BIDS_datasets_selection/QTIM/sub-0463/ses-01/anat/sub-0463_ses-01_T1w.nii.gz,,,,,sub-0463,ses-01,256,256,256,0.9375,0.9,0.9375,10.873071670532227,16777216,14030314,0.8362718820571899,0.0,375.0,13.757350690797084,4.0,20.988753190693902,3.0,6.0789075074929215,2.2942984040434418,1.0,1.0,63.0,87.0,3.0579704183230203,
QTIM,/run/media/falconnier/Elements/BIDS_datasets_selection/QTIM/sub-0463/ses-01/anat/sub-0463_ses-01_T1w_defacemask.nii.gz,,,,,sub-0463,ses-01,256,256,256,0.9375,0.9,0.9375,0.1704883575439453,16777216,15074221,0.8984935879707336,0.0,1.0,1.0,1.0,0.0,0.0,,,1.0,1.0,1.0,1.0,-2048.0,
QTIM,/run/media/falconnier/Elements/BIDS_datasets_selection/QTIM/sub-0464/ses-01/anat/sub-0464_ses-01_T1w_defacemask.nii.gz,,,,,sub-0464,ses-01,256,256,256,0.9375,0.9,0.9375,0.17874431610107422,16777216,15054420,0.8973133563995361,0.0,1.0,1.0,1.0,0.0,0.0,,,1.0,1.0,1.0,1.0,-2048.0,
QTIM,/run/media/falconnier/Elements/BIDS_datasets_selection/QTIM/sub-0464/ses-01/anat/sub-0464_ses-01_T1w.nii.gz,,,,,sub-0464,ses-01,256,256,256,0.9375,0.9,0.9375,10.767237663269043,16777216,13995426,0.8341923952102661,0.0,391.0,13.140118850258649,3.0,21.130183518786477,2.0,6.922391102948422,2.4576594308908044,1.0,1.0,64.0,90.0,2.7978213617375727,
QTIM,/run/media/falconnier/Elements/BIDS_datasets_selection/QTIM/sub-0465/ses-01/anat/sub-0465_ses-01_T1w.nii.gz,,,,,sub-0465,ses-01,256,256,256,0.9375,0.9,0.9375,9.466382026672363,16777216,13211419,0.7874619364738464,0.0,284.0,9.423477599189004,2.0,15.106881457030441,1.0,7.0989648804473955,2.4772979636970547,1.0,1.0,45.0,64.0,3.2039752107201234,
QTIM,/run/media/falconnier/Elements/BIDS_datasets_selection/QTIM/sub-0465/ses-01/anat/sub-0465_ses-01_T1w_defacemask.nii.gz,,,,,sub-0465,ses-01,256,256,256,0.9375,0.9,0.9375,0.15754985809326172,16777216,15045507,0.8967821002006531,0.0,1.0,1.0,1.0,0.0,0.0,,,1.0,1.0,1.0,1.0,-2048.0,
QTIM,/run/media/falconnier/Elements/BIDS_datasets_selection/QTIM/sub-0466/ses-01/anat/sub-0466_ses-01_T1w.nii.gz,,,,,sub-0466,ses-01,240,256,256,0.9,0.9375,0.9375,13.885286331176758,15728640,13619722,0.8659186045328776,0.0,1365.0,47.0666727999294,12.0,75.5456450627954,7.0,5.001867956151607,2.25077704386794,1.0,3.0,232.0,320.0,1.1925416855515045,
QTIM,/run/media/falconnier/Elements/BIDS_datasets_selection/QTIM/sub-0466/ses-01/anat/sub-0466_ses-01_T1w_defacemask.nii.gz,,,,,sub-0466,ses-01,240,256,256,0.9,0.9375,0.9375,0.17730426788330078,15728640,13804155,0.8776445388793945,0.0,1.0,1.0,1.0,0.0,0.0,,,1.0,1.0,1.0,1.0,-2048.0,
QTIM,/run/media/falconnier/Elements/BIDS_datasets_selection/QTIM/sub-0467/ses-01/anat/sub-0467_ses-01_T1w.nii.gz,,,,,sub-0467,ses-01,256,256,256,0.9375,0.9,0.9375,10.065665245056152,16777216,13619849,0.8118062615394592,0.0,375.0,10.928259483640383,3.0,16.133709892525708,2.0,5.837333609976151,2.2096594624971972,1.0,1.0,50.0,66.0,2.8369342711351173,
QTIM,/run/media/falconnier/Elements/BIDS_datasets_selection/QTIM/sub-0467/ses-01/anat/sub-0467_ses-01_T1w_defacemask.nii.gz,,,,,sub-0467,ses-01,256,256,256,0.9375,0.9,0.9375,0.17312240600585938,16777216,14977118,0.8927057981491089,0.0,1.0,1.0,1.0,0.0,0.0,,,1.0,1.0,1.0,1.0,-2048.0,
QTIM,/run/media/falconnier/Elements/BIDS_datasets_selection/QTIM/sub-0468/ses-01/anat/sub-0468_ses-01_T1w_defacemask.nii.gz,,,,,sub-0468,ses-01,256,256,256,0.9375,0.9,0.9375,0.17565155029296875,16777216,14991218,0.8935462236404419,0.0,1.0,1.0,1.0,0.0,0.0,,,1.0,1.0,1.0,1.0,-2048.0,
QTIM,/run/media/falconnier/Elements/BIDS_datasets_selection/QTIM/sub-0468/ses-01/anat/sub-0468_ses-01_T1w.nii.gz,,,,,sub-0468,ses-01,256,256,256,0.9375,0.9,0.9375,10.518364906311035,16777216,13781841,0.8214617371559143,0.0,388.0,13.433172607346146,3.0,21.504758714789997,2.0,6.28837117835692,2.361675809281209,1.0,1.0,64.0,90.0,2.7935128955088055,
QTIM,/run/media/falconnier/Elements/BIDS_datasets_selection/QTIM/sub-0469/ses-01/anat/sub-0469_ses-01_T1w_defacemask.nii.gz,,,,,sub-0469,ses-01,240,256,256,0.9,0.9375,0.9375,0.17615890502929688,15728640,14089189,0.8957665125528972,0.0,1.0,1.0,1.0,0.0,0.0,,,1.0,1.0,1.0,1.0,-2048.0,
QTIM,/run/media/falconnier/Elements/BIDS_datasets_selection/QTIM/sub-0469/ses-01/anat/sub-0469_ses-01_T1w.nii.gz,,,,,sub-0469,ses-01,240,256,256,0.9,0.9375,0.9375,14.217826843261719,15728640,13901092,0.883807627360026,0.0,1290.0,46.875465107345526,12.0,74.30965116134463,7.0,4.792832772362334,2.208161124204998,1.0,3.0,228.0,313.0,1.2556513842476509,
QTIM,/run/media/falconnier/Elements/BIDS_datasets_selection/QTIM/sub-0470/ses-01/anat/sub-0470_ses-01_T1w_defacemask.nii.gz,,,,,sub-0470,ses-01,240,256,256,0.9,0.9375,0.9375,0.1846456527709961,15728640,13780023,0.8761102676391601,0.0,1.0,1.0,1.0,0.0,0.0,,,1.0,1.0,1.0,1.0,-2048.0,
QTIM,/run/media/falconnier/Elements/BIDS_datasets_selection/QTIM/sub-0470/ses-01/anat/sub-0470_ses-01_T1w.nii.gz,,,,,sub-0470,ses-01,240,256,256,0.9,0.9375,0.9375,13.987443923950195,15728640,13606546,0.8650808970133463,0.0,1428.0,48.43178988995444,14.0,73.34754214884893,8.0,4.5549671048072,2.1384695621626006,1.0,3.0,224.0,308.0,1.1608186192080585,
QTIM,/run/media/falconnier/Elements/BIDS_datasets_selection/QTIM/sub-0472/ses-01/anat/sub-0472_ses-01_T1w_defacemask.nii.gz,,,,,sub-0472,ses-01,256,256,256,0.9375,0.9,0.9375,0.18410015106201172,16777216,15060889,0.8976989388465881,0.0,1.0,1.0,1.0,0.0,0.0,,,1.0,1.0,1.0,1.0,-2048.0,
QTIM,/run/media/falconnier/Elements/BIDS_datasets_selection/QTIM/sub-0472/ses-01/anat/sub-0472_ses-01_T1w.nii.gz,,,,,sub-0472,ses-01,256,256,256,0.9375,0.9,0.9375,10.64555549621582,16777216,13898887,0.8284382224082947,0.0,399.0,13.25197629133901,3.0,20.775066270423093,2.0,5.670311782736446,2.280723808094121,1.0,1.0,63.0,87.0,2.745544963541054,
QTIM,/run/media/falconnier/Elements/BIDS_datasets_selection/QTIM/sub-0472/ses-02/anat/sub-0472_ses-02_T1w_defacemask.nii.gz,,,,,sub-0472,ses-02,240,256,256,0.9,0.9375,0.9375,0.18611621856689453,15728640,13821619,0.8787548700968425,0.0,1.0,1.0,1.0,0.0,0.0,,,1.0,1.0,1.0,1.0,-2048.0,
QTIM,/run/media/falconnier/Elements/BIDS_datasets_selection/QTIM/sub-0472/ses-02/anat/sub-0472_ses-02_T1w.nii.gz,,,,,sub-0472,ses-02,240,256,256,0.9,0.9375,0.9375,14.136327743530273,15728640,13641191,0.8672835667928059,0.0,1359.0,47.960037653603706,13.0,70.86619353991814,8.0,4.311269826044677,2.0492627760158624,1.0,3.0,217.0,289.0,1.2200724708338453,
QTIM,/run/media/falconnier/Elements/BIDS_datasets_selection/QTIM/sub-0473/ses-01/anat/sub-0473_ses-01_T1w.nii.gz,,,,,sub-0473,ses-01,240,256,256,0.9,0.9375,0.9375,14.709339141845703,15728640,13296150,0.8453464508056641,0.0,715.0,61.401910778684055,19.0,81.99864153327606,12.0,2.5537100517485873,1.7733435062832232,2.0,4.0,250.0,326.0,2.489632866143761,
QTIM,/run/media/falconnier/Elements/BIDS_datasets_selection/QTIM/sub-0473/ses-01/anat/sub-0473_ses-01_T1w_defacemask.nii.gz,,,,,sub-0473,ses-01,240,256,256,0.9,0.9375,0.9375,0.19127273559570312,15728640,13437621,0.854340934753418,0.0,1.0,1.0,1.0,0.0,0.0,,,1.0,1.0,1.0,1.0,-2048.0,
QTIM,/run/media/falconnier/Elements/BIDS_datasets_selection/QTIM/sub-0474/ses-01/anat/sub-0474_ses-01_T1w_defacemask.nii.gz,,,,,sub-0474,ses-01,240,256,256,0.9,0.9375,0.9375,0.16298484802246094,15728640,14226347,0.9044867833455403,0.0,1.0,1.0,1.0,0.0,0.0,,,1.0,1.0,1.0,1.0,-2048.0,
QTIM,/run/media/falconnier/Elements/BIDS_datasets_selection/QTIM/sub-0474/ses-01/anat/sub-0474_ses-01_T1w.nii.gz,,,,,sub-0474,ses-01,240,256,256,0.9,0.9375,0.9375,13.825777053833008,15728640,14021265,0.8914480209350586,0.0,1088.0,39.50890821905156,11.0,64.70926346232523,6.0,5.8188318169435735,2.3954682960452587,1.0,2.0,196.0,284.0,1.436655395147791,
QTIM,/run/media/falconnier/Elements/BIDS_datasets_selection/QTIM/sub-0475/ses-01/anat/sub-0475_ses-01_T1w.nii.gz,,,,,sub-0475,ses-01,256,256,256,0.9375,0.9,0.9375,9.535378456115723,16777216,13251142,0.7898296117782593,0.0,235.0,9.256788433781782,3.0,13.552815719472731,2.0,5.791073816959086,2.215186517372019,1.0,1.0,41.0,56.0,4.283308199503658,
QTIM,/run/media/falconnier/Elements/BIDS_datasets_selection/QTIM/sub-0475/ses-01/anat/sub-0475_ses-01_T1w_defacemask.nii.gz,,,,,sub-0475,ses-01,256,256,256,0.9375,0.9,0.9375,0.17659854888916016,16777216,15006214,0.8944400548934937,0.0,1.0,1.0,1.0,0.0,0.0,,,1.0,1.0,1.0,1.0,-2048.0,
QTIM,/run/media/falconnier/Elements/BIDS_datasets_selection/QTIM/sub-0476/ses-01/anat/sub-0476_ses-01_T1w_defacemask.nii.gz,,,,,sub-0476,ses-01,240,256,256,0.9,0.9375,0.9375,0.16883563995361328,15728640,13564948,0.8624361673990886,0.0,1.0,1.0,1.0,0.0,0.0,,,1.0,1.0,1.0,1.0,-2048.0,
QTIM,/run/media/falconnier/Elements/BIDS_datasets_selection/QTIM/sub-0476/ses-01/anat/sub-0476_ses-01_T1w.nii.gz,,,,,sub-0476,ses-01,240,256,256,0.9,0.9375,0.9375,14.176608085632324,15728640,13411318,0.8526686350504558,0.0,1150.0,52.34939601014606,16.0,75.5700768310777,9.0,3.6055202091184446,2.023956461718693,1.0,4.0,234.0,313.0,1.4882289137125004,
QTIM,/run/media/falconnier/Elements/BIDS_datasets_selection/QTIM/sub-0477/ses-01/anat/sub-0477_ses-01_T1w.nii.gz,,,,,sub-0477,ses-01,256,256,256,0.9375,0.9,0.9375,11.363492965698242,16777216,14208709,0.8469050526618958,0.0,375.0,15.513878143327448,4.0,22.207189500992456,2.0,4.122291050994219,1.9992519407418194,1.0,1.0,67.0,89.0,3.227003376961627,
QTIM,/run/media/falconnier/Elements/BIDS_datasets_selection/QTIM/sub-0477/ses-01/anat/sub-0477_ses-01_T1w_defacemask.nii.gz,,,,,sub-0477,ses-01,256,256,256,0.9375,0.9,0.9375,0.18450546264648438,16777216,15010477,0.8946941494941711,0.0,1.0,1.0,1.0,0.0,0.0,,,1.0,1.0,1.0,1.0,-2048.0,
QTIM,/run/media/falconnier/Elements/BIDS_datasets_selection/QTIM/sub-0478/ses-01/anat/sub-0478_ses-01_T1w_defacemask.nii.gz,,,,,sub-0478,ses-01,256,256,256,0.9375,0.9,0.9375,0.18782901763916016,16777216,14794427,0.881816565990448,0.0,1.0,1.0,1.0,0.0,0.0,,,1.0,1.0,1.0,1.0,-2048.0,
QTIM,/run/media/falconnier/Elements/BIDS_datasets_selection/QTIM/sub-0478/ses-01/anat/sub-0478_ses-01_T1w.nii.gz,,,,,sub-0478,ses-01,256,256,256,0.9375,0.9,0.9375,9.861312866210938,16777216,13325762,0.7942773103713989,0.0,365.0,10.737835029621571,3.0,16.04173099444222,2.0,5.43607060371167,2.1907425964184837,1.0,1.0,49.0,66.0,2.819629048513028,
QTIM,/run/media/falconnier/Elements/BIDS_datasets_selection/QTIM/sub-0479/ses-01/anat/sub-0479_ses-01_T1w.nii.gz,,,,,sub-0479,ses-01,256,256,256,0.9375,0.9,0.9375,10.026863098144531,16777216,13699073,0.8165283799171448,0.0,347.0,10.377273849113733,3.0,16.709549430193643,2.0,7.973971100685938,2.5535598685066643,1.0,1.0,50.0,71.0,2.884878170252124,
QTIM,/run/media/falconnier/Elements/BIDS_datasets_selection/QTIM/sub-0479/ses-01/anat/sub-0479_ses-01_T1w_defacemask.nii.gz,,,,,sub-0479,ses-01,256,256,256,0.9375,0.9,0.9375,0.17522430419921875,16777216,15164010,0.9038454294204712,0.0,1.0,1.0,1.0,0.0,0.0,,,1.0,1.0,1.0,1.0,-2048.0,
QTIM,/run/media/falconnier/Elements/BIDS_datasets_selection/QTIM/sub-0480/ses-01/anat/sub-0480_ses-01_T1w_defacemask.nii.gz,,,,,sub-0480,ses-01,256,256,256,0.9375,0.9,0.9375,0.16312313079833984,16777216,15077381,0.8986819386482239,0.0,1.0,1.0,1.0,0.0,0.0,,,1.0,1.0,1.0,1.0,-2048.0,
QTIM,/run/media/falconnier/Elements/BIDS_datasets_selection/QTIM/sub-0480/ses-01/anat/sub-0480_ses-01_T1w.nii.gz,,,,,sub-0480,ses-01,256,256,256,0.9375,0.9,0.9375,10.392088890075684,16777216,13808633,0.8230586647987366,0.0,354.0,12.33749082910669,3.0,19.85899190003342,2.0,7.473861589823743,2.4872368992720735,1.0,1.0,59.0,83.0,3.0085362995263085,
QTIM,/run/media/falconnier/Elements/BIDS_datasets_selection/QTIM/sub-0481/ses-01/anat/sub-0481_ses-01_T1w_defacemask.nii.gz,,,,,sub-0481,ses-01,256,256,256,0.9375,0.9,0.9375,0.18125152587890625,16777216,14923132,0.8894879817962646,0.0,1.0,1.0,1.0,0.0,0.0,,,1.0,1.0,1.0,1.0,-2048.0,
QTIM,/run/media/falconnier/Elements/BIDS_datasets_selection/QTIM/sub-0481/ses-01/anat/sub-0481_ses-01_T1w.nii.gz,,,,,sub-0481,ses-01,256,256,256,0.9375,0.9,0.9375,11.2986478805542,16777216,14146934,0.843222975730896,0.0,437.0,15.190327741685937,4.0,22.131054162670956,2.0,6.543530747349719,2.25989243321026,1.0,1.0,66.0,90.0,2.7588876678415803,
QTIM,/run/media/falconnier/Elements/BIDS_datasets_selection/QTIM/sub-0481/ses-02/anat/sub-0481_ses-02_T1w_defacemask.nii.gz,,,,,sub-0481,ses-02,256,256,256,0.9375,0.9,0.9375,0.18130016326904297,16777216,14873160,0.8865094184875488,0.0,1.0,1.0,1.0,0.0,0.0,,,1.0,1.0,1.0,1.0,-2048.0,
QTIM,/run/media/falconnier/Elements/BIDS_datasets_selection/QTIM/sub-0481/ses-02/anat/sub-0481_ses-02_T1w.nii.gz,,,,,sub-0481,ses-02,256,256,256,0.9375,0.9,0.9375,10.912818908691406,16777216,13956261,0.8318579792976379,0.0,385.0,13.76873526512581,4.0,19.902730689093428,3.0,6.905735072675011,2.2889561608757276,1.0,1.0,59.0,81.0,3.0653006629522306,
QTIM,/run/media/falconnier/Elements/BIDS_datasets_selection/QTIM/sub-0482/ses-01/anat/sub-0482_ses-01_T1w_defacemask.nii.gz,,,,,sub-0482,ses-01,256,256,256,0.9375,0.9,0.9375,0.18410968780517578,16777216,14854706,0.8854094743728638,0.0,1.0,1.0,1.0,0.0,0.0,,,1.0,1.0,1.0,1.0,-2048.0,
QTIM,/run/media/falconnier/Elements/BIDS_datasets_selection/QTIM/sub-0482/ses-01/anat/sub-0482_ses-01_T1w.nii.gz,,,,,sub-0482,ses-01,256,256,256,0.9375,0.9,0.9375,10.836292266845703,16777216,13873848,0.8269457817077637,0.0,453.0,14.136222409240753,4.0,21.81491966592663,2.0,7.382745898863069,2.3647716744545595,1.0,1.0,65.0,88.0,2.542278811136138,
QTIM,/run/media/falconnier/Elements/BIDS_datasets_selection/QTIM/sub-0483/ses-01/anat/sub-0483_ses-01_T1w.nii.gz,,,,,sub-0483,ses-01,256,256,256,0.9375,0.9,0.9375,11.028534889221191,16777216,14058375,0.8379444479942322,0.0,405.0,14.952102856838005,4.0,22.373675643449975,3.0,4.9645398548159925,2.1259636345374324,1.0,1.0,67.0,90.0,2.882811987461871,
QTIM,/run/media/falconnier/Elements/BIDS_datasets_selection/QTIM/sub-0483/ses-01/anat/sub-0483_ses-01_T1w_defacemask.nii.gz,,,,,sub-0483,ses-01,256,256,256,0.9375,0.9,0.9375,0.17391586303710938,16777216,15014282,0.8949209451675415,0.0,1.0,1.0,1.0,0.0,0.0,,,1.0,1.0,1.0,1.0,-2048.0,
QTIM,/run/media/falconnier/Elements/BIDS_datasets_selection/QTIM/sub-0484/ses-01/anat/sub-0484_ses-01_T1w.nii.gz,,,,,sub-0484,ses-01,256,256,256,0.9375,0.9,0.9375,10.51330280303955,16777216,13919194,0.8296486139297485,0.0,364.0,12.459421572829577,3.0,19.52714628740145,2.0,6.310067000449658,2.3393951384377525,1.0,1.0,59.0,81.0,2.973546671278641,
QTIM,/run/media/falconnier/Elements/BIDS_datasets_selection/QTIM/sub-0484/ses-01/anat/sub-0484_ses-01_T1w_defacemask.nii.gz,,,,,sub-0484,ses-01,256,256,256,0.9375,0.9,0.9375,0.1782693862915039,16777216,15059916,0.8976409435272217,0.0,1.0,1.0,1.0,0.0,0.0,,,1.0,1.0,1.0,1.0,-2048.0,
QTIM,/run/media/falconnier/Elements/BIDS_datasets_selection/QTIM/sub-0485/ses-01/anat/sub-0485_ses-01_T1w_defacemask.nii.gz,,,,,sub-0485,ses-01,256,256,256,0.9375,0.9,0.9375,0.1863994598388672,16777216,15104892,0.9003217220306396,0.0,1.0,1.0,1.0,0.0,0.0,,,1.0,1.0,1.0,1.0,-2048.0,
QTIM,/run/media/falconnier/Elements/BIDS_datasets_selection/QTIM/sub-0485/ses-01/anat/sub-0485_ses-01_T1w.nii.gz,,,,,sub-0485,ses-01,256,256,256,0.9375,0.9,0.9375,10.96521282196045,16777216,14148151,0.8432955145835876,0.0,417.0,13.264527004270734,4.0,19.53710203428707,2.0,6.263950599157656,2.2758659167089017,1.0,1.0,58.0,81.0,2.750430708478768,
QTIM,/run/media/falconnier/Elements/BIDS_datasets_selection/QTIM/sub-0486/ses-01/anat/sub-0486_ses-01_T1w.nii.gz,,,,,sub-0486,ses-01,256,256,256,0.9375,0.9,0.9375,10.769110679626465,16777216,14028202,0.8361459970474243,0.0,374.0,12.550972961467194,4.0,19.336040901066937,2.0,6.514836836433966,2.3742449202415354,1.0,1.0,58.0,81.0,2.984900409711459,
QTIM,/run/media/falconnier/Elements/BIDS_datasets_selection/QTIM/sub-0486/ses-01/anat/sub-0486_ses-01_T1w_defacemask.nii.gz,,,,,sub-0486,ses-01,256,256,256,0.9375,0.9,0.9375,0.17810344696044922,16777216,15054102,0.8972944021224976,0.0,1.0,1.0,1.0,0.0,0.0,,,1.0,1.0,1.0,1.0,-2048.0,
QTIM,/run/media/falconnier/Elements/BIDS_datasets_selection/QTIM/sub-0487/ses-01/anat/sub-0487_ses-01_T1w_defacemask.nii.gz,,,,,sub-0487,ses-01,256,256,256,0.9375,0.9,0.9375,0.18143558502197266,16777216,15043952,0.8966894149780273,0.0,1.0,1.0,1.0,0.0,0.0,,,1.0,1.0,1.0,1.0,-2048.0,
QTIM,/run/media/falconnier/Elements/BIDS_datasets_selection/QTIM/sub-0487/ses-01/anat/sub-0487_ses-01_T1w.nii.gz,,,,,sub-0487,ses-01,256,256,256,0.9375,0.9,0.9375,10.619531631469727,16777216,14023616,0.8358726501464844,0.0,490.0,12.069200768189887,3.0,18.799408034098207,2.0,6.077240411351184,2.321667073509745,1.0,1.0,58.0,80.0,2.288137090089396,
QTIM,/run/media/falconnier/Elements/BIDS_datasets_selection/QTIM/sub-0488/ses-01/anat/sub-0488_ses-01_T1w_defacemask.nii.gz,,,,,sub-0488,ses-01,256,256,256,0.9375,0.9,0.9375,0.19208621978759766,16777216,15051861,0.8971608281135559,0.0,1.0,1.0,1.0,0.0,0.0,,,1.0,1.0,1.0,1.0,-2048.0,
QTIM,/run/media/falconnier/Elements/BIDS_datasets_selection/QTIM/sub-0488/ses-01/anat/sub-0488_ses-01_T1w.nii.gz,,,,,sub-0488,ses-01,256,256,256,0.9375,0.9,0.9375,9.932049751281738,16777216,13715073,0.817482054233551,0.0,289.0,9.987354715501697,3.0,14.68958803945114,2.0,5.89737873835967,2.2494085485562874,1.0,1.0,45.0,62.0,3.461480547323894,
QTIM,/run/media/falconnier/Elements/BIDS_datasets_selection/QTIM/sub-0489/ses-01/anat/sub-0489_ses-01_T1w_defacemask.nii.gz,,,,,sub-0489,ses-01,240,256,256,0.9,0.9375,0.9375,0.1503925323486328,15728640,13930135,0.8856541315714518,0.0,1.0,1.0,1.0,0.0,0.0,,,1.0,1.0,1.0,1.0,-2048.0,
QTIM,/run/media/falconnier/Elements/BIDS_datasets_selection/QTIM/sub-0489/ses-01/anat/sub-0489_ses-01_T1w.nii.gz,,,,,sub-0489,ses-01,240,256,256,0.9,0.9375,0.9375,14.34865665435791,15728640,13764500,0.8751233418782552,0.0,1427.0,50.563245740855095,14.0,77.78307308220292,8.0,5.450804508835233,2.266138425520223,1.0,3.0,235.0,328.0,1.1754745020321147,
QTIM,/run/media/falconnier/Elements/BIDS_datasets_selection/QTIM/sub-0490/ses-01/anat/sub-0490_ses-01_T1w_defacemask.nii.gz,,,,,sub-0490,ses-01,256,256,256,0.9375,0.9,0.9375,0.16650009155273438,16777216,15128384,0.9017219543457031,0.0,1.0,1.0,1.0,0.0,0.0,,,1.0,1.0,1.0,1.0,-2048.0,
QTIM,/run/media/falconnier/Elements/BIDS_datasets_selection/QTIM/sub-0490/ses-01/anat/sub-0490_ses-01_T1w.nii.gz,,,,,sub-0490,ses-01,256,256,256,0.9375,0.9,0.9375,10.186429023742676,16777216,13806858,0.8229528665542603,0.0,331.0,11.423008913396517,3.0,18.85880045024795,2.0,7.636260473548621,2.5866474927084337,1.0,1.0,56.0,81.0,3.125425024198686,
QTIM,/run/media/falconnier/Elements/BIDS_datasets_selection/QTIM/sub-0491/ses-01/anat/sub-0491_ses-01_T1w_defacemask.nii.gz,,,,,sub-0491,ses-01,240,256,256,0.9,0.9375,0.9375,0.1757669448852539,15728640,13712032,0.8717875162760417,0.0,1.0,1.0,1.0,0.0,0.0,,,1.0,1.0,1.0,1.0,-2048.0,
QTIM,/run/media/falconnier/Elements/BIDS_datasets_selection/QTIM/sub-0492/ses-01/anat/sub-0492_ses-01_T1w_defacemask.nii.gz,,,,,sub-0492,ses-01,240,256,256,0.9,0.9375,0.9375,0.17154788970947266,15728640,13913580,0.8846015930175781,0.0,1.0,1.0,1.0,0.0,0.0,,,1.0,1.0,1.0,1.0,-2048.0,
QTIM,/run/media/falconnier/Elements/BIDS_datasets_selection/QTIM/sub-0491/ses-01/anat/sub-0491_ses-01_T1w.nii.gz,,,,,sub-0491,ses-01,240,256,256,0.9,0.9375,0.9375,14.282949447631836,15728640,13550877,0.8615415573120118,0.0,1380.0,52.36955881158098,15.0,77.26578397946615,9.0,4.444393318641111,2.090168204536564,1.0,3.0,234.0,323.0,1.2317619717893373,
QTIM,/run/media/falconnier/Elements/BIDS_datasets_selection/QTIM/sub-0492/ses-01/anat/sub-0492_ses-01_T1w.nii.gz,,,,,sub-0492,ses-01,240,256,256,0.9,0.9375,0.9375,13.988370895385742,15728640,13721884,0.8724138895670573,0.0,1555.0,47.45495450916215,12.0,77.78569699310329,7.0,5.228355447148786,2.290441745713689,1.0,3.0,237.0,331.0,1.033955801210169,
QTIM,/run/media/falconnier/Elements/BIDS_datasets_selection/QTIM/sub-0493/ses-01/anat/sub-0493_ses-01_T1w_defacemask.nii.gz,,,,,sub-0493,ses-01,240,256,256,0.9,0.9375,0.9375,0.1621685028076172,15728640,13620318,0.8659564971923828,0.0,1.0,1.0,1.0,0.0,0.0,,,1.0,1.0,1.0,1.0,-2048.0,
QTIM,/run/media/falconnier/Elements/BIDS_datasets_selection/QTIM/sub-0493/ses-01/anat/sub-0493_ses-01_T1w.nii.gz,,,,,sub-0493,ses-01,240,256,256,0.9,0.9375,0.9375,14.66023063659668,15728640,13473898,0.8566473642985026,0.0,1257.0,60.14303796867098,18.0,84.15746760246337,12.0,5.040261903445076,2.089779062862346,2.0,4.0,249.0,340.0,1.4128517994895355,
QTIM,/run/media/falconnier/Elements/BIDS_datasets_selection/QTIM/sub-0494/ses-01/anat/sub-0494_ses-01_T1w_defacemask.nii.gz,,,,,sub-0494,ses-01,240,256,256,0.9,0.9375,0.9375,0.1586313247680664,15728640,13780504,0.876140848795573,0.0,1.0,1.0,1.0,0.0,0.0,,,1.0,1.0,1.0,1.0,-2048.0,
QTIM,/run/media/falconnier/Elements/BIDS_datasets_selection/QTIM/sub-0494/ses-01/anat/sub-0494_ses-01_T1w.nii.gz,,,,,sub-0494,ses-01,240,256,256,0.9,0.9375,0.9375,14.019390106201172,15728640,13598835,0.8645906448364258,0.0,1232.0,49.387797778265565,13.0,76.59035217233323,8.0,4.667485716018623,2.1853305535298553,1.0,3.0,234.0,319.0,1.3407704167025618,
QTIM,/run/media/falconnier/Elements/BIDS_datasets_selection/QTIM/sub-0495/ses-01/anat/sub-0495_ses-01_T1w.nii.gz,,,,,sub-0495,ses-01,256,256,256,0.9375,0.9,0.9375,9.797281265258789,16777216,13510044,0.8052613735198975,0.0,402.0,9.844696508760444,3.0,14.891875728123642,2.0,8.67380882024462,2.5198045072021786,1.0,1.0,45.0,62.0,2.527175198996702,
QTIM,/run/media/falconnier/Elements/BIDS_datasets_selection/QTIM/sub-0495/ses-01/anat/sub-0495_ses-01_T1w_defacemask.nii.gz,,,,,sub-0495,ses-01,256,256,256,0.9375,0.9,0.9375,0.17560672760009766,16777216,14980968,0.8929352760314941,0.0,1.0,1.0,1.0,0.0,0.0,,,1.0,1.0,1.0,1.0,-2048.0,
QTIM,/run/media/falconnier/Elements/BIDS_datasets_selection/QTIM/sub-0496/ses-01/anat/sub-0496_ses-01_T1w_defacemask.nii.gz,,,,,sub-0496,ses-01,256,256,256,0.9375,0.9,0.9375,0.1689605712890625,16777216,15073293,0.8984382748603821,0.0,1.0,1.0,1.0,0.0,0.0,,,1.0,1.0,1.0,1.0,-2048.0,
QTIM,/run/media/falconnier/Elements/BIDS_datasets_selection/QTIM/sub-0496/ses-01/anat/sub-0496_ses-01_T1w.nii.gz,,,,,sub-0496,ses-01,256,256,256,0.9375,0.9,0.9375,9.54331111907959,16777216,13327245,0.7943657040596008,0.0,276.0,9.3768816435805,3.0,14.44283839633995,2.0,6.49120375097487,2.3871682853796097,1.0,1.0,43.0,61.0,3.3496356316037295,
QTIM,/run/media/falconnier/Elements/BIDS_datasets_selection/QTIM/sub-0497/ses-01/anat/sub-0497_ses-01_T1w_defacemask.nii.gz,,,,,sub-0497,ses-01,256,256,256,0.9375,0.9,0.9375,0.1585845947265625,16777216,15146387,0.9027950167655945,0.0,1.0,1.0,1.0,0.0,0.0,,,1.0,1.0,1.0,1.0,-2048.0,
QTIM,/run/media/falconnier/Elements/BIDS_datasets_selection/QTIM/sub-0497/ses-01/anat/sub-0497_ses-01_T1w.nii.gz,,,,,sub-0497,ses-01,256,256,256,0.9375,0.9,0.9375,11.183692932128906,16777216,14328789,0.8540623784065247,0.0,336.0,14.159877851505804,4.0,20.593755253213768,3.0,5.639486861580989,2.252917413568557,1.0,1.0,62.0,85.0,3.5571031959413624,
QTIM,/run/media/falconnier/Elements/BIDS_datasets_selection/QTIM/sub-0498/ses-01/anat/sub-0498_ses-01_T1w_defacemask.nii.gz,,,,,sub-0498,ses-01,256,256,256,0.9375,0.9,0.9375,0.18392086029052734,16777216,15126651,0.9016186594963074,0.0,1.0,1.0,1.0,0.0,0.0,,,1.0,1.0,1.0,1.0,-2048.0,
QTIM,/run/media/falconnier/Elements/BIDS_datasets_selection/QTIM/sub-0498/ses-01/anat/sub-0498_ses-01_T1w.nii.gz,,,,,sub-0498,ses-01,256,256,256,0.9375,0.9,0.9375,10.361119270324707,16777216,13863832,0.8263487815856934,0.0,369.0,11.638734802902977,3.0,17.604440962516893,2.0,6.367413006104389,2.3381902257100484,1.0,1.0,52.0,74.0,2.9367311506814042,
QTIM,/run/media/falconnier/Elements/BIDS_datasets_selection/QTIM/sub-0499/ses-01/anat/sub-0499_ses-01_T1w.nii.gz,,,,,sub-0499,ses-01,256,256,256,0.9375,0.9,0.9375,9.788651466369629,16777216,13598490,0.8105331659317017,0.0,307.0,9.6041539906269,3.0,14.229864850491918,2.0,5.576965748346833,2.2511037048739317,1.0,1.0,44.0,61.0,3.211191935291632,
QTIM,/run/media/falconnier/Elements/BIDS_datasets_selection/QTIM/sub-0499/ses-01/anat/sub-0499_ses-01_T1w_defacemask.nii.gz,,,,,sub-0499,ses-01,256,256,256,0.9375,0.9,0.9375,0.16287708282470703,16777216,15077920,0.8987140655517578,0.0,1.0,1.0,1.0,0.0,0.0,,,1.0,1.0,1.0,1.0,-2048.0,
QTIM,/run/media/falconnier/Elements/BIDS_datasets_selection/QTIM/sub-0499/ses-02/anat/sub-0499_ses-02_T1w_defacemask.nii.gz,,,,,sub-0499,ses-02,256,256,256,0.9375,0.9,0.9375,0.17734146118164062,16777216,15025634,0.8955975770950317,0.0,1.0,1.0,1.0,0.0,0.0,,,1.0,1.0,1.0,1.0,-2048.0,
QTIM,/run/media/falconnier/Elements/BIDS_datasets_selection/QTIM/sub-0499/ses-02/anat/sub-0499_ses-02_T1w.nii.gz,,,,,sub-0499,ses-02,256,256,256,0.9375,0.9,0.9375,10.932540893554688,16777216,14132225,0.8423462510108948,0.0,376.0,13.329800579880379,4.0,19.603890861956902,2.0,4.854948361102423,2.1390776920425942,1.0,1.0,60.0,81.0,3.0595088600845437,
QTIM,/run/media/falconnier/Elements/BIDS_datasets_selection/QTIM/sub-0500/ses-01/anat/sub-0500_ses-01_T1w_defacemask.nii.gz,,,,,sub-0500,ses-01,256,256,256,0.9375,0.9,0.9375,0.17917823791503906,16777216,15028531,0.895770251750946,0.0,1.0,1.0,1.0,0.0,0.0,,,1.0,1.0,1.0,1.0,-2048.0,
QTIM,/run/media/falconnier/Elements/BIDS_datasets_selection/QTIM/sub-0500/ses-01/anat/sub-0500_ses-01_T1w.nii.gz,,,,,sub-0500,ses-01,256,256,256,0.9375,0.9,0.9375,9.545766830444336,16777216,13245700,0.7895052433013916,0.0,300.0,9.408644918728342,3.0,15.154101861901092,2.0,8.16747822647788,2.58322183854147,1.0,1.0,45.0,65.0,3.0929186775912396,
QTIM,/run/media/falconnier/Elements/BIDS_datasets_selection/QTIM/sub-0501/ses-01/anat/sub-0501_ses-01_T1w_defacemask.nii.gz,,,,,sub-0501,ses-01,240,256,256,0.9,0.9375,0.9375,0.16337966918945312,15728640,13687917,0.8702543258666993,0.0,1.0,1.0,1.0,0.0,0.0,,,1.0,1.0,1.0,1.0,-2048.0,
QTIM,/run/media/falconnier/Elements/BIDS_datasets_selection/QTIM/sub-0501/ses-01/anat/sub-0501_ses-01_T1w.nii.gz,,,,,sub-0501,ses-01,240,256,256,0.9,0.9375,0.9375,14.123862266540527,15728640,13520952,0.8596389770507813,0.0,1421.0,50.44995359794192,14.0,74.88037300710756,8.0,4.145222512186402,2.0815393704711638,1.0,3.0,231.0,308.0,1.185575038278412,
QTIM,/run/media/falconnier/Elements/BIDS_datasets_selection/QTIM/sub-0502/ses-01/anat/sub-0502_ses-01_T1w_defacemask.nii.gz,,,,,sub-0502,ses-01,240,256,256,0.9,0.9375,0.9375,0.17353439331054688,15728640,13877146,0.8822851816813151,0.0,1.0,1.0,1.0,0.0,0.0,,,1.0,1.0,1.0,1.0,-2048.0,
QTIM,/run/media/falconnier/Elements/BIDS_datasets_selection/QTIM/sub-0502/ses-01/anat/sub-0502_ses-01_T1w.nii.gz,,,,,sub-0502,ses-01,240,256,256,0.9,0.9375,0.9375,13.811260223388672,15728640,13683721,0.8699875513712565,0.0,1061.0,43.3231034891752,12.0,70.22577196867287,7.0,5.091049140980653,2.3226897780504476,1.0,3.0,217.0,303.0,1.509713816440331,
QTIM,/run/media/falconnier/Elements/BIDS_datasets_selection/QTIM/sub-0503/ses-01/anat/sub-0503_ses-01_T1w.nii.gz,,,,,sub-0503,ses-01,256,256,256,0.9375,0.9,0.9375,10.2659273147583,16777216,13688130,0.8158761262893677,0.0,318.0,11.658587915222897,3.0,16.812881420168065,2.0,6.1498762748648605,2.221508043773713,1.0,1.0,51.0,69.0,3.4115156288279445,
QTIM,/run/media/falconnier/Elements/BIDS_datasets_selection/QTIM/sub-0503/ses-01/anat/sub-0503_ses-01_T1w_defacemask.nii.gz,,,,,sub-0503,ses-01,256,256,256,0.9375,0.9,0.9375,0.16918468475341797,16777216,14882324,0.8870556354522705,0.0,1.0,1.0,1.0,0.0,0.0,,,1.0,1.0,1.0,1.0,-2048.0,
QTIM,/run/media/falconnier/Elements/BIDS_datasets_selection/QTIM/sub-0504/ses-01/anat/sub-0504_ses-01_T1w.nii.gz,,,,,sub-0504,ses-01,256,256,256,0.9375,0.9,0.9375,10.617643356323242,16777216,13975265,0.8329907059669495,0.0,313.0,12.360911009558674,4.0,17.215799712977503,3.0,6.053626831762328,2.181490631836501,1.0,1.0,51.0,68.0,3.59482792354559,
QTIM,/run/media/falconnier/Elements/BIDS_datasets_selection/QTIM/sub-0504/ses-01/anat/sub-0504_ses-01_T1w_defacemask.nii.gz,,,,,sub-0504,ses-01,256,256,256,0.9375,0.9,0.9375,0.16838455200195312,16777216,15095988,0.8997910022735596,0.0,1.0,1.0,1.0,0.0,0.0,,,1.0,1.0,1.0,1.0,-2048.0,
QTIM,/run/media/falconnier/Elements/BIDS_datasets_selection/QTIM/sub-0505/ses-01/anat/sub-0505_ses-01_T1w.nii.gz,,,,,sub-0505,ses-01,256,256,256,0.9375,0.9,0.9375,9.976787567138672,16777216,13493357,0.8042667508125305,0.0,399.0,11.35019654486278,3.0,17.833033025896565,2.0,5.385103046269444,2.1965132000490164,1.0,1.0,54.0,73.0,2.5266648139818932,
QTIM,/run/media/falconnier/Elements/BIDS_datasets_selection/QTIM/sub-0505/ses-01/anat/sub-0505_ses-01_T1w_defacemask.nii.gz,,,,,sub-0505,ses-01,256,256,256,0.9375,0.9,0.9375,0.1705341339111328,16777216,15124850,0.9015113115310669,0.0,1.0,1.0,1.0,0.0,0.0,,,1.0,1.0,1.0,1.0,-2048.0,
QTIM,/run/media/falconnier/Elements/BIDS_datasets_selection/QTIM/sub-0506/ses-01/anat/sub-0506_ses-01_T1w_defacemask.nii.gz,,,,,sub-0506,ses-01,240,256,256,0.9,0.9375,0.9375,0.15807628631591797,15728640,13975659,0.888548469543457,0.0,1.0,1.0,1.0,0.0,0.0,,,1.0,1.0,1.0,1.0,-2048.0,
QTIM,/run/media/falconnier/Elements/BIDS_datasets_selection/QTIM/sub-0506/ses-01/anat/sub-0506_ses-01_T1w.nii.gz,,,,,sub-0506,ses-01,240,256,256,0.9,0.9375,0.9375,14.156962394714355,15728640,13800420,0.8774070739746094,0.0,1497.0,49.30578228778545,13.0,81.34836367253692,7.0,5.933336617943457,2.3938436253119435,1.0,3.0,250.0,346.0,1.096434108907075,
QTIM,/run/media/falconnier/Elements/BIDS_datasets_selection/QTIM/sub-0507/ses-01/anat/sub-0507_ses-01_T1w_defacemask.nii.gz,,,,,sub-0507,ses-01,240,256,256,0.9,0.9375,0.9375,0.18456649780273438,15728640,13824684,0.8789497375488281,0.0,1.0,1.0,1.0,0.0,0.0,,,1.0,1.0,1.0,1.0,-2048.0,
QTIM,/run/media/falconnier/Elements/BIDS_datasets_selection/QTIM/sub-0507/ses-01/anat/sub-0507_ses-01_T1w.nii.gz,,,,,sub-0507,ses-01,240,256,256,0.9,0.9375,0.9375,15.008037567138672,15728640,13673432,0.8693333943684896,0.0,1283.0,63.51687849839016,17.0,93.77587081772195,11.0,4.200117211052243,2.0636143806173513,2.0,4.0,283.0,378.0,1.3738812663295312,
QTIM,/run/media/falconnier/Elements/BIDS_datasets_selection/QTIM/sub-0508/ses-01/anat/sub-0508_ses-01_T1w_defacemask.nii.gz,,,,,sub-0508,ses-01,240,256,256,0.9,0.9375,0.9375,0.18223285675048828,15728640,13971557,0.8882876714070638,0.0,1.0,1.0,1.0,0.0,0.0,,,1.0,1.0,1.0,1.0,-2048.0,
QTIM,/run/media/falconnier/Elements/BIDS_datasets_selection/QTIM/sub-0508/ses-01/anat/sub-0508_ses-01_T1w.nii.gz,,,,,sub-0508,ses-01,240,256,256,0.9,0.9375,0.9375,13.925281524658203,15728640,13781025,0.8761739730834961,0.0,1335.0,44.719373994314644,12.0,72.76899194081561,7.0,5.874708882036549,2.374343586248085,1.0,3.0,218.0,316.0,1.2050793679275196,
QTIM,/run/media/falconnier/Elements/BIDS_datasets_selection/QTIM/sub-0509/ses-01/anat/sub-0509_ses-01_T1w.nii.gz,,,,,sub-0509,ses-01,256,256,256,0.9375,0.9,0.9375,10.835737228393555,16777216,14028354,0.8361550569534302,0.0,343.0,13.034457642001335,4.0,19.00614490822241,3.0,6.133901993656963,2.2754432037583165,1.0,1.0,56.0,79.0,3.312018727702235,
QTIM,/run/media/falconnier/Elements/BIDS_datasets_selection/QTIM/sub-0509/ses-01/anat/sub-0509_ses-01_T1w_defacemask.nii.gz,,,,,sub-0509,ses-01,256,256,256,0.9375,0.9,0.9375,0.17433547973632812,16777216,14993139,0.8936607241630554,0.0,1.0,1.0,1.0,0.0,0.0,,,1.0,1.0,1.0,1.0,-2048.0,
QTIM,/run/media/falconnier/Elements/BIDS_datasets_selection/QTIM/sub-0510/ses-01/anat/sub-0510_ses-01_T1w_defacemask.nii.gz,,,,,sub-0510,ses-01,240,256,256,0.9,0.9375,0.9375,0.18011760711669922,15728640,13827541,0.8791313807169596,0.0,1.0,1.0,1.0,0.0,0.0,,,1.0,1.0,1.0,1.0,-2048.0,
QTIM,/run/media/falconnier/Elements/BIDS_datasets_selection/QTIM/sub-0510/ses-01/anat/sub-0510_ses-01_T1w.nii.gz,,,,,sub-0510,ses-01,240,256,256,0.9,0.9375,0.9375,14.532480239868164,15728640,13661674,0.8685858408610027,0.0,1219.0,52.91634268245605,14.0,76.21378136348451,9.0,3.7754095733262423,1.9812787872468238,1.0,3.0,232.0,306.0,1.3914498031144267,
QTIM,/run/media/falconnier/Elements/BIDS_datasets_selection/QTIM/sub-0511/ses-01/anat/sub-0511_ses-01_T1w_defacemask.nii.gz,,,,,sub-0511,ses-01,240,256,256,0.9,0.9375,0.9375,0.17339706420898438,15728640,13959133,0.8874977747599284,0.0,1.0,1.0,1.0,0.0,0.0,,,1.0,1.0,1.0,1.0,-2048.0,
QTIM,/run/media/falconnier/Elements/BIDS_datasets_selection/QTIM/sub-0511/ses-01/anat/sub-0511_ses-01_T1w.nii.gz,,,,,sub-0511,ses-01,240,256,256,0.9,0.9375,0.9375,14.10360050201416,15728640,13776603,0.8758928298950195,0.0,1350.0,47.075656821932085,12.0,75.21561640128391,7.0,5.207939691795739,2.2613915075257904,1.0,3.0,231.0,317.0,1.2080674246747691,
QTIM,/run/media/falconnier/Elements/BIDS_datasets_selection/QTIM/sub-0512/ses-01/anat/sub-0512_ses-01_T1w_defacemask.nii.gz,,,,,sub-0512,ses-01,256,256,256,0.9375,0.9,0.9375,0.16727066040039062,16777216,14961343,0.8917655348777771,0.0,1.0,1.0,1.0,0.0,0.0,,,1.0,1.0,1.0,1.0,-2048.0,
QTIM,/run/media/falconnier/Elements/BIDS_datasets_selection/QTIM/sub-0512/ses-01/anat/sub-0512_ses-01_T1w.nii.gz,,,,,sub-0512,ses-01,256,256,256,0.9375,0.9,0.9375,9.693668365478516,16777216,13383251,0.7977039217948914,0.0,385.0,9.980280501352025,3.0,16.294267092053953,2.0,8.648984738044735,2.5894243795987437,1.0,1.0,49.0,70.0,2.5842284033909175,
QTIM,/run/media/falconnier/Elements/BIDS_datasets_selection/QTIM/sub-0513/ses-01/anat/sub-0513_ses-01_T1w.nii.gz,,,,,sub-0513,ses-01,256,256,256,0.9375,0.9,0.9375,9.51466178894043,16777216,13306191,0.7931107878684998,0.0,324.0,9.599139753818354,3.0,14.981121293872027,2.0,7.79779078235137,2.4574555228044943,1.0,1.0,45.0,63.0,2.9680376811108764,
QTIM,/run/media/falconnier/Elements/BIDS_datasets_selection/QTIM/sub-0513/ses-01/anat/sub-0513_ses-01_T1w_defacemask.nii.gz,,,,,sub-0513,ses-01,256,256,256,0.9375,0.9,0.9375,0.17939472198486328,16777216,14952843,0.8912588953971863,0.0,1.0,1.0,1.0,0.0,0.0,,,1.0,1.0,1.0,1.0,-2048.0,
QTIM,/run/media/falconnier/Elements/BIDS_datasets_selection/QTIM/sub-0513/ses-02/anat/sub-0513_ses-02_T1w_defacemask.nii.gz,,,,,sub-0513,ses-02,256,240,256,0.9375,0.9,0.9375,0.16212177276611328,15728640,13990507,0.8894924799601237,0.0,1.0,1.0,1.0,0.0,0.0,,,1.0,1.0,1.0,1.0,-2048.0,
QTIM,/run/media/falconnier/Elements/BIDS_datasets_selection/QTIM/sub-0513/ses-02/anat/sub-0513_ses-02_T1w.nii.gz,,,,,sub-0513,ses-02,256,240,256,0.9375,0.9,0.9375,14.55889892578125,15728640,13813300,0.8782259623209635,0.0,1587.0,50.14106694272911,15.0,76.27750387726886,9.0,5.545781818427242,2.2613427870727127,1.0,3.0,235.0,325.0,1.0647702190348542,
QTIM,/run/media/falconnier/Elements/BIDS_datasets_selection/QTIM/sub-0514/ses-01/anat/sub-0514_ses-01_T1w_defacemask.nii.gz,,,,,sub-0514,ses-01,256,256,256,0.9375,0.9,0.9375,0.1920185089111328,16777216,14838426,0.8844391107559204,0.0,1.0,1.0,1.0,0.0,0.0,,,1.0,1.0,1.0,1.0,-2048.0,
QTIM,/run/media/falconnier/Elements/BIDS_datasets_selection/QTIM/sub-0514/ses-01/anat/sub-0514_ses-01_T1w.nii.gz,,,,,sub-0514,ses-01,256,256,256,0.9375,0.9,0.9375,10.030808448791504,16777216,13573372,0.8090360164642334,0.0,303.0,11.17634195835788,3.0,16.135886532282083,2.0,4.692948497084639,2.0957286716247556,1.0,1.0,49.0,67.0,3.469128899245523,
QTIM,/run/media/falconnier/Elements/BIDS_datasets_selection/QTIM/sub-0514/ses-02/anat/sub-0514_ses-02_T1w_defacemask.nii.gz,,,,,sub-0514,ses-02,256,256,256,0.9375,0.9,0.9375,0.175537109375,16777216,14844545,0.884803831577301,0.0,1.0,1.0,1.0,0.0,0.0,,,1.0,1.0,1.0,1.0,-2048.0,
QTIM,/run/media/falconnier/Elements/BIDS_datasets_selection/QTIM/sub-0514/ses-02/anat/sub-0514_ses-02_T1w.nii.gz,,,,,sub-0514,ses-02,256,256,256,0.9375,0.9,0.9375,10.775938987731934,16777216,13950176,0.8314952850341797,0.0,315.0,13.820836095544601,4.0,20.378914059738364,2.0,4.632634391799656,2.118319607111154,1.0,1.0,62.0,84.0,3.6572139367412313,
QTIM,/run/media/falconnier/Elements/BIDS_datasets_selection/QTIM/sub-0515/ses-01/anat/sub-0515_ses-01_T1w.nii.gz,,,,,sub-0515,ses-01,256,256,256,0.9375,0.9,0.9375,9.798127174377441,16777216,13408721,0.7992220520973206,0.0,295.0,10.753354850175494,3.0,17.503347240875083,2.0,6.650054113654715,2.435535808833346,1.0,1.0,52.0,73.0,3.25962176781093,
QTIM,/run/media/falconnier/Elements/BIDS_datasets_selection/QTIM/sub-0515/ses-01/anat/sub-0515_ses-01_T1w_defacemask.nii.gz,,,,,sub-0515,ses-01,256,256,256,0.9375,0.9,0.9375,0.17851543426513672,16777216,15072986,0.898419976234436,0.0,1.0,1.0,1.0,0.0,0.0,,,1.0,1.0,1.0,1.0,-2048.0,
QTIM,/run/media/falconnier/Elements/BIDS_datasets_selection/QTIM/sub-0516/ses-01/anat/sub-0516_ses-01_T1w_defacemask.nii.gz,,,,,sub-0516,ses-01,256,256,256,0.9375,0.9,0.9375,0.19008541107177734,16777216,14882016,0.8870372772216797,0.0,1.0,1.0,1.0,0.0,0.0,,,1.0,1.0,1.0,1.0,-2048.0,
QTIM,/run/media/falconnier/Elements/BIDS_datasets_selection/QTIM/sub-0516/ses-01/anat/sub-0516_ses-01_T1w.nii.gz,,,,,sub-0516,ses-01,256,256,256,0.9375,0.9,0.9375,10.682482719421387,16777216,13923320,0.8298945426940918,0.0,358.0,12.178483939175427,4.0,17.812177744456918,2.0,7.767452131086149,2.3932114185347335,1.0,1.0,54.0,75.0,3.1301955214014217,
QTIM,/run/media/falconnier/Elements/BIDS_datasets_selection/QTIM/sub-0517/ses-01/anat/sub-0517_ses-01_T1w_defacemask.nii.gz,,,,,sub-0517,ses-01,256,256,256,0.9375,0.9,0.9375,0.1653451919555664,16777216,14931559,0.8899902701377869,0.0,1.0,1.0,1.0,0.0,0.0,,,1.0,1.0,1.0,1.0,-2048.0,
QTIM,/run/media/falconnier/Elements/BIDS_datasets_selection/QTIM/sub-0517/ses-01/anat/sub-0517_ses-01_T1w.nii.gz,,,,,sub-0517,ses-01,256,256,256,0.9375,0.9,0.9375,10.094657897949219,16777216,13708305,0.8170786499977112,0.0,273.0,11.7350118778361,3.0,16.996243535533115,2.0,3.78218625542054,1.9844764863547777,1.0,1.0,52.0,68.0,3.8327766567448647,
QTIM,/run/media/falconnier/Elements/BIDS_datasets_selection/QTIM/sub-0518/ses-01/anat/sub-0518_ses-01_T1w_defacemask.nii.gz,,,,,sub-0518,ses-01,256,256,256,0.9375,0.9,0.9375,0.1802539825439453,16777216,14843822,0.8847607374191284,0.0,1.0,1.0,1.0,0.0,0.0,,,1.0,1.0,1.0,1.0,-2048.0,
QTIM,/run/media/falconnier/Elements/BIDS_datasets_selection/QTIM/sub-0518/ses-01/anat/sub-0518_ses-01_T1w.nii.gz,,,,,sub-0518,ses-01,256,256,256,0.9375,0.9,0.9375,10.88359260559082,16777216,13857168,0.8259515762329102,0.0,351.0,13.872879220342858,4.0,20.763160510622278,2.0,5.092571579803071,2.1556992415667917,1.0,1.0,63.0,85.0,3.2324361156988206,
QTIM,/run/media/falconnier/Elements/BIDS_datasets_selection/QTIM/sub-0519/ses-01/anat/sub-0519_ses-01_T1w.nii.gz,,,,,sub-0519,ses-01,256,256,256,0.9375,0.9,0.9375,11.074987411499023,16777216,14147824,0.8432760238647461,0.0,357.0,14.189516352479364,4.0,20.13094560196379,3.0,4.410834869697844,2.0348912776595998,1.0,1.0,61.0,82.0,3.293907840709916,
QTIM,/run/media/falconnier/Elements/BIDS_datasets_selection/QTIM/sub-0519/ses-01/anat/sub-0519_ses-01_T1w_defacemask.nii.gz,,,,,sub-0519,ses-01,256,256,256,0.9375,0.9,0.9375,0.16541004180908203,16777216,15024272,0.8955163955688477,0.0,1.0,1.0,1.0,0.0,0.0,,,1.0,1.0,1.0,1.0,-2048.0,
QTIM,/run/media/falconnier/Elements/BIDS_datasets_selection/QTIM/sub-0520/ses-01/anat/sub-0520_ses-01_T1w_defacemask.nii.gz,,,,,sub-0520,ses-01,256,256,256,0.9375,0.9,0.9375,0.18407249450683594,16777216,14944605,0.8907678723335266,0.0,1.0,1.0,1.0,0.0,0.0,,,1.0,1.0,1.0,1.0,-2048.0,
QTIM,/run/media/falconnier/Elements/BIDS_datasets_selection/QTIM/sub-0520/ses-01/anat/sub-0520_ses-01_T1w.nii.gz,,,,,sub-0520,ses-01,256,256,256,0.9375,0.9,0.9375,10.784455299377441,16777216,13900292,0.8285219669342041,0.0,313.0,13.741482696910252,4.0,20.62467181295713,3.0,4.535668480385427,2.121314374632894,1.0,1.0,63.0,84.0,3.610611294844797,
QTIM,/run/media/falconnier/Elements/BIDS_datasets_selection/QTIM/sub-0521/ses-01/anat/sub-0521_ses-01_T1w_defacemask.nii.gz,,,,,sub-0521,ses-01,256,256,256,0.9375,0.9,0.9375,0.1680154800415039,16777216,15136423,0.9022011160850525,0.0,1.0,1.0,1.0,0.0,0.0,,,1.0,1.0,1.0,1.0,-2048.0,
QTIM,/run/media/falconnier/Elements/BIDS_datasets_selection/QTIM/sub-0521/ses-01/anat/sub-0521_ses-01_T1w.nii.gz,,,,,sub-0521,ses-01,256,256,256,0.9375,0.9,0.9375,10.109943389892578,16777216,13709559,0.8171533942222595,0.0,333.0,11.540146258533918,3.0,19.75689931199485,2.0,7.521779281195462,2.6074160070688674,1.0,1.0,59.0,85.0,3.025885294938468,
QTIM,/run/media/falconnier/Elements/BIDS_datasets_selection/QTIM/sub-0522/ses-01/anat/sub-0522_ses-01_T1w_defacemask.nii.gz,,,,,sub-0522,ses-01,256,256,256,0.9375,0.9,0.9375,0.16684818267822266,16777216,15160233,0.9036203026771545,0.0,1.0,1.0,1.0,0.0,0.0,,,1.0,1.0,1.0,1.0,-2048.0,
QTIM,/run/media/falconnier/Elements/BIDS_datasets_selection/QTIM/sub-0522/ses-01/anat/sub-0522_ses-01_T1w.nii.gz,,,,,sub-0522,ses-01,256,256,256,0.9375,0.9,0.9375,10.533042907714844,16777216,13990614,0.8339055776596069,0.0,400.0,12.07528990507493,3.0,19.264393045725406,2.0,6.319423299801565,2.4007150144608445,1.0,1.0,59.0,81.0,2.67668500431717,
QTIM,/run/media/falconnier/Elements/BIDS_datasets_selection/QTIM/sub-0523/ses-01/anat/sub-0523_ses-01_T1w_defacemask.nii.gz,,,,,sub-0523,ses-01,240,256,256,0.9,0.9375,0.9375,0.1688976287841797,15728640,13752823,0.8743809382120769,0.0,1.0,1.0,1.0,0.0,0.0,,,1.0,1.0,1.0,1.0,-2048.0,
QTIM,/run/media/falconnier/Elements/BIDS_datasets_selection/QTIM/sub-0523/ses-01/anat/sub-0523_ses-01_T1w.nii.gz,,,,,sub-0523,ses-01,240,256,256,0.9,0.9375,0.9375,14.878884315490723,15728640,13605679,0.8650257746378581,0.0,1274.0,60.35802123510337,18.0,81.56251092135231,12.0,3.677311042263187,1.9110854373183068,2.0,4.0,244.0,326.0,1.4030517731236385,
QTIM,/run/media/falconnier/Elements/BIDS_datasets_selection/QTIM/sub-0524/ses-01/anat/sub-0524_ses-01_T1w_defacemask.nii.gz,,,,,sub-0524,ses-01,256,256,256,0.9375,0.9,0.9375,0.18425369262695312,16777216,14935194,0.8902069330215454,0.0,1.0,1.0,1.0,0.0,0.0,,,1.0,1.0,1.0,1.0,-2048.0,
QTIM,/run/media/falconnier/Elements/BIDS_datasets_selection/QTIM/sub-0524/ses-01/anat/sub-0524_ses-01_T1w.nii.gz,,,,,sub-0524,ses-01,256,256,256,0.9375,0.9,0.9375,9.6757230758667,16777216,13333743,0.7947530150413513,0.0,407.0,10.21808677428386,3.0,16.081637038940972,2.0,6.648914996916325,2.3592507990044367,1.0,1.0,49.0,68.0,2.437452420272603,
QTIM,/run/media/falconnier/Elements/BIDS_datasets_selection/QTIM/sub-0525/ses-01/anat/sub-0525_ses-01_T1w_defacemask.nii.gz,,,,,sub-0525,ses-01,240,256,256,0.9,0.9375,0.9375,0.18688297271728516,15728640,14002167,0.8902338027954102,0.0,1.0,1.0,1.0,0.0,0.0,,,1.0,1.0,1.0,1.0,-2048.0,
QTIM,/run/media/falconnier/Elements/BIDS_datasets_selection/QTIM/sub-0525/ses-01/anat/sub-0525_ses-01_T1w.nii.gz,,,,,sub-0525,ses-01,240,256,256,0.9,0.9375,0.9375,14.623281478881836,15728640,13847535,0.8804025650024414,0.0,1077.0,54.26423374268417,16.0,78.86962408408179,10.0,3.6061603830968076,2.005671186628674,1.0,3.0,242.0,325.0,1.595589052647476,
QTIM,/run/media/falconnier/Elements/BIDS_datasets_selection/QTIM/sub-0526/ses-01/anat/sub-0526_ses-01_T1w.nii.gz,,,,,sub-0526,ses-01,256,256,256,0.9375,0.9,0.9375,10.903282165527344,16777216,13935967,0.8306483626365662,0.0,470.0,14.850928823238458,4.0,22.408572744387882,2.0,5.5469077792956725,2.1431559203496233,1.0,1.0,67.0,89.0,2.5087133422891865,
QTIM,/run/media/falconnier/Elements/BIDS_datasets_selection/QTIM/sub-0526/ses-01/anat/sub-0526_ses-01_T1w_defacemask.nii.gz,,,,,sub-0526,ses-01,256,256,256,0.9375,0.9,0.9375,0.1734762191772461,16777216,14919956,0.889298677444458,0.0,1.0,1.0,1.0,0.0,0.0,,,1.0,1.0,1.0,1.0,-2048.0,
QTIM,/run/media/falconnier/Elements/BIDS_datasets_selection/QTIM/sub-0527/ses-01/anat/sub-0527_ses-01_T1w.nii.gz,,,,,sub-0527,ses-01,256,256,256,0.9375,0.9,0.9375,8.950953483581543,16777216,12727963,0.7586457133293152,0.0,357.0,7.979468199271164,2.0,12.301091901647363,1.0,8.626873572935322,2.522538048974456,1.0,1.0,37.0,53.0,2.489816405252049,
QTIM,/run/media/falconnier/Elements/BIDS_datasets_selection/QTIM/sub-0527/ses-01/anat/sub-0527_ses-01_T1w_defacemask.nii.gz,,,,,sub-0527,ses-01,256,256,256,0.9375,0.9,0.9375,0.18378639221191406,16777216,14996298,0.8938490152359009,0.0,1.0,1.0,1.0,0.0,0.0,,,1.0,1.0,1.0,1.0,-2048.0,
QTIM,/run/media/falconnier/Elements/BIDS_datasets_selection/QTIM/sub-0528/ses-01/anat/sub-0528_ses-01_T1w.nii.gz,,,,,sub-0528,ses-01,256,256,256,0.9375,0.9,0.9375,10.40237045288086,16777216,13871184,0.826786994934082,0.0,351.0,12.381595183223004,3.0,19.589704858403163,2.0,6.032591468898895,2.3145521646876124,1.0,1.0,59.0,81.0,3.0194183234376513,
QTIM,/run/media/falconnier/Elements/BIDS_datasets_selection/QTIM/sub-0528/ses-01/anat/sub-0528_ses-01_T1w_defacemask.nii.gz,,,,,sub-0528,ses-01,256,256,256,0.9375,0.9,0.9375,0.16621971130371094,16777216,15149018,0.9029518365859985,0.0,1.0,1.0,1.0,0.0,0.0,,,1.0,1.0,1.0,1.0,-2048.0,
QTIM,/run/media/falconnier/Elements/BIDS_datasets_selection/QTIM/sub-0529/ses-01/anat/sub-0529_ses-01_T1w.nii.gz,,,,,sub-0529,ses-01,256,256,256,0.9375,0.9,0.9375,10.071690559387207,16777216,13697410,0.8164292573928833,0.0,273.0,10.462097798050872,3.0,15.384077345288373,2.0,5.258075841843604,2.2106175513797215,1.0,1.0,47.0,65.0,3.699703520094832,
QTIM,/run/media/falconnier/Elements/BIDS_datasets_selection/QTIM/sub-0529/ses-01/anat/sub-0529_ses-01_T1w_defacemask.nii.gz,,,,,sub-0529,ses-01,256,256,256,0.9375,0.9,0.9375,0.1715555191040039,16777216,14969120,0.8922290802001953,0.0,1.0,1.0,1.0,0.0,0.0,,,1.0,1.0,1.0,1.0,-2048.0,
QTIM,/run/media/falconnier/Elements/BIDS_datasets_selection/QTIM/sub-0530/ses-01/anat/sub-0530_ses-01_T1w_defacemask.nii.gz,,,,,sub-0530,ses-01,240,256,256,0.9,0.9375,0.9375,0.1460428237915039,15728640,13970243,0.8882041295369466,0.0,1.0,1.0,1.0,0.0,0.0,,,1.0,1.0,1.0,1.0,-2048.0,
QTIM,/run/media/falconnier/Elements/BIDS_datasets_selection/QTIM/sub-0530/ses-01/anat/sub-0530_ses-01_T1w.nii.gz,,,,,sub-0530,ses-01,240,256,256,0.9,0.9375,0.9375,13.869214057922363,15728640,13776629,0.8758944829305013,0.0,1434.0,44.273202392254305,11.0,70.48859711276748,6.0,6.128268390396748,2.3061348582690777,1.0,3.0,215.0,297.0,1.116910496691363,
QTIM,/run/media/falconnier/Elements/BIDS_datasets_selection/QTIM/sub-0531/ses-01/anat/sub-0531_ses-01_T1w_defacemask.nii.gz,,,,,sub-0531,ses-01,240,256,256,0.9,0.9375,0.9375,0.1570911407470703,15728640,13823593,0.8788803736368815,0.0,1.0,1.0,1.0,0.0,0.0,,,1.0,1.0,1.0,1.0,-2048.0,
QTIM,/run/media/falconnier/Elements/BIDS_datasets_selection/QTIM/sub-0531/ses-01/anat/sub-0531_ses-01_T1w.nii.gz,,,,,sub-0531,ses-01,240,256,256,0.9,0.9375,0.9375,13.541072845458984,15728640,13627031,0.8663832982381184,0.0,1292.0,39.89530786273254,11.0,64.96170797397654,6.0,6.5924377690854055,2.471641812742874,1.0,3.0,198.0,287.0,1.2170035516145443,
QTIM,/run/media/falconnier/Elements/BIDS_datasets_selection/QTIM/sub-0532/ses-01/anat/sub-0532_ses-01_T1w_defacemask.nii.gz,,,,,sub-0532,ses-01,256,256,256,0.9375,0.9,0.9375,0.18580341339111328,16777216,14920960,0.8893585205078125,0.0,1.0,1.0,1.0,0.0,0.0,,,1.0,1.0,1.0,1.0,-2048.0,
QTIM,/run/media/falconnier/Elements/BIDS_datasets_selection/QTIM/sub-0532/ses-01/anat/sub-0532_ses-01_T1w.nii.gz,,,,,sub-0532,ses-01,256,256,256,0.9375,0.9,0.9375,10.957444190979004,16777216,14015270,0.835375189781189,0.0,392.0,13.307336069872362,4.0,19.647969762361313,2.0,7.425511183372114,2.4232863247502534,1.0,1.0,58.0,83.0,2.926918956363516,
QTIM,/run/media/falconnier/Elements/BIDS_datasets_selection/QTIM/sub-0533/ses-01/anat/sub-0533_ses-01_T1w_defacemask.nii.gz,,,,,sub-0533,ses-01,256,256,256,0.9375,0.9,0.9375,0.1820993423461914,16777216,15116181,0.900994598865509,0.0,1.0,1.0,1.0,0.0,0.0,,,1.0,1.0,1.0,1.0,-2048.0,
QTIM,/run/media/falconnier/Elements/BIDS_datasets_selection/QTIM/sub-0533/ses-01/anat/sub-0533_ses-01_T1w.nii.gz,,,,,sub-0533,ses-01,256,256,256,0.9375,0.9,0.9375,9.982009887695312,16777216,13632242,0.8125449419021606,0.0,401.0,10.960531143739965,3.0,18.301389471766228,2.0,8.384142130394665,2.5795698653111105,1.0,1.0,55.0,78.0,2.490384515185979,
QTIM,/run/media/falconnier/Elements/BIDS_datasets_selection/QTIM/sub-0534/ses-01/anat/sub-0534_ses-01_T1w.nii.gz,,,,,sub-0534,ses-01,256,256,256,0.9375,0.9,0.9375,10.034400939941406,16777216,13636292,0.812786340713501,0.0,332.0,10.922070750611677,3.0,17.273599526997756,2.0,6.035675930731793,2.3523001856503223,1.0,1.0,52.0,73.0,3.058070350857179,
QTIM,/run/media/falconnier/Elements/BIDS_datasets_selection/QTIM/sub-0534/ses-01/anat/sub-0534_ses-01_T1w_defacemask.nii.gz,,,,,sub-0534,ses-01,256,256,256,0.9375,0.9,0.9375,0.1665782928466797,16777216,15048978,0.8969889879226685,0.0,1.0,1.0,1.0,0.0,0.0,,,1.0,1.0,1.0,1.0,-2048.0,
QTIM,/run/media/falconnier/Elements/BIDS_datasets_selection/QTIM/sub-0535/ses-01/anat/sub-0535_ses-01_T1w_defacemask.nii.gz,,,,,sub-0535,ses-01,256,256,256,0.9375,0.9,0.9375,0.1683330535888672,16777216,14958655,0.8916053175926208,0.0,1.0,1.0,1.0,0.0,0.0,,,1.0,1.0,1.0,1.0,-2048.0,
QTIM,/run/media/falconnier/Elements/BIDS_datasets_selection/QTIM/sub-0535/ses-01/anat/sub-0535_ses-01_T1w.nii.gz,,,,,sub-0535,ses-01,256,256,256,0.9375,0.9,0.9375,10.227033615112305,16777216,13626091,0.8121783137321472,0.0,309.0,11.890678405127339,3.0,19.09862816375316,2.0,7.1728119068900575,2.482060171110226,1.0,1.0,56.0,80.0,3.35199910903285,
QTIM,/run/media/falconnier/Elements/BIDS_datasets_selection/QTIM/sub-0536/ses-01/anat/sub-0536_ses-01_T1w_defacemask.nii.gz,,,,,sub-0536,ses-01,256,256,256,0.9375,0.9,0.9375,0.17009639739990234,16777216,15045072,0.8967561721801758,0.0,1.0,1.0,1.0,0.0,0.0,,,1.0,1.0,1.0,1.0,-2048.0,
QTIM,/run/media/falconnier/Elements/BIDS_datasets_selection/QTIM/sub-0536/ses-01/anat/sub-0536_ses-01_T1w.nii.gz,,,,,sub-0536,ses-01,256,256,256,0.9375,0.9,0.9375,11.084479331970215,16777216,14184288,0.8454494476318359,0.0,344.0,14.037393628781366,4.0,19.99354989870505,3.0,4.760406618238358,2.098264638060903,1.0,1.0,61.0,82.0,3.3998929770319837,
QTIM,/run/media/falconnier/Elements/BIDS_datasets_selection/QTIM/sub-0537/ses-01/anat/sub-0537_ses-01_T1w_defacemask.nii.gz,,,,,sub-0537,ses-01,256,256,256,0.9375,0.9,0.9375,0.15932846069335938,16777216,14998061,0.8939540982246399,0.0,1.0,1.0,1.0,0.0,0.0,,,1.0,1.0,1.0,1.0,-2048.0,
QTIM,/run/media/falconnier/Elements/BIDS_datasets_selection/QTIM/sub-0537/ses-01/anat/sub-0537_ses-01_T1w.nii.gz,,,,,sub-0537,ses-01,256,256,256,0.9375,0.9,0.9375,10.802384376525879,16777216,13958175,0.831972062587738,0.0,409.0,13.129969498161472,3.0,20.707942655896566,2.0,6.857984019255754,2.4018946810919206,1.0,1.0,62.0,87.0,2.7013448654935925,
QTIM,/run/media/falconnier/Elements/BIDS_datasets_selection/QTIM/sub-0538/ses-01/anat/sub-0538_ses-01_T1w_defacemask.nii.gz,,,,,sub-0538,ses-01,256,256,256,0.9375,0.9,0.9375,0.17142772674560547,16777216,15082011,0.8989579081535339,0.0,1.0,1.0,1.0,0.0,0.0,,,1.0,1.0,1.0,1.0,-2048.0,
QTIM,/run/media/falconnier/Elements/BIDS_datasets_selection/QTIM/sub-0538/ses-01/anat/sub-0538_ses-01_T1w.nii.gz,,,,,sub-0538,ses-01,256,256,256,0.9375,0.9,0.9375,10.893649101257324,16777216,14158156,0.8438918590545654,0.0,334.0,12.324682889494932,4.0,18.332019641022548,2.0,8.909098507329716,2.5895452169526014,1.0,1.0,54.0,78.0,3.4139188548121746,
QTIM,/run/media/falconnier/Elements/BIDS_datasets_selection/QTIM/sub-0539/ses-01/anat/sub-0539_ses-01_T1w_defacemask.nii.gz,,,,,sub-0539,ses-01,256,256,256,0.9375,0.9,0.9375,0.1656045913696289,16777216,14943111,0.8906788229942322,0.0,1.0,1.0,1.0,0.0,0.0,,,1.0,1.0,1.0,1.0,-2048.0,
QTIM,/run/media/falconnier/Elements/BIDS_datasets_selection/QTIM/sub-0539/ses-01/anat/sub-0539_ses-01_T1w.nii.gz,,,,,sub-0539,ses-01,256,256,256,0.9375,0.9,0.9375,10.379884719848633,16777216,13701389,0.8166664242744446,0.0,321.0,12.575354148400574,3.0,19.557589882959196,2.0,6.139109366093498,2.335804893706809,1.0,1.0,59.0,81.0,3.3783372980193374,
QTIM,/run/media/falconnier/Elements/BIDS_datasets_selection/QTIM/sub-0540/ses-01/anat/sub-0540_ses-01_T1w_defacemask.nii.gz,,,,,sub-0540,ses-01,240,256,256,0.9,0.9375,0.9375,0.18274974822998047,15728640,13596703,0.8644550959269206,0.0,1.0,1.0,1.0,0.0,0.0,,,1.0,1.0,1.0,1.0,-2048.0,
QTIM,/run/media/falconnier/Elements/BIDS_datasets_selection/QTIM/sub-0540/ses-01/anat/sub-0540_ses-01_T1w.nii.gz,,,,,sub-0540,ses-01,240,256,256,0.9,0.9375,0.9375,14.356761932373047,15728640,13438669,0.8544075647989909,0.0,1143.0,58.089220517299744,16.0,84.71458881930282,10.0,3.433180210053157,1.951185178148691,1.0,3.0,257.0,341.0,1.5121886213993063,
QTIM,/run/media/falconnier/Elements/BIDS_datasets_selection/QTIM/sub-0541/ses-01/anat/sub-0541_ses-01_T1w_defacemask.nii.gz,,,,,sub-0541,ses-01,240,256,256,0.9,0.9375,0.9375,0.17276954650878906,15728640,13862011,0.8813229242960612,0.0,1.0,1.0,1.0,0.0,0.0,,,1.0,1.0,1.0,1.0,-2048.0,
QTIM,/run/media/falconnier/Elements/BIDS_datasets_selection/QTIM/sub-0541/ses-01/anat/sub-0541_ses-01_T1w.nii.gz,,,,,sub-0541,ses-01,240,256,256,0.9,0.9375,0.9375,13.965611457824707,15728640,13671527,0.869212277730306,0.0,1492.0,48.46799410190244,12.0,81.0253050401625,7.0,5.732789227249617,2.3725899355407987,1.0,3.0,246.0,348.0,1.0815083572667925,
QTIM,/run/media/falconnier/Elements/BIDS_datasets_selection/QTIM/sub-0542/ses-01/anat/sub-0542_ses-01_T1w_defacemask.nii.gz,,,,,sub-0542,ses-01,256,256,256,0.9375,0.9,0.9375,0.16932201385498047,16777216,14942629,0.8906500935554504,0.0,1.0,1.0,1.0,0.0,0.0,,,1.0,1.0,1.0,1.0,-2048.0,
QTIM,/run/media/falconnier/Elements/BIDS_datasets_selection/QTIM/sub-0542/ses-01/anat/sub-0542_ses-01_T1w.nii.gz,,,,,sub-0542,ses-01,256,256,256,0.9375,0.9,0.9375,10.711509704589844,16777216,13883796,0.8275387287139893,0.0,386.0,13.527383649255578,4.0,21.24692514254404,2.0,6.797825245466926,2.4093829818733936,1.0,1.0,64.0,88.0,2.8811120217807926,
QTIM,/run/media/falconnier/Elements/BIDS_datasets_selection/QTIM/sub-0543/ses-01/anat/sub-0543_ses-01_T1w.nii.gz,,,,,sub-0543,ses-01,256,256,256,0.9375,0.9,0.9375,9.460103034973145,16777216,13084305,0.7798853516578674,0.0,235.0,9.452497171229194,3.0,14.042735103369681,2.0,5.86515210184802,2.2536815008653828,1.0,1.0,42.0,58.0,4.29075396948989,
QTIM,/run/media/falconnier/Elements/BIDS_datasets_selection/QTIM/sub-0543/ses-01/anat/sub-0543_ses-01_T1w_defacemask.nii.gz,,,,,sub-0543,ses-01,256,256,256,0.9375,0.9,0.9375,0.17911911010742188,16777216,14913202,0.888896107673645,0.0,1.0,1.0,1.0,0.0,0.0,,,1.0,1.0,1.0,1.0,-2048.0,
QTIM,/run/media/falconnier/Elements/BIDS_datasets_selection/QTIM/sub-0544/ses-01/anat/sub-0544_ses-01_T1w.nii.gz,,,,,sub-0544,ses-01,256,256,256,0.9375,0.9,0.9375,10.455055236816406,16777216,13790773,0.8219941258430481,0.0,356.0,12.926174261587802,3.0,19.89300170019422,2.0,4.719371279183877,2.1150763904805046,1.0,1.0,60.0,80.0,3.016684591663335,
QTIM,/run/media/falconnier/Elements/BIDS_datasets_selection/QTIM/sub-0544/ses-01/anat/sub-0544_ses-01_T1w_defacemask.nii.gz,,,,,sub-0544,ses-01,256,256,256,0.9375,0.9,0.9375,0.16640472412109375,16777216,15104414,0.900293231010437,0.0,1.0,1.0,1.0,0.0,0.0,,,1.0,1.0,1.0,1.0,-2048.0,
QTIM,/run/media/falconnier/Elements/BIDS_datasets_selection/QTIM/sub-0545/ses-01/anat/sub-0545_ses-01_T1w_defacemask.nii.gz,,,,,sub-0545,ses-01,240,256,256,0.9,0.9375,0.9375,0.18099308013916016,15728640,13775162,0.8758012135823567,0.0,1.0,1.0,1.0,0.0,0.0,,,1.0,1.0,1.0,1.0,-2048.0,
QTIM,/run/media/falconnier/Elements/BIDS_datasets_selection/QTIM/sub-0545/ses-01/anat/sub-0545_ses-01_T1w.nii.gz,,,,,sub-0545,ses-01,240,256,256,0.9,0.9375,0.9375,14.713704109191895,15728640,13624133,0.8661990483601888,0.0,1203.0,57.930253616872356,17.0,82.13723114088381,11.0,3.8664756073695186,1.9863223048643937,1.0,4.0,249.0,331.0,1.4524406290448455,
QTIM,/run/media/falconnier/Elements/BIDS_datasets_selection/QTIM/sub-0546/ses-01/anat/sub-0546_ses-01_T1w_defacemask.nii.gz,,,,,sub-0546,ses-01,256,256,256,0.9375,0.9,0.9375,0.16921234130859375,16777216,15003301,0.8942664265632629,0.0,1.0,1.0,1.0,0.0,0.0,,,1.0,1.0,1.0,1.0,-2048.0,
QTIM,/run/media/falconnier/Elements/BIDS_datasets_selection/QTIM/sub-0546/ses-01/anat/sub-0546_ses-01_T1w.nii.gz,,,,,sub-0546,ses-01,256,256,256,0.9375,0.9,0.9375,10.787139892578125,16777216,13977275,0.833110511302948,0.0,477.0,14.023333160433632,4.0,21.964308905400372,2.0,6.120840018370034,2.300241934969411,1.0,1.0,66.0,91.0,2.425283590131269,
QTIM,/run/media/falconnier/Elements/BIDS_datasets_selection/QTIM/sub-0547/ses-01/anat/sub-0547_ses-01_T1w_defacemask.nii.gz,,,,,sub-0547,ses-01,256,256,256,0.9375,0.9,0.9375,0.18013954162597656,16777216,15021016,0.895322322845459,0.0,1.0,1.0,1.0,0.0,0.0,,,1.0,1.0,1.0,1.0,-2048.0,
QTIM,/run/media/falconnier/Elements/BIDS_datasets_selection/QTIM/sub-0547/ses-01/anat/sub-0547_ses-01_T1w.nii.gz,,,,,sub-0547,ses-01,256,256,256,0.9375,0.9,0.9375,10.877681732177734,16777216,13996192,0.8342380523681641,0.0,480.0,13.426197711491811,4.0,20.876539125565333,2.0,8.269365334713218,2.5018193872986636,1.0,1.0,62.0,87.0,2.4184830550490535,
QTIM,/run/media/falconnier/Elements/BIDS_datasets_selection/QTIM/sub-0548/ses-01/anat/sub-0548_ses-01_T1w_defacemask.nii.gz,,,,,sub-0548,ses-01,256,256,256,0.9375,0.9,0.9375,0.16942405700683594,16777216,15070812,0.8982903957366943,0.0,1.0,1.0,1.0,0.0,0.0,,,1.0,1.0,1.0,1.0,-2048.0,
QTIM,/run/media/falconnier/Elements/BIDS_datasets_selection/QTIM/sub-0548/ses-01/anat/sub-0548_ses-01_T1w.nii.gz,,,,,sub-0548,ses-01,256,256,256,0.9375,0.9,0.9375,9.894271850585938,16777216,13493987,0.804304301738739,0.0,334.0,10.527727794609554,3.0,17.00075640540397,2.0,7.484217246332115,2.503435476644971,1.0,1.0,51.0,72.0,2.9662000402568127,
QTIM,/run/media/falconnier/Elements/BIDS_datasets_selection/QTIM/sub-0549/ses-01/anat/sub-0549_ses-01_T1w_defacemask.nii.gz,,,,,sub-0549,ses-01,256,256,256,0.9375,0.9,0.9375,0.17764854431152344,16777216,15080263,0.8988537192344666,0.0,1.0,1.0,1.0,0.0,0.0,,,1.0,1.0,1.0,1.0,-2048.0,
QTIM,/run/media/falconnier/Elements/BIDS_datasets_selection/QTIM/sub-0549/ses-01/anat/sub-0549_ses-01_T1w.nii.gz,,,,,sub-0549,ses-01,256,256,256,0.9375,0.9,0.9375,11.559001922607422,16777216,14312502,0.8530915975570679,0.0,380.0,15.402114948176077,4.0,23.030370676543175,2.0,7.1589608361367105,2.3698640330179206,1.0,1.0,69.0,95.0,3.196502827612149,
QTIM,/run/media/falconnier/Elements/BIDS_datasets_selection/QTIM/sub-0550/ses-01/anat/sub-0550_ses-01_T1w_defacemask.nii.gz,,,,,sub-0550,ses-01,256,256,256,0.9375,0.9,0.9375,0.18726539611816406,16777216,14925526,0.8896306753158569,0.0,1.0,1.0,1.0,0.0,0.0,,,1.0,1.0,1.0,1.0,-2048.0,
QTIM,/run/media/falconnier/Elements/BIDS_datasets_selection/QTIM/sub-0550/ses-01/anat/sub-0550_ses-01_T1w.nii.gz,,,,,sub-0550,ses-01,256,256,256,0.9375,0.9,0.9375,10.166542053222656,16777216,13620406,0.8118394613265991,0.0,357.0,11.495050147550668,3.0,17.383588203809158,2.0,6.157704125763054,2.292141223112184,1.0,1.0,52.0,72.0,2.9729511540179816,
QTIM,/run/media/falconnier/Elements/BIDS_datasets_selection/QTIM/sub-0551/ses-01/anat/sub-0551_ses-01_T1w_defacemask.nii.gz,,,,,sub-0551,ses-01,240,256,256,0.9,0.9375,0.9375,0.1716299057006836,15728640,13905294,0.8840747833251953,0.0,1.0,1.0,1.0,0.0,0.0,,,1.0,1.0,1.0,1.0,-2048.0,
QTIM,/run/media/falconnier/Elements/BIDS_datasets_selection/QTIM/sub-0551/ses-01/anat/sub-0551_ses-01_T1w.nii.gz,,,,,sub-0551,ses-01,240,256,256,0.9,0.9375,0.9375,14.398819923400879,15728640,13737745,0.8734223047892252,0.0,1640.0,52.94082427647332,14.0,81.90421272766001,8.0,5.1908868331507385,2.191682860654308,1.0,3.0,250.0,340.0,1.0266299770485388,
QTIM,/run/media/falconnier/Elements/BIDS_datasets_selection/QTIM/sub-0552/ses-01/anat/sub-0552_ses-01_T1w_defacemask.nii.gz,,,,,sub-0552,ses-01,256,256,256,0.9375,0.9,0.9375,0.18314266204833984,16777216,15040622,0.8964909315109253,0.0,1.0,1.0,1.0,0.0,0.0,,,1.0,1.0,1.0,1.0,-2048.0,
QTIM,/run/media/falconnier/Elements/BIDS_datasets_selection/QTIM/sub-0552/ses-01/anat/sub-0552_ses-01_T1w.nii.gz,,,,,sub-0552,ses-01,256,256,256,0.9375,0.9,0.9375,11.263910293579102,16777216,14113509,0.8412306904792786,0.0,409.0,15.142016135037714,4.0,22.507823419310025,3.0,6.411013890650738,2.2590742475200916,1.0,1.0,66.0,92.0,2.8878762105443516,
QTIM,/run/media/falconnier/Elements/BIDS_datasets_selection/QTIM/sub-0553/ses-01/anat/sub-0553_ses-01_T1w_defacemask.nii.gz,,,,,sub-0553,ses-01,240,256,256,0.9,0.9375,0.9375,0.19482898712158203,15728640,13483237,0.8572411219278971,0.0,1.0,1.0,1.0,0.0,0.0,,,1.0,1.0,1.0,1.0,-2048.0,
QTIM,/run/media/falconnier/Elements/BIDS_datasets_selection/QTIM/sub-0553/ses-01/anat/sub-0553_ses-01_T1w.nii.gz,,,,,sub-0553,ses-01,240,256,256,0.9,0.9375,0.9375,13.974974632263184,15728640,13320359,0.846885617574056,0.0,1306.0,53.07826913674023,15.0,77.55269152152682,9.0,4.19574834210357,2.0389694795687645,1.0,3.0,236.0,317.0,1.3055861504818143,
QTIM,/run/media/falconnier/Elements/BIDS_datasets_selection/QTIM/sub-0554/ses-01/anat/sub-0554_ses-01_T1w.nii.gz,,,,,sub-0554,ses-01,256,256,256,0.9375,0.9,0.9375,10.292781829833984,16777216,13698945,0.8165207505226135,0.0,332.0,12.587962503681853,3.0,19.900065688394342,2.0,5.864531055018379,2.293446953331539,1.0,1.0,59.0,82.0,3.1942278481262587,
QTIM,/run/media/falconnier/Elements/BIDS_datasets_selection/QTIM/sub-0554/ses-01/anat/sub-0554_ses-01_T1w_defacemask.nii.gz,,,,,sub-0554,ses-01,256,256,256,0.9375,0.9,0.9375,0.17431926727294922,16777216,15027824,0.8957281112670898,0.0,1.0,1.0,1.0,0.0,0.0,,,1.0,1.0,1.0,1.0,-2048.0,
QTIM,/run/media/falconnier/Elements/BIDS_datasets_selection/QTIM/sub-0555/ses-01/anat/sub-0555_ses-01_T1w_defacemask.nii.gz,,,,,sub-0555,ses-01,256,256,256,0.9375,0.9,0.9375,0.19137191772460938,16777216,14877838,0.8867882490158081,0.0,1.0,1.0,1.0,0.0,0.0,,,1.0,1.0,1.0,1.0,-2048.0,
QTIM,/run/media/falconnier/Elements/BIDS_datasets_selection/QTIM/sub-0555/ses-01/anat/sub-0555_ses-01_T1w.nii.gz,,,,,sub-0555,ses-01,256,256,256,0.9375,0.9,0.9375,10.887306213378906,16777216,13949169,0.8314352631568909,0.0,313.0,13.578265773394817,4.0,19.65723935237658,3.0,5.024454677816236,2.1347109455301756,1.0,1.0,60.0,80.0,3.681171367037619,
QTIM,/run/media/falconnier/Elements/BIDS_datasets_selection/QTIM/sub-0556/ses-01/anat/sub-0556_ses-01_T1w.nii.gz,,,,,sub-0556,ses-01,256,256,256,0.9375,0.9,0.9375,10.561038970947266,16777216,13864277,0.8263753056526184,0.0,336.0,11.783911559181918,4.0,17.714237396539925,3.0,7.675293638382078,2.4696158253474847,1.0,1.0,54.0,75.0,3.304815436219479,
QTIM,/run/media/falconnier/Elements/BIDS_datasets_selection/QTIM/sub-0556/ses-01/anat/sub-0556_ses-01_T1w_defacemask.nii.gz,,,,,sub-0556,ses-01,256,256,256,0.9375,0.9,0.9375,0.18244266510009766,16777216,14936853,0.8903058171272278,0.0,1.0,1.0,1.0,0.0,0.0,,,1.0,1.0,1.0,1.0,-2048.0,
QTIM,/run/media/falconnier/Elements/BIDS_datasets_selection/QTIM/sub-0557/ses-01/anat/sub-0557_ses-01_T1w_defacemask.nii.gz,,,,,sub-0557,ses-01,256,256,256,0.9375,0.9,0.9375,0.18175315856933594,16777216,15058114,0.8975335359573364,0.0,1.0,1.0,1.0,0.0,0.0,,,1.0,1.0,1.0,1.0,-2048.0,
QTIM,/run/media/falconnier/Elements/BIDS_datasets_selection/QTIM/sub-0557/ses-01/anat/sub-0557_ses-01_T1w.nii.gz,,,,,sub-0557,ses-01,256,256,256,0.9375,0.9,0.9375,10.458028793334961,16777216,13778500,0.8212625980377197,0.0,389.0,11.701345211742932,3.0,18.441487675618472,2.0,7.34374636646929,2.4523883590612203,1.0,1.0,55.0,78.0,2.679001675906665,
QTIM,/run/media/falconnier/Elements/BIDS_datasets_selection/QTIM/sub-0558/ses-01/anat/sub-0558_ses-01_T1w.nii.gz,,,,,sub-0558,ses-01,256,256,256,0.9375,0.9,0.9375,10.212339401245117,16777216,13641457,0.8130941987037659,0.0,301.0,12.176755239561288,3.0,17.304351168342023,2.0,3.9454911645664685,1.9669709161396889,1.0,1.0,52.0,69.0,3.588780809690275,
QTIM,/run/media/falconnier/Elements/BIDS_datasets_selection/QTIM/sub-0558/ses-01/anat/sub-0558_ses-01_T1w_defacemask.nii.gz,,,,,sub-0558,ses-01,256,256,256,0.9375,0.9,0.9375,0.17580890655517578,16777216,14890026,0.8875147104263306,0.0,1.0,1.0,1.0,0.0,0.0,,,1.0,1.0,1.0,1.0,-2048.0,
QTIM,/run/media/falconnier/Elements/BIDS_datasets_selection/QTIM/sub-0559/ses-01/anat/sub-0559_ses-01_T1w_defacemask.nii.gz,,,,,sub-0559,ses-01,256,256,256,0.9375,0.9,0.9375,0.17931747436523438,16777216,14962579,0.8918392062187195,0.0,1.0,1.0,1.0,0.0,0.0,,,1.0,1.0,1.0,1.0,-2048.0,
QTIM,/run/media/falconnier/Elements/BIDS_datasets_selection/QTIM/sub-0559/ses-01/anat/sub-0559_ses-01_T1w.nii.gz,,,,,sub-0559,ses-01,256,256,256,0.9375,0.9,0.9375,9.9685640335083,16777216,13446983,0.8015026450157166,0.0,256.0,11.025317872417924,3.0,17.119493376241532,2.0,5.888319173264119,2.309251599659836,1.0,1.0,52.0,71.0,4.240125078189967,
QTIM,/run/media/falconnier/Elements/BIDS_datasets_selection/QTIM/sub-0560/ses-01/anat/sub-0560_ses-01_T1w_defacemask.nii.gz,,,,,sub-0560,ses-01,240,256,256,0.9,0.9375,0.9375,0.18184661865234375,15728640,13756406,0.8746087392171223,0.0,1.0,1.0,1.0,0.0,0.0,,,1.0,1.0,1.0,1.0,-2048.0,
QTIM,/run/media/falconnier/Elements/BIDS_datasets_selection/QTIM/sub-0560/ses-01/anat/sub-0560_ses-01_T1w.nii.gz,,,,,sub-0560,ses-01,240,256,256,0.9,0.9375,0.9375,14.065030097961426,15728640,13587370,0.8638617197672526,0.0,1315.0,46.98086951337897,14.0,73.23092080534842,8.0,4.98433033203669,2.2609682676119345,1.0,3.0,227.0,312.0,1.2511327443898979,
QTIM,/run/media/falconnier/Elements/BIDS_datasets_selection/QTIM/sub-0561/ses-01/anat/sub-0561_ses-01_T1w_defacemask.nii.gz,,,,,sub-0561,ses-01,240,256,256,0.9,0.9375,0.9375,0.16162586212158203,15728640,13925216,0.8853413899739583,0.0,1.0,1.0,1.0,0.0,0.0,,,1.0,1.0,1.0,1.0,-2048.0,
QTIM,/run/media/falconnier/Elements/BIDS_datasets_selection/QTIM/sub-0561/ses-01/anat/sub-0561_ses-01_T1w.nii.gz,,,,,sub-0561,ses-01,240,256,256,0.9,0.9375,0.9375,13.820430755615234,15728640,13730530,0.8729635874430338,0.0,1315.0,43.766537999625655,12.0,70.67573528876619,7.0,5.255944939116732,2.3208554826543413,1.0,3.0,216.0,304.0,1.2178483061168843,
QTIM,/run/media/falconnier/Elements/BIDS_datasets_selection/QTIM/sub-0562/ses-01/anat/sub-0562_ses-01_T1w_defacemask.nii.gz,,,,,sub-0562,ses-01,240,256,256,0.9,0.9375,0.9375,0.17520713806152344,15728640,13733844,0.8731742858886719,0.0,1.0,1.0,1.0,0.0,0.0,,,1.0,1.0,1.0,1.0,-2048.0,
QTIM,/run/media/falconnier/Elements/BIDS_datasets_selection/QTIM/sub-0562/ses-01/anat/sub-0562_ses-01_T1w.nii.gz,,,,,sub-0562,ses-01,240,256,256,0.9,0.9375,0.9375,14.101744651794434,15728640,13571593,0.8628586451212565,0.0,1507.0,48.549968157754215,15.0,74.03482876584609,9.0,7.0553772946505156,2.357101251573548,1.0,3.0,223.0,319.0,1.1096473903940538,
QTIM,/run/media/falconnier/Elements/BIDS_datasets_selection/QTIM/sub-0563/ses-01/anat/sub-0563_ses-01_T1w.nii.gz,,,,,sub-0563,ses-01,240,256,256,0.9,0.9375,0.9375,13.784461975097656,15728640,13561418,0.8622117360432943,0.0,1279.0,44.06539397281317,13.0,67.12436562240049,8.0,5.24766914970688,2.2228733882517586,1.0,3.0,204.0,285.0,1.277626521872552,
QTIM,/run/media/falconnier/Elements/BIDS_datasets_selection/QTIM/sub-0563/ses-01/anat/sub-0563_ses-01_T1w_defacemask.nii.gz,,,,,sub-0563,ses-01,240,256,256,0.9,0.9375,0.9375,0.16070270538330078,15728640,13744524,0.8738533020019531,0.0,1.0,1.0,1.0,0.0,0.0,,,1.0,1.0,1.0,1.0,-2048.0,
QTIM,/run/media/falconnier/Elements/BIDS_datasets_selection/QTIM/sub-0564/ses-01/anat/sub-0564_ses-01_T1w_defacemask.nii.gz,,,,,sub-0564,ses-01,256,256,256,0.9375,0.9,0.9375,0.18211078643798828,16777216,14968341,0.8921826481819153,0.0,1.0,1.0,1.0,0.0,0.0,,,1.0,1.0,1.0,1.0,-2048.0,
QTIM,/run/media/falconnier/Elements/BIDS_datasets_selection/QTIM/sub-0564/ses-01/anat/sub-0564_ses-01_T1w.nii.gz,,,,,sub-0564,ses-01,256,256,256,0.9375,0.9,0.9375,10.106109619140625,16777216,13546741,0.80744868516922,0.0,419.0,12.233404255680389,3.0,20.303481187251332,2.0,7.32092558519421,2.41422246431283,1.0,1.0,61.0,83.0,2.453288153451513,
QTIM,/run/media/falconnier/Elements/BIDS_datasets_selection/QTIM/sub-0565/ses-01/anat/sub-0565_ses-01_T1w_defacemask.nii.gz,,,,,sub-0565,ses-01,256,256,256,0.9375,0.9,0.9375,0.19267559051513672,16777216,14899093,0.888055145740509,0.0,1.0,1.0,1.0,0.0,0.0,,,1.0,1.0,1.0,1.0,-2048.0,
QTIM,/run/media/falconnier/Elements/BIDS_datasets_selection/QTIM/sub-0565/ses-01/anat/sub-0565_ses-01_T1w.nii.gz,,,,,sub-0565,ses-01,256,256,256,0.9375,0.9,0.9375,11.087529182434082,16777216,13587341,0.8098686337471008,0.0,482.0,19.760941747174815,4.0,27.18154810860502,3.0,2.560486983642183,1.5979215573062537,1.0,1.0,79.0,96.0,2.6579306076137796,
QTIM,/run/media/falconnier/Elements/BIDS_datasets_selection/QTIM/sub-0566/ses-01/anat/sub-0566_ses-01_T1w_defacemask.nii.gz,,,,,sub-0566,ses-01,240,256,256,0.9,0.9375,0.9375,0.16267681121826172,15728640,14077862,0.8950463612874349,0.0,1.0,1.0,1.0,0.0,0.0,,,1.0,1.0,1.0,1.0,-2048.0,
QTIM,/run/media/falconnier/Elements/BIDS_datasets_selection/QTIM/sub-0566/ses-01/anat/sub-0566_ses-01_T1w.nii.gz,,,,,sub-0566,ses-01,240,256,256,0.9,0.9375,0.9375,14.405218124389648,15728640,13906814,0.8841714223225912,0.0,1145.0,48.50989054718068,14.0,73.25124045499818,9.0,5.552530609589988,2.280654189007443,1.0,3.0,222.0,309.0,1.4688920813741426,
QTIM,/run/media/falconnier/Elements/BIDS_datasets_selection/QTIM/sub-0567/ses-01/anat/sub-0567_ses-01_T1w_defacemask.nii.gz,,,,,sub-0567,ses-01,256,256,256,0.9375,0.9,0.9375,0.18485164642333984,16777216,14958061,0.8915699124336243,0.0,1.0,1.0,1.0,0.0,0.0,,,1.0,1.0,1.0,1.0,-2048.0,
QTIM,/run/media/falconnier/Elements/BIDS_datasets_selection/QTIM/sub-0567/ses-01/anat/sub-0567_ses-01_T1w.nii.gz,,,,,sub-0567,ses-01,256,256,256,0.9375,0.9,0.9375,11.193764686584473,16777216,14062441,0.8381868004798889,0.0,421.0,14.977864938242229,4.0,22.608016285556047,2.0,6.24739245097396,2.2865461511257394,1.0,1.0,67.0,93.0,2.8113796402079814,
QTIM,/run/media/falconnier/Elements/BIDS_datasets_selection/QTIM/sub-0568/ses-01/anat/sub-0568_ses-01_T1w.nii.gz,,,,,sub-0568,ses-01,256,256,256,0.9375,0.9,0.9375,10.108355522155762,16777216,13777328,0.821192741394043,0.0,285.0,10.260480406650695,3.0,15.777217015089573,2.0,7.175919016537497,2.500156772069307,1.0,1.0,47.0,68.0,3.5378767809193015,
QTIM,/run/media/falconnier/Elements/BIDS_datasets_selection/QTIM/sub-0568/ses-01/anat/sub-0568_ses-01_T1w_defacemask.nii.gz,,,,,sub-0568,ses-01,256,256,256,0.9375,0.9,0.9375,0.1691722869873047,16777216,15091167,0.8995036482810974,0.0,1.0,1.0,1.0,0.0,0.0,,,1.0,1.0,1.0,1.0,-2048.0,
QTIM,/run/media/falconnier/Elements/BIDS_datasets_selection/QTIM/sub-0569/ses-01/anat/sub-0569_ses-01_T1w.nii.gz,,,,,sub-0569,ses-01,256,256,256,0.9375,0.9,0.9375,10.148598670959473,16777216,13664024,0.8144392967224121,0.0,487.0,11.81219148912502,3.0,19.997314988497084,2.0,6.990618476889926,2.481176476618083,1.0,1.0,60.0,84.0,2.167767196625969,
QTIM,/run/media/falconnier/Elements/BIDS_datasets_selection/QTIM/sub-0569/ses-01/anat/sub-0569_ses-01_T1w_defacemask.nii.gz,,,,,sub-0569,ses-01,256,256,256,0.9375,0.9,0.9375,0.1577129364013672,16777216,15089763,0.8994199633598328,0.0,1.0,1.0,1.0,0.0,0.0,,,1.0,1.0,1.0,1.0,-2048.0,
QTIM,/run/media/falconnier/Elements/BIDS_datasets_selection/QTIM/sub-0570/ses-01/anat/sub-0570_ses-01_T1w_defacemask.nii.gz,,,,,sub-0570,ses-01,256,256,256,0.9375,0.9,0.9375,0.15899944305419922,16777216,15124481,0.9014893174171448,0.0,1.0,1.0,1.0,0.0,0.0,,,1.0,1.0,1.0,1.0,-2048.0,
QTIM,/run/media/falconnier/Elements/BIDS_datasets_selection/QTIM/sub-0570/ses-01/anat/sub-0570_ses-01_T1w.nii.gz,,,,,sub-0570,ses-01,256,256,256,0.9375,0.9,0.9375,10.919413566589355,16777216,14097950,0.8403033018112183,0.0,319.0,13.326409655304495,4.0,19.937260407110198,2.0,4.268522780023867,2.0996835557818248,1.0,1.0,61.0,83.0,3.518762576229939,
QTIM,/run/media/falconnier/Elements/BIDS_datasets_selection/QTIM/sub-0571/ses-01/anat/sub-0571_ses-01_T1w_defacemask.nii.gz,,,,,sub-0571,ses-01,256,256,256,0.9375,0.9,0.9375,0.17563819885253906,16777216,14707288,0.8766226768493652,0.0,1.0,1.0,1.0,0.0,0.0,,,1.0,1.0,1.0,1.0,-2048.0,
QTIM,/run/media/falconnier/Elements/BIDS_datasets_selection/QTIM/sub-0571/ses-01/anat/sub-0571_ses-01_T1w.nii.gz,,,,,sub-0571,ses-01,256,256,256,0.9375,0.9,0.9375,10.408724784851074,16777216,13697707,0.8164469599723816,0.0,357.0,12.837946526378467,4.0,19.24416914280774,2.0,4.808341372450816,2.1435731529008573,1.0,1.0,59.0,80.0,3.1105053200985835,
QTIM,/run/media/falconnier/Elements/BIDS_datasets_selection/QTIM/sub-0572/ses-01/anat/sub-0572_ses-01_T1w.nii.gz,,,,,sub-0572,ses-01,256,256,256,0.9375,0.9,0.9375,9.747893333435059,16777216,13417918,0.7997702360153198,0.0,331.0,10.060778281697653,3.0,15.48303854087602,2.0,6.406731809381707,2.363076158902294,1.0,1.0,47.0,65.0,3.022257255912996,
QTIM,/run/media/falconnier/Elements/BIDS_datasets_selection/QTIM/sub-0572/ses-01/anat/sub-0572_ses-01_T1w_defacemask.nii.gz,,,,,sub-0572,ses-01,256,256,256,0.9375,0.9,0.9375,0.1803913116455078,16777216,14893310,0.887710452079773,0.0,1.0,1.0,1.0,0.0,0.0,,,1.0,1.0,1.0,1.0,-2048.0,
QTIM,/run/media/falconnier/Elements/BIDS_datasets_selection/QTIM/sub-0573/ses-01/anat/sub-0573_ses-01_T1w_defacemask.nii.gz,,,,,sub-0573,ses-01,256,256,256,0.9375,0.9,0.9375,0.18821430206298828,16777216,14932506,0.8900467157363892,0.0,1.0,1.0,1.0,0.0,0.0,,,1.0,1.0,1.0,1.0,-2048.0,
QTIM,/run/media/falconnier/Elements/BIDS_datasets_selection/QTIM/sub-0573/ses-01/anat/sub-0573_ses-01_T1w.nii.gz,,,,,sub-0573,ses-01,256,256,256,0.9375,0.9,0.9375,10.537809371948242,16777216,13927934,0.8301695585250854,0.0,371.0,11.888396297684926,4.0,18.458958946611958,2.0,6.879010030671239,2.4657499795172995,1.0,1.0,56.0,80.0,2.987715311365279,
QTIM,/run/media/falconnier/Elements/BIDS_datasets_selection/QTIM/sub-0574/ses-01/anat/sub-0574_ses-01_T1w_defacemask.nii.gz,,,,,sub-0574,ses-01,256,256,256,0.9375,0.9,0.9375,0.17605018615722656,16777216,15110892,0.900679349899292,0.0,1.0,1.0,1.0,0.0,0.0,,,1.0,1.0,1.0,1.0,-2048.0,
QTIM,/run/media/falconnier/Elements/BIDS_datasets_selection/QTIM/sub-0574/ses-01/anat/sub-0574_ses-01_T1w.nii.gz,,,,,sub-0574,ses-01,256,256,256,0.9375,0.9,0.9375,10.421820640563965,16777216,13896652,0.8283050060272217,0.0,435.0,12.051690435940973,3.0,19.29556376643672,2.0,7.332537359732239,2.4418961566484056,1.0,1.0,58.0,81.0,2.453745271306332,
QTIM,/run/media/falconnier/Elements/BIDS_datasets_selection/QTIM/sub-0575/ses-01/anat/sub-0575_ses-01_T1w_defacemask.nii.gz,,,,,sub-0575,ses-01,256,256,256,0.9375,0.9,0.9375,0.16659927368164062,16777216,15107047,0.9004501700401306,0.0,1.0,1.0,1.0,0.0,0.0,,,1.0,1.0,1.0,1.0,-2048.0,
QTIM,/run/media/falconnier/Elements/BIDS_datasets_selection/QTIM/sub-0575/ses-01/anat/sub-0575_ses-01_T1w.nii.gz,,,,,sub-0575,ses-01,256,256,256,0.9375,0.9,0.9375,10.50126838684082,16777216,13870330,0.8267360925674438,0.0,396.0,12.278495969454223,3.0,19.37224904842735,2.0,6.098653882557601,2.3311587123582544,1.0,1.0,59.0,81.0,2.6847059023189876,
QTIM,/run/media/falconnier/Elements/BIDS_datasets_selection/QTIM/sub-0576/ses-01/anat/sub-0576_ses-01_T1w_defacemask.nii.gz,,,,,sub-0576,ses-01,256,256,256,0.9375,0.9,0.9375,0.17323970794677734,16777216,14987873,0.8933468461036682,0.0,1.0,1.0,1.0,0.0,0.0,,,1.0,1.0,1.0,1.0,-2048.0,
QTIM,/run/media/falconnier/Elements/BIDS_datasets_selection/QTIM/sub-0576/ses-01/anat/sub-0576_ses-01_T1w.nii.gz,,,,,sub-0576,ses-01,256,256,256,0.9375,0.9,0.9375,10.785309791564941,16777216,13982151,0.8334011435508728,0.0,412.0,13.290631105328501,4.0,19.752333595258513,3.0,7.971126948618778,2.412758594496186,1.0,1.0,58.0,81.0,2.778336456859245,
QTIM,/run/media/falconnier/Elements/BIDS_datasets_selection/QTIM/sub-0577/ses-01/anat/sub-0577_ses-01_T1w.nii.gz,,,,,sub-0577,ses-01,256,256,256,0.9375,0.9,0.9375,9.430824279785156,16777216,13048454,0.7777484655380249,0.0,290.0,9.644389979073383,2.0,15.068065399638032,1.0,6.690123126639367,2.3466062244694506,1.0,1.0,45.0,62.0,3.160263434220188,
QTIM,/run/media/falconnier/Elements/BIDS_datasets_selection/QTIM/sub-0577/ses-01/anat/sub-0577_ses-01_T1w_defacemask.nii.gz,,,,,sub-0577,ses-01,256,256,256,0.9375,0.9,0.9375,0.1814746856689453,16777216,14907336,0.8885464668273926,0.0,1.0,1.0,1.0,0.0,0.0,,,1.0,1.0,1.0,1.0,-2048.0,
QTIM,/run/media/falconnier/Elements/BIDS_datasets_selection/QTIM/sub-0577/ses-02/anat/sub-0577_ses-02_T1w_defacemask.nii.gz,,,,,sub-0577,ses-02,256,256,256,0.9375,0.9,0.9375,0.17586517333984375,16777216,15051661,0.8971489071846008,0.0,1.0,1.0,1.0,0.0,0.0,,,1.0,1.0,1.0,1.0,-2048.0,
QTIM,/run/media/falconnier/Elements/BIDS_datasets_selection/QTIM/sub-0577/ses-02/anat/sub-0577_ses-02_T1w.nii.gz,,,,,sub-0577,ses-02,256,256,256,0.9375,0.9,0.9375,10.63737678527832,16777216,13963810,0.8323079347610474,0.0,418.0,12.477171559910941,3.0,19.70499215150703,2.0,6.977277891747482,2.3960430093585043,1.0,1.0,60.0,82.0,2.6052005708993486,
QTIM,/run/media/falconnier/Elements/BIDS_datasets_selection/QTIM/sub-0578/ses-01/anat/sub-0578_ses-01_T1w.nii.gz,,,,,sub-0578,ses-01,256,256,256,0.9375,0.9,0.9375,9.680268287658691,16777216,13505075,0.8049651980400085,0.0,263.0,9.673254906026068,3.0,15.394562469957984,2.0,6.813149254357997,2.4351107015308453,1.0,1.0,47.0,65.0,3.482934552538982,
QTIM,/run/media/falconnier/Elements/BIDS_datasets_selection/QTIM/sub-0578/ses-01/anat/sub-0578_ses-01_T1w_defacemask.nii.gz,,,,,sub-0578,ses-01,256,256,256,0.9375,0.9,0.9375,0.1713876724243164,16777216,15159283,0.9035636782646179,0.0,1.0,1.0,1.0,0.0,0.0,,,1.0,1.0,1.0,1.0,-2048.0,
QTIM,/run/media/falconnier/Elements/BIDS_datasets_selection/QTIM/sub-0578/ses-02/anat/sub-0578_ses-02_T1w.nii.gz,,,,,sub-0578,ses-02,256,256,256,0.9375,0.9,0.9375,9.835582733154297,16777216,13487886,0.8039406538009644,0.0,343.0,10.310192494212956,3.0,16.479341042041053,2.0,7.1228338990582465,2.445837047423689,1.0,1.0,50.0,69.0,2.869196750302486,
QTIM,/run/media/falconnier/Elements/BIDS_datasets_selection/QTIM/sub-0578/ses-02/anat/sub-0578_ses-02_T1w_defacemask.nii.gz,,,,,sub-0578,ses-02,256,256,256,0.9375,0.9,0.9375,0.1727123260498047,16777216,15031965,0.8959749341011047,0.0,1.0,1.0,1.0,0.0,0.0,,,1.0,1.0,1.0,1.0,-2048.0,
QTIM,/run/media/falconnier/Elements/BIDS_datasets_selection/QTIM/sub-0579/ses-01/anat/sub-0579_ses-01_T1w_defacemask.nii.gz,,,,,sub-0579,ses-01,240,256,256,0.9,0.9375,0.9375,0.18573760986328125,15728640,13761296,0.8749196370442708,0.0,1.0,1.0,1.0,0.0,0.0,,,1.0,1.0,1.0,1.0,-2048.0,
QTIM,/run/media/falconnier/Elements/BIDS_datasets_selection/QTIM/sub-0579/ses-01/anat/sub-0579_ses-01_T1w.nii.gz,,,,,sub-0579,ses-01,240,256,256,0.9,0.9375,0.9375,13.867876052856445,15728640,13580283,0.8634111404418945,0.0,1457.0,44.48637167575963,13.0,68.76112051687507,7.0,5.889931434471864,2.269188490110015,1.0,3.0,212.0,290.0,1.1127758324422616,
QTIM,/run/media/falconnier/Elements/BIDS_datasets_selection/QTIM/sub-0580/ses-01/anat/sub-0580_ses-01_T1w.nii.gz,,,,,sub-0580,ses-01,256,256,256,0.9375,0.9,0.9375,9.97202205657959,16777216,13575850,0.8091837167739868,0.0,373.0,10.788128993764664,3.0,15.907586405322554,2.0,5.112360733717788,2.1624726665626794,1.0,1.0,49.0,66.0,2.845708328374246,
QTIM,/run/media/falconnier/Elements/BIDS_datasets_selection/QTIM/sub-0580/ses-01/anat/sub-0580_ses-01_T1w_defacemask.nii.gz,,,,,sub-0580,ses-01,256,256,256,0.9375,0.9,0.9375,0.182647705078125,16777216,14779935,0.880952775478363,0.0,1.0,1.0,1.0,0.0,0.0,,,1.0,1.0,1.0,1.0,-2048.0,
QTIM,/run/media/falconnier/Elements/BIDS_datasets_selection/QTIM/sub-0581/ses-01/anat/sub-0581_ses-01_T1w_defacemask.nii.gz,,,,,sub-0581,ses-01,256,256,256,0.9375,0.9,0.9375,0.16743946075439453,16777216,14999867,0.8940617442131042,0.0,1.0,1.0,1.0,0.0,0.0,,,1.0,1.0,1.0,1.0,-2048.0,
QTIM,/run/media/falconnier/Elements/BIDS_datasets_selection/QTIM/sub-0581/ses-01/anat/sub-0581_ses-01_T1w.nii.gz,,,,,sub-0581,ses-01,256,256,256,0.9375,0.9,0.9375,9.768519401550293,16777216,13427710,0.8003538846969604,0.0,390.0,10.3993034553174,3.0,17.278328627508436,2.0,7.9266199722097355,2.5644186939418367,1.0,1.0,51.0,75.0,2.4872961428397162,
QTIM,/run/media/falconnier/Elements/BIDS_datasets_selection/QTIM/sub-0582/ses-01/anat/sub-0582_ses-01_T1w.nii.gz,,,,,sub-0582,ses-01,256,256,256,0.9375,0.9,0.9375,10.77138900756836,16777216,13774831,0.8210439085960388,0.0,349.0,14.042782085674952,4.0,20.52892487771322,3.0,6.306656169209063,2.217684555836482,1.0,1.0,61.0,81.0,3.288412778977512,
QTIM,/run/media/falconnier/Elements/BIDS_datasets_selection/QTIM/sub-0582/ses-01/anat/sub-0582_ses-01_T1w_defacemask.nii.gz,,,,,sub-0582,ses-01,256,256,256,0.9375,0.9,0.9375,0.17456340789794922,16777216,14776914,0.8807727098464966,0.0,1.0,1.0,1.0,0.0,0.0,,,1.0,1.0,1.0,1.0,-2048.0,
QTIM,/run/media/falconnier/Elements/BIDS_datasets_selection/QTIM/sub-0583/ses-01/anat/sub-0583_ses-01_T1w_defacemask.nii.gz,,,,,sub-0583,ses-01,256,256,256,0.9375,0.9,0.9375,0.19723796844482422,16777216,14951226,0.8911625146865845,0.0,1.0,1.0,1.0,0.0,0.0,,,1.0,1.0,1.0,1.0,-2048.0,
QTIM,/run/media/falconnier/Elements/BIDS_datasets_selection/QTIM/sub-0583/ses-01/anat/sub-0583_ses-01_T1w.nii.gz,,,,,sub-0583,ses-01,256,256,256,0.9375,0.9,0.9375,10.6304292678833,16777216,13901428,0.828589677810669,0.0,370.0,12.964668665693912,4.0,19.673601160718377,2.0,6.927440314273017,2.3569876619426324,1.0,1.0,59.0,81.0,3.0463473437720214,
QTIM,/run/media/falconnier/Elements/BIDS_datasets_selection/QTIM/sub-0584/ses-01/anat/sub-0584_ses-01_T1w_defacemask.nii.gz,,,,,sub-0584,ses-01,240,256,256,0.9,0.9375,0.9375,0.1628742218017578,15728640,13905717,0.884101676940918,0.0,1.0,1.0,1.0,0.0,0.0,,,1.0,1.0,1.0,1.0,-2048.0,
QTIM,/run/media/falconnier/Elements/BIDS_datasets_selection/QTIM/sub-0584/ses-01/anat/sub-0584_ses-01_T1w.nii.gz,,,,,sub-0584,ses-01,240,256,256,0.9,0.9375,0.9375,14.202235221862793,15728640,13730517,0.872962760925293,0.0,1219.0,47.237334544649705,13.0,73.66969493427455,7.0,5.194633353301237,2.2688101737140713,1.0,3.0,226.0,312.0,1.3463143770191865,
QTIM,/run/media/falconnier/Elements/BIDS_datasets_selection/QTIM/sub-0585/ses-01/anat/sub-0585_ses-01_T1w_defacemask.nii.gz,,,,,sub-0585,ses-01,256,256,256,0.9375,0.9,0.9375,0.1713266372680664,16777216,14994872,0.8937640190124512,0.0,1.0,1.0,1.0,0.0,0.0,,,1.0,1.0,1.0,1.0,-2048.0,
QTIM,/run/media/falconnier/Elements/BIDS_datasets_selection/QTIM/sub-0585/ses-01/anat/sub-0585_ses-01_T1w.nii.gz,,,,,sub-0585,ses-01,256,256,256,0.9375,0.9,0.9375,10.311945915222168,16777216,13726717,0.8181760907173157,0.0,368.0,12.612292363862386,3.0,20.25197834549863,2.0,6.14912966177771,2.3427742085861802,1.0,1.0,61.0,84.0,2.903354884327754,
QTIM,/run/media/falconnier/Elements/BIDS_datasets_selection/QTIM/sub-0586/ses-01/anat/sub-0586_ses-01_T1w_defacemask.nii.gz,,,,,sub-0586,ses-01,240,256,256,0.9,0.9375,0.9375,0.1608743667602539,15728640,13989844,0.8894503275553386,0.0,1.0,1.0,1.0,0.0,0.0,,,1.0,1.0,1.0,1.0,-2048.0,
QTIM,/run/media/falconnier/Elements/BIDS_datasets_selection/QTIM/sub-0586/ses-01/anat/sub-0586_ses-01_T1w.nii.gz,,,,,sub-0586,ses-01,240,256,256,0.9,0.9375,0.9375,14.346467971801758,15728640,13810168,0.878026835123698,0.0,1687.0,52.02055637556328,13.0,81.72352799227288,7.0,5.060901033487953,2.1968121887151204,1.0,3.0,248.0,340.0,0.9812676901971794,
QTIM,/run/media/falconnier/Elements/BIDS_datasets_selection/QTIM/sub-0587/ses-01/anat/sub-0587_ses-01_T1w_defacemask.nii.gz,,,,,sub-0587,ses-01,256,256,256,0.9375,0.9,0.9375,0.17287540435791016,16777216,15005190,0.8943790197372437,0.0,1.0,1.0,1.0,0.0,0.0,,,1.0,1.0,1.0,1.0,-2048.0,
QTIM,/run/media/falconnier/Elements/BIDS_datasets_selection/QTIM/sub-0587/ses-01/anat/sub-0587_ses-01_T1w.nii.gz,,,,,sub-0587,ses-01,256,256,256,0.9375,0.9,0.9375,10.748089790344238,16777216,13962944,0.8322563171386719,0.0,453.0,13.282897431945583,4.0,20.208204895190164,3.0,6.231630129896942,2.329343511097848,1.0,1.0,61.0,84.0,2.541122100341704,
QTIM,/run/media/falconnier/Elements/BIDS_datasets_selection/QTIM/sub-0587/ses-02/anat/sub-0587_ses-02_T1w_defacemask.nii.gz,,,,,sub-0587,ses-02,240,256,256,0.9,0.9375,0.9375,0.17131328582763672,15728640,13832046,0.8794178009033203,0.0,1.0,1.0,1.0,0.0,0.0,,,1.0,1.0,1.0,1.0,-2048.0,
QTIM,/run/media/falconnier/Elements/BIDS_datasets_selection/QTIM/sub-0587/ses-02/anat/sub-0587_ses-02_T1w.nii.gz,,,,,sub-0587,ses-02,240,256,256,0.9,0.9375,0.9375,14.214305877685547,15728640,13652408,0.8679967244466146,0.0,1317.0,50.14637542329529,13.0,73.7890504080316,8.0,4.175849488731033,2.030669376941575,1.0,3.0,223.0,298.0,1.267558449669722,
QTIM,/run/media/falconnier/Elements/BIDS_datasets_selection/QTIM/sub-0588/ses-01/anat/sub-0588_ses-01_T1w.nii.gz,,,,,sub-0588,ses-01,256,256,256,0.9375,0.9,0.9375,9.707969665527344,16777216,13419159,0.7998442053794861,0.0,248.0,9.925289878449163,3.0,14.587099182314418,2.0,4.496885323130766,2.115477596530719,1.0,1.0,45.0,61.0,4.237646918427366,
QTIM,/run/media/falconnier/Elements/BIDS_datasets_selection/QTIM/sub-0588/ses-01/anat/sub-0588_ses-01_T1w_defacemask.nii.gz,,,,,sub-0588,ses-01,256,256,256,0.9375,0.9,0.9375,0.17387676239013672,16777216,14934636,0.8901736736297607,0.0,1.0,1.0,1.0,0.0,0.0,,,1.0,1.0,1.0,1.0,-2048.0,
QTIM,/run/media/falconnier/Elements/BIDS_datasets_selection/QTIM/sub-0589/ses-01/anat/sub-0589_ses-01_T1w.nii.gz,,,,,sub-0589,ses-01,256,256,256,0.9375,0.9,0.9375,9.878742218017578,16777216,13343354,0.7953258752822876,0.0,278.0,11.405989453626127,3.0,18.18527072709149,2.0,5.628468121142662,2.3045031250796355,1.0,1.0,55.0,76.0,3.5402255211336975,
QTIM,/run/media/falconnier/Elements/BIDS_datasets_selection/QTIM/sub-0589/ses-01/anat/sub-0589_ses-01_T1w_defacemask.nii.gz,,,,,sub-0589,ses-01,256,256,256,0.9375,0.9,0.9375,0.18967437744140625,16777216,14845275,0.8848473429679871,0.0,1.0,1.0,1.0,0.0,0.0,,,1.0,1.0,1.0,1.0,-2048.0,
QTIM,/run/media/falconnier/Elements/BIDS_datasets_selection/QTIM/sub-0590/ses-01/anat/sub-0590_ses-01_T1w.nii.gz,,,,,sub-0590,ses-01,256,256,256,0.9375,0.9,0.9375,9.640283584594727,16777216,13265495,0.7906851172447205,0.0,354.0,10.341627508057558,3.0,16.964525404671264,2.0,6.961091103973674,2.4482216687671823,1.0,1.0,51.0,71.0,2.7293838521629303,
QTIM,/run/media/falconnier/Elements/BIDS_datasets_selection/QTIM/sub-0590/ses-01/anat/sub-0590_ses-01_T1w_defacemask.nii.gz,,,,,sub-0590,ses-01,256,256,256,0.9375,0.9,0.9375,0.18136882781982422,16777216,14998614,0.8939870595932007,0.0,1.0,1.0,1.0,0.0,0.0,,,1.0,1.0,1.0,1.0,-2048.0,
QTIM,/run/media/falconnier/Elements/BIDS_datasets_selection/QTIM/sub-0591/ses-01/anat/sub-0591_ses-01_T1w.nii.gz,,,,,sub-0591,ses-01,256,256,256,0.9375,0.9,0.9375,10.589675903320312,16777216,13975722,0.8330179452896118,0.0,366.0,12.62497815855238,4.0,18.842648935763545,3.0,6.4924815146541395,2.3086612089896446,1.0,1.0,56.0,79.0,3.055846557637139,
QTIM,/run/media/falconnier/Elements/BIDS_datasets_selection/QTIM/sub-0591/ses-01/anat/sub-0591_ses-01_T1w_defacemask.nii.gz,,,,,sub-0591,ses-01,256,256,256,0.9375,0.9,0.9375,0.16394329071044922,16777216,15061425,0.8977308869361877,0.0,1.0,1.0,1.0,0.0,0.0,,,1.0,1.0,1.0,1.0,-2048.0,
QTIM,/run/media/falconnier/Elements/BIDS_datasets_selection/QTIM/sub-0592/ses-01/anat/sub-0592_ses-01_T1w_defacemask.nii.gz,,,,,sub-0592,ses-01,240,256,256,0.9,0.9375,0.9375,0.18473243713378906,15728640,13807282,0.8778433481852214,0.0,1.0,1.0,1.0,0.0,0.0,,,1.0,1.0,1.0,1.0,-2048.0,
QTIM,/run/media/falconnier/Elements/BIDS_datasets_selection/QTIM/sub-0592/ses-01/anat/sub-0592_ses-01_T1w.nii.gz,,,,,sub-0592,ses-01,240,256,256,0.9,0.9375,0.9375,14.562232971191406,15728640,13655728,0.8682078043619792,0.0,1444.0,53.359213657448365,17.0,77.64748290150051,10.0,5.424741089447318,2.185997419935504,2.0,4.0,236.0,323.0,1.192565366131658,
QTIM,/run/media/falconnier/Elements/BIDS_datasets_selection/QTIM/sub-0593/ses-01/anat/sub-0593_ses-01_T1w_defacemask.nii.gz,,,,,sub-0593,ses-01,256,256,256,0.9375,0.9,0.9375,0.1684856414794922,16777216,15076540,0.8986318111419678,0.0,1.0,1.0,1.0,0.0,0.0,,,1.0,1.0,1.0,1.0,-2048.0,
QTIM,/run/media/falconnier/Elements/BIDS_datasets_selection/QTIM/sub-0593/ses-01/anat/sub-0593_ses-01_T1w.nii.gz,,,,,sub-0593,ses-01,256,256,256,0.9375,0.9,0.9375,10.804884910583496,16777216,13997800,0.8343338966369629,0.0,369.0,13.35052436811499,3.0,20.799277122559786,2.0,6.524792828669515,2.3120794706785537,1.0,1.0,62.0,85.0,2.995707144203617,
QTIM,/run/media/falconnier/Elements/BIDS_datasets_selection/QTIM/sub-0594/ses-01/anat/sub-0594_ses-01_T1w.nii.gz,,,,,sub-0594,ses-01,256,256,256,0.9375,0.9,0.9375,11.515798568725586,16777216,14299919,0.8523415923118591,0.0,410.0,15.833345139927017,5.0,22.99026116713709,3.0,6.239698941503789,2.228025098577756,1.0,1.0,69.0,93.0,2.988254801407535,
QTIM,/run/media/falconnier/Elements/BIDS_datasets_selection/QTIM/sub-0594/ses-01/anat/sub-0594_ses-01_T1w_defacemask.nii.gz,,,,,sub-0594,ses-01,256,256,256,0.9375,0.9,0.9375,0.17722225189208984,16777216,15033960,0.8960938453674316,0.0,1.0,1.0,1.0,0.0,0.0,,,1.0,1.0,1.0,1.0,-2048.0,
QTIM,/run/media/falconnier/Elements/BIDS_datasets_selection/QTIM/sub-0595/ses-01/anat/sub-0595_ses-01_T1w.nii.gz,,,,,sub-0595,ses-01,256,256,256,0.9375,0.9,0.9375,9.954015731811523,16777216,12702228,0.7571117877960205,0.0,620.0,18.430610283487276,3.0,27.027153194036178,2.0,2.8965688458807977,1.5743102261054385,1.0,1.0,77.0,89.0,1.803944850423801,
QTIM,/run/media/falconnier/Elements/BIDS_datasets_selection/QTIM/sub-0595/ses-01/anat/sub-0595_ses-01_T1w_defacemask.nii.gz,,,,,sub-0595,ses-01,256,256,256,0.9375,0.9,0.9375,0.18288612365722656,16777216,14856389,0.8855097889900208,0.0,1.0,1.0,1.0,0.0,0.0,,,1.0,1.0,1.0,1.0,-2048.0,
QTIM,/run/media/falconnier/Elements/BIDS_datasets_selection/QTIM/sub-0596/ses-01/anat/sub-0596_ses-01_T1w_defacemask.nii.gz,,,,,sub-0596,ses-01,256,256,256,0.9375,0.9,0.9375,0.1569347381591797,16777216,14980477,0.8929060101509094,0.0,1.0,1.0,1.0,0.0,0.0,,,1.0,1.0,1.0,1.0,-2048.0,
QTIM,/run/media/falconnier/Elements/BIDS_datasets_selection/QTIM/sub-0596/ses-01/anat/sub-0596_ses-01_T1w.nii.gz,,,,,sub-0596,ses-01,256,256,256,0.9375,0.9,0.9375,10.31847858428955,16777216,13681844,0.8155014514923096,0.0,399.0,12.019629006148586,3.0,19.193628622613293,2.0,7.8137078510755344,2.517662854162275,1.0,1.0,56.0,81.0,2.6555198918781984,
QTIM,/run/media/falconnier/Elements/BIDS_datasets_selection/QTIM/sub-0597/ses-01/anat/sub-0597_ses-01_T1w.nii.gz,,,,,sub-0597,ses-01,256,256,256,0.9375,0.9,0.9375,9.605840682983398,16777216,13373911,0.7971472144126892,0.0,369.0,9.668878983866424,3.0,16.062516768759295,2.0,8.502973316219745,2.6520474378059804,1.0,1.0,48.0,69.0,2.6378174280799063,
QTIM,/run/media/falconnier/Elements/BIDS_datasets_selection/QTIM/sub-0597/ses-01/anat/sub-0597_ses-01_T1w_defacemask.nii.gz,,,,,sub-0597,ses-01,256,256,256,0.9375,0.9,0.9375,0.1762104034423828,16777216,15054197,0.8973000645637512,0.0,1.0,1.0,1.0,0.0,0.0,,,1.0,1.0,1.0,1.0,-2048.0,
QTIM,/run/media/falconnier/Elements/BIDS_datasets_selection/QTIM/sub-0598/ses-01/anat/sub-0598_ses-01_T1w_defacemask.nii.gz,,,,,sub-0598,ses-01,256,256,256,0.9375,0.9,0.9375,0.17938709259033203,16777216,15138399,0.9023188948631287,0.0,1.0,1.0,1.0,0.0,0.0,,,1.0,1.0,1.0,1.0,-2048.0,
QTIM,/run/media/falconnier/Elements/BIDS_datasets_selection/QTIM/sub-0598/ses-01/anat/sub-0598_ses-01_T1w.nii.gz,,,,,sub-0598,ses-01,256,256,256,0.9375,0.9,0.9375,10.465368270874023,16777216,13821703,0.8238376975059509,0.0,403.0,12.509488157863036,3.0,20.19962755770171,2.0,7.036213144002964,2.450694010371144,1.0,1.0,60.0,85.0,2.6342299425065883,
QTIM,/run/media/falconnier/Elements/BIDS_datasets_selection/QTIM/sub-0599/ses-01/anat/sub-0599_ses-01_T1w_defacemask.nii.gz,,,,,sub-0599,ses-01,240,256,256,0.9,0.9375,0.9375,0.15610122680664062,15728640,14176762,0.9013342539469401,0.0,1.0,1.0,1.0,0.0,0.0,,,1.0,1.0,1.0,1.0,-2048.0,
QTIM,/run/media/falconnier/Elements/BIDS_datasets_selection/QTIM/sub-0599/ses-01/anat/sub-0599_ses-01_T1w.nii.gz,,,,,sub-0599,ses-01,240,256,256,0.9,0.9375,0.9375,14.376349449157715,15728640,13992706,0.8896322886149088,0.0,1178.0,47.91783169031065,13.0,73.70555392705705,8.0,4.659606664350632,2.1831414967098577,1.0,3.0,227.0,307.0,1.4036556154196573,
QTIM,/run/media/falconnier/Elements/BIDS_datasets_selection/QTIM/sub-0600/ses-01/anat/sub-0600_ses-01_T1w_defacemask.nii.gz,,,,,sub-0600,ses-01,256,256,256,0.9375,0.9,0.9375,0.1819610595703125,16777216,14837339,0.8843743205070496,0.0,1.0,1.0,1.0,0.0,0.0,,,1.0,1.0,1.0,1.0,-2048.0,
QTIM,/run/media/falconnier/Elements/BIDS_datasets_selection/QTIM/sub-0601/ses-01/anat/sub-0601_ses-01_T1w_defacemask.nii.gz,,,,,sub-0601,ses-01,256,256,256,0.9375,0.9,0.9375,0.17734241485595703,16777216,14884784,0.887202262878418,0.0,1.0,1.0,1.0,0.0,0.0,,,1.0,1.0,1.0,1.0,-2048.0,
QTIM,/run/media/falconnier/Elements/BIDS_datasets_selection/QTIM/sub-0601/ses-01/anat/sub-0601_ses-01_T1w.nii.gz,,,,,sub-0601,ses-01,256,256,256,0.9375,0.9,0.9375,9.821135520935059,16777216,13428144,0.800379753112793,0.0,283.0,10.377297264610805,3.0,16.336124689103375,2.0,7.732536276534022,2.524359174473703,1.0,1.0,48.0,69.0,3.470008301392602,
QTIM,/run/media/falconnier/Elements/BIDS_datasets_selection/QTIM/sub-0600/ses-01/anat/sub-0600_ses-01_T1w.nii.gz,,,,,sub-0600,ses-01,256,256,256,0.9375,0.9,0.9375,11.197318077087402,16777216,14108681,0.840942919254303,0.0,340.0,13.907531398576522,4.0,19.744239955099097,2.0,5.503508302891451,2.1737061138968,1.0,1.0,60.0,81.0,3.4966502971280433,
QTIM,/run/media/falconnier/Elements/BIDS_datasets_selection/QTIM/sub-0602/ses-01/anat/sub-0602_ses-01_T1w_defacemask.nii.gz,,,,,sub-0602,ses-01,240,256,256,0.9,0.9375,0.9375,0.15706348419189453,15728640,14033452,0.8922228495279948,0.0,1.0,1.0,1.0,0.0,0.0,,,1.0,1.0,1.0,1.0,-2048.0,
QTIM,/run/media/falconnier/Elements/BIDS_datasets_selection/QTIM/sub-0602/ses-01/anat/sub-0602_ses-01_T1w.nii.gz,,,,,sub-0602,ses-01,240,256,256,0.9,0.9375,0.9375,14.461228370666504,15728640,13853752,0.8807978312174479,0.0,1355.0,52.516971286912025,14.0,78.42289154919885,9.0,4.155571678943343,2.0604550082852544,1.0,3.0,239.0,321.0,1.250699324557735,
QTIM,/run/media/falconnier/Elements/BIDS_datasets_selection/QTIM/sub-0604/ses-01/anat/sub-0604_ses-01_T1w_defacemask.nii.gz,,,,,sub-0604,ses-01,240,256,256,0.9,0.9375,0.9375,0.1644906997680664,15728640,13787119,0.8765614191691081,0.0,1.0,1.0,1.0,0.0,0.0,,,1.0,1.0,1.0,1.0,-2048.0,
QTIM,/run/media/falconnier/Elements/BIDS_datasets_selection/QTIM/sub-0603/ses-01/anat/sub-0603_ses-01_T1w.nii.gz,,,,,sub-0603,ses-01,256,256,256,0.9375,0.9,0.9375,9.796789169311523,16777216,13494252,0.8043200969696045,0.0,409.0,10.605967044338582,3.0,17.47102189523379,2.0,6.484670655644459,2.4207188281883036,1.0,1.0,54.0,74.0,2.4366417904140074,
QTIM,/run/media/falconnier/Elements/BIDS_datasets_selection/QTIM/sub-0603/ses-01/anat/sub-0603_ses-01_T1w_defacemask.nii.gz,,,,,sub-0603,ses-01,256,256,256,0.9375,0.9,0.9375,0.18685340881347656,16777216,15033098,0.8960424661636353,0.0,1.0,1.0,1.0,0.0,0.0,,,1.0,1.0,1.0,1.0,-2048.0,
QTIM,/run/media/falconnier/Elements/BIDS_datasets_selection/QTIM/sub-0604/ses-01/anat/sub-0604_ses-01_T1w.nii.gz,,,,,sub-0604,ses-01,240,256,256,0.9,0.9375,0.9375,14.246115684509277,15728640,13618597,0.8658470789591471,0.0,1179.0,50.81284129341664,14.0,76.96066687116509,8.0,5.195995521159123,2.228053319740287,1.0,3.0,232.0,320.0,1.4291606873938254,
QTIM,/run/media/falconnier/Elements/BIDS_datasets_selection/QTIM/sub-0606/ses-01/anat/sub-0606_ses-01_T1w_defacemask.nii.gz,,,,,sub-0606,ses-01,240,256,256,0.9,0.9375,0.9375,0.17822933197021484,15728640,13786337,0.8765117009480794,0.0,1.0,1.0,1.0,0.0,0.0,,,1.0,1.0,1.0,1.0,-2048.0,
QTIM,/run/media/falconnier/Elements/BIDS_datasets_selection/QTIM/sub-0606/ses-01/anat/sub-0606_ses-01_T1w.nii.gz,,,,,sub-0606,ses-01,240,256,256,0.9,0.9375,0.9375,14.387792587280273,15728640,13631560,0.8666712443033854,0.0,1227.0,53.36696775717526,16.0,77.49953555854978,10.0,4.628917872543079,2.106066714640287,1.0,3.0,236.0,318.0,1.3977996373818162,
QTIM,/run/media/falconnier/Elements/BIDS_datasets_selection/QTIM/sub-0607/ses-01/anat/sub-0607_ses-01_T1w_defacemask.nii.gz,,,,,sub-0607,ses-01,256,256,256,0.9375,0.9,0.9375,0.1911296844482422,16777216,15138261,0.9023106694221497,0.0,1.0,1.0,1.0,0.0,0.0,,,1.0,1.0,1.0,1.0,-2048.0,
QTIM,/run/media/falconnier/Elements/BIDS_datasets_selection/QTIM/sub-0607/ses-01/anat/sub-0607_ses-01_T1w.nii.gz,,,,,sub-0607,ses-01,256,256,256,0.9375,0.9,0.9375,10.99325942993164,16777216,14078159,0.8391236662864685,0.0,369.0,14.229085777479854,4.0,22.29913608262238,2.0,5.627600855125104,2.2631811070851366,1.0,1.0,67.0,91.0,3.068423443648342,
QTIM,/run/media/falconnier/Elements/BIDS_datasets_selection/QTIM/sub-0608/ses-01/anat/sub-0608_ses-01_T1w_defacemask.nii.gz,,,,,sub-0608,ses-01,256,256,256,0.9375,0.9,0.9375,0.1754741668701172,16777216,14956035,0.8914491534233093,0.0,1.0,1.0,1.0,0.0,0.0,,,1.0,1.0,1.0,1.0,-2048.0,
QTIM,/run/media/falconnier/Elements/BIDS_datasets_selection/QTIM/sub-0608/ses-01/anat/sub-0608_ses-01_T1w.nii.gz,,,,,sub-0608,ses-01,256,256,256,0.9375,0.9,0.9375,10.08962345123291,16777216,13570071,0.8088392615318298,0.0,392.0,12.07209402220519,3.0,19.596720214344423,2.0,6.39385398000854,2.37068241817886,1.0,1.0,59.0,82.0,2.6334518444043318,
QTIM,/run/media/falconnier/Elements/BIDS_datasets_selection/QTIM/sub-0609/ses-01/anat/sub-0609_ses-01_T1w.nii.gz,,,,,sub-0609,ses-01,256,256,256,0.9375,0.9,0.9375,10.334643363952637,16777216,13741402,0.8190513849258423,0.0,324.0,11.293436142833169,3.0,17.31608909812804,2.0,6.26249147955788,2.3579978027890434,1.0,1.0,52.0,74.0,3.231511181100569,
QTIM,/run/media/falconnier/Elements/BIDS_datasets_selection/QTIM/sub-0609/ses-01/anat/sub-0609_ses-01_T1w_defacemask.nii.gz,,,,,sub-0609,ses-01,256,256,256,0.9375,0.9,0.9375,0.1886892318725586,16777216,15066542,0.8980358839035034,0.0,1.0,1.0,1.0,0.0,0.0,,,1.0,1.0,1.0,1.0,-2048.0,
QTIM,/run/media/falconnier/Elements/BIDS_datasets_selection/QTIM/sub-0610/ses-01/anat/sub-0610_ses-01_T1w.nii.gz,,,,,sub-0610,ses-01,256,256,256,0.9375,0.9,0.9375,9.8925142288208,16777216,13380194,0.797521710395813,0.0,348.0,11.098881077509041,3.0,17.269610800040144,2.0,6.389591769473034,2.3372351177398736,1.0,1.0,52.0,72.0,2.95280747912417,
QTIM,/run/media/falconnier/Elements/BIDS_datasets_selection/QTIM/sub-0610/ses-01/anat/sub-0610_ses-01_T1w_defacemask.nii.gz,,,,,sub-0610,ses-01,256,256,256,0.9375,0.9,0.9375,0.1789102554321289,16777216,14801883,0.8822609782218933,0.0,1.0,1.0,1.0,0.0,0.0,,,1.0,1.0,1.0,1.0,-2048.0,
QTIM,/run/media/falconnier/Elements/BIDS_datasets_selection/QTIM/sub-0611/ses-01/anat/sub-0611_ses-01_T1w.nii.gz,,,,,sub-0611,ses-01,256,256,256,0.9375,0.9,0.9375,9.441983222961426,16777216,13331636,0.7946274280548096,0.0,336.0,9.008196068359503,3.0,14.389617723755565,2.0,7.2115630040383145,2.4979020966821,1.0,1.0,44.0,62.0,2.8093784202502836,
QTIM,/run/media/falconnier/Elements/BIDS_datasets_selection/QTIM/sub-0611/ses-01/anat/sub-0611_ses-01_T1w_defacemask.nii.gz,,,,,sub-0611,ses-01,256,256,256,0.9375,0.9,0.9375,0.1761951446533203,16777216,15039362,0.8964158296585083,0.0,1.0,1.0,1.0,0.0,0.0,,,1.0,1.0,1.0,1.0,-2048.0,
QTIM,/run/media/falconnier/Elements/BIDS_datasets_selection/QTIM/sub-0611/ses-02/anat/sub-0611_ses-02_T1w_defacemask.nii.gz,,,,,sub-0611,ses-02,256,256,256,0.9375,0.9,0.9375,0.17689800262451172,16777216,15004941,0.8943641781806946,0.0,1.0,1.0,1.0,0.0,0.0,,,1.0,1.0,1.0,1.0,-2048.0,
QTIM,/run/media/falconnier/Elements/BIDS_datasets_selection/QTIM/sub-0611/ses-02/anat/sub-0611_ses-02_T1w.nii.gz,,,,,sub-0611,ses-02,256,256,256,0.9375,0.9,0.9375,9.892243385314941,16777216,13557998,0.8081196546554565,0.0,352.0,10.328164748217251,3.0,16.228276040210087,2.0,5.9407776317731695,2.333866417810927,1.0,1.0,49.0,69.0,2.8362490516687924,
QTIM,/run/media/falconnier/Elements/BIDS_datasets_selection/QTIM/sub-0612/ses-01/anat/sub-0612_ses-01_T1w_defacemask.nii.gz,,,,,sub-0612,ses-01,256,256,256,0.9375,0.9,0.9375,0.18993091583251953,16777216,14675267,0.8747140765190125,0.0,1.0,1.0,1.0,0.0,0.0,,,1.0,1.0,1.0,1.0,-2048.0,
QTIM,/run/media/falconnier/Elements/BIDS_datasets_selection/QTIM/sub-0612/ses-01/anat/sub-0612_ses-01_T1w.nii.gz,,,,,sub-0612,ses-01,256,256,256,0.9375,0.9,0.9375,11.117636680603027,16777216,13906694,0.8289035558700562,0.0,302.0,14.96031594568774,4.0,20.953459877358007,3.0,5.881118016454062,2.1713595842426106,1.0,1.0,62.0,85.0,4.002740710194951,
QTIM,/run/media/falconnier/Elements/BIDS_datasets_selection/QTIM/sub-0613/ses-01/anat/sub-0613_ses-01_T1w_defacemask.nii.gz,,,,,sub-0613,ses-01,256,256,256,0.9375,0.9,0.9375,0.18692493438720703,16777216,14921123,0.8893682360649109,0.0,1.0,1.0,1.0,0.0,0.0,,,1.0,1.0,1.0,1.0,-2048.0,
QTIM,/run/media/falconnier/Elements/BIDS_datasets_selection/QTIM/sub-0613/ses-01/anat/sub-0613_ses-01_T1w.nii.gz,,,,,sub-0613,ses-01,256,256,256,0.9375,0.9,0.9375,10.515216827392578,16777216,13830730,0.8243757486343384,0.0,442.0,12.423251050378397,3.0,19.48380081441208,2.0,6.556942776809436,2.3800382199817607,1.0,1.0,59.0,82.0,2.5000746789310813,
QTIM,/run/media/falconnier/Elements/BIDS_datasets_selection/QTIM/sub-0614/ses-01/anat/sub-0614_ses-01_T1w_defacemask.nii.gz,,,,,sub-0614,ses-01,256,256,256,0.9375,0.9,0.9375,0.16915321350097656,16777216,14940529,0.8905249238014221,0.0,1.0,1.0,1.0,0.0,0.0,,,1.0,1.0,1.0,1.0,-2048.0,
QTIM,/run/media/falconnier/Elements/BIDS_datasets_selection/QTIM/sub-0614/ses-01/anat/sub-0614_ses-01_T1w.nii.gz,,,,,sub-0614,ses-01,256,256,256,0.9375,0.9,0.9375,11.048826217651367,16777216,14017519,0.8355092406272888,0.0,381.0,14.539597699136346,4.0,21.098900829865546,3.0,5.446460966293408,2.167720670078154,1.0,1.0,62.0,86.0,3.118228512268586,
QTIM,/run/media/falconnier/Elements/BIDS_datasets_selection/QTIM/sub-0615/ses-01/anat/sub-0615_ses-01_T1w_defacemask.nii.gz,,,,,sub-0615,ses-01,256,256,256,0.9375,0.9,0.9375,0.17595577239990234,16777216,15119549,0.9011953473091125,0.0,1.0,1.0,1.0,0.0,0.0,,,1.0,1.0,1.0,1.0,-2048.0,
QTIM,/run/media/falconnier/Elements/BIDS_datasets_selection/QTIM/sub-0615/ses-01/anat/sub-0615_ses-01_T1w.nii.gz,,,,,sub-0615,ses-01,256,256,256,0.9375,0.9,0.9375,9.623584747314453,16777216,13568089,0.808721125125885,0.0,322.0,8.740942589630714,3.0,14.321655411698462,2.0,8.42202714339156,2.66403908598296,1.0,1.0,43.0,63.0,2.8744309526596,
QTIM,/run/media/falconnier/Elements/BIDS_datasets_selection/QTIM/sub-0616/ses-01/anat/sub-0616_ses-01_T1w_defacemask.nii.gz,,,,,sub-0616,ses-01,256,256,256,0.9375,0.9,0.9375,0.17626094818115234,16777216,14976607,0.8926753401756287,0.0,1.0,1.0,1.0,0.0,0.0,,,1.0,1.0,1.0,1.0,-2048.0,
QTIM,/run/media/falconnier/Elements/BIDS_datasets_selection/QTIM/sub-0616/ses-01/anat/sub-0616_ses-01_T1w.nii.gz,,,,,sub-0616,ses-01,256,256,256,0.9375,0.9,0.9375,10.833778381347656,16777216,13906141,0.8288705945014954,0.0,408.0,14.12860138553176,3.0,22.07083847570179,2.0,6.03729622574868,2.307318437313619,1.0,1.0,66.0,91.0,2.7684857635524946,
QTIM,/run/media/falconnier/Elements/BIDS_datasets_selection/QTIM/sub-0617/ses-01/anat/sub-0617_ses-01_T1w_defacemask.nii.gz,,,,,sub-0617,ses-01,256,256,256,0.9375,0.9,0.9375,0.17704200744628906,16777216,14775947,0.8807150721549988,0.0,1.0,1.0,1.0,0.0,0.0,,,1.0,1.0,1.0,1.0,-2048.0,
QTIM,/run/media/falconnier/Elements/BIDS_datasets_selection/QTIM/sub-0617/ses-01/anat/sub-0617_ses-01_T1w.nii.gz,,,,,sub-0617,ses-01,256,256,256,0.9375,0.9,0.9375,11.373838424682617,16777216,14054987,0.8377425074577332,0.0,390.0,16.030403087530427,5.0,22.2413218009501,3.0,5.299485281580006,2.10065442557218,1.0,1.0,66.0,89.0,3.168970119711809,
QTIM,/run/media/falconnier/Elements/BIDS_datasets_selection/QTIM/sub-0618/ses-01/anat/sub-0618_ses-01_T1w_defacemask.nii.gz,,,,,sub-0618,ses-01,256,256,256,0.9375,0.9,0.9375,0.1865215301513672,16777216,14887032,0.887336254119873,0.0,1.0,1.0,1.0,0.0,0.0,,,1.0,1.0,1.0,1.0,-2048.0,
QTIM,/run/media/falconnier/Elements/BIDS_datasets_selection/QTIM/sub-0618/ses-01/anat/sub-0618_ses-01_T1w.nii.gz,,,,,sub-0618,ses-01,256,256,256,0.9375,0.9,0.9375,10.705814361572266,16777216,13837254,0.824764609336853,0.0,323.0,13.264762430464888,3.0,20.972136104001493,2.0,6.442489082402197,2.3699632904864067,1.0,1.0,63.0,87.0,3.3858267479430637,
QTIM,/run/media/falconnier/Elements/BIDS_datasets_selection/QTIM/sub-0619/ses-01/anat/sub-0619_ses-01_T1w.nii.gz,,,,,sub-0619,ses-01,256,256,256,0.9375,0.9,0.9375,10.527393341064453,16777216,13920848,0.829747200012207,0.0,335.0,11.957393040998651,3.0,18.07872246142224,2.0,5.854196498134094,2.2559231534251083,1.0,1.0,55.0,75.0,3.232125266151465,
QTIM,/run/media/falconnier/Elements/BIDS_datasets_selection/QTIM/sub-0619/ses-01/anat/sub-0619_ses-01_T1w_defacemask.nii.gz,,,,,sub-0619,ses-01,256,256,256,0.9375,0.9,0.9375,0.1826162338256836,16777216,15077598,0.8986948728561401,0.0,1.0,1.0,1.0,0.0,0.0,,,1.0,1.0,1.0,1.0,-2048.0,
QTIM,/run/media/falconnier/Elements/BIDS_datasets_selection/QTIM/sub-0620/ses-01/anat/sub-0620_ses-01_T1w.nii.gz,,,,,sub-0620,ses-01,256,256,256,0.9375,0.9,0.9375,10.084176063537598,16777216,13628608,0.8123283386230469,0.0,283.0,10.763412081409928,3.0,16.68675690165492,2.0,6.04645735823307,2.3492608896450307,1.0,1.0,50.0,71.0,3.503868832287704,
QTIM,/run/media/falconnier/Elements/BIDS_datasets_selection/QTIM/sub-0620/ses-01/anat/sub-0620_ses-01_T1w_defacemask.nii.gz,,,,,sub-0620,ses-01,256,256,256,0.9375,0.9,0.9375,0.17008209228515625,16777216,15130862,0.9018696546554565,0.0,1.0,1.0,1.0,0.0,0.0,,,1.0,1.0,1.0,1.0,-2048.0,
QTIM,/run/media/falconnier/Elements/BIDS_datasets_selection/QTIM/sub-0621/ses-01/anat/sub-0621_ses-01_T1w_defacemask.nii.gz,,,,,sub-0621,ses-01,240,256,256,0.9,0.9375,0.9375,0.17066383361816406,15728640,13861102,0.881265131632487,0.0,1.0,1.0,1.0,0.0,0.0,,,1.0,1.0,1.0,1.0,-2048.0,
QTIM,/run/media/falconnier/Elements/BIDS_datasets_selection/QTIM/sub-0621/ses-01/anat/sub-0621_ses-01_T1w.nii.gz,,,,,sub-0621,ses-01,240,256,256,0.9,0.9375,0.9375,14.434629440307617,15728640,13692108,0.8705207824707031,0.0,1401.0,51.8015131052136,14.0,78.34686770451192,8.0,4.707702376741994,2.140494326710861,1.0,3.0,238.0,323.0,1.2015158728622533,
QTIM,/run/media/falconnier/Elements/BIDS_datasets_selection/QTIM/sub-0622/ses-01/anat/sub-0622_ses-01_T1w.nii.gz,,,,,sub-0622,ses-01,256,256,256,0.9375,0.9,0.9375,10.133085250854492,16777216,13587260,0.809863805770874,0.0,414.0,11.447147033323864,3.0,18.275909132181162,2.0,6.689281897092865,2.341481525806141,1.0,1.0,55.0,76.0,2.483885492924974,
QTIM,/run/media/falconnier/Elements/BIDS_datasets_selection/QTIM/sub-0622/ses-01/anat/sub-0622_ses-01_T1w_defacemask.nii.gz,,,,,sub-0622,ses-01,256,256,256,0.9375,0.9,0.9375,0.1721210479736328,16777216,14926588,0.8896939754486084,0.0,1.0,1.0,1.0,0.0,0.0,,,1.0,1.0,1.0,1.0,-2048.0,
QTIM,/run/media/falconnier/Elements/BIDS_datasets_selection/QTIM/sub-0623/ses-01/anat/sub-0623_ses-01_T1w.nii.gz,,,,,sub-0623,ses-01,256,256,256,0.9375,0.9,0.9375,11.1634521484375,16777216,14049412,0.8374102115631104,0.0,367.0,15.005895050981493,4.0,21.888834149470664,3.0,5.817535159203407,2.176418952707343,1.0,1.0,65.0,88.0,3.2308992377818933,
QTIM,/run/media/falconnier/Elements/BIDS_datasets_selection/QTIM/sub-0623/ses-01/anat/sub-0623_ses-01_T1w_defacemask.nii.gz,,,,,sub-0623,ses-01,256,256,256,0.9375,0.9,0.9375,0.16096782684326172,16777216,14939598,0.8904694318771362,0.0,1.0,1.0,1.0,0.0,0.0,,,1.0,1.0,1.0,1.0,-2048.0,
QTIM,/run/media/falconnier/Elements/BIDS_datasets_selection/QTIM/sub-0624/ses-01/anat/sub-0624_ses-01_T1w_defacemask.nii.gz,,,,,sub-0624,ses-01,240,256,256,0.9,0.9375,0.9375,0.19729232788085938,15728640,13481558,0.8571343739827474,0.0,1.0,1.0,1.0,0.0,0.0,,,1.0,1.0,1.0,1.0,-2048.0,
QTIM,/run/media/falconnier/Elements/BIDS_datasets_selection/QTIM/sub-0624/ses-01/anat/sub-0624_ses-01_T1w.nii.gz,,,,,sub-0624,ses-01,240,256,256,0.9,0.9375,0.9375,14.42394733428955,15728640,13327683,0.8473512649536132,0.0,1166.0,56.450731608787514,17.0,74.7315166991545,12.0,3.491723157997672,1.8383324902549925,1.0,3.0,222.0,299.0,1.5058127279050242,
QTIM,/run/media/falconnier/Elements/BIDS_datasets_selection/QTIM/sub-0625/ses-01/anat/sub-0625_ses-01_T1w_defacemask.nii.gz,,,,,sub-0625,ses-01,256,256,256,0.9375,0.9,0.9375,0.18460464477539062,16777216,14997608,0.8939270973205566,0.0,1.0,1.0,1.0,0.0,0.0,,,1.0,1.0,1.0,1.0,-2048.0,
QTIM,/run/media/falconnier/Elements/BIDS_datasets_selection/QTIM/sub-0625/ses-01/anat/sub-0625_ses-01_T1w.nii.gz,,,,,sub-0625,ses-01,256,256,256,0.9375,0.9,0.9375,11.022705078125,16777216,14085092,0.8395369052886963,0.0,342.0,14.279867110559165,4.0,21.226801531911377,2.0,6.018729485237291,2.230720937238128,1.0,1.0,63.0,85.0,3.4121185742003766,
QTIM,/run/media/falconnier/Elements/BIDS_datasets_selection/QTIM/sub-0626/ses-01/anat/sub-0626_ses-01_T1w_defacemask.nii.gz,,,,,sub-0626,ses-01,256,256,256,0.9375,0.9,0.9375,0.17993736267089844,16777216,15083004,0.8990170955657959,0.0,1.0,1.0,1.0,0.0,0.0,,,1.0,1.0,1.0,1.0,-2048.0,
QTIM,/run/media/falconnier/Elements/BIDS_datasets_selection/QTIM/sub-0626/ses-01/anat/sub-0626_ses-01_T1w.nii.gz,,,,,sub-0626,ses-01,256,256,256,0.9375,0.9,0.9375,10.87320613861084,16777216,14029873,0.836245596408844,0.0,347.0,13.3337775758911,4.0,20.22664054897267,2.0,5.5861654722608165,2.249949787687687,1.0,1.0,61.0,84.0,3.222274201653838,
QTIM,/run/media/falconnier/Elements/BIDS_datasets_selection/QTIM/sub-0627/ses-01/anat/sub-0627_ses-01_T1w_defacemask.nii.gz,,,,,sub-0627,ses-01,256,256,256,0.9375,0.9,0.9375,0.1827402114868164,16777216,14858988,0.885664701461792,0.0,1.0,1.0,1.0,0.0,0.0,,,1.0,1.0,1.0,1.0,-2048.0,
QTIM,/run/media/falconnier/Elements/BIDS_datasets_selection/QTIM/sub-0627/ses-01/anat/sub-0627_ses-01_T1w.nii.gz,,,,,sub-0627,ses-01,256,256,256,0.9375,0.9,0.9375,9.903249740600586,16777216,13466568,0.8026700019836426,0.0,320.0,10.916505675388116,3.0,16.001642117935628,2.0,5.490620628458471,2.172402627560055,1.0,1.0,48.0,65.0,3.249719849276643,
QTIM,/run/media/falconnier/Elements/BIDS_datasets_selection/QTIM/sub-0628/ses-01/anat/sub-0628_ses-01_T1w.nii.gz,,,,,sub-0628,ses-01,256,256,256,0.9375,0.9,0.9375,10.585541725158691,16777216,13963448,0.8322863578796387,0.0,421.0,12.331936639145288,3.0,19.686349418421628,2.0,6.839696161492498,2.401547473160108,1.0,1.0,59.0,82.0,2.5474886795148466,
QTIM,/run/media/falconnier/Elements/BIDS_datasets_selection/QTIM/sub-0628/ses-01/anat/sub-0628_ses-01_T1w_defacemask.nii.gz,,,,,sub-0628,ses-01,256,256,256,0.9375,0.9,0.9375,0.16910934448242188,16777216,15256761,0.9093738198280334,0.0,1.0,1.0,1.0,0.0,0.0,,,1.0,1.0,1.0,1.0,-2048.0,
QTIM,/run/media/falconnier/Elements/BIDS_datasets_selection/QTIM/sub-0629/ses-01/anat/sub-0629_ses-01_T1w.nii.gz,,,,,sub-0629,ses-01,256,256,256,0.9375,0.9,0.9375,10.271257400512695,16777216,13773078,0.8209394216537476,0.0,404.0,11.288538771072087,3.0,18.426890376489247,2.0,7.361050295850971,2.498245461378007,1.0,1.0,56.0,79.0,2.5497009826657124,
QTIM,/run/media/falconnier/Elements/BIDS_datasets_selection/QTIM/sub-0629/ses-01/anat/sub-0629_ses-01_T1w_defacemask.nii.gz,,,,,sub-0629,ses-01,256,256,256,0.9375,0.9,0.9375,0.17716217041015625,16777216,14972757,0.8924458622932434,0.0,1.0,1.0,1.0,0.0,0.0,,,1.0,1.0,1.0,1.0,-2048.0,
QTIM,/run/media/falconnier/Elements/BIDS_datasets_selection/QTIM/sub-0630/ses-01/anat/sub-0630_ses-01_T1w_defacemask.nii.gz,,,,,sub-0630,ses-01,256,256,256,0.9375,0.9,0.9375,0.1741323471069336,16777216,15114388,0.9008877277374268,0.0,1.0,1.0,1.0,0.0,0.0,,,1.0,1.0,1.0,1.0,-2048.0,
QTIM,/run/media/falconnier/Elements/BIDS_datasets_selection/QTIM/sub-0630/ses-01/anat/sub-0630_ses-01_T1w.nii.gz,,,,,sub-0630,ses-01,256,256,256,0.9375,0.9,0.9375,10.415050506591797,16777216,13895596,0.8282420635223389,0.0,335.0,11.625623326987917,3.0,18.114165304755122,2.0,6.25053554797649,2.3729041638170036,1.0,1.0,55.0,76.0,3.180862135656472,
QTIM,/run/media/falconnier/Elements/BIDS_datasets_selection/QTIM/sub-0631/ses-01/anat/sub-0631_ses-01_T1w_defacemask.nii.gz,,,,,sub-0631,ses-01,240,256,256,0.9,0.9375,0.9375,0.16894054412841797,15728640,13758558,0.8747455596923828,0.0,1.0,1.0,1.0,0.0,0.0,,,1.0,1.0,1.0,1.0,-2048.0,
QTIM,/run/media/falconnier/Elements/BIDS_datasets_selection/QTIM/sub-0632/ses-01/anat/sub-0632_ses-01_T1w_defacemask.nii.gz,,,,,sub-0632,ses-01,240,256,256,0.9,0.9375,0.9375,0.1641387939453125,15728640,13749343,0.8741596857706706,0.0,1.0,1.0,1.0,0.0,0.0,,,1.0,1.0,1.0,1.0,-2048.0,
QTIM,/run/media/falconnier/Elements/BIDS_datasets_selection/QTIM/sub-0631/ses-01/anat/sub-0631_ses-01_T1w.nii.gz,,,,,sub-0631,ses-01,240,256,256,0.9,0.9375,0.9375,14.89778995513916,15728640,13609633,0.8652771631876628,0.0,1783.0,61.721442010963855,18.0,89.50753402188946,11.0,4.155988579256481,2.024258598847318,2.0,4.0,272.0,369.0,0.9904833331055646,
QTIM,/run/media/falconnier/Elements/BIDS_datasets_selection/QTIM/sub-0632/ses-01/anat/sub-0632_ses-01_T1w.nii.gz,,,,,sub-0632,ses-01,240,256,256,0.9,0.9375,0.9375,14.769767761230469,15728640,13603463,0.864884885152181,0.0,1604.0,61.40001850999264,18.0,86.39073244331755,11.0,3.7154726461050362,1.9082040775870484,2.0,4.0,261.0,343.0,1.101754788558553,
QTIM,/run/media/falconnier/Elements/BIDS_datasets_selection/QTIM/sub-0633/ses-01/anat/sub-0633_ses-01_T1w_defacemask.nii.gz,,,,,sub-0633,ses-01,256,256,256,0.9375,0.9,0.9375,0.17241382598876953,16777216,15088994,0.8993741273880005,0.0,1.0,1.0,1.0,0.0,0.0,,,1.0,1.0,1.0,1.0,-2048.0,
QTIM,/run/media/falconnier/Elements/BIDS_datasets_selection/QTIM/sub-0633/ses-01/anat/sub-0633_ses-01_T1w.nii.gz,,,,,sub-0633,ses-01,256,256,256,0.9375,0.9,0.9375,11.165424346923828,16777216,14173560,0.8448100090026855,0.0,471.0,15.405227479899192,4.0,22.962482985505666,3.0,4.794100511935136,2.103214663142935,1.0,1.0,69.0,92.0,2.5644042938779594,
QTIM,/run/media/falconnier/Elements/BIDS_datasets_selection/QTIM/sub-0634/ses-01/anat/sub-0634_ses-01_T1w.nii.gz,,,,,sub-0634,ses-01,256,256,256,0.9375,0.9,0.9375,9.630918502807617,16777216,13332773,0.7946951985359192,0.0,267.0,9.89273589222587,3.0,15.847918158137878,2.0,7.255304299428596,2.488741660645139,1.0,1.0,47.0,67.0,3.441521960200275,
QTIM,/run/media/falconnier/Elements/BIDS_datasets_selection/QTIM/sub-0634/ses-01/anat/sub-0634_ses-01_T1w_defacemask.nii.gz,,,,,sub-0634,ses-01,256,256,256,0.9375,0.9,0.9375,0.17990970611572266,16777216,15033073,0.8960409760475159,0.0,1.0,1.0,1.0,0.0,0.0,,,1.0,1.0,1.0,1.0,-2048.0,
QTIM,/run/media/falconnier/Elements/BIDS_datasets_selection/QTIM/sub-0635/ses-01/anat/sub-0635_ses-01_T1w.nii.gz,,,,,sub-0635,ses-01,256,256,256,0.9375,0.9,0.9375,11.05338191986084,16777216,14000847,0.8345155119895935,0.0,306.0,14.729616286786078,4.0,21.15641667953765,3.0,3.9939536364962764,1.9969912286030522,1.0,1.0,64.0,84.0,3.8508601573422703,
QTIM,/run/media/falconnier/Elements/BIDS_datasets_selection/QTIM/sub-0635/ses-01/anat/sub-0635_ses-01_T1w_defacemask.nii.gz,,,,,sub-0635,ses-01,256,256,256,0.9375,0.9,0.9375,0.19425106048583984,16777216,14868773,0.8862479329109192,0.0,1.0,1.0,1.0,0.0,0.0,,,1.0,1.0,1.0,1.0,-2048.0,
QTIM,/run/media/falconnier/Elements/BIDS_datasets_selection/QTIM/sub-0636/ses-01/anat/sub-0636_ses-01_T1w_defacemask.nii.gz,,,,,sub-0636,ses-01,256,256,256,0.9375,0.9,0.9375,0.18079376220703125,16777216,14759981,0.8797634243965149,0.0,1.0,1.0,1.0,0.0,0.0,,,1.0,1.0,1.0,1.0,-2048.0,
QTIM,/run/media/falconnier/Elements/BIDS_datasets_selection/QTIM/sub-0636/ses-01/anat/sub-0636_ses-01_T1w.nii.gz,,,,,sub-0636,ses-01,256,256,256,0.9375,0.9,0.9375,11.04159927368164,16777216,13912985,0.8292785286903381,0.0,347.0,14.914056760644822,4.0,20.901852939664685,3.0,4.505757565659522,2.007737343189523,1.0,1.0,62.0,84.0,3.420990869638198,
QTIM,/run/media/falconnier/Elements/BIDS_datasets_selection/QTIM/sub-0637/ses-01/anat/sub-0637_ses-01_T1w.nii.gz,,,,,sub-0637,ses-01,256,256,256,0.9375,0.9,0.9375,10.040327072143555,16777216,13492633,0.8042235970497131,0.0,356.0,11.54183694168514,3.0,18.146992394451562,2.0,5.841393062715806,2.2444401139563293,1.0,1.0,55.0,73.0,2.855657951406567,
QTIM,/run/media/falconnier/Elements/BIDS_datasets_selection/QTIM/sub-0637/ses-01/anat/sub-0637_ses-01_T1w_defacemask.nii.gz,,,,,sub-0637,ses-01,256,256,256,0.9375,0.9,0.9375,0.18022537231445312,16777216,15053139,0.8972370028495789,0.0,1.0,1.0,1.0,0.0,0.0,,,1.0,1.0,1.0,1.0,-2048.0,
QTIM,/run/media/falconnier/Elements/BIDS_datasets_selection/QTIM/sub-0638/ses-01/anat/sub-0638_ses-01_T1w_defacemask.nii.gz,,,,,sub-0638,ses-01,240,256,256,0.9,0.9375,0.9375,0.16730022430419922,15728640,13922418,0.8851634979248046,0.0,1.0,1.0,1.0,0.0,0.0,,,1.0,1.0,1.0,1.0,-2048.0,
QTIM,/run/media/falconnier/Elements/BIDS_datasets_selection/QTIM/sub-0638/ses-01/anat/sub-0638_ses-01_T1w.nii.gz,,,,,sub-0638,ses-01,240,256,256,0.9,0.9375,0.9375,14.522372245788574,15728640,13760812,0.8748888651529948,0.0,1294.0,51.09105305704344,15.0,76.24340060567073,9.0,4.804171484435472,2.180219553626454,1.0,3.0,233.0,323.0,1.309914872311675,
QTIM,/run/media/falconnier/Elements/BIDS_datasets_selection/QTIM/sub-0639/ses-01/anat/sub-0639_ses-01_T1w_defacemask.nii.gz,,,,,sub-0639,ses-01,240,256,256,0.9,0.9375,0.9375,0.15172195434570312,15728640,13982060,0.8889554341634115,0.0,1.0,1.0,1.0,0.0,0.0,,,1.0,1.0,1.0,1.0,-2048.0,
QTIM,/run/media/falconnier/Elements/BIDS_datasets_selection/QTIM/sub-0639/ses-01/anat/sub-0639_ses-01_T1w.nii.gz,,,,,sub-0639,ses-01,240,256,256,0.9,0.9375,0.9375,14.260634422302246,15728640,13804273,0.8776520411173503,0.0,1231.0,48.99796200785076,13.0,75.79691479632885,8.0,4.899906885909394,2.1953650283878776,1.0,3.0,230.0,317.0,1.3404586400077703,
QTIM,/run/media/falconnier/Elements/BIDS_datasets_selection/QTIM/sub-0640/ses-01/anat/sub-0640_ses-01_T1w_defacemask.nii.gz,,,,,sub-0640,ses-01,240,256,256,0.9,0.9375,0.9375,0.1657543182373047,15728640,13754503,0.8744877497355144,0.0,1.0,1.0,1.0,0.0,0.0,,,1.0,1.0,1.0,1.0,-2048.0,
QTIM,/run/media/falconnier/Elements/BIDS_datasets_selection/QTIM/sub-0640/ses-01/anat/sub-0640_ses-01_T1w.nii.gz,,,,,sub-0640,ses-01,240,256,256,0.9,0.9375,0.9375,14.33607292175293,15728640,13597722,0.8645198822021485,0.0,1587.0,52.07556243611982,15.0,78.54280685963884,9.0,6.317198603776159,2.272466563058935,1.0,3.0,237.0,335.0,1.0710250292452164,
QTIM,/run/media/falconnier/Elements/BIDS_datasets_selection/QTIM/sub-0641/ses-01/anat/sub-0641_ses-01_T1w.nii.gz,,,,,sub-0641,ses-01,256,256,256,0.9375,0.9,0.9375,9.68922233581543,16777216,13504484,0.8049299716949463,0.0,268.0,9.066060058273978,3.0,13.363976416714989,2.0,7.422622068649581,2.42629560478757,1.0,1.0,40.0,56.0,3.5225275878779327,
QTIM,/run/media/falconnier/Elements/BIDS_datasets_selection/QTIM/sub-0641/ses-01/anat/sub-0641_ses-01_T1w_defacemask.nii.gz,,,,,sub-0641,ses-01,256,256,256,0.9375,0.9,0.9375,0.1693124771118164,16777216,15069058,0.8981858491897583,0.0,1.0,1.0,1.0,0.0,0.0,,,1.0,1.0,1.0,1.0,-2048.0,
QTIM,/run/media/falconnier/Elements/BIDS_datasets_selection/QTIM/sub-0642/ses-01/anat/sub-0642_ses-01_T1w.nii.gz,,,,,sub-0642,ses-01,240,256,256,0.9,0.9375,0.9375,14.226140022277832,15728640,13813307,0.8782264073689778,0.0,1326.0,48.816741783846545,13.0,74.33953798859427,8.0,4.320190335602281,2.122493233744431,1.0,3.0,229.0,310.0,1.252517115100403,
QTIM,/run/media/falconnier/Elements/BIDS_datasets_selection/QTIM/sub-0642/ses-01/anat/sub-0642_ses-01_T1w_defacemask.nii.gz,,,,,sub-0642,ses-01,240,256,256,0.9,0.9375,0.9375,0.15272808074951172,15728640,13984961,0.8891398747762044,0.0,1.0,1.0,1.0,0.0,0.0,,,1.0,1.0,1.0,1.0,-2048.0,
QTIM,/run/media/falconnier/Elements/BIDS_datasets_selection/QTIM/sub-0642/ses-02/anat/sub-0642_ses-02_T1w_defacemask.nii.gz,,,,,sub-0642,ses-02,240,256,256,0.9,0.9375,0.9375,0.16658782958984375,15728640,13849848,0.8805496215820312,0.0,1.0,1.0,1.0,0.0,0.0,,,1.0,1.0,1.0,1.0,-2048.0,
QTIM,/run/media/falconnier/Elements/BIDS_datasets_selection/QTIM/sub-0642/ses-02/anat/sub-0642_ses-02_T1w.nii.gz,,,,,sub-0642,ses-02,240,256,256,0.9,0.9375,0.9375,14.326338768005371,15728640,13684221,0.8700193405151367,0.0,1286.0,53.09149662227758,14.0,81.65978698224355,8.0,4.039052994371979,2.117448709759988,1.0,3.0,251.0,342.0,1.3076306421940824,
QTIM,/run/media/falconnier/Elements/BIDS_datasets_selection/QTIM/sub-0643/ses-01/anat/sub-0643_ses-01_T1w_defacemask.nii.gz,,,,,sub-0643,ses-01,240,256,256,0.9,0.9375,0.9375,0.1674060821533203,15728640,13864399,0.8814747492472331,0.0,1.0,1.0,1.0,0.0,0.0,,,1.0,1.0,1.0,1.0,-2048.0,
QTIM,/run/media/falconnier/Elements/BIDS_datasets_selection/QTIM/sub-0643/ses-01/anat/sub-0643_ses-01_T1w.nii.gz,,,,,sub-0643,ses-01,240,256,256,0.9,0.9375,0.9375,14.127433776855469,15728640,13690931,0.8704459508260091,0.0,1411.0,50.65191980004866,13.0,80.25270766301989,7.0,5.59705801185223,2.301019173169259,1.0,3.0,240.0,332.0,1.173993457977798,
QTIM,/run/media/falconnier/Elements/BIDS_datasets_selection/QTIM/sub-0644/ses-01/anat/sub-0644_ses-01_T1w_defacemask.nii.gz,,,,,sub-0644,ses-01,256,256,256,0.9375,0.9,0.9375,0.16849899291992188,16777216,14840147,0.8845416903495789,0.0,1.0,1.0,1.0,0.0,0.0,,,1.0,1.0,1.0,1.0,-2048.0,
QTIM,/run/media/falconnier/Elements/BIDS_datasets_selection/QTIM/sub-0644/ses-01/anat/sub-0644_ses-01_T1w.nii.gz,,,,,sub-0644,ses-01,256,256,256,0.9375,0.9,0.9375,10.46464729309082,16777216,13749165,0.8195140957832336,0.0,278.0,12.358386200180156,4.0,18.386701914314344,3.0,5.569306350441643,2.27005154733372,1.0,1.0,55.0,77.0,3.9488123052555966,
QTIM,/run/media/falconnier/Elements/BIDS_datasets_selection/QTIM/sub-0645/ses-01/anat/sub-0645_ses-01_T1w.nii.gz,,,,,sub-0645,ses-01,256,256,256,0.9375,0.9,0.9375,10.322787284851074,16777216,13781038,0.8214138746261597,0.0,411.0,12.049445114366566,3.0,19.304098371425074,2.0,7.130770103713861,2.4098028277022587,1.0,1.0,57.0,80.0,2.556336977001155,
QTIM,/run/media/falconnier/Elements/BIDS_datasets_selection/QTIM/sub-0645/ses-01/anat/sub-0645_ses-01_T1w_defacemask.nii.gz,,,,,sub-0645,ses-01,256,256,256,0.9375,0.9,0.9375,0.17287349700927734,16777216,15081156,0.898906946182251,0.0,1.0,1.0,1.0,0.0,0.0,,,1.0,1.0,1.0,1.0,-2048.0,
QTIM,/run/media/falconnier/Elements/BIDS_datasets_selection/QTIM/sub-0646/ses-01/anat/sub-0646_ses-01_T1w_defacemask.nii.gz,,,,,sub-0646,ses-01,256,256,256,0.9375,0.9,0.9375,0.1793804168701172,16777216,14943808,0.8907203674316406,0.0,1.0,1.0,1.0,0.0,0.0,,,1.0,1.0,1.0,1.0,-2048.0,
QTIM,/run/media/falconnier/Elements/BIDS_datasets_selection/QTIM/sub-0646/ses-01/anat/sub-0646_ses-01_T1w.nii.gz,,,,,sub-0646,ses-01,256,256,256,0.9375,0.9,0.9375,10.429357528686523,16777216,13775720,0.8210968971252441,0.0,390.0,12.405898130914391,3.0,19.63441460012737,2.0,7.184733219235206,2.410090862179758,1.0,1.0,58.0,81.0,2.7204130909836355,
QTIM,/run/media/falconnier/Elements/BIDS_datasets_selection/QTIM/sub-0647/ses-01/anat/sub-0647_ses-01_T1w.nii.gz,,,,,sub-0647,ses-01,256,256,256,0.9375,0.9,0.9375,9.957825660705566,16777216,12765768,0.7608990669250488,0.0,514.0,16.53462259379929,2.0,25.95202049815122,1.0,3.3619379272199073,1.8118135082372149,1.0,1.0,77.0,92.0,2.0623212879498167,
QTIM,/run/media/falconnier/Elements/BIDS_datasets_selection/QTIM/sub-0647/ses-01/anat/sub-0647_ses-01_T1w_defacemask.nii.gz,,,,,sub-0647,ses-01,256,256,256,0.9375,0.9,0.9375,0.16921043395996094,16777216,15147620,0.9028685092926025,0.0,1.0,1.0,1.0,0.0,0.0,,,1.0,1.0,1.0,1.0,-2048.0,
QTIM,/run/media/falconnier/Elements/BIDS_datasets_selection/QTIM/sub-0648/ses-01/anat/sub-0648_ses-01_T1w_defacemask.nii.gz,,,,,sub-0648,ses-01,240,256,256,0.9,0.9375,0.9375,0.15964126586914062,15728640,13860316,0.8812151590983073,0.0,1.0,1.0,1.0,0.0,0.0,,,1.0,1.0,1.0,1.0,-2048.0,
QTIM,/run/media/falconnier/Elements/BIDS_datasets_selection/QTIM/sub-0648/ses-01/anat/sub-0648_ses-01_T1w.nii.gz,,,,,sub-0648,ses-01,240,256,256,0.9,0.9375,0.9375,14.719310760498047,15728640,13702592,0.8711873372395833,0.0,1547.0,58.78503964797317,15.0,87.5748926970835,9.0,4.43546538007313,2.072077551629393,1.0,3.0,263.0,356.0,1.1156608319794732,
QTIM,/run/media/falconnier/Elements/BIDS_datasets_selection/QTIM/sub-0649/ses-01/anat/sub-0649_ses-01_T1w_defacemask.nii.gz,,,,,sub-0649,ses-01,256,256,256,0.9375,0.9,0.9375,0.20151424407958984,16777216,15066558,0.8980368375778198,0.0,1.0,1.0,1.0,0.0,0.0,,,1.0,1.0,1.0,1.0,-2048.0,
QTIM,/run/media/falconnier/Elements/BIDS_datasets_selection/QTIM/sub-0649/ses-01/anat/sub-0649_ses-01_T1w.nii.gz,,,,,sub-0649,ses-01,256,256,256,0.9375,0.9,0.9375,10.95460319519043,16777216,14011156,0.835129976272583,0.0,424.0,13.828175776502666,4.0,20.76727239036101,3.0,5.543046992455585,2.2087907965363556,1.0,1.0,62.0,85.0,2.712807651927456,
QTIM,/run/media/falconnier/Elements/BIDS_datasets_selection/QTIM/sub-0650/ses-01/anat/sub-0650_ses-01_T1w_defacemask.nii.gz,,,,,sub-0650,ses-01,256,256,256,0.9375,0.9,0.9375,0.16534423828125,16777216,15152290,0.9031468629837036,0.0,1.0,1.0,1.0,0.0,0.0,,,1.0,1.0,1.0,1.0,-2048.0,
QTIM,/run/media/falconnier/Elements/BIDS_datasets_selection/QTIM/sub-0650/ses-01/anat/sub-0650_ses-01_T1w.nii.gz,,,,,sub-0650,ses-01,256,256,256,0.9375,0.9,0.9375,10.619296073913574,16777216,13889380,0.827871561050415,0.0,368.0,13.177516491016878,3.0,21.333735770490367,2.0,6.069529029601805,2.3415122155149954,1.0,1.0,64.0,89.0,2.9292380404945297,
QTIM,/run/media/falconnier/Elements/BIDS_datasets_selection/QTIM/sub-0651/ses-01/anat/sub-0651_ses-01_T1w_defacemask.nii.gz,,,,,sub-0651,ses-01,256,256,256,0.9375,0.9,0.9375,0.16870689392089844,16777216,15001472,0.8941574096679688,0.0,1.0,1.0,1.0,0.0,0.0,,,1.0,1.0,1.0,1.0,-2048.0,
QTIM,/run/media/falconnier/Elements/BIDS_datasets_selection/QTIM/sub-0651/ses-01/anat/sub-0651_ses-01_T1w.nii.gz,,,,,sub-0651,ses-01,256,256,256,0.9375,0.9,0.9375,9.959348678588867,16777216,13627084,0.8122375011444092,0.0,382.0,10.370267696302452,3.0,15.939997556669883,2.0,6.459655898775949,2.353006346067365,1.0,1.0,48.0,68.0,2.714720230382943,
QTIM,/run/media/falconnier/Elements/BIDS_datasets_selection/QTIM/sub-0652/ses-01/anat/sub-0652_ses-01_T1w.nii.gz,,,,,sub-0652,ses-01,256,256,256,0.9375,0.9,0.9375,9.441309928894043,16777216,13120278,0.7820295095443726,0.0,420.0,9.49148516517714,2.0,15.563994810427875,1.0,7.988954735401725,2.5134477824693993,1.0,1.0,47.0,67.0,2.2671234359606025,
QTIM,/run/media/falconnier/Elements/BIDS_datasets_selection/QTIM/sub-0652/ses-01/anat/sub-0652_ses-01_T1w_defacemask.nii.gz,,,,,sub-0652,ses-01,256,256,256,0.9375,0.9,0.9375,0.1986398696899414,16777216,15016676,0.8950636386871338,0.0,1.0,1.0,1.0,0.0,0.0,,,1.0,1.0,1.0,1.0,-2048.0,
QTIM,/run/media/falconnier/Elements/BIDS_datasets_selection/QTIM/sub-0653/ses-01/anat/sub-0653_ses-01_T1w.nii.gz,,,,,sub-0653,ses-01,256,256,256,0.9375,0.9,0.9375,10.592217445373535,16777216,13865209,0.8264308571815491,0.0,373.0,13.302698718785992,3.0,20.492253300185553,2.0,5.1280252588703,2.161867638580658,1.0,1.0,62.0,83.0,2.9547936487881885,
QTIM,/run/media/falconnier/Elements/BIDS_datasets_selection/QTIM/sub-0653/ses-02/anat/sub-0653_ses-02_T1w_defacemask.nii.gz,,,,,sub-0653,ses-02,240,256,256,0.9,0.9375,0.9375,0.1631917953491211,15728640,13844141,0.8801867802937825,0.0,1.0,1.0,1.0,0.0,0.0,,,1.0,1.0,1.0,1.0,-2048.0,
QTIM,/run/media/falconnier/Elements/BIDS_datasets_selection/QTIM/sub-0653/ses-01/anat/sub-0653_ses-01_T1w_defacemask.nii.gz,,,,,sub-0653,ses-01,256,256,256,0.9375,0.9,0.9375,0.161590576171875,16777216,15098101,0.89991694688797,0.0,1.0,1.0,1.0,0.0,0.0,,,1.0,1.0,1.0,1.0,-2048.0,
QTIM,/run/media/falconnier/Elements/BIDS_datasets_selection/QTIM/sub-0653/ses-02/anat/sub-0653_ses-02_T1w.nii.gz,,,,,sub-0653,ses-02,240,256,256,0.9,0.9375,0.9375,14.096078872680664,15728640,13664598,0.868771743774414,0.0,1511.0,50.32906851705407,13.0,78.22265124594247,8.0,4.741571650375169,2.144946524783639,1.0,3.0,240.0,322.0,1.096302290549382,
QTIM,/run/media/falconnier/Elements/BIDS_datasets_selection/QTIM/sub-0654/ses-01/anat/sub-0654_ses-01_T1w_defacemask.nii.gz,,,,,sub-0654,ses-01,256,256,256,0.9375,0.9,0.9375,0.18032360076904297,16777216,14955655,0.8914265036582947,0.0,1.0,1.0,1.0,0.0,0.0,,,1.0,1.0,1.0,1.0,-2048.0,
QTIM,/run/media/falconnier/Elements/BIDS_datasets_selection/QTIM/sub-0654/ses-01/anat/sub-0654_ses-01_T1w.nii.gz,,,,,sub-0654,ses-01,256,256,256,0.9375,0.9,0.9375,10.21521282196045,16777216,13646031,0.8133668303489685,0.0,455.0,11.976763939639298,3.0,19.731915933649116,2.0,7.563440408018673,2.521561259157004,1.0,1.0,59.0,83.0,2.3435375042378706,
QTIM,/run/media/falconnier/Elements/BIDS_datasets_selection/QTIM/sub-0655/ses-01/anat/sub-0655_ses-01_T1w_defacemask.nii.gz,,,,,sub-0655,ses-01,256,256,256,0.9375,0.9,0.9375,0.17667675018310547,16777216,14919016,0.8892426490783691,0.0,1.0,1.0,1.0,0.0,0.0,,,1.0,1.0,1.0,1.0,-2048.0,
QTIM,/run/media/falconnier/Elements/BIDS_datasets_selection/QTIM/sub-0655/ses-01/anat/sub-0655_ses-01_T1w.nii.gz,,,,,sub-0655,ses-01,256,256,256,0.9375,0.9,0.9375,10.626245498657227,16777216,13964064,0.8323230743408203,0.0,336.0,12.171196794858574,4.0,16.807663314361083,3.0,4.996136028222951,2.076117614639854,1.0,1.0,51.0,70.0,3.3734579697928475,
QTIM,/run/media/falconnier/Elements/BIDS_datasets_selection/QTIM/sub-0655/ses-02/anat/sub-0655_ses-02_T1w_defacemask.nii.gz,,,,,sub-0655,ses-02,256,256,256,0.9375,0.9,0.9375,0.1731424331665039,16777216,14901093,0.8881743550300598,0.0,1.0,1.0,1.0,0.0,0.0,,,1.0,1.0,1.0,1.0,-2048.0,
QTIM,/run/media/falconnier/Elements/BIDS_datasets_selection/QTIM/sub-0655/ses-02/anat/sub-0655_ses-02_T1w.nii.gz,,,,,sub-0655,ses-02,256,256,256,0.9375,0.9,0.9375,11.115565299987793,16777216,14091364,0.8399107456207275,0.0,346.0,14.768036933826988,4.0,20.571993798859374,3.0,4.200343608997251,1.9759297939403107,1.0,1.0,63.0,84.0,3.4336674491781443,
QTIM,/run/media/falconnier/Elements/BIDS_datasets_selection/QTIM/sub-0656/ses-01/anat/sub-0656_ses-01_T1w_defacemask.nii.gz,,,,,sub-0656,ses-01,256,256,256,0.9375,0.9,0.9375,0.17222976684570312,16777216,15182213,0.9049304127693176,0.0,1.0,1.0,1.0,0.0,0.0,,,1.0,1.0,1.0,1.0,-2048.0,
QTIM,/run/media/falconnier/Elements/BIDS_datasets_selection/QTIM/sub-0656/ses-01/anat/sub-0656_ses-01_T1w.nii.gz,,,,,sub-0656,ses-01,256,256,256,0.9375,0.9,0.9375,9.77843189239502,16777216,13427311,0.8003301024436951,0.0,330.0,10.422734902021707,3.0,16.522302481238487,2.0,6.821161791821263,2.4122734169132074,1.0,1.0,49.0,70.0,2.9736364874664196,
QTIM,/run/media/falconnier/Elements/BIDS_datasets_selection/QTIM/sub-0657/ses-01/anat/sub-0657_ses-01_T1w_defacemask.nii.gz,,,,,sub-0657,ses-01,240,256,256,0.9,0.9375,0.9375,0.16476917266845703,15728640,13862423,0.8813491185506185,0.0,1.0,1.0,1.0,0.0,0.0,,,1.0,1.0,1.0,1.0,-2048.0,
QTIM,/run/media/falconnier/Elements/BIDS_datasets_selection/QTIM/sub-0657/ses-01/anat/sub-0657_ses-01_T1w.nii.gz,,,,,sub-0657,ses-01,240,256,256,0.9,0.9375,0.9375,14.173276901245117,15728640,13694507,0.8706733067830403,0.0,1367.0,48.49188422774182,14.0,72.99336342975992,8.0,5.7640039036878665,2.2507198131791837,1.0,3.0,221.0,307.0,1.2215591671893655,
QTIM,/run/media/falconnier/Elements/BIDS_datasets_selection/QTIM/sub-0658/ses-01/anat/sub-0658_ses-01_T1w_defacemask.nii.gz,,,,,sub-0658,ses-01,256,256,256,0.9375,0.9,0.9375,0.16386032104492188,16777216,14850486,0.8851579427719116,0.0,1.0,1.0,1.0,0.0,0.0,,,1.0,1.0,1.0,1.0,-2048.0,
QTIM,/run/media/falconnier/Elements/BIDS_datasets_selection/QTIM/sub-0658/ses-01/anat/sub-0658_ses-01_T1w.nii.gz,,,,,sub-0658,ses-01,256,256,256,0.9375,0.9,0.9375,10.444900512695312,16777216,13705058,0.8168851137161255,0.0,288.0,12.966877922005146,3.0,19.32851983384339,2.0,5.431071573072366,2.2097829034963756,1.0,1.0,57.0,80.0,3.8065897791771137,
QTIM,/run/media/falconnier/Elements/BIDS_datasets_selection/QTIM/sub-0659/ses-01/anat/sub-0659_ses-01_T1w_defacemask.nii.gz,,,,,sub-0659,ses-01,256,256,256,0.9375,0.9,0.9375,0.17382049560546875,16777216,15032612,0.8960134983062744,0.0,1.0,1.0,1.0,0.0,0.0,,,1.0,1.0,1.0,1.0,-2048.0,
QTIM,/run/media/falconnier/Elements/BIDS_datasets_selection/QTIM/sub-0659/ses-01/anat/sub-0659_ses-01_T1w.nii.gz,,,,,sub-0659,ses-01,256,256,256,0.9375,0.9,0.9375,9.63180160522461,16777216,13395313,0.7984228730201721,0.0,355.0,9.646208267025937,3.0,15.21255421398074,2.0,7.2556741210661855,2.4149631632199466,1.0,1.0,46.0,65.0,2.7185082864366494,
QTIM,/run/media/falconnier/Elements/BIDS_datasets_selection/QTIM/sub-0660/ses-01/anat/sub-0660_ses-01_T1w.nii.gz,,,,,sub-0660,ses-01,256,256,256,0.9375,0.9,0.9375,11.22819709777832,16777216,14055044,0.8377459049224854,0.0,369.0,15.402944167232775,4.0,22.805214316630796,3.0,6.240984230507912,2.259880290070111,1.0,1.0,67.0,94.0,3.2604894225521357,
QTIM,/run/media/falconnier/Elements/BIDS_datasets_selection/QTIM/sub-0660/ses-01/anat/sub-0660_ses-01_T1w_defacemask.nii.gz,,,,,sub-0660,ses-01,256,256,256,0.9375,0.9,0.9375,0.17447948455810547,16777216,14897050,0.8879333734512329,0.0,1.0,1.0,1.0,0.0,0.0,,,1.0,1.0,1.0,1.0,-2048.0,
QTIM,/run/media/falconnier/Elements/BIDS_datasets_selection/QTIM/sub-0661/ses-01/anat/sub-0661_ses-01_T1w_defacemask.nii.gz,,,,,sub-0661,ses-01,256,256,256,0.9375,0.9,0.9375,0.1719503402709961,16777216,15006642,0.8944655656814575,0.0,1.0,1.0,1.0,0.0,0.0,,,1.0,1.0,1.0,1.0,-2048.0,
QTIM,/run/media/falconnier/Elements/BIDS_datasets_selection/QTIM/sub-0661/ses-01/anat/sub-0661_ses-01_T1w.nii.gz,,,,,sub-0661,ses-01,256,256,256,0.9375,0.9,0.9375,9.750168800354004,16777216,13454433,0.8019466996192932,0.0,320.0,10.672143894878365,3.0,17.25455167630745,2.0,5.638669580615202,2.331563192437297,1.0,1.0,53.0,73.0,3.0579250474596633,
QTIM,/run/media/falconnier/Elements/BIDS_datasets_selection/QTIM/sub-0662/ses-01/anat/sub-0662_ses-01_T1w_defacemask.nii.gz,,,,,sub-0662,ses-01,256,256,256,0.9375,0.9,0.9375,0.1767721176147461,16777216,15029955,0.8958551287651062,0.0,1.0,1.0,1.0,0.0,0.0,,,1.0,1.0,1.0,1.0,-2048.0,
QTIM,/run/media/falconnier/Elements/BIDS_datasets_selection/QTIM/sub-0662/ses-01/anat/sub-0662_ses-01_T1w.nii.gz,,,,,sub-0662,ses-01,256,256,256,0.9375,0.9,0.9375,10.261138916015625,16777216,13678951,0.8153290152549744,0.0,232.0,10.827963854830681,3.0,15.81251140366584,2.0,6.97739088340024,2.34810581553897,1.0,1.0,47.0,66.0,4.631036072498887,
QTIM,/run/media/falconnier/Elements/BIDS_datasets_selection/QTIM/sub-0663/ses-01/anat/sub-0663_ses-01_T1w_defacemask.nii.gz,,,,,sub-0663,ses-01,256,256,256,0.9375,0.9,0.9375,0.17216968536376953,16777216,14985225,0.893189013004303,0.0,1.0,1.0,1.0,0.0,0.0,,,1.0,1.0,1.0,1.0,-2048.0,
QTIM,/run/media/falconnier/Elements/BIDS_datasets_selection/QTIM/sub-0663/ses-01/anat/sub-0663_ses-01_T1w.nii.gz,,,,,sub-0663,ses-01,256,256,256,0.9375,0.9,0.9375,10.924352645874023,16777216,13992509,0.8340185284614563,0.0,408.0,13.494460428790862,4.0,21.11254555447372,2.0,6.564643676689553,2.388092034465407,1.0,1.0,64.0,88.0,2.7646222087064447,
QTIM,/run/media/falconnier/Elements/BIDS_datasets_selection/QTIM/sub-0664/ses-01/anat/sub-0664_ses-01_T1w_defacemask.nii.gz,,,,,sub-0664,ses-01,240,256,256,0.9,0.9375,0.9375,0.17846393585205078,15728640,14177856,0.90140380859375,0.0,1.0,1.0,1.0,0.0,0.0,,,1.0,1.0,1.0,1.0,-2048.0,
QTIM,/run/media/falconnier/Elements/BIDS_datasets_selection/QTIM/sub-0664/ses-01/anat/sub-0664_ses-01_T1w.nii.gz,,,,,sub-0664,ses-01,240,256,256,0.9,0.9375,0.9375,13.789215087890625,15728640,13969271,0.8881423314412434,0.0,1322.0,40.621501007461305,11.0,69.9180631717336,6.0,7.828468445204733,2.6763020411801053,1.0,2.0,207.0,311.0,1.184131474080308,
QTIM,/run/media/falconnier/Elements/BIDS_datasets_selection/QTIM/sub-0665/ses-01/anat/sub-0665_ses-01_T1w_defacemask.nii.gz,,,,,sub-0665,ses-01,256,256,256,0.9375,0.9,0.9375,0.17873573303222656,16777216,14947033,0.8909125924110413,0.0,1.0,1.0,1.0,0.0,0.0,,,1.0,1.0,1.0,1.0,-2048.0,
QTIM,/run/media/falconnier/Elements/BIDS_datasets_selection/QTIM/sub-0665/ses-01/anat/sub-0665_ses-01_T1w.nii.gz,,,,,sub-0665,ses-01,256,256,256,0.9375,0.9,0.9375,11.2799654006958,16777216,14182203,0.8453251719474792,0.0,310.0,14.917377504750144,5.0,21.21291257851948,3.0,5.5981244109117565,2.1964281000044044,1.0,1.0,63.0,87.0,3.9134784673610743,
QTIM,/run/media/falconnier/Elements/BIDS_datasets_selection/QTIM/sub-0666/ses-01/anat/sub-0666_ses-01_T1w_defacemask.nii.gz,,,,,sub-0666,ses-01,240,256,256,0.9,0.9375,0.9375,0.1925516128540039,15728640,13694969,0.8707026799519857,0.0,1.0,1.0,1.0,0.0,0.0,,,1.0,1.0,1.0,1.0,-2048.0,
QTIM,/run/media/falconnier/Elements/BIDS_datasets_selection/QTIM/sub-0667/ses-01/anat/sub-0667_ses-01_T1w_defacemask.nii.gz,,,,,sub-0667,ses-01,240,256,256,0.9,0.9375,0.9375,0.18108749389648438,15728640,13928990,0.8855813344319662,0.0,1.0,1.0,1.0,0.0,0.0,,,1.0,1.0,1.0,1.0,-2048.0,
QTIM,/run/media/falconnier/Elements/BIDS_datasets_selection/QTIM/sub-0666/ses-01/anat/sub-0666_ses-01_T1w.nii.gz,,,,,sub-0666,ses-01,240,256,256,0.9,0.9375,0.9375,14.211907386779785,15728640,13530155,0.8602240880330404,0.0,1078.0,54.26793292464129,14.0,81.19086157628475,8.0,3.832581950733055,2.046801508059283,1.0,3.0,246.0,333.0,1.5790170077932304,
QTIM,/run/media/falconnier/Elements/BIDS_datasets_selection/QTIM/sub-0667/ses-01/anat/sub-0667_ses-01_T1w.nii.gz,,,,,sub-0667,ses-01,240,256,256,0.9,0.9375,0.9375,14.630389213562012,15728640,13764939,0.875151252746582,0.0,1558.0,54.963777827130215,14.0,82.91458994234429,8.0,4.349753983975603,2.0774345749426777,1.0,3.0,252.0,340.0,1.088264335542666,
QTIM,/run/media/falconnier/Elements/BIDS_datasets_selection/QTIM/sub-0668/ses-01/anat/sub-0668_ses-01_T1w_defacemask.nii.gz,,,,,sub-0668,ses-01,256,256,256,0.9375,0.9,0.9375,0.17662334442138672,16777216,14901330,0.8881884813308716,0.0,1.0,1.0,1.0,0.0,0.0,,,1.0,1.0,1.0,1.0,-2048.0,
QTIM,/run/media/falconnier/Elements/BIDS_datasets_selection/QTIM/sub-0668/ses-01/anat/sub-0668_ses-01_T1w.nii.gz,,,,,sub-0668,ses-01,256,256,256,0.9375,0.9,0.9375,10.315723419189453,16777216,13685143,0.8156980872154236,0.0,425.0,12.075796577353996,3.0,18.710664319048153,2.0,8.582591747520608,2.491593782265666,1.0,1.0,55.0,78.0,2.5627488867852204,
QTIM,/run/media/falconnier/Elements/BIDS_datasets_selection/QTIM/sub-0669/ses-01/anat/sub-0669_ses-01_T1w.nii.gz,,,,,sub-0669,ses-01,256,256,256,0.9375,0.9,0.9375,10.02564525604248,16777216,13613441,0.8114243149757385,0.0,307.0,10.586043161313881,3.0,15.593045325346374,2.0,5.331293191536522,2.2016036991485373,1.0,1.0,47.0,66.0,3.3601079247207535,
QTIM,/run/media/falconnier/Elements/BIDS_datasets_selection/QTIM/sub-0669/ses-01/anat/sub-0669_ses-01_T1w_defacemask.nii.gz,,,,,sub-0669,ses-01,256,256,256,0.9375,0.9,0.9375,0.18481063842773438,16777216,14890297,0.8875308632850647,0.0,1.0,1.0,1.0,0.0,0.0,,,1.0,1.0,1.0,1.0,-2048.0,
QTIM,/run/media/falconnier/Elements/BIDS_datasets_selection/QTIM/sub-0669/ses-02/anat/sub-0669_ses-02_T1w.nii.gz,,,,,sub-0669,ses-02,256,256,256,0.9375,0.9,0.9375,10.430051803588867,16777216,13892897,0.8280811905860901,0.0,352.0,11.383639279842066,3.0,16.893279059352118,2.0,5.807630485006216,2.275170769860467,1.0,1.0,51.0,73.0,3.0653546278480954,
QTIM,/run/media/falconnier/Elements/BIDS_datasets_selection/QTIM/sub-0669/ses-02/anat/sub-0669_ses-02_T1w_defacemask.nii.gz,,,,,sub-0669,ses-02,256,256,256,0.9375,0.9,0.9375,0.18261337280273438,16777216,14961470,0.8917731046676636,0.0,1.0,1.0,1.0,0.0,0.0,,,1.0,1.0,1.0,1.0,-2048.0,
QTIM,/run/media/falconnier/Elements/BIDS_datasets_selection/QTIM/sub-0670/ses-01/anat/sub-0670_ses-01_T1w_defacemask.nii.gz,,,,,sub-0670,ses-01,256,256,256,0.9375,0.9,0.9375,0.17067432403564453,16777216,14888727,0.8874372839927673,0.0,1.0,1.0,1.0,0.0,0.0,,,1.0,1.0,1.0,1.0,-2048.0,
QTIM,/run/media/falconnier/Elements/BIDS_datasets_selection/QTIM/sub-0670/ses-01/anat/sub-0670_ses-01_T1w.nii.gz,,,,,sub-0670,ses-01,256,256,256,0.9375,0.9,0.9375,10.421989440917969,16777216,13791827,0.8220569491386414,0.0,285.0,11.578457154371208,4.0,16.445298868204233,3.0,5.758202344111396,2.1939985331204275,1.0,1.0,49.0,68.0,3.797618045898502,
QTIM,/run/media/falconnier/Elements/BIDS_datasets_selection/QTIM/sub-0670/ses-02/anat/sub-0670_ses-02_T1w.nii.gz,,,,,sub-0670,ses-02,256,256,256,0.9375,0.9,0.9375,10.945306777954102,16777216,14153110,0.8435910940170288,0.0,386.0,13.13036965020409,4.0,19.544761942506334,2.0,6.1377576678720835,2.306971328182818,1.0,1.0,59.0,82.0,2.9379975703598493,
QTIM,/run/media/falconnier/Elements/BIDS_datasets_selection/QTIM/sub-0670/ses-02/anat/sub-0670_ses-02_T1w_defacemask.nii.gz,,,,,sub-0670,ses-02,256,256,256,0.9375,0.9,0.9375,0.17107105255126953,16777216,15014065,0.8949080109596252,0.0,1.0,1.0,1.0,0.0,0.0,,,1.0,1.0,1.0,1.0,-2048.0,
QTIM,/run/media/falconnier/Elements/BIDS_datasets_selection/QTIM/sub-0671/ses-01/anat/sub-0671_ses-01_T1w_defacemask.nii.gz,,,,,sub-0671,ses-01,256,256,256,0.9375,0.9,0.9375,0.18323612213134766,16777216,14803959,0.882384717464447,0.0,1.0,1.0,1.0,0.0,0.0,,,1.0,1.0,1.0,1.0,-2048.0,
QTIM,/run/media/falconnier/Elements/BIDS_datasets_selection/QTIM/sub-0671/ses-01/anat/sub-0671_ses-01_T1w.nii.gz,,,,,sub-0671,ses-01,256,256,256,0.9375,0.9,0.9375,10.377618789672852,16777216,13581358,0.8095120191574097,0.0,372.0,13.382646713237365,3.0,20.56886570752533,2.0,6.0884338682306485,2.2490193439771184,1.0,1.0,61.0,82.0,2.979030499470482,
QTIM,/run/media/falconnier/Elements/BIDS_datasets_selection/QTIM/sub-0672/ses-01/anat/sub-0672_ses-01_T1w_defacemask.nii.gz,,,,,sub-0672,ses-01,256,256,256,0.9375,0.9,0.9375,0.17754268646240234,16777216,15018449,0.8951693177223206,0.0,1.0,1.0,1.0,0.0,0.0,,,1.0,1.0,1.0,1.0,-2048.0,
QTIM,/run/media/falconnier/Elements/BIDS_datasets_selection/QTIM/sub-0672/ses-01/anat/sub-0672_ses-01_T1w.nii.gz,,,,,sub-0672,ses-01,256,256,256,0.9375,0.9,0.9375,10.52791690826416,16777216,13830070,0.8243364095687866,0.0,375.0,12.412055904272357,3.0,19.401637003755457,2.0,6.522623579952473,2.3537132675183625,1.0,1.0,59.0,81.0,2.9116313318690015,
QTIM,/run/media/falconnier/Elements/BIDS_datasets_selection/QTIM/sub-0673/ses-01/anat/sub-0673_ses-01_T1w.nii.gz,,,,,sub-0673,ses-01,256,256,256,0.9375,0.9,0.9375,9.514805793762207,16777216,13167517,0.7848451733589172,0.0,361.0,10.37957801763233,3.0,16.445591542174583,2.0,5.9493147659860846,2.2999391055386087,1.0,1.0,50.0,67.0,2.7127110678256146,
QTIM,/run/media/falconnier/Elements/BIDS_datasets_selection/QTIM/sub-0673/ses-01/anat/sub-0673_ses-01_T1w_defacemask.nii.gz,,,,,sub-0673,ses-01,256,256,256,0.9375,0.9,0.9375,0.17180728912353516,16777216,14925369,0.8896213173866272,0.0,1.0,1.0,1.0,0.0,0.0,,,1.0,1.0,1.0,1.0,-2048.0,
QTIM,/run/media/falconnier/Elements/BIDS_datasets_selection/QTIM/sub-0674/ses-01/anat/sub-0674_ses-01_T1w_defacemask.nii.gz,,,,,sub-0674,ses-01,256,256,256,0.9375,0.9,0.9375,0.16801834106445312,16777216,15260563,0.9096004366874695,0.0,1.0,1.0,1.0,0.0,0.0,,,1.0,1.0,1.0,1.0,-2048.0,
QTIM,/run/media/falconnier/Elements/BIDS_datasets_selection/QTIM/sub-0674/ses-01/anat/sub-0674_ses-01_T1w.nii.gz,,,,,sub-0674,ses-01,256,256,256,0.9375,0.9,0.9375,10.667753219604492,16777216,14045697,0.8371887803077698,0.0,366.0,12.356170932635099,3.0,19.03529167905588,2.0,6.053262391674378,2.2859767825561215,1.0,1.0,57.0,79.0,2.961202150201913,
QTIM,/run/media/falconnier/Elements/BIDS_datasets_selection/QTIM/sub-0675/ses-01/anat/sub-0675_ses-01_T1w_defacemask.nii.gz,,,,,sub-0675,ses-01,256,256,256,0.9375,0.9,0.9375,0.17193889617919922,16777216,15001838,0.8941792249679565,0.0,1.0,1.0,1.0,0.0,0.0,,,1.0,1.0,1.0,1.0,-2048.0,
QTIM,/run/media/falconnier/Elements/BIDS_datasets_selection/QTIM/sub-0675/ses-01/anat/sub-0675_ses-01_T1w.nii.gz,,,,,sub-0675,ses-01,256,256,256,0.9375,0.9,0.9375,10.243947982788086,16777216,13715381,0.8175004124641418,0.0,351.0,11.23699363510208,3.0,17.34554947883454,2.0,7.168161548309591,2.3957336643038416,1.0,1.0,52.0,74.0,2.9755155165468157,
QTIM,/run/media/falconnier/Elements/BIDS_datasets_selection/QTIM/sub-0676/ses-01/anat/sub-0676_ses-01_T1w_defacemask.nii.gz,,,,,sub-0676,ses-01,256,256,256,0.9375,0.9,0.9375,0.20147991180419922,16777216,14950850,0.8911401033401489,0.0,1.0,1.0,1.0,0.0,0.0,,,1.0,1.0,1.0,1.0,-2048.0,
QTIM,/run/media/falconnier/Elements/BIDS_datasets_selection/QTIM/sub-0676/ses-01/anat/sub-0676_ses-01_T1w.nii.gz,,,,,sub-0676,ses-01,256,256,256,0.9375,0.9,0.9375,10.791114807128906,16777216,13410368,0.7993202209472656,0.0,529.0,19.685832111393214,3.0,27.25123118178164,2.0,1.7076841781580114,1.4511295588755073,1.0,1.0,79.0,91.0,2.209271347132754,
QTIM,/run/media/falconnier/Elements/BIDS_datasets_selection/QTIM/sub-0677/ses-01/anat/sub-0677_ses-01_T1w_defacemask.nii.gz,,,,,sub-0677,ses-01,256,256,256,0.9375,0.9,0.9375,0.16962337493896484,16777216,14928127,0.8897857069969177,0.0,1.0,1.0,1.0,0.0,0.0,,,1.0,1.0,1.0,1.0,-2048.0,
QTIM,/run/media/falconnier/Elements/BIDS_datasets_selection/QTIM/sub-0677/ses-01/anat/sub-0677_ses-01_T1w.nii.gz,,,,,sub-0677,ses-01,256,256,256,0.9375,0.9,0.9375,10.256970405578613,16777216,13695200,0.8162975311279297,0.0,332.0,11.842038670483088,3.0,18.569250145438417,2.0,7.435946668973914,2.437289398846881,1.0,1.0,56.0,77.0,3.1990150920585094,
QTIM,/run/media/falconnier/Elements/BIDS_datasets_selection/QTIM/sub-0678/ses-01/anat/sub-0678_ses-01_T1w_defacemask.nii.gz,,,,,sub-0678,ses-01,256,256,256,0.9375,0.9,0.9375,0.17162799835205078,16777216,15009094,0.8946117162704468,0.0,1.0,1.0,1.0,0.0,0.0,,,1.0,1.0,1.0,1.0,-2048.0,
QTIM,/run/media/falconnier/Elements/BIDS_datasets_selection/QTIM/sub-0678/ses-01/anat/sub-0678_ses-01_T1w.nii.gz,,,,,sub-0678,ses-01,256,256,256,0.9375,0.9,0.9375,10.511570930480957,16777216,13871475,0.8268043398857117,0.0,361.0,12.515086391317434,3.0,19.603173668753435,2.0,6.466962034448544,2.3690626471205234,1.0,1.0,59.0,82.0,3.0140575480757383,
QTIM,/run/media/falconnier/Elements/BIDS_datasets_selection/QTIM/sub-0679/ses-01/anat/sub-0679_ses-01_T1w_defacemask.nii.gz,,,,,sub-0679,ses-01,256,256,256,0.9375,0.9,0.9375,0.18088912963867188,16777216,14854597,0.8854029774665833,0.0,1.0,1.0,1.0,0.0,0.0,,,1.0,1.0,1.0,1.0,-2048.0,
QTIM,/run/media/falconnier/Elements/BIDS_datasets_selection/QTIM/sub-0679/ses-01/anat/sub-0679_ses-01_T1w.nii.gz,,,,,sub-0679,ses-01,256,256,256,0.9375,0.9,0.9375,10.795541763305664,16777216,13912336,0.8292398452758789,0.0,364.0,13.762002010302224,4.0,19.980506081231812,3.0,4.668645785556536,2.0874786555284737,1.0,1.0,61.0,82.0,3.1699881762720556,
QTIM,/run/media/falconnier/Elements/BIDS_datasets_selection/QTIM/sub-0680/ses-01/anat/sub-0680_ses-01_T1w_defacemask.nii.gz,,,,,sub-0680,ses-01,256,256,256,0.9375,0.9,0.9375,0.1637868881225586,16777216,14935707,0.8902375102043152,0.0,1.0,1.0,1.0,0.0,0.0,,,1.0,1.0,1.0,1.0,-2048.0,
QTIM,/run/media/falconnier/Elements/BIDS_datasets_selection/QTIM/sub-0680/ses-01/anat/sub-0680_ses-01_T1w.nii.gz,,,,,sub-0680,ses-01,256,256,256,0.9375,0.9,0.9375,10.353007316589355,16777216,13708266,0.8170763254165649,0.0,349.0,12.136842252696292,3.0,18.627060942555843,2.0,5.987451425648446,2.2714059249882252,1.0,1.0,56.0,77.0,3.0564460430316958,
QTIM,/run/media/falconnier/Elements/BIDS_datasets_selection/QTIM/sub-0681/ses-01/anat/sub-0681_ses-01_T1w_defacemask.nii.gz,,,,,sub-0681,ses-01,256,256,256,0.9375,0.9,0.9375,0.17116546630859375,16777216,15061517,0.8977363705635071,0.0,1.0,1.0,1.0,0.0,0.0,,,1.0,1.0,1.0,1.0,-2048.0,
QTIM,/run/media/falconnier/Elements/BIDS_datasets_selection/QTIM/sub-0681/ses-01/anat/sub-0681_ses-01_T1w.nii.gz,,,,,sub-0681,ses-01,256,256,256,0.9375,0.9,0.9375,9.636678695678711,16777216,13424424,0.8001580238342285,0.0,339.0,9.390176517070676,3.0,14.983206950747007,2.0,7.662146421997919,2.507698256430655,1.0,1.0,45.0,65.0,2.835463946065088,
QTIM,/run/media/falconnier/Elements/BIDS_datasets_selection/QTIM/sub-0682/ses-01/anat/sub-0682_ses-01_T1w_defacemask.nii.gz,,,,,sub-0682,ses-01,256,256,256,0.9375,0.9,0.9375,0.16370201110839844,16777216,14766203,0.8801342844963074,0.0,1.0,1.0,1.0,0.0,0.0,,,1.0,1.0,1.0,1.0,-2048.0,
QTIM,/run/media/falconnier/Elements/BIDS_datasets_selection/QTIM/sub-0682/ses-01/anat/sub-0682_ses-01_T1w.nii.gz,,,,,sub-0682,ses-01,256,256,256,0.9375,0.9,0.9375,9.766271591186523,16777216,13499333,0.8046229481697083,0.0,276.0,9.500437466058509,3.0,13.647661449913924,2.0,6.0119257940783655,2.264175088507161,1.0,1.0,42.0,58.0,3.5891324602064745,
QTIM,/run/media/falconnier/Elements/BIDS_datasets_selection/QTIM/sub-0683/ses-01/anat/sub-0683_ses-01_T1w_defacemask.nii.gz,,,,,sub-0683,ses-01,256,256,256,0.9375,0.9,0.9375,0.18660449981689453,16777216,15005507,0.8943979144096375,0.0,1.0,1.0,1.0,0.0,0.0,,,1.0,1.0,1.0,1.0,-2048.0,
QTIM,/run/media/falconnier/Elements/BIDS_datasets_selection/QTIM/sub-0683/ses-01/anat/sub-0683_ses-01_T1w.nii.gz,,,,,sub-0683,ses-01,256,256,256,0.9375,0.9,0.9375,9.94515609741211,16777216,13506115,0.805027186870575,0.0,321.0,10.519235324147617,3.0,16.518446125360775,2.0,6.997285016823916,2.3839883722927366,1.0,1.0,50.0,69.0,3.1031226679603847,
QTIM,/run/media/falconnier/Elements/BIDS_datasets_selection/QTIM/sub-0683/ses-02/anat/sub-0683_ses-02_T1w.nii.gz,,,,,sub-0683,ses-02,256,256,256,0.9375,0.9,0.9375,10.395524024963379,16777216,13757204,0.819993257522583,0.0,376.0,12.13496616027501,3.0,19.37672496958297,2.0,7.111296227845752,2.4136848624762615,1.0,1.0,59.0,81.0,2.8531224981856282,
QTIM,/run/media/falconnier/Elements/BIDS_datasets_selection/QTIM/sub-0683/ses-02/anat/sub-0683_ses-02_T1w_defacemask.nii.gz,,,,,sub-0683,ses-02,256,256,256,0.9375,0.9,0.9375,0.16971778869628906,16777216,14954385,0.8913508057594299,0.0,1.0,1.0,1.0,0.0,0.0,,,1.0,1.0,1.0,1.0,-2048.0,
QTIM,/run/media/falconnier/Elements/BIDS_datasets_selection/QTIM/sub-0684/ses-01/anat/sub-0684_ses-01_T1w_defacemask.nii.gz,,,,,sub-0684,ses-01,240,256,256,0.9,0.9375,0.9375,0.17337512969970703,15728640,13733230,0.8731352488199869,0.0,1.0,1.0,1.0,0.0,0.0,,,1.0,1.0,1.0,1.0,-2048.0,
QTIM,/run/media/falconnier/Elements/BIDS_datasets_selection/QTIM/sub-0684/ses-01/anat/sub-0684_ses-01_T1w.nii.gz,,,,,sub-0684,ses-01,240,256,256,0.9,0.9375,0.9375,14.183106422424316,15728640,13567775,0.8626159032185873,0.0,1444.0,51.902716252296344,15.0,77.95609168528479,9.0,4.949722850168539,2.1664799643406396,1.0,3.0,235.0,322.0,1.1721383318068879,
QTIM,/run/media/falconnier/Elements/BIDS_datasets_selection/QTIM/sub-0685/ses-01/anat/sub-0685_ses-01_T1w_defacemask.nii.gz,,,,,sub-0685,ses-01,256,256,256,0.9375,0.9,0.9375,0.1670513153076172,16777216,14980773,0.8929236531257629,0.0,1.0,1.0,1.0,0.0,0.0,,,1.0,1.0,1.0,1.0,-2048.0,
QTIM,/run/media/falconnier/Elements/BIDS_datasets_selection/QTIM/sub-0685/ses-01/anat/sub-0685_ses-01_T1w.nii.gz,,,,,sub-0685,ses-01,256,256,256,0.9375,0.9,0.9375,10.455798149108887,16777216,13802145,0.8226719498634338,0.0,412.0,12.718202931500864,3.0,19.547654797753065,2.0,5.528089622269453,2.227364766141747,1.0,1.0,59.0,81.0,2.6497944308849912,
QTIM,/run/media/falconnier/Elements/BIDS_datasets_selection/QTIM/sub-0686/ses-01/anat/sub-0686_ses-01_T1w_defacemask.nii.gz,,,,,sub-0686,ses-01,256,256,256,0.9375,0.9,0.9375,0.17473983764648438,16777216,14995588,0.8938066959381104,0.0,1.0,1.0,1.0,0.0,0.0,,,1.0,1.0,1.0,1.0,-2048.0,
QTIM,/run/media/falconnier/Elements/BIDS_datasets_selection/QTIM/sub-0686/ses-01/anat/sub-0686_ses-01_T1w.nii.gz,,,,,sub-0686,ses-01,256,256,256,0.9375,0.9,0.9375,10.941778182983398,16777216,14000026,0.8344665765762329,0.0,390.0,14.391152273574349,4.0,21.20285027002592,3.0,6.928417405915306,2.303545321587539,1.0,1.0,62.0,85.0,2.9719252489838954,
QTIM,/run/media/falconnier/Elements/BIDS_datasets_selection/QTIM/sub-0687/ses-01/anat/sub-0687_ses-01_T1w_defacemask.nii.gz,,,,,sub-0687,ses-01,256,256,256,0.9375,0.9,0.9375,0.18541812896728516,16777216,14960771,0.8917314410209656,0.0,1.0,1.0,1.0,0.0,0.0,,,1.0,1.0,1.0,1.0,-2048.0,
QTIM,/run/media/falconnier/Elements/BIDS_datasets_selection/QTIM/sub-0687/ses-01/anat/sub-0687_ses-01_T1w.nii.gz,,,,,sub-0687,ses-01,256,256,256,0.9375,0.9,0.9375,9.371818542480469,16777216,13090391,0.7802481055259705,0.0,255.0,9.207034915916568,2.0,14.382950677250262,1.0,5.988010888355062,2.3364025981780734,1.0,1.0,44.0,60.0,3.9556818099997284,
QTIM,/run/media/falconnier/Elements/BIDS_datasets_selection/QTIM/sub-0688/ses-01/anat/sub-0688_ses-01_T1w_defacemask.nii.gz,,,,,sub-0688,ses-01,240,256,256,0.9,0.9375,0.9375,0.17967796325683594,15728640,13910533,0.8844078699747722,0.0,1.0,1.0,1.0,0.0,0.0,,,1.0,1.0,1.0,1.0,-2048.0,
QTIM,/run/media/falconnier/Elements/BIDS_datasets_selection/QTIM/sub-0688/ses-01/anat/sub-0688_ses-01_T1w.nii.gz,,,,,sub-0688,ses-01,240,256,256,0.9,0.9375,0.9375,14.213109970092773,15728640,13730254,0.872946039835612,0.0,1211.0,50.63161293301639,13.0,78.16487186482794,8.0,4.454099176216133,2.1251311405034934,1.0,3.0,238.0,325.0,1.3638903026233815,
QTIM,/run/media/falconnier/Elements/BIDS_datasets_selection/QTIM/sub-0689/ses-01/anat/sub-0689_ses-01_T1w_defacemask.nii.gz,,,,,sub-0689,ses-01,256,256,256,0.9375,0.9,0.9375,0.15875816345214844,16777216,15209922,0.9065819978713989,0.0,1.0,1.0,1.0,0.0,0.0,,,1.0,1.0,1.0,1.0,-2048.0,
QTIM,/run/media/falconnier/Elements/BIDS_datasets_selection/QTIM/sub-0689/ses-01/anat/sub-0689_ses-01_T1w.nii.gz,,,,,sub-0689,ses-01,256,256,256,0.9375,0.9,0.9375,10.315251350402832,16777216,13933110,0.8304780721664429,0.0,423.0,11.334263276468786,3.0,17.24012319939709,2.0,6.926856319756952,2.3934889842162503,1.0,1.0,52.0,74.0,2.5604583947188617,
QTIM,/run/media/falconnier/Elements/BIDS_datasets_selection/QTIM/sub-0690/ses-01/anat/sub-0690_ses-01_T1w_defacemask.nii.gz,,,,,sub-0690,ses-01,256,256,256,0.9375,0.9,0.9375,0.16890716552734375,16777216,14965559,0.8920168280601501,0.0,1.0,1.0,1.0,0.0,0.0,,,1.0,1.0,1.0,1.0,-2048.0,
QTIM,/run/media/falconnier/Elements/BIDS_datasets_selection/QTIM/sub-0690/ses-01/anat/sub-0690_ses-01_T1w.nii.gz,,,,,sub-0690,ses-01,256,256,256,0.9375,0.9,0.9375,10.34808349609375,16777216,13731308,0.8184497356414795,0.0,370.0,12.706616733089083,3.0,20.351472189316492,2.0,7.274367821862839,2.437943164677851,1.0,1.0,61.0,84.0,2.9184166736434904,
QTIM,/run/media/falconnier/Elements/BIDS_datasets_selection/QTIM/sub-0690/ses-02/anat/sub-0690_ses-02_T1w.nii.gz,,,,,sub-0690,ses-02,256,256,256,0.9375,0.9,0.9375,10.115816116333008,16777216,13536264,0.8068242073059082,0.0,316.0,12.116946300692717,3.0,19.139307472706353,2.0,6.986963126943747,2.394789707820735,1.0,1.0,57.0,78.0,3.309952988472999,
QTIM,/run/media/falconnier/Elements/BIDS_datasets_selection/QTIM/sub-0690/ses-02/anat/sub-0690_ses-02_T1w_defacemask.nii.gz,,,,,sub-0690,ses-02,256,256,256,0.9375,0.9,0.9375,0.17324256896972656,16777216,14869890,0.8863145112991333,0.0,1.0,1.0,1.0,0.0,0.0,,,1.0,1.0,1.0,1.0,-2048.0,
QTIM,/run/media/falconnier/Elements/BIDS_datasets_selection/QTIM/sub-0691/ses-01/anat/sub-0691_ses-01_T1w_defacemask.nii.gz,,,,,sub-0691,ses-01,256,256,256,0.9375,0.9,0.9375,0.1754283905029297,16777216,15008613,0.8945830464363098,0.0,1.0,1.0,1.0,0.0,0.0,,,1.0,1.0,1.0,1.0,-2048.0,
QTIM,/run/media/falconnier/Elements/BIDS_datasets_selection/QTIM/sub-0691/ses-01/anat/sub-0691_ses-01_T1w.nii.gz,,,,,sub-0691,ses-01,256,256,256,0.9375,0.9,0.9375,11.01469898223877,16777216,14101941,0.8405411839485168,0.0,389.0,14.493665304655579,4.0,21.687492962622954,2.0,4.807946132551775,2.1351379509798285,1.0,1.0,66.0,89.0,2.955734455235582,
QTIM,/run/media/falconnier/Elements/BIDS_datasets_selection/QTIM/sub-0692/ses-01/anat/sub-0692_ses-01_T1w.nii.gz,,,,,sub-0692,ses-01,256,256,256,0.9375,0.9,0.9375,10.650649070739746,16777216,13855561,0.8258557915687561,0.0,308.0,12.09003735034619,4.0,16.710872077622355,3.0,6.431530843110501,2.194419869392644,1.0,1.0,50.0,69.0,3.6482210441179204,
QTIM,/run/media/falconnier/Elements/BIDS_datasets_selection/QTIM/sub-0692/ses-01/anat/sub-0692_ses-01_T1w_defacemask.nii.gz,,,,,sub-0692,ses-01,256,256,256,0.9375,0.9,0.9375,0.1673269271850586,16777216,14854235,0.8853814005851746,0.0,1.0,1.0,1.0,0.0,0.0,,,1.0,1.0,1.0,1.0,-2048.0,
QTIM,/run/media/falconnier/Elements/BIDS_datasets_selection/QTIM/sub-0693/ses-01/anat/sub-0693_ses-01_T1w_defacemask.nii.gz,,,,,sub-0693,ses-01,240,256,256,0.9,0.9375,0.9375,0.1760101318359375,15728640,13799993,0.8773799260457357,0.0,1.0,1.0,1.0,0.0,0.0,,,1.0,1.0,1.0,1.0,-2048.0,
QTIM,/run/media/falconnier/Elements/BIDS_datasets_selection/QTIM/sub-0693/ses-01/anat/sub-0693_ses-01_T1w.nii.gz,,,,,sub-0693,ses-01,240,256,256,0.9,0.9375,0.9375,14.183098793029785,15728640,13635670,0.8669325510660807,0.0,1121.0,50.45497903660033,14.0,76.29365168410433,8.0,4.3559980192671235,2.1431372075932864,1.0,3.0,233.0,319.0,1.4967949737011232,
QTIM,/run/media/falconnier/Elements/BIDS_datasets_selection/QTIM/sub-0694/ses-01/anat/sub-0694_ses-01_T1w_defacemask.nii.gz,,,,,sub-0694,ses-01,256,256,256,0.9375,0.9,0.9375,0.1792469024658203,16777216,15034037,0.8960984349250793,0.0,1.0,1.0,1.0,0.0,0.0,,,1.0,1.0,1.0,1.0,-2048.0,
QTIM,/run/media/falconnier/Elements/BIDS_datasets_selection/QTIM/sub-0694/ses-01/anat/sub-0694_ses-01_T1w.nii.gz,,,,,sub-0694,ses-01,256,256,256,0.9375,0.9,0.9375,10.499390602111816,16777216,13858248,0.8260159492492676,0.0,370.0,12.449738812582947,3.0,19.68791638931763,2.0,5.374425674687446,2.265183941454047,1.0,1.0,60.0,83.0,2.9071205338912853,
QTIM,/run/media/falconnier/Elements/BIDS_datasets_selection/QTIM/sub-0695/ses-01/anat/sub-0695_ses-01_T1w_defacemask.nii.gz,,,,,sub-0695,ses-01,240,256,256,0.9,0.9375,0.9375,0.15624427795410156,15728640,13956656,0.8873402913411458,0.0,1.0,1.0,1.0,0.0,0.0,,,1.0,1.0,1.0,1.0,-2048.0,
QTIM,/run/media/falconnier/Elements/BIDS_datasets_selection/QTIM/sub-0695/ses-01/anat/sub-0695_ses-01_T1w.nii.gz,,,,,sub-0695,ses-01,240,256,256,0.9,0.9375,0.9375,14.485690116882324,15728640,13793083,0.8769406000773112,0.0,1261.0,51.480077731715234,15.0,77.41198340438117,9.0,4.5242764115822505,2.171432147370822,1.0,3.0,237.0,329.0,1.34650824363394,
QTIM,/run/media/falconnier/Elements/BIDS_datasets_selection/QTIM/sub-0696/ses-01/anat/sub-0696_ses-01_T1w.nii.gz,,,,,sub-0696,ses-01,256,256,256,0.9375,0.9,0.9375,10.778227806091309,16777216,13799924,0.8225395679473877,0.0,409.0,14.250981672072976,4.0,21.140212589603333,3.0,6.041760781854986,2.2233994072131757,1.0,1.0,63.0,85.0,2.836351009810469,
QTIM,/run/media/falconnier/Elements/BIDS_datasets_selection/QTIM/sub-0696/ses-01/anat/sub-0696_ses-01_T1w_defacemask.nii.gz,,,,,sub-0696,ses-01,256,256,256,0.9375,0.9,0.9375,0.17818641662597656,16777216,14765290,0.8800798654556274,0.0,1.0,1.0,1.0,0.0,0.0,,,1.0,1.0,1.0,1.0,-2048.0,
QTIM,/run/media/falconnier/Elements/BIDS_datasets_selection/QTIM/sub-0697/ses-01/anat/sub-0697_ses-01_T1w_defacemask.nii.gz,,,,,sub-0697,ses-01,256,256,256,0.9375,0.9,0.9375,0.18056488037109375,16777216,14952531,0.8912402987480164,0.0,1.0,1.0,1.0,0.0,0.0,,,1.0,1.0,1.0,1.0,-2048.0,
QTIM,/run/media/falconnier/Elements/BIDS_datasets_selection/QTIM/sub-0697/ses-01/anat/sub-0697_ses-01_T1w.nii.gz,,,,,sub-0697,ses-01,256,256,256,0.9375,0.9,0.9375,10.354995727539062,16777216,13758556,0.8200738430023193,0.0,187.0,11.78215795320381,3.0,17.03601366078794,2.0,5.2162600103639285,2.201982603605704,1.0,1.0,51.0,72.0,5.554568782661951,
QTIM,/run/media/falconnier/Elements/BIDS_datasets_selection/QTIM/sub-0698/ses-01/anat/sub-0698_ses-01_T1w.nii.gz,,,,,sub-0698,ses-01,256,256,256,0.9375,0.9,0.9375,10.043123245239258,16777216,13766980,0.8205759525299072,0.0,279.0,10.396874114729592,3.0,15.486008686563187,2.0,5.84023756175281,2.2637436745142248,1.0,1.0,48.0,66.0,3.6320135304137113,
QTIM,/run/media/falconnier/Elements/BIDS_datasets_selection/QTIM/sub-0698/ses-01/anat/sub-0698_ses-01_T1w_defacemask.nii.gz,,,,,sub-0698,ses-01,256,256,256,0.9375,0.9,0.9375,0.1644725799560547,16777216,14998078,0.8939551115036011,0.0,1.0,1.0,1.0,0.0,0.0,,,1.0,1.0,1.0,1.0,-2048.0,
QTIM,/run/media/falconnier/Elements/BIDS_datasets_selection/QTIM/sub-0698/ses-02/anat/sub-0698_ses-02_T1w_defacemask.nii.gz,,,,,sub-0698,ses-02,256,256,256,0.9375,0.9,0.9375,0.17568206787109375,16777216,14895026,0.8878127336502075,0.0,1.0,1.0,1.0,0.0,0.0,,,1.0,1.0,1.0,1.0,-2048.0,
QTIM,/run/media/falconnier/Elements/BIDS_datasets_selection/QTIM/sub-0698/ses-02/anat/sub-0698_ses-02_T1w.nii.gz,,,,,sub-0698,ses-02,256,256,256,0.9375,0.9,0.9375,11.043915748596191,16777216,14144916,0.8431026935577393,0.0,344.0,13.281939532196585,4.0,19.168048569287812,2.0,5.83486058303318,2.2279182457603537,1.0,1.0,59.0,81.0,3.356462522053308,
QTIM,/run/media/falconnier/Elements/BIDS_datasets_selection/QTIM/sub-0699/ses-01/anat/sub-0699_ses-01_T1w_defacemask.nii.gz,,,,,sub-0699,ses-01,256,256,256,0.9375,0.9,0.9375,0.17373275756835938,16777216,14821150,0.8834093809127808,0.0,1.0,1.0,1.0,0.0,0.0,,,1.0,1.0,1.0,1.0,-2048.0,
QTIM,/run/media/falconnier/Elements/BIDS_datasets_selection/QTIM/sub-0699/ses-01/anat/sub-0699_ses-01_T1w.nii.gz,,,,,sub-0699,ses-01,256,256,256,0.9375,0.9,0.9375,10.45033073425293,16777216,13681643,0.8154894709587097,0.0,359.0,12.208559088992455,3.0,18.39349375511029,2.0,6.81931774058557,2.3548391034909733,1.0,1.0,55.0,76.0,3.054500022625205,
QTIM,/run/media/falconnier/Elements/BIDS_datasets_selection/QTIM/sub-0700/ses-01/anat/sub-0700_ses-01_T1w_defacemask.nii.gz,,,,,sub-0700,ses-01,256,256,256,0.9375,0.9,0.9375,0.1702423095703125,16777216,14949963,0.8910872340202332,0.0,1.0,1.0,1.0,0.0,0.0,,,1.0,1.0,1.0,1.0,-2048.0,
QTIM,/run/media/falconnier/Elements/BIDS_datasets_selection/QTIM/sub-0700/ses-01/anat/sub-0700_ses-01_T1w.nii.gz,,,,,sub-0700,ses-01,256,256,256,0.9375,0.9,0.9375,10.90459156036377,16777216,14017262,0.8354939222335815,0.0,322.0,13.449940437725997,4.0,20.137331049046274,2.0,6.709672110713303,2.3777915695479397,1.0,1.0,59.0,85.0,3.556152038595389,
QTIM,/run/media/falconnier/Elements/BIDS_datasets_selection/QTIM/sub-0701/ses-01/anat/sub-0701_ses-01_T1w_defacemask.nii.gz,,,,,sub-0701,ses-01,256,256,256,0.9375,0.9,0.9375,0.17229461669921875,16777216,14752748,0.8793323040008545,0.0,1.0,1.0,1.0,0.0,0.0,,,1.0,1.0,1.0,1.0,-2048.0,
QTIM,/run/media/falconnier/Elements/BIDS_datasets_selection/QTIM/sub-0701/ses-01/anat/sub-0701_ses-01_T1w.nii.gz,,,,,sub-0701,ses-01,256,256,256,0.9375,0.9,0.9375,11.999192237854004,16777216,14334379,0.8543955683708191,0.0,380.0,15.405247273007083,7.0,20.645944950470255,4.0,7.798747784743986,2.5058985856816016,1.0,1.0,62.0,91.0,3.3896905026918236,
QTIM,/run/media/falconnier/Elements/BIDS_datasets_selection/QTIM/sub-0702/ses-01/anat/sub-0702_ses-01_T1w.nii.gz,,,,,sub-0702,ses-01,256,256,256,0.9375,0.9,0.9375,9.450054168701172,16777216,13304366,0.7930020093917847,0.0,285.0,9.379666043462725,3.0,14.584251803433805,2.0,5.307739141733585,2.270486766317185,1.0,1.0,45.0,62.0,3.242408788543034,
QTIM,/run/media/falconnier/Elements/BIDS_datasets_selection/QTIM/sub-0702/ses-01/anat/sub-0702_ses-01_T1w_defacemask.nii.gz,,,,,sub-0702,ses-01,256,256,256,0.9375,0.9,0.9375,0.17382335662841797,16777216,15007281,0.894503653049469,0.0,1.0,1.0,1.0,0.0,0.0,,,1.0,1.0,1.0,1.0,-2048.0,
QTIM,/run/media/falconnier/Elements/BIDS_datasets_selection/QTIM/sub-0703/ses-01/anat/sub-0703_ses-01_T1w_defacemask.nii.gz,,,,,sub-0703,ses-01,240,256,256,0.9,0.9375,0.9375,0.15492630004882812,15728640,14056550,0.8936913808186849,0.0,1.0,1.0,1.0,0.0,0.0,,,1.0,1.0,1.0,1.0,-2048.0,
QTIM,/run/media/falconnier/Elements/BIDS_datasets_selection/QTIM/sub-0703/ses-01/anat/sub-0703_ses-01_T1w.nii.gz,,,,,sub-0703,ses-01,240,256,256,0.9,0.9375,0.9375,14.055120468139648,15728640,13863669,0.881428337097168,0.0,1175.0,46.25999416171866,12.0,73.76896321611306,7.0,4.416454420828293,2.189080340530643,1.0,3.0,227.0,310.0,1.3716105817042836,
QTIM,/run/media/falconnier/Elements/BIDS_datasets_selection/QTIM/sub-0703/ses-02/anat/sub-0703_ses-02_T1w_defacemask.nii.gz,,,,,sub-0703,ses-02,240,256,256,0.9,0.9375,0.9375,0.1697244644165039,15728640,14009929,0.8907272974650066,0.0,1.0,1.0,1.0,0.0,0.0,,,1.0,1.0,1.0,1.0,-2048.0,
QTIM,/run/media/falconnier/Elements/BIDS_datasets_selection/QTIM/sub-0703/ses-02/anat/sub-0703_ses-02_T1w.nii.gz,,,,,sub-0703,ses-02,240,256,256,0.9,0.9375,0.9375,14.313465118408203,15728640,13830166,0.8792982737223307,0.0,1219.0,51.29234356261523,13.0,82.07330806401396,7.0,4.357448686807281,2.1768923177510424,1.0,3.0,252.0,344.0,1.3465290483212256,
QTIM,/run/media/falconnier/Elements/BIDS_datasets_selection/QTIM/sub-0704/ses-01/anat/sub-0704_ses-01_T1w_defacemask.nii.gz,,,,,sub-0704,ses-01,256,256,256,0.9375,0.9,0.9375,0.17366409301757812,16777216,15043984,0.8966913223266602,0.0,1.0,1.0,1.0,0.0,0.0,,,1.0,1.0,1.0,1.0,-2048.0,
QTIM,/run/media/falconnier/Elements/BIDS_datasets_selection/QTIM/sub-0704/ses-01/anat/sub-0704_ses-01_T1w.nii.gz,,,,,sub-0704,ses-01,256,256,256,0.9375,0.9,0.9375,10.216483116149902,16777216,13847021,0.8253467679023743,0.0,344.0,10.52059688506286,3.0,15.510950684615858,2.0,8.026206060120444,2.502008518447365,1.0,1.0,46.0,65.0,3.079461931302008,
QTIM,/run/media/falconnier/Elements/BIDS_datasets_selection/QTIM/sub-0705/ses-01/anat/sub-0705_ses-01_T1w.nii.gz,,,,,sub-0705,ses-01,256,256,256,0.9375,0.9,0.9375,10.237756729125977,16777216,13773450,0.820961594581604,0.0,348.0,10.950852110400808,3.0,17.003999808818183,2.0,6.409078872817453,2.394527423978295,1.0,1.0,52.0,72.0,2.986467771727414,
QTIM,/run/media/falconnier/Elements/BIDS_datasets_selection/QTIM/sub-0705/ses-01/anat/sub-0705_ses-01_T1w_defacemask.nii.gz,,,,,sub-0705,ses-01,256,256,256,0.9375,0.9,0.9375,0.167449951171875,16777216,14989024,0.8934154510498047,0.0,1.0,1.0,1.0,0.0,0.0,,,1.0,1.0,1.0,1.0,-2048.0,
QTIM,/run/media/falconnier/Elements/BIDS_datasets_selection/QTIM/sub-0706/ses-01/anat/sub-0706_ses-01_T1w.nii.gz,,,,,sub-0706,ses-01,256,256,256,0.9375,0.9,0.9375,10.649270057678223,16777216,13816858,0.8235489130020142,0.0,314.0,12.593760462762228,3.0,19.75518219172888,2.0,6.803912936926755,2.4026145601860485,1.0,1.0,59.0,83.0,3.4387820229213957,
QTIM,/run/media/falconnier/Elements/BIDS_datasets_selection/QTIM/sub-0706/ses-01/anat/sub-0706_ses-01_T1w_defacemask.nii.gz,,,,,sub-0706,ses-01,256,256,256,0.9375,0.9,0.9375,0.17366409301757812,16777216,14983236,0.8930704593658447,0.0,1.0,1.0,1.0,0.0,0.0,,,1.0,1.0,1.0,1.0,-2048.0,
QTIM,/run/media/falconnier/Elements/BIDS_datasets_selection/QTIM/sub-0707/ses-01/anat/sub-0707_ses-01_T1w_defacemask.nii.gz,,,,,sub-0707,ses-01,256,256,256,0.9375,0.9,0.9375,0.16779041290283203,16777216,15024601,0.8955360054969788,0.0,1.0,1.0,1.0,0.0,0.0,,,1.0,1.0,1.0,1.0,-2048.0,
QTIM,/run/media/falconnier/Elements/BIDS_datasets_selection/QTIM/sub-0707/ses-01/anat/sub-0707_ses-01_T1w.nii.gz,,,,,sub-0707,ses-01,256,256,256,0.9375,0.9,0.9375,10.358924865722656,16777216,13824836,0.8240244388580322,0.0,359.0,12.448911075690157,3.0,19.82182179866577,2.0,5.70343438775453,2.3128523335284914,1.0,1.0,61.0,83.0,2.988170711173093,
QTIM,/run/media/falconnier/Elements/BIDS_datasets_selection/QTIM/sub-0708/ses-01/anat/sub-0708_ses-01_T1w_defacemask.nii.gz,,,,,sub-0708,ses-01,256,256,256,0.9375,0.9,0.9375,0.172027587890625,16777216,14861084,0.8857896327972412,0.0,1.0,1.0,1.0,0.0,0.0,,,1.0,1.0,1.0,1.0,-2048.0,
QTIM,/run/media/falconnier/Elements/BIDS_datasets_selection/QTIM/sub-0708/ses-01/anat/sub-0708_ses-01_T1w.nii.gz,,,,,sub-0708,ses-01,256,256,256,0.9375,0.9,0.9375,9.717630386352539,16777216,13219080,0.7879185676574707,0.0,371.0,11.07835583111684,3.0,17.16897143490046,2.0,5.980410373543172,2.2668143042974287,1.0,1.0,51.0,71.0,2.747776058562557,
QTIM,/run/media/falconnier/Elements/BIDS_datasets_selection/QTIM/sub-0709/ses-01/anat/sub-0709_ses-01_T1w_defacemask.nii.gz,,,,,sub-0709,ses-01,256,256,256,0.9375,0.9,0.9375,0.17836952209472656,16777216,14963451,0.8918911814689636,0.0,1.0,1.0,1.0,0.0,0.0,,,1.0,1.0,1.0,1.0,-2048.0,
QTIM,/run/media/falconnier/Elements/BIDS_datasets_selection/QTIM/sub-0709/ses-01/anat/sub-0709_ses-01_T1w.nii.gz,,,,,sub-0709,ses-01,256,256,256,0.9375,0.9,0.9375,10.882147789001465,16777216,13988469,0.8337777256965637,0.0,308.0,13.77561776059982,4.0,21.01632116024338,3.0,6.555450733218365,2.3751022346699195,1.0,1.0,62.0,89.0,3.731506962717536,
QTIM,/run/media/falconnier/Elements/BIDS_datasets_selection/QTIM/sub-0710/ses-01/anat/sub-0710_ses-01_T1w_defacemask.nii.gz,,,,,sub-0710,ses-01,256,256,256,0.9375,0.9,0.9375,0.17578411102294922,16777216,14808401,0.8826494812965393,0.0,1.0,1.0,1.0,0.0,0.0,,,1.0,1.0,1.0,1.0,-2048.0,
QTIM,/run/media/falconnier/Elements/BIDS_datasets_selection/QTIM/sub-0710/ses-01/anat/sub-0710_ses-01_T1w.nii.gz,,,,,sub-0710,ses-01,256,256,256,0.9375,0.9,0.9375,10.530056953430176,16777216,13758962,0.8200980424880981,0.0,383.0,13.07926615394388,3.0,19.853479052437727,2.0,6.623397567717319,2.3263073064870086,1.0,1.0,59.0,81.0,2.9495037037634244,
QTIM,/run/media/falconnier/Elements/BIDS_datasets_selection/QTIM/sub-0711/ses-01/anat/sub-0711_ses-01_T1w_defacemask.nii.gz,,,,,sub-0711,ses-01,256,256,256,0.9375,0.9,0.9375,0.17037296295166016,16777216,14938698,0.8904157876968384,0.0,1.0,1.0,1.0,0.0,0.0,,,1.0,1.0,1.0,1.0,-2048.0,
QTIM,/run/media/falconnier/Elements/BIDS_datasets_selection/QTIM/sub-0711/ses-01/anat/sub-0711_ses-01_T1w.nii.gz,,,,,sub-0711,ses-01,256,256,256,0.9375,0.9,0.9375,10.68130874633789,16777216,13926854,0.830105185508728,0.0,398.0,13.18480419195893,4.0,19.534485276599504,3.0,6.399858446991846,2.2504147693549816,1.0,1.0,59.0,80.0,2.828256813424075,
QTIM,/run/media/falconnier/Elements/BIDS_datasets_selection/QTIM/sub-0712/ses-01/anat/sub-0712_ses-01_T1w_defacemask.nii.gz,,,,,sub-0712,ses-01,240,256,256,0.9,0.9375,0.9375,0.15961551666259766,15728640,13911234,0.8844524383544922,0.0,1.0,1.0,1.0,0.0,0.0,,,1.0,1.0,1.0,1.0,-2048.0,
QTIM,/run/media/falconnier/Elements/BIDS_datasets_selection/QTIM/sub-0712/ses-01/anat/sub-0712_ses-01_T1w.nii.gz,,,,,sub-0712,ses-01,240,256,256,0.9,0.9375,0.9375,14.140490531921387,15728640,13732018,0.8730581919352214,0.0,1521.0,49.37792551684683,13.0,77.90857850628049,7.0,5.1712411233087625,2.208044666191886,1.0,3.0,239.0,324.0,1.0822754033316468,
QTIM,/run/media/falconnier/Elements/BIDS_datasets_selection/QTIM/sub-0713/ses-01/anat/sub-0713_ses-01_T1w.nii.gz,,,,,sub-0713,ses-01,256,256,256,0.9375,0.9,0.9375,9.905732154846191,16777216,13521311,0.8059329390525818,0.0,354.0,10.657794203535442,3.0,17.729653981939123,2.0,7.898858198197477,2.570770382003928,1.0,1.0,53.0,75.0,2.785388929112659,
QTIM,/run/media/falconnier/Elements/BIDS_datasets_selection/QTIM/sub-0713/ses-01/anat/sub-0713_ses-01_T1w_defacemask.nii.gz,,,,,sub-0713,ses-01,256,256,256,0.9375,0.9,0.9375,0.18634700775146484,16777216,15102111,0.9001559615135193,0.0,1.0,1.0,1.0,0.0,0.0,,,1.0,1.0,1.0,1.0,-2048.0,
QTIM,/run/media/falconnier/Elements/BIDS_datasets_selection/QTIM/sub-0714/ses-01/anat/sub-0714_ses-01_T1w_defacemask.nii.gz,,,,,sub-0714,ses-01,256,256,256,0.9375,0.9,0.9375,0.17364978790283203,16777216,15065125,0.8979514241218567,0.0,1.0,1.0,1.0,0.0,0.0,,,1.0,1.0,1.0,1.0,-2048.0,
QTIM,/run/media/falconnier/Elements/BIDS_datasets_selection/QTIM/sub-0714/ses-01/anat/sub-0714_ses-01_T1w.nii.gz,,,,,sub-0714,ses-01,256,256,256,0.9375,0.9,0.9375,10.557685852050781,16777216,13841157,0.8249972462654114,0.0,399.0,12.388030350352937,3.0,19.47446397512688,2.0,6.989180376508887,2.4195891463989994,1.0,1.0,58.0,82.0,2.688276434842362,
QTIM,/run/media/falconnier/Elements/BIDS_datasets_selection/QTIM/sub-0715/ses-01/anat/sub-0715_ses-01_T1w_defacemask.nii.gz,,,,,sub-0715,ses-01,256,256,256,0.9375,0.9,0.9375,0.17720317840576172,16777216,14946435,0.8908769488334656,0.0,1.0,1.0,1.0,0.0,0.0,,,1.0,1.0,1.0,1.0,-2048.0,
QTIM,/run/media/falconnier/Elements/BIDS_datasets_selection/QTIM/sub-0715/ses-01/anat/sub-0715_ses-01_T1w.nii.gz,,,,,sub-0715,ses-01,256,256,256,0.9375,0.9,0.9375,9.830582618713379,16777216,13486591,0.8038634657859802,0.0,327.0,10.075180896343635,3.0,15.631464798750518,2.0,6.555819936926676,2.389092448839507,1.0,1.0,48.0,66.0,3.050250475543218,
QTIM,/run/media/falconnier/Elements/BIDS_datasets_selection/QTIM/sub-0716/ses-01/anat/sub-0716_ses-01_T1w_defacemask.nii.gz,,,,,sub-0716,ses-01,256,256,256,0.9375,0.9,0.9375,0.1811838150024414,16777216,15116537,0.9010158181190491,0.0,1.0,1.0,1.0,0.0,0.0,,,1.0,1.0,1.0,1.0,-2048.0,
QTIM,/run/media/falconnier/Elements/BIDS_datasets_selection/QTIM/sub-0716/ses-01/anat/sub-0716_ses-01_T1w.nii.gz,,,,,sub-0716,ses-01,256,256,256,0.9375,0.9,0.9375,10.460847854614258,16777216,13873860,0.826946496963501,0.0,390.0,12.227803005075732,3.0,19.25545493172402,2.0,6.175200945796769,2.3249153212799922,1.0,1.0,58.0,80.0,2.7003497742095792,
QTIM,/run/media/falconnier/Elements/BIDS_datasets_selection/QTIM/sub-0717/ses-01/anat/sub-0717_ses-01_T1w_defacemask.nii.gz,,,,,sub-0717,ses-01,256,256,256,0.9375,0.9,0.9375,0.18188095092773438,16777216,14882355,0.8870574831962585,0.0,1.0,1.0,1.0,0.0,0.0,,,1.0,1.0,1.0,1.0,-2048.0,
QTIM,/run/media/falconnier/Elements/BIDS_datasets_selection/QTIM/sub-0717/ses-01/anat/sub-0717_ses-01_T1w.nii.gz,,,,,sub-0717,ses-01,256,256,256,0.9375,0.9,0.9375,11.334909439086914,16777216,14162729,0.8441644310951233,0.0,360.0,15.560610670443529,5.0,22.121016166263406,3.0,4.288334773714401,2.0348295951930124,1.0,1.0,68.0,90.0,3.375057018962512,
QTIM,/run/media/falconnier/Elements/BIDS_datasets_selection/QTIM/sub-0718/ses-01/anat/sub-0718_ses-01_T1w_defacemask.nii.gz,,,,,sub-0718,ses-01,256,256,256,0.9375,0.9,0.9375,0.17306232452392578,16777216,14942987,0.89067143201828,0.0,1.0,1.0,1.0,0.0,0.0,,,1.0,1.0,1.0,1.0,-2048.0,
QTIM,/run/media/falconnier/Elements/BIDS_datasets_selection/QTIM/sub-0718/ses-01/anat/sub-0718_ses-01_T1w.nii.gz,,,,,sub-0718,ses-01,256,256,256,0.9375,0.9,0.9375,10.396306037902832,16777216,13726401,0.8181572556495667,0.0,329.0,12.174300896498652,3.0,17.821161330998077,2.0,5.380042355900169,2.178412182603777,1.0,1.0,53.0,73.0,3.3226654098649737,
QTIM,/run/media/falconnier/Elements/BIDS_datasets_selection/QTIM/sub-0719/ses-01/anat/sub-0719_ses-01_T1w.nii.gz,,,,,sub-0719,ses-01,256,256,256,0.9375,0.9,0.9375,10.642826080322266,16777216,13859712,0.8261032104492188,0.0,331.0,12.400785456436612,3.0,18.530074112926865,2.0,6.6988927887715874,2.3157635413339293,1.0,1.0,55.0,76.0,3.320677740203621,
QTIM,/run/media/falconnier/Elements/BIDS_datasets_selection/QTIM/sub-0719/ses-01/anat/sub-0719_ses-01_T1w_defacemask.nii.gz,,,,,sub-0719,ses-01,256,256,256,0.9375,0.9,0.9375,0.18338680267333984,16777216,14994619,0.893748939037323,0.0,1.0,1.0,1.0,0.0,0.0,,,1.0,1.0,1.0,1.0,-2048.0,
QTIM,/run/media/falconnier/Elements/BIDS_datasets_selection/QTIM/sub-0720/ses-01/anat/sub-0720_ses-01_T1w.nii.gz,,,,,sub-0720,ses-01,256,256,256,0.9375,0.9,0.9375,10.085053443908691,16777216,13712163,0.8173086047172546,0.0,298.0,10.516216004725148,3.0,15.867051275831415,2.0,5.412672848702163,2.2610031930150183,1.0,1.0,48.0,68.0,3.3958470816587725,
QTIM,/run/media/falconnier/Elements/BIDS_datasets_selection/QTIM/sub-0720/ses-01/anat/sub-0720_ses-01_T1w_defacemask.nii.gz,,,,,sub-0720,ses-01,256,256,256,0.9375,0.9,0.9375,0.17124557495117188,16777216,15062947,0.8978216052055359,0.0,1.0,1.0,1.0,0.0,0.0,,,1.0,1.0,1.0,1.0,-2048.0,
QTIM,/run/media/falconnier/Elements/BIDS_datasets_selection/QTIM/sub-0720/ses-02/anat/sub-0720_ses-02_T1w_defacemask.nii.gz,,,,,sub-0720,ses-02,256,256,256,0.9375,0.9,0.9375,0.17316913604736328,16777216,15096372,0.8998138904571533,0.0,1.0,1.0,1.0,0.0,0.0,,,1.0,1.0,1.0,1.0,-2048.0,
QTIM,/run/media/falconnier/Elements/BIDS_datasets_selection/QTIM/sub-0720/ses-02/anat/sub-0720_ses-02_T1w.nii.gz,,,,,sub-0720,ses-02,256,256,256,0.9375,0.9,0.9375,10.676799774169922,16777216,14056275,0.8378192782402039,0.0,328.0,12.321624327924717,3.0,19.044040289677184,2.0,5.811823357602615,2.328126395056035,1.0,1.0,58.0,82.0,3.3350786103558776,
QTIM,/run/media/falconnier/Elements/BIDS_datasets_selection/QTIM/sub-0721/ses-01/anat/sub-0721_ses-01_T1w_defacemask.nii.gz,,,,,sub-0721,ses-01,256,256,256,0.9375,0.9,0.9375,0.17969799041748047,16777216,14861938,0.8858405351638794,0.0,1.0,1.0,1.0,0.0,0.0,,,1.0,1.0,1.0,1.0,-2048.0,
QTIM,/run/media/falconnier/Elements/BIDS_datasets_selection/QTIM/sub-0722/ses-01/anat/sub-0722_ses-01_T1w_defacemask.nii.gz,,,,,sub-0722,ses-01,240,256,256,0.9,0.9375,0.9375,0.19191455841064453,15728640,13910129,0.8843821843465169,0.0,1.0,1.0,1.0,0.0,0.0,,,1.0,1.0,1.0,1.0,-2048.0,
QTIM,/run/media/falconnier/Elements/BIDS_datasets_selection/QTIM/sub-0721/ses-01/anat/sub-0721_ses-01_T1w.nii.gz,,,,,sub-0721,ses-01,256,256,256,0.9375,0.9,0.9375,10.730716705322266,16777216,13947804,0.8313539028167725,0.0,384.0,13.229478705034857,4.0,19.48725453846708,2.0,5.503681141892283,2.220695472134804,1.0,1.0,59.0,82.0,3.0318050267282732,
QTIM,/run/media/falconnier/Elements/BIDS_datasets_selection/QTIM/sub-0722/ses-01/anat/sub-0722_ses-01_T1w.nii.gz,,,,,sub-0722,ses-01,240,256,256,0.9,0.9375,0.9375,14.05459213256836,15728640,13721337,0.8723791122436524,0.0,1552.0,49.21998781897128,12.0,80.1167194358501,7.0,4.6358457740308046,2.197403305880737,1.0,3.0,246.0,334.0,1.0399089127817034,
QTIM,/run/media/falconnier/Elements/BIDS_datasets_selection/QTIM/sub-0723/ses-01/anat/sub-0723_ses-01_T1w_defacemask.nii.gz,,,,,sub-0723,ses-01,256,256,256,0.9375,0.9,0.9375,0.1713542938232422,16777216,15039489,0.8964233994483948,0.0,1.0,1.0,1.0,0.0,0.0,,,1.0,1.0,1.0,1.0,-2048.0,
QTIM,/run/media/falconnier/Elements/BIDS_datasets_selection/QTIM/sub-0723/ses-01/anat/sub-0723_ses-01_T1w.nii.gz,,,,,sub-0723,ses-01,256,256,256,0.9375,0.9,0.9375,10.440811157226562,16777216,13739124,0.818915605545044,0.0,395.0,12.420060623952445,3.0,19.072113659080884,2.0,5.392976501039216,2.196218158455943,1.0,1.0,58.0,77.0,2.711057726051822,
QTIM,/run/media/falconnier/Elements/BIDS_datasets_selection/QTIM/sub-0725/ses-01/anat/sub-0725_ses-01_T1w_defacemask.nii.gz,,,,,sub-0725,ses-01,256,256,256,0.9375,0.9,0.9375,0.16730403900146484,16777216,15068663,0.898162305355072,0.0,1.0,1.0,1.0,0.0,0.0,,,1.0,1.0,1.0,1.0,-2048.0,
QTIM,/run/media/falconnier/Elements/BIDS_datasets_selection/QTIM/sub-0724/ses-01/anat/sub-0724_ses-01_T1w_defacemask.nii.gz,,,,,sub-0724,ses-01,256,256,256,0.9375,0.9,0.9375,0.17850112915039062,16777216,15059778,0.8976327180862427,0.0,1.0,1.0,1.0,0.0,0.0,,,1.0,1.0,1.0,1.0,-2048.0,
QTIM,/run/media/falconnier/Elements/BIDS_datasets_selection/QTIM/sub-0724/ses-01/anat/sub-0724_ses-01_T1w.nii.gz,,,,,sub-0724,ses-01,256,256,256,0.9375,0.9,0.9375,10.142635345458984,16777216,13671482,0.814883828163147,0.0,377.0,11.646874859653108,3.0,18.390996948980337,2.0,6.247214619448407,2.275584131132737,1.0,1.0,56.0,76.0,2.7645670348690707,
QTIM,/run/media/falconnier/Elements/BIDS_datasets_selection/QTIM/sub-0725/ses-01/anat/sub-0725_ses-01_T1w.nii.gz,,,,,sub-0725,ses-01,256,256,256,0.9375,0.9,0.9375,10.288820266723633,16777216,13715030,0.8174794912338257,0.0,344.0,12.29650376266038,3.0,18.575800337540795,2.0,5.400102828449246,2.209127460552858,1.0,1.0,56.0,75.0,3.1418450397779467,
QTIM,/run/media/falconnier/Elements/BIDS_datasets_selection/QTIM/sub-0726/ses-01/anat/sub-0726_ses-01_T1w_defacemask.nii.gz,,,,,sub-0726,ses-01,256,256,256,0.9375,0.9,0.9375,0.183258056640625,16777216,14720417,0.8774052262306213,0.0,1.0,1.0,1.0,0.0,0.0,,,1.0,1.0,1.0,1.0,-2048.0,
QTIM,/run/media/falconnier/Elements/BIDS_datasets_selection/QTIM/sub-0726/ses-01/anat/sub-0726_ses-01_T1w.nii.gz,,,,,sub-0726,ses-01,256,256,256,0.9375,0.9,0.9375,10.680872917175293,16777216,13758376,0.8200631141662598,0.0,383.0,13.479273135143275,4.0,20.92451271934623,2.0,6.693051839475157,2.369793523582973,1.0,1.0,63.0,86.0,2.9683408168151706,
QTIM,/run/media/falconnier/Elements/BIDS_datasets_selection/QTIM/sub-0726/ses-02/anat/sub-0726_ses-02_T1w_defacemask.nii.gz,,,,,sub-0726,ses-02,240,256,256,0.9,0.9375,0.9375,0.1624774932861328,15728640,13695386,0.8707291920979817,0.0,1.0,1.0,1.0,0.0,0.0,,,1.0,1.0,1.0,1.0,-2048.0,
QTIM,/run/media/falconnier/Elements/BIDS_datasets_selection/QTIM/sub-0726/ses-02/anat/sub-0726_ses-02_T1w.nii.gz,,,,,sub-0726,ses-02,240,256,256,0.9,0.9375,0.9375,13.890543937683105,15728640,13512060,0.8590736389160156,0.0,1301.0,48.26540668114262,12.0,75.52617961320223,7.0,4.911678630584367,2.1933597692115807,1.0,3.0,231.0,314.0,1.255794014479956,
QTIM,/run/media/falconnier/Elements/BIDS_datasets_selection/QTIM/sub-0727/ses-01/anat/sub-0727_ses-01_T1w_defacemask.nii.gz,,,,,sub-0727,ses-01,256,256,256,0.9375,0.9,0.9375,0.16886329650878906,16777216,15018685,0.8951833844184875,0.0,1.0,1.0,1.0,0.0,0.0,,,1.0,1.0,1.0,1.0,-2048.0,
QTIM,/run/media/falconnier/Elements/BIDS_datasets_selection/QTIM/sub-0727/ses-01/anat/sub-0727_ses-01_T1w.nii.gz,,,,,sub-0727,ses-01,256,256,256,0.9375,0.9,0.9375,10.210794448852539,16777216,13741005,0.8190277218818665,0.0,404.0,11.366842454391072,3.0,18.445255670667297,2.0,7.304862381399996,2.5010854761703882,1.0,1.0,56.0,79.0,2.564185240825316,
QTIM,/run/media/falconnier/Elements/BIDS_datasets_selection/QTIM/sub-0728/ses-01/anat/sub-0728_ses-01_T1w_defacemask.nii.gz,,,,,sub-0728,ses-01,240,256,256,0.9,0.9375,0.9375,0.17977619171142578,15728640,13694317,0.8706612269083659,0.0,1.0,1.0,1.0,0.0,0.0,,,1.0,1.0,1.0,1.0,-2048.0,
QTIM,/run/media/falconnier/Elements/BIDS_datasets_selection/QTIM/sub-0728/ses-01/anat/sub-0728_ses-01_T1w.nii.gz,,,,,sub-0728,ses-01,240,256,256,0.9,0.9375,0.9375,14.204154014587402,15728640,13526737,0.8600067774454753,0.0,1286.0,52.040130668615795,14.0,78.60926920407529,8.0,4.849558929885395,2.1629794084923253,1.0,3.0,240.0,325.0,1.3103350897076613,
QTIM,/run/media/falconnier/Elements/BIDS_datasets_selection/QTIM/sub-0729/ses-01/anat/sub-0729_ses-01_T1w.nii.gz,,,,,sub-0729,ses-01,256,256,256,0.9375,0.9,0.9375,9.787009239196777,16777216,13383197,0.7977007031440735,0.0,328.0,10.32625246419073,3.0,16.328985420805356,2.0,6.395778342990798,2.3532413569977892,1.0,1.0,49.0,69.0,2.958914201692898,
QTIM,/run/media/falconnier/Elements/BIDS_datasets_selection/QTIM/sub-0729/ses-01/anat/sub-0729_ses-01_T1w_defacemask.nii.gz,,,,,sub-0729,ses-01,256,256,256,0.9375,0.9,0.9375,0.17611026763916016,16777216,15058566,0.8975604772567749,0.0,1.0,1.0,1.0,0.0,0.0,,,1.0,1.0,1.0,1.0,-2048.0,
QTIM,/run/media/falconnier/Elements/BIDS_datasets_selection/QTIM/sub-0730/ses-01/anat/sub-0730_ses-01_T1w_defacemask.nii.gz,,,,,sub-0730,ses-01,256,256,256,0.9375,0.9,0.9375,0.19513702392578125,16777216,14975065,0.892583429813385,0.0,1.0,1.0,1.0,0.0,0.0,,,1.0,1.0,1.0,1.0,-2048.0,
QTIM,/run/media/falconnier/Elements/BIDS_datasets_selection/QTIM/sub-0730/ses-01/anat/sub-0730_ses-01_T1w.nii.gz,,,,,sub-0730,ses-01,256,256,256,0.9375,0.9,0.9375,10.333868026733398,16777216,13805996,0.8229014873504639,0.0,291.0,11.144804692106241,3.0,15.87061273116449,2.0,4.666179556239804,2.1010791162588616,1.0,1.0,48.0,66.0,3.638783570449258,
QTIM,/run/media/falconnier/Elements/BIDS_datasets_selection/QTIM/sub-0730/ses-02/anat/sub-0730_ses-02_T1w_defacemask.nii.gz,,,,,sub-0730,ses-02,256,256,256,0.9375,0.9,0.9375,0.18747806549072266,16777216,15004568,0.8943419456481934,0.0,1.0,1.0,1.0,0.0,0.0,,,1.0,1.0,1.0,1.0,-2048.0,
QTIM,/run/media/falconnier/Elements/BIDS_datasets_selection/QTIM/sub-0730/ses-02/anat/sub-0730_ses-02_T1w.nii.gz,,,,,sub-0730,ses-02,256,256,256,0.9375,0.9,0.9375,10.98109245300293,16777216,14102893,0.840597927570343,0.0,359.0,13.469358166441452,4.0,19.478552637106173,2.0,4.758283609990414,2.0904818028844567,1.0,1.0,59.0,80.0,3.1936996912745297,
QTIM,/run/media/falconnier/Elements/BIDS_datasets_selection/QTIM/sub-0731/ses-01/anat/sub-0731_ses-01_T1w.nii.gz,,,,,sub-0731,ses-01,256,256,256,0.9375,0.9,0.9375,10.623058319091797,16777216,13851978,0.8256422281265259,0.0,441.0,12.98719908449176,4.0,20.424930979593324,2.0,7.079328640735175,2.448938734355774,1.0,1.0,61.0,86.0,2.5638205479937377,
QTIM,/run/media/falconnier/Elements/BIDS_datasets_selection/QTIM/sub-0731/ses-01/anat/sub-0731_ses-01_T1w_defacemask.nii.gz,,,,,sub-0731,ses-01,256,256,256,0.9375,0.9,0.9375,0.19135284423828125,16777216,14887173,0.8873446583747864,0.0,1.0,1.0,1.0,0.0,0.0,,,1.0,1.0,1.0,1.0,-2048.0,
QTIM,/run/media/falconnier/Elements/BIDS_datasets_selection/QTIM/sub-0732/ses-01/anat/sub-0732_ses-01_T1w_defacemask.nii.gz,,,,,sub-0732,ses-01,256,256,256,0.9375,0.9,0.9375,0.16982650756835938,16777216,14898618,0.8880268335342407,0.0,1.0,1.0,1.0,0.0,0.0,,,1.0,1.0,1.0,1.0,-2048.0,
QTIM,/run/media/falconnier/Elements/BIDS_datasets_selection/QTIM/sub-0732/ses-01/anat/sub-0732_ses-01_T1w.nii.gz,,,,,sub-0732,ses-01,256,256,256,0.9375,0.9,0.9375,10.359688758850098,16777216,13739986,0.8189669847488403,0.0,315.0,12.538673911312573,3.0,18.70493566448553,2.0,5.283605750052681,2.18733950131604,1.0,1.0,56.0,76.0,3.479341973667997,
QTIM,/run/media/falconnier/Elements/BIDS_datasets_selection/QTIM/sub-0733/ses-01/anat/sub-0733_ses-01_T1w_defacemask.nii.gz,,,,,sub-0733,ses-01,256,256,256,0.9375,0.9,0.9375,0.16919898986816406,16777216,15036248,0.8962302207946777,0.0,1.0,1.0,1.0,0.0,0.0,,,1.0,1.0,1.0,1.0,-2048.0,
QTIM,/run/media/falconnier/Elements/BIDS_datasets_selection/QTIM/sub-0733/ses-01/anat/sub-0733_ses-01_T1w.nii.gz,,,,,sub-0733,ses-01,256,256,256,0.9375,0.9,0.9375,10.543242454528809,16777216,13922044,0.8298184871673584,0.0,372.0,13.10081989397534,3.0,20.239878178843547,2.0,6.166097543666057,2.3212484781518983,1.0,1.0,61.0,83.0,3.0080566115647582,
QTIM,/run/media/falconnier/Elements/BIDS_datasets_selection/QTIM/sub-0734/ses-01/anat/sub-0734_ses-01_T1w.nii.gz,,,,,sub-0734,ses-01,256,256,256,0.9375,0.9,0.9375,9.479884147644043,16777216,13238934,0.7891019582748413,0.0,350.0,9.246699847585916,2.0,15.304275418357365,1.0,8.983928422434147,2.6531369833523386,1.0,1.0,45.0,66.0,2.6426539029445824,
QTIM,/run/media/falconnier/Elements/BIDS_datasets_selection/QTIM/sub-0734/ses-01/anat/sub-0734_ses-01_T1w_defacemask.nii.gz,,,,,sub-0734,ses-01,256,256,256,0.9375,0.9,0.9375,0.17798137664794922,16777216,15094608,0.8997087478637695,0.0,1.0,1.0,1.0,0.0,0.0,,,1.0,1.0,1.0,1.0,-2048.0,
QTIM,/run/media/falconnier/Elements/BIDS_datasets_selection/QTIM/sub-0735/ses-01/anat/sub-0735_ses-01_T1w.nii.gz,,,,,sub-0735,ses-01,256,256,256,0.9375,0.9,0.9375,10.236493110656738,16777216,13901691,0.8286053538322449,0.0,425.0,11.485230465847645,3.0,19.24709251392976,2.0,8.349713957373968,2.5706071375198345,1.0,1.0,58.0,81.0,2.43080704677368,
QTIM,/run/media/falconnier/Elements/BIDS_datasets_selection/QTIM/sub-0735/ses-01/anat/sub-0735_ses-01_T1w_defacemask.nii.gz,,,,,sub-0735,ses-01,256,256,256,0.9375,0.9,0.9375,0.16802120208740234,16777216,15178982,0.9047378301620483,0.0,1.0,1.0,1.0,0.0,0.0,,,1.0,1.0,1.0,1.0,-2048.0,
QTIM,/run/media/falconnier/Elements/BIDS_datasets_selection/QTIM/sub-0735/ses-02/anat/sub-0735_ses-02_T1w_defacemask.nii.gz,,,,,sub-0735,ses-02,256,256,256,0.9375,0.9,0.9375,0.167755126953125,16777216,15108557,0.9005401730537415,0.0,1.0,1.0,1.0,0.0,0.0,,,1.0,1.0,1.0,1.0,-2048.0,
QTIM,/run/media/falconnier/Elements/BIDS_datasets_selection/QTIM/sub-0735/ses-02/anat/sub-0735_ses-02_T1w.nii.gz,,,,,sub-0735,ses-02,256,256,256,0.9375,0.9,0.9375,9.949370384216309,16777216,13536606,0.8068445920944214,0.0,368.0,11.301307728096688,3.0,18.557940539989392,2.0,6.902803698312361,2.417217985360999,1.0,1.0,56.0,77.0,2.745276610030865,
QTIM,/run/media/falconnier/Elements/BIDS_datasets_selection/QTIM/sub-0736/ses-01/anat/sub-0736_ses-01_T1w_defacemask.nii.gz,,,,,sub-0736,ses-01,256,256,256,0.9375,0.9,0.9375,0.1658315658569336,16777216,15068923,0.8981778025627136,0.0,1.0,1.0,1.0,0.0,0.0,,,1.0,1.0,1.0,1.0,-2048.0,
QTIM,/run/media/falconnier/Elements/BIDS_datasets_selection/QTIM/sub-0736/ses-01/anat/sub-0736_ses-01_T1w.nii.gz,,,,,sub-0736,ses-01,256,256,256,0.9375,0.9,0.9375,10.103937149047852,16777216,13683816,0.8156189918518066,0.0,380.0,11.767846118363474,3.0,19.930761257794654,2.0,7.356257769245563,2.561733330072905,1.0,1.0,60.0,85.0,2.7307891530679305,
QTIM,/run/media/falconnier/Elements/BIDS_datasets_selection/QTIM/sub-0738/ses-01/anat/sub-0738_ses-01_T1w_defacemask.nii.gz,,,,,sub-0738,ses-01,240,256,256,0.9,0.9375,0.9375,0.17292499542236328,15728640,14008294,0.8906233469645183,0.0,1.0,1.0,1.0,0.0,0.0,,,1.0,1.0,1.0,1.0,-2048.0,
QTIM,/run/media/falconnier/Elements/BIDS_datasets_selection/QTIM/sub-0737/ses-01/anat/sub-0737_ses-01_T1w_defacemask.nii.gz,,,,,sub-0737,ses-01,256,256,256,0.9375,0.9,0.9375,0.16342735290527344,16777216,15220861,0.9072340130805969,0.0,1.0,1.0,1.0,0.0,0.0,,,1.0,1.0,1.0,1.0,-2048.0,
QTIM,/run/media/falconnier/Elements/BIDS_datasets_selection/QTIM/sub-0737/ses-01/anat/sub-0737_ses-01_T1w.nii.gz,,,,,sub-0737,ses-01,256,256,256,0.9375,0.9,0.9375,10.510566711425781,16777216,13953663,0.8317031264305115,0.0,360.0,11.715629150567848,3.0,18.198533472390643,2.0,6.934046118584163,2.4324293976767684,1.0,1.0,55.0,78.0,2.976150383294415,
QTIM,/run/media/falconnier/Elements/BIDS_datasets_selection/QTIM/sub-0738/ses-01/anat/sub-0738_ses-01_T1w.nii.gz,,,,,sub-0738,ses-01,240,256,256,0.9,0.9375,0.9375,14.515457153320312,15728640,13843350,0.8801364898681641,0.0,1297.0,48.407938685361565,14.0,74.78087623472457,8.0,4.988704958931846,2.2656216848681425,1.0,3.0,230.0,320.0,1.2798696620982943,
QTIM,/run/media/falconnier/Elements/BIDS_datasets_selection/QTIM/sub-0739/ses-01/anat/sub-0739_ses-01_T1w_defacemask.nii.gz,,,,,sub-0739,ses-01,240,256,256,0.9,0.9375,0.9375,0.17706298828125,15728640,14091060,0.8958854675292969,0.0,1.0,1.0,1.0,0.0,0.0,,,1.0,1.0,1.0,1.0,-2048.0,
QTIM,/run/media/falconnier/Elements/BIDS_datasets_selection/QTIM/sub-0739/ses-01/anat/sub-0739_ses-01_T1w.nii.gz,,,,,sub-0739,ses-01,240,256,256,0.9,0.9375,0.9375,13.755507469177246,15728640,13883902,0.8827147165934245,0.0,1201.0,41.747432458108676,11.0,70.63985241330383,6.0,6.05928692495246,2.436937322278516,1.0,2.0,216.0,307.0,1.2935220934440608,
QTIM,/run/media/falconnier/Elements/BIDS_datasets_selection/QTIM/sub-0740/ses-01/anat/sub-0740_ses-01_T1w_defacemask.nii.gz,,,,,sub-0740,ses-01,240,256,256,0.9,0.9375,0.9375,0.1700143814086914,15728640,13920170,0.8850205739339193,0.0,1.0,1.0,1.0,0.0,0.0,,,1.0,1.0,1.0,1.0,-2048.0,
QTIM,/run/media/falconnier/Elements/BIDS_datasets_selection/QTIM/sub-0740/ses-01/anat/sub-0740_ses-01_T1w.nii.gz,,,,,sub-0740,ses-01,240,256,256,0.9,0.9375,0.9375,13.89699935913086,15728640,13732808,0.8731084187825521,0.0,1365.0,44.724473174022386,12.0,71.79678874299805,7.0,6.216045953127665,2.352250934391299,1.0,3.0,219.0,303.0,1.1813484750390333,
QTIM,/run/media/falconnier/Elements/BIDS_datasets_selection/QTIM/sub-0741/ses-01/anat/sub-0741_ses-01_T1w_defacemask.nii.gz,,,,,sub-0741,ses-01,256,256,256,0.9375,0.9,0.9375,0.19890403747558594,16777216,14859496,0.8856949806213379,0.0,1.0,1.0,1.0,0.0,0.0,,,1.0,1.0,1.0,1.0,-2048.0,
QTIM,/run/media/falconnier/Elements/BIDS_datasets_selection/QTIM/sub-0741/ses-01/anat/sub-0741_ses-01_T1w.nii.gz,,,,,sub-0741,ses-01,256,256,256,0.9375,0.9,0.9375,10.471549987792969,16777216,13747027,0.8193866610527039,0.0,351.0,12.920499610570344,3.0,19.802462901731683,2.0,6.249261426804601,2.2874085952784022,1.0,1.0,59.0,81.0,3.1280809552229125,
QTIM,/run/media/falconnier/Elements/BIDS_datasets_selection/QTIM/sub-0742/ses-01/anat/sub-0742_ses-01_T1w.nii.gz,,,,,sub-0742,ses-01,256,256,256,0.9375,0.9,0.9375,10.85825252532959,16777216,14006930,0.8348780870437622,0.0,321.0,13.267042314054542,4.0,19.54692308410976,2.0,4.736986329824416,2.125664450508561,1.0,1.0,60.0,80.0,3.5348699038163103,
QTIM,/run/media/falconnier/Elements/BIDS_datasets_selection/QTIM/sub-0742/ses-01/anat/sub-0742_ses-01_T1w_defacemask.nii.gz,,,,,sub-0742,ses-01,256,256,256,0.9375,0.9,0.9375,0.16689586639404297,16777216,15004986,0.8943668603897095,0.0,1.0,1.0,1.0,0.0,0.0,,,1.0,1.0,1.0,1.0,-2048.0,
QTIM,/run/media/falconnier/Elements/BIDS_datasets_selection/QTIM/sub-0743/ses-01/anat/sub-0743_ses-01_T1w.nii.gz,,,,,sub-0743,ses-01,240,256,256,0.9,0.9375,0.9375,14.538790702819824,15728640,13874119,0.8820927302042644,0.0,1330.0,51.966419993947,14.0,79.90031234617143,8.0,4.3736439371129645,2.127776794583559,1.0,3.0,245.0,333.0,1.2600517232124762,
QTIM,/run/media/falconnier/Elements/BIDS_datasets_selection/QTIM/sub-0743/ses-01/anat/sub-0743_ses-01_T1w_defacemask.nii.gz,,,,,sub-0743,ses-01,240,256,256,0.9,0.9375,0.9375,0.1817607879638672,15728640,14044846,0.892947260538737,0.0,1.0,1.0,1.0,0.0,0.0,,,1.0,1.0,1.0,1.0,-2048.0,
QTIM,/run/media/falconnier/Elements/BIDS_datasets_selection/QTIM/sub-0744/ses-01/anat/sub-0744_ses-01_T1w_defacemask.nii.gz,,,,,sub-0744,ses-01,256,256,256,0.9375,0.9,0.9375,0.17284870147705078,16777216,15076690,0.8986407518386841,0.0,1.0,1.0,1.0,0.0,0.0,,,1.0,1.0,1.0,1.0,-2048.0,
QTIM,/run/media/falconnier/Elements/BIDS_datasets_selection/QTIM/sub-0744/ses-01/anat/sub-0744_ses-01_T1w.nii.gz,,,,,sub-0744,ses-01,256,256,256,0.9375,0.9,0.9375,10.553349494934082,16777216,13844514,0.8251973390579224,0.0,444.0,12.52755705256248,3.0,19.92523984770647,2.0,6.005630771823736,2.3299261433666265,1.0,1.0,60.0,83.0,2.4466033316241074,
QTIM,/run/media/falconnier/Elements/BIDS_datasets_selection/QTIM/sub-0745/ses-01/anat/sub-0745_ses-01_T1w_defacemask.nii.gz,,,,,sub-0745,ses-01,240,256,256,0.9,0.9375,0.9375,0.1754159927368164,15728640,13917944,0.8848790486653646,0.0,1.0,1.0,1.0,0.0,0.0,,,1.0,1.0,1.0,1.0,-2048.0,
QTIM,/run/media/falconnier/Elements/BIDS_datasets_selection/QTIM/sub-0745/ses-01/anat/sub-0745_ses-01_T1w.nii.gz,,,,,sub-0745,ses-01,240,256,256,0.9,0.9375,0.9375,14.095308303833008,15728640,13732643,0.8730979283650716,0.0,1140.0,48.44218028532454,13.0,76.66231879644224,8.0,4.466567904762128,2.2040478876408387,1.0,3.0,235.0,324.0,1.4411063819118057,
QTIM,/run/media/falconnier/Elements/BIDS_datasets_selection/QTIM/sub-0746/ses-01/anat/sub-0746_ses-01_T1w.nii.gz,,,,,sub-0746,ses-01,256,256,256,0.9375,0.9,0.9375,10.40087890625,16777216,13846635,0.825323760509491,0.0,371.0,12.669095271161549,3.0,20.220071758592677,2.0,5.636838819268894,2.2544810810914466,1.0,1.0,61.0,83.0,2.8650011369583446,
QTIM,/run/media/falconnier/Elements/BIDS_datasets_selection/QTIM/sub-0746/ses-01/anat/sub-0746_ses-01_T1w_defacemask.nii.gz,,,,,sub-0746,ses-01,256,256,256,0.9375,0.9,0.9375,0.1679067611694336,16777216,15218388,0.9070866107940674,0.0,1.0,1.0,1.0,0.0,0.0,,,1.0,1.0,1.0,1.0,-2048.0,
QTIM,/run/media/falconnier/Elements/BIDS_datasets_selection/QTIM/sub-0747/ses-01/anat/sub-0747_ses-01_T1w_defacemask.nii.gz,,,,,sub-0747,ses-01,256,256,256,0.9375,0.9,0.9375,0.19296741485595703,16777216,14929150,0.889846682548523,0.0,1.0,1.0,1.0,0.0,0.0,,,1.0,1.0,1.0,1.0,-2048.0,
QTIM,/run/media/falconnier/Elements/BIDS_datasets_selection/QTIM/sub-0747/ses-01/anat/sub-0747_ses-01_T1w.nii.gz,,,,,sub-0747,ses-01,256,256,256,0.9375,0.9,0.9375,9.987448692321777,16777216,13468362,0.8027769327163696,0.0,443.0,11.080029330960958,3.0,17.652398798971983,2.0,7.397117800014959,2.4423762938519573,1.0,1.0,53.0,74.0,2.3614232437206155,
QTIM,/run/media/falconnier/Elements/BIDS_datasets_selection/QTIM/sub-0748/ses-01/anat/sub-0748_ses-01_T1w.nii.gz,,,,,sub-0748,ses-01,256,256,256,0.9375,0.9,0.9375,10.241605758666992,16777216,13661601,0.8142948746681213,0.0,378.0,11.702854372631728,3.0,19.08101974883678,2.0,8.022815464337404,2.5734216943654453,1.0,1.0,57.0,81.0,2.804701934905746,
QTIM,/run/media/falconnier/Elements/BIDS_datasets_selection/QTIM/sub-0748/ses-01/anat/sub-0748_ses-01_T1w_defacemask.nii.gz,,,,,sub-0748,ses-01,256,256,256,0.9375,0.9,0.9375,0.1836709976196289,16777216,14948656,0.8910093307495117,0.0,1.0,1.0,1.0,0.0,0.0,,,1.0,1.0,1.0,1.0,-2048.0,
QTIM,/run/media/falconnier/Elements/BIDS_datasets_selection/QTIM/sub-0749/ses-01/anat/sub-0749_ses-01_T1w_defacemask.nii.gz,,,,,sub-0749,ses-01,256,256,256,0.9375,0.9,0.9375,0.15103816986083984,16777216,15211057,0.906649649143219,0.0,1.0,1.0,1.0,0.0,0.0,,,1.0,1.0,1.0,1.0,-2048.0,
QTIM,/run/media/falconnier/Elements/BIDS_datasets_selection/QTIM/sub-0749/ses-01/anat/sub-0749_ses-01_T1w.nii.gz,,,,,sub-0749,ses-01,256,256,256,0.9375,0.9,0.9375,11.127142906188965,16777216,14193505,0.8459988236427307,0.0,429.0,14.463229131916323,4.0,21.630015315393262,3.0,5.501325087725375,2.188118557237276,1.0,1.0,65.0,88.0,2.705588241736652,
QTIM,/run/media/falconnier/Elements/BIDS_datasets_selection/QTIM/sub-0750/ses-01/anat/sub-0750_ses-01_T1w_defacemask.nii.gz,,,,,sub-0750,ses-01,256,256,256,0.9375,0.9,0.9375,0.1663227081298828,16777216,15179096,0.9047446250915527,0.0,1.0,1.0,1.0,0.0,0.0,,,1.0,1.0,1.0,1.0,-2048.0,
QTIM,/run/media/falconnier/Elements/BIDS_datasets_selection/QTIM/sub-0750/ses-01/anat/sub-0750_ses-01_T1w.nii.gz,,,,,sub-0750,ses-01,256,256,256,0.9375,0.9,0.9375,10.899628639221191,16777216,14044733,0.8371313214302063,0.0,433.0,13.285530383525268,3.0,20.87962888123617,2.0,5.930201241183134,2.3021307951564407,1.0,1.0,63.0,87.0,2.55329023811849,
QTIM,/run/media/falconnier/Elements/BIDS_datasets_selection/QTIM/sub-0751/ses-01/anat/sub-0751_ses-01_T1w_defacemask.nii.gz,,,,,sub-0751,ses-01,256,256,256,0.9375,0.9,0.9375,0.18634319305419922,16777216,15014049,0.8949070572853088,0.0,1.0,1.0,1.0,0.0,0.0,,,1.0,1.0,1.0,1.0,-2048.0,
QTIM,/run/media/falconnier/Elements/BIDS_datasets_selection/QTIM/sub-0751/ses-01/anat/sub-0751_ses-01_T1w.nii.gz,,,,,sub-0751,ses-01,256,256,256,0.9375,0.9,0.9375,10.792278289794922,16777216,13996484,0.8342554569244385,0.0,372.0,13.00867917971399,4.0,19.577911590730533,2.0,6.820819400237619,2.346408641366179,1.0,1.0,59.0,81.0,3.043633718200586,
QTIM,/run/media/falconnier/Elements/BIDS_datasets_selection/QTIM/sub-0752/ses-01/anat/sub-0752_ses-01_T1w.nii.gz,,,,,sub-0752,ses-01,256,256,256,0.9375,0.9,0.9375,9.846549987792969,16777216,13379378,0.7974730730056763,0.0,382.0,10.639148097916062,3.0,17.149126209295066,2.0,6.972107096560302,2.406626453373374,1.0,1.0,52.0,72.0,2.6279397374982354,
QTIM,/run/media/falconnier/Elements/BIDS_datasets_selection/QTIM/sub-0752/ses-01/anat/sub-0752_ses-01_T1w_defacemask.nii.gz,,,,,sub-0752,ses-01,256,256,256,0.9375,0.9,0.9375,0.18941307067871094,16777216,15012787,0.8948318362236023,0.0,1.0,1.0,1.0,0.0,0.0,,,1.0,1.0,1.0,1.0,-2048.0,
QTIM,/run/media/falconnier/Elements/BIDS_datasets_selection/QTIM/sub-0753/ses-01/anat/sub-0753_ses-01_T1w.nii.gz,,,,,sub-0753,ses-01,256,256,256,0.9375,0.9,0.9375,10.092461585998535,16777216,13567351,0.8086771368980408,0.0,352.0,11.221411976442564,3.0,18.169266697453814,2.0,6.926176136036171,2.4331064073026827,1.0,1.0,55.0,77.0,2.882481859933218,
QTIM,/run/media/falconnier/Elements/BIDS_datasets_selection/QTIM/sub-0753/ses-01/anat/sub-0753_ses-01_T1w_defacemask.nii.gz,,,,,sub-0753,ses-01,256,256,256,0.9375,0.9,0.9375,0.17648696899414062,16777216,15049376,0.8970127105712891,0.0,1.0,1.0,1.0,0.0,0.0,,,1.0,1.0,1.0,1.0,-2048.0,
QTIM,/run/media/falconnier/Elements/BIDS_datasets_selection/QTIM/sub-0754/ses-01/anat/sub-0754_ses-01_T1w_defacemask.nii.gz,,,,,sub-0754,ses-01,256,256,256,0.9375,0.9,0.9375,0.1843585968017578,16777216,14927441,0.8897448182106018,0.0,1.0,1.0,1.0,0.0,0.0,,,1.0,1.0,1.0,1.0,-2048.0,
QTIM,/run/media/falconnier/Elements/BIDS_datasets_selection/QTIM/sub-0754/ses-01/anat/sub-0754_ses-01_T1w.nii.gz,,,,,sub-0754,ses-01,256,256,256,0.9375,0.9,0.9375,10.46159553527832,16777216,13711734,0.817283034324646,0.0,315.0,12.553907113425625,3.0,19.131654448374622,2.0,6.43393821390741,2.302150274014436,1.0,1.0,57.0,78.0,3.4422696555482766,
QTIM,/run/media/falconnier/Elements/BIDS_datasets_selection/QTIM/sub-0755/ses-01/anat/sub-0755_ses-01_T1w_defacemask.nii.gz,,,,,sub-0755,ses-01,256,256,256,0.9375,0.9,0.9375,0.16818714141845703,16777216,14976124,0.8926465511322021,0.0,1.0,1.0,1.0,0.0,0.0,,,1.0,1.0,1.0,1.0,-2048.0,
QTIM,/run/media/falconnier/Elements/BIDS_datasets_selection/QTIM/sub-0755/ses-01/anat/sub-0755_ses-01_T1w.nii.gz,,,,,sub-0755,ses-01,256,256,256,0.9375,0.9,0.9375,11.076204299926758,16777216,14152000,0.8435249328613281,0.0,332.0,13.396655737704918,4.0,19.520571833629674,2.0,5.862801336740203,2.28549092017306,1.0,1.0,59.0,82.0,3.521785425271618,
QTIM,/run/media/falconnier/Elements/BIDS_datasets_selection/QTIM/sub-0756/ses-01/anat/sub-0756_ses-01_T1w_defacemask.nii.gz,,,,,sub-0756,ses-01,256,256,256,0.9375,0.9,0.9375,0.16872882843017578,16777216,14835192,0.8842463493347168,0.0,1.0,1.0,1.0,0.0,0.0,,,1.0,1.0,1.0,1.0,-2048.0,
QTIM,/run/media/falconnier/Elements/BIDS_datasets_selection/QTIM/sub-0756/ses-01/anat/sub-0756_ses-01_T1w.nii.gz,,,,,sub-0756,ses-01,256,256,256,0.9375,0.9,0.9375,10.989331245422363,16777216,13959690,0.8320623636245728,0.0,336.0,13.928731010502382,4.0,19.749517707379944,3.0,6.430186529294293,2.2389356053693734,1.0,1.0,58.0,80.0,3.5118096244980355,
QTIM,/run/media/falconnier/Elements/BIDS_datasets_selection/QTIM/sub-0757/ses-01/anat/sub-0757_ses-01_T1w_defacemask.nii.gz,,,,,sub-0757,ses-01,240,256,256,0.9,0.9375,0.9375,0.1730632781982422,15728640,13548990,0.8614215850830078,0.0,1.0,1.0,1.0,0.0,0.0,,,1.0,1.0,1.0,1.0,-2048.0,
QTIM,/run/media/falconnier/Elements/BIDS_datasets_selection/QTIM/sub-0757/ses-01/anat/sub-0757_ses-01_T1w.nii.gz,,,,,sub-0757,ses-01,240,256,256,0.9,0.9375,0.9375,13.78270435333252,15728640,13375499,0.8503913243611654,0.0,1148.0,46.99733639844016,14.0,67.33293173476461,9.0,3.629957732010859,1.962192579880671,1.0,3.0,206.0,273.0,1.4509017331011644,
QTIM,/run/media/falconnier/Elements/BIDS_datasets_selection/QTIM/sub-0758/ses-01/anat/sub-0758_ses-01_T1w_defacemask.nii.gz,,,,,sub-0758,ses-01,256,256,256,0.9375,0.9,0.9375,0.18482208251953125,16777216,14958499,0.8915960192680359,0.0,1.0,1.0,1.0,0.0,0.0,,,1.0,1.0,1.0,1.0,-2048.0,
QTIM,/run/media/falconnier/Elements/BIDS_datasets_selection/QTIM/sub-0758/ses-01/anat/sub-0758_ses-01_T1w.nii.gz,,,,,sub-0758,ses-01,256,256,256,0.9375,0.9,0.9375,10.467788696289062,16777216,13885177,0.8276210427284241,0.0,348.0,11.73018860328536,4.0,17.164923909357658,3.0,6.99217947593227,2.3420622154648134,1.0,1.0,52.0,71.0,3.149556010551413,
QTIM,/run/media/falconnier/Elements/BIDS_datasets_selection/QTIM/sub-0759/ses-01/anat/sub-0759_ses-01_T1w.nii.gz,,,,,sub-0759,ses-01,256,256,256,0.9375,0.9,0.9375,10.230942726135254,16777216,13700302,0.8166016340255737,0.0,311.0,10.90719868802892,3.0,15.860733379897852,2.0,5.6241194273446755,2.214422462611102,1.0,1.0,48.0,66.0,3.3787748382219305,
QTIM,/run/media/falconnier/Elements/BIDS_datasets_selection/QTIM/sub-0759/ses-01/anat/sub-0759_ses-01_T1w_defacemask.nii.gz,,,,,sub-0759,ses-01,256,256,256,0.9375,0.9,0.9375,0.18555736541748047,16777216,14966729,0.8920865654945374,0.0,1.0,1.0,1.0,0.0,0.0,,,1.0,1.0,1.0,1.0,-2048.0,
QTIM,/run/media/falconnier/Elements/BIDS_datasets_selection/QTIM/sub-0760/ses-01/anat/sub-0760_ses-01_T1w.nii.gz,,,,,sub-0760,ses-01,256,256,256,0.9375,0.9,0.9375,10.278915405273438,16777216,13788423,0.8218540549278259,0.0,339.0,11.058696632675106,3.0,17.511573237408843,2.0,7.535401357911201,2.4880196554169007,1.0,1.0,52.0,75.0,3.0509466246572026,
QTIM,/run/media/falconnier/Elements/BIDS_datasets_selection/QTIM/sub-0760/ses-01/anat/sub-0760_ses-01_T1w_defacemask.nii.gz,,,,,sub-0760,ses-01,256,256,256,0.9375,0.9,0.9375,0.1805744171142578,16777216,15104808,0.9003167152404785,0.0,1.0,1.0,1.0,0.0,0.0,,,1.0,1.0,1.0,1.0,-2048.0,
QTIM,/run/media/falconnier/Elements/BIDS_datasets_selection/QTIM/sub-0761/ses-01/anat/sub-0761_ses-01_T1w_defacemask.nii.gz,,,,,sub-0761,ses-01,256,256,256,0.9375,0.9,0.9375,0.19183826446533203,16777216,15028265,0.8957543969154358,0.0,1.0,1.0,1.0,0.0,0.0,,,1.0,1.0,1.0,1.0,-2048.0,
QTIM,/run/media/falconnier/Elements/BIDS_datasets_selection/QTIM/sub-0761/ses-01/anat/sub-0761_ses-01_T1w.nii.gz,,,,,sub-0761,ses-01,256,256,256,0.9375,0.9,0.9375,9.888017654418945,16777216,13468420,0.8027803897857666,0.0,280.0,10.560761692908299,3.0,16.696993544366155,2.0,5.2866142960586835,2.264037458085227,1.0,1.0,51.0,70.0,3.4169992529631483,
QTIM,/run/media/falconnier/Elements/BIDS_datasets_selection/QTIM/sub-0762/ses-01/anat/sub-0762_ses-01_T1w.nii.gz,,,,,sub-0762,ses-01,256,256,256,0.9375,0.9,0.9375,10.986316680908203,16777216,14001213,0.8345373272895813,0.0,423.0,14.344071331533918,3.0,22.41469370051307,2.0,5.13592327188786,2.185955971653459,1.0,1.0,68.0,91.0,2.676430873666424,
QTIM,/run/media/falconnier/Elements/BIDS_datasets_selection/QTIM/sub-0762/ses-01/anat/sub-0762_ses-01_T1w_defacemask.nii.gz,,,,,sub-0762,ses-01,256,256,256,0.9375,0.9,0.9375,0.17948627471923828,16777216,15062584,0.8977999687194824,0.0,1.0,1.0,1.0,0.0,0.0,,,1.0,1.0,1.0,1.0,-2048.0,
QTIM,/run/media/falconnier/Elements/BIDS_datasets_selection/QTIM/sub-0763/ses-01/anat/sub-0763_ses-01_T1w_defacemask.nii.gz,,,,,sub-0763,ses-01,240,256,256,0.9,0.9375,0.9375,0.16545867919921875,15728640,13754204,0.874468739827474,0.0,1.0,1.0,1.0,0.0,0.0,,,1.0,1.0,1.0,1.0,-2048.0,
QTIM,/run/media/falconnier/Elements/BIDS_datasets_selection/QTIM/sub-0763/ses-01/anat/sub-0763_ses-01_T1w.nii.gz,,,,,sub-0763,ses-01,240,256,256,0.9,0.9375,0.9375,14.210709571838379,15728640,13582031,0.8635222752888997,0.0,1341.0,52.70027450239217,14.0,80.46157942380134,8.0,4.737222003039795,2.156610700947657,1.0,3.0,245.0,331.0,1.259446628518881,
QTIM,/run/media/falconnier/Elements/BIDS_datasets_selection/QTIM/sub-0764/ses-01/anat/sub-0764_ses-01_T1w_defacemask.nii.gz,,,,,sub-0764,ses-01,256,256,256,0.9375,0.9,0.9375,0.17498111724853516,16777216,14945041,0.8907938599586487,0.0,1.0,1.0,1.0,0.0,0.0,,,1.0,1.0,1.0,1.0,-2048.0,
QTIM,/run/media/falconnier/Elements/BIDS_datasets_selection/QTIM/sub-0764/ses-01/anat/sub-0764_ses-01_T1w.nii.gz,,,,,sub-0764,ses-01,256,256,256,0.9375,0.9,0.9375,9.39229965209961,16777216,13199079,0.7867264151573181,0.0,230.0,9.07944031549474,3.0,13.437689299799102,2.0,4.899142088905459,2.187109963463565,1.0,1.0,41.0,57.0,4.289382309837127,
QTIM,/run/media/falconnier/Elements/BIDS_datasets_selection/QTIM/sub-0765/ses-01/anat/sub-0765_ses-01_T1w_defacemask.nii.gz,,,,,sub-0765,ses-01,256,256,256,0.9375,0.9,0.9375,0.18295001983642578,16777216,14860014,0.8857258558273315,0.0,1.0,1.0,1.0,0.0,0.0,,,1.0,1.0,1.0,1.0,-2048.0,
QTIM,/run/media/falconnier/Elements/BIDS_datasets_selection/QTIM/sub-0765/ses-01/anat/sub-0765_ses-01_T1w.nii.gz,,,,,sub-0765,ses-01,256,256,256,0.9375,0.9,0.9375,10.996725082397461,16777216,13930574,0.8303269147872925,0.0,298.0,14.924246911864508,4.0,20.70867885700201,3.0,5.024234055397937,2.04486879527455,1.0,1.0,60.0,83.0,3.9866797589627505,
QTIM,/run/media/falconnier/Elements/BIDS_datasets_selection/QTIM/sub-0766/ses-01/anat/sub-0766_ses-01_T1w.nii.gz,,,,,sub-0766,ses-01,256,256,256,0.9375,0.9,0.9375,10.496964454650879,16777216,13732864,0.81854248046875,0.0,431.0,12.76913198878253,3.0,19.982068083114733,2.0,7.201253728464691,2.4457461373644374,1.0,1.0,60.0,83.0,2.5747727347207086,
QTIM,/run/media/falconnier/Elements/BIDS_datasets_selection/QTIM/sub-0766/ses-01/anat/sub-0766_ses-01_T1w_defacemask.nii.gz,,,,,sub-0766,ses-01,256,256,256,0.9375,0.9,0.9375,0.1835031509399414,16777216,14819805,0.8833292126655579,0.0,1.0,1.0,1.0,0.0,0.0,,,1.0,1.0,1.0,1.0,-2048.0,
QTIM,/run/media/falconnier/Elements/BIDS_datasets_selection/QTIM/sub-0767/ses-01/anat/sub-0767_ses-01_T1w_defacemask.nii.gz,,,,,sub-0767,ses-01,256,256,256,0.9375,0.9,0.9375,0.16069793701171875,16777216,15212630,0.9067434072494507,0.0,1.0,1.0,1.0,0.0,0.0,,,1.0,1.0,1.0,1.0,-2048.0,
QTIM,/run/media/falconnier/Elements/BIDS_datasets_selection/QTIM/sub-0767/ses-01/anat/sub-0767_ses-01_T1w.nii.gz,,,,,sub-0767,ses-01,256,256,256,0.9375,0.9,0.9375,9.197474479675293,16777216,12913350,0.7696956396102905,0.0,290.0,8.624426349475543,2.0,14.002911324446597,1.0,7.187030211997655,2.497467840743608,1.0,1.0,42.0,60.0,2.9439689382525978,
QTIM,/run/media/falconnier/Elements/BIDS_datasets_selection/QTIM/sub-0768/ses-01/anat/sub-0768_ses-01_T1w_defacemask.nii.gz,,,,,sub-0768,ses-01,240,256,256,0.9,0.9375,0.9375,0.18107891082763672,15728640,13858883,0.8811240514119466,0.0,1.0,1.0,1.0,0.0,0.0,,,1.0,1.0,1.0,1.0,-2048.0,
QTIM,/run/media/falconnier/Elements/BIDS_datasets_selection/QTIM/sub-0768/ses-01/anat/sub-0768_ses-01_T1w.nii.gz,,,,,sub-0768,ses-01,240,256,256,0.9,0.9375,0.9375,14.045777320861816,15728640,13672559,0.8692778905232748,0.0,1205.0,48.0245877893085,12.0,75.95938674169462,7.0,4.55785674599171,2.1861174880446335,1.0,3.0,233.0,319.0,1.3490847560018988,
QTIM,/run/media/falconnier/Elements/BIDS_datasets_selection/QTIM/sub-0769/ses-01/anat/sub-0769_ses-01_T1w_defacemask.nii.gz,,,,,sub-0769,ses-01,256,256,256,0.9375,0.9,0.9375,0.16154956817626953,16777216,15002839,0.8942388892173767,0.0,1.0,1.0,1.0,0.0,0.0,,,1.0,1.0,1.0,1.0,-2048.0,
QTIM,/run/media/falconnier/Elements/BIDS_datasets_selection/QTIM/sub-0769/ses-01/anat/sub-0769_ses-01_T1w.nii.gz,,,,,sub-0769,ses-01,256,256,256,0.9375,0.9,0.9375,11.088569641113281,16777216,14162623,0.8441581130027771,0.0,363.0,14.210184229291425,4.0,21.387443403126838,2.0,6.189619608425989,2.3263583678390547,1.0,1.0,64.0,89.0,3.2278028904416605,
QTIM,/run/media/falconnier/Elements/BIDS_datasets_selection/QTIM/sub-0770/ses-01/anat/sub-0770_ses-01_T1w_defacemask.nii.gz,,,,,sub-0770,ses-01,240,256,256,0.9,0.9375,0.9375,0.17633342742919922,15728640,13676976,0.8695587158203125,0.0,1.0,1.0,1.0,0.0,0.0,,,1.0,1.0,1.0,1.0,-2048.0,
QTIM,/run/media/falconnier/Elements/BIDS_datasets_selection/QTIM/sub-0770/ses-01/anat/sub-0770_ses-01_T1w.nii.gz,,,,,sub-0770,ses-01,240,256,256,0.9,0.9375,0.9375,14.24523639678955,15728640,13520833,0.8596314112345378,0.0,1211.0,51.513445140547184,16.0,73.17448377467774,10.0,3.867364990436708,2.010239985055841,1.0,3.0,225.0,304.0,1.4113751405214483,
QTIM,/run/media/falconnier/Elements/BIDS_datasets_selection/QTIM/sub-0771/ses-01/anat/sub-0771_ses-01_T1w.nii.gz,,,,,sub-0771,ses-01,256,256,256,0.9375,0.9,0.9375,9.433600425720215,16777216,13225528,0.7883028984069824,0.0,260.0,9.574634600599689,2.0,15.423989030976479,1.0,5.918570216081092,2.3685704445689706,1.0,1.0,47.0,66.0,3.3961436417010797,
QTIM,/run/media/falconnier/Elements/BIDS_datasets_selection/QTIM/sub-0771/ses-01/anat/sub-0771_ses-01_T1w_defacemask.nii.gz,,,,,sub-0771,ses-01,256,256,256,0.9375,0.9,0.9375,0.1726837158203125,16777216,15082828,0.8990066051483154,0.0,1.0,1.0,1.0,0.0,0.0,,,1.0,1.0,1.0,1.0,-2048.0,
QTIM,/run/media/falconnier/Elements/BIDS_datasets_selection/QTIM/sub-0772/ses-01/anat/sub-0772_ses-01_T1w_defacemask.nii.gz,,,,,sub-0772,ses-01,256,256,256,0.9375,0.9,0.9375,0.17355918884277344,16777216,15040350,0.8964747190475464,0.0,1.0,1.0,1.0,0.0,0.0,,,1.0,1.0,1.0,1.0,-2048.0,
QTIM,/run/media/falconnier/Elements/BIDS_datasets_selection/QTIM/sub-0772/ses-01/anat/sub-0772_ses-01_T1w.nii.gz,,,,,sub-0772,ses-01,256,256,256,0.9375,0.9,0.9375,10.536171913146973,16777216,13777374,0.8211954832077026,0.0,346.0,13.19470386736979,3.0,20.7076445033636,2.0,5.576465813794609,2.2571412686879166,1.0,1.0,62.0,86.0,3.122988723661042,
QTIM,/run/media/falconnier/Elements/BIDS_datasets_selection/QTIM/sub-0773/ses-01/anat/sub-0773_ses-01_T1w.nii.gz,,,,,sub-0773,ses-01,256,256,256,0.9375,0.9,0.9375,10.383000373840332,16777216,13731364,0.8184530735015869,0.0,349.0,12.278291362751727,3.0,19.47525304468863,2.0,5.977402246175224,2.3537585229444797,1.0,1.0,59.0,82.0,3.05396462382155,
QTIM,/run/media/falconnier/Elements/BIDS_datasets_selection/QTIM/sub-0773/ses-01/anat/sub-0773_ses-01_T1w_defacemask.nii.gz,,,,,sub-0773,ses-01,256,256,256,0.9375,0.9,0.9375,0.17636394500732422,16777216,14966172,0.8920533657073975,0.0,1.0,1.0,1.0,0.0,0.0,,,1.0,1.0,1.0,1.0,-2048.0,
QTIM,/run/media/falconnier/Elements/BIDS_datasets_selection/QTIM/sub-0774/ses-01/anat/sub-0774_ses-01_T1w.nii.gz,,,,,sub-0774,ses-01,256,256,256,0.9375,0.9,0.9375,9.63875961303711,16777216,13483967,0.8037070631980896,0.0,258.0,9.72014726823345,3.0,14.003329722262372,2.0,4.872906559800912,2.1066593619430725,1.0,1.0,43.0,58.0,3.7031411579001956,
QTIM,/run/media/falconnier/Elements/BIDS_datasets_selection/QTIM/sub-0774/ses-01/anat/sub-0774_ses-01_T1w_defacemask.nii.gz,,,,,sub-0774,ses-01,256,256,256,0.9375,0.9,0.9375,0.17723751068115234,16777216,14938384,0.8903970718383789,0.0,1.0,1.0,1.0,0.0,0.0,,,1.0,1.0,1.0,1.0,-2048.0,
QTIM,/run/media/falconnier/Elements/BIDS_datasets_selection/QTIM/sub-0775/ses-01/anat/sub-0775_ses-01_T1w_defacemask.nii.gz,,,,,sub-0775,ses-01,256,256,256,0.9375,0.9,0.9375,0.178680419921875,16777216,15151272,0.9030861854553223,0.0,1.0,1.0,1.0,0.0,0.0,,,1.0,1.0,1.0,1.0,-2048.0,
QTIM,/run/media/falconnier/Elements/BIDS_datasets_selection/QTIM/sub-0775/ses-01/anat/sub-0775_ses-01_T1w.nii.gz,,,,,sub-0775,ses-01,256,256,256,0.9375,0.9,0.9375,10.435791015625,16777216,13904764,0.8287885189056396,0.0,374.0,11.931314476103298,3.0,19.36551853767258,2.0,6.932495407766334,2.4882387963462005,1.0,1.0,58.0,83.0,2.859160623381157,
QTIM,/run/media/falconnier/Elements/BIDS_datasets_selection/QTIM/sub-0776/ses-01/anat/sub-0776_ses-01_T1w_defacemask.nii.gz,,,,,sub-0776,ses-01,256,256,256,0.9375,0.9,0.9375,0.165008544921875,16777216,14883825,0.8871451020240784,0.0,1.0,1.0,1.0,0.0,0.0,,,1.0,1.0,1.0,1.0,-2048.0,
QTIM,/run/media/falconnier/Elements/BIDS_datasets_selection/QTIM/sub-0776/ses-01/anat/sub-0776_ses-01_T1w.nii.gz,,,,,sub-0776,ses-01,256,256,256,0.9375,0.9,0.9375,9.567206382751465,16777216,13243785,0.7893911004066467,0.0,238.0,9.433000611230097,3.0,14.45684335432235,2.0,5.779409646300591,2.3151058877289827,1.0,1.0,44.0,62.0,4.233579519043666,
QTIM,/run/media/falconnier/Elements/BIDS_datasets_selection/QTIM/sub-0777/ses-01/anat/sub-0777_ses-01_T1w.nii.gz,,,,,sub-0777,ses-01,256,256,256,0.9375,0.9,0.9375,10.467803955078125,16777216,13872337,0.8268557190895081,0.0,373.0,12.328165470605278,3.0,19.602014591602146,2.0,6.498213389193053,2.4003947479354064,1.0,1.0,59.0,83.0,2.9100410507427,
QTIM,/run/media/falconnier/Elements/BIDS_datasets_selection/QTIM/sub-0777/ses-01/anat/sub-0777_ses-01_T1w_defacemask.nii.gz,,,,,sub-0777,ses-01,256,256,256,0.9375,0.9,0.9375,0.17009258270263672,16777216,15059540,0.8976185321807861,0.0,1.0,1.0,1.0,0.0,0.0,,,1.0,1.0,1.0,1.0,-2048.0,
QTIM,/run/media/falconnier/Elements/BIDS_datasets_selection/QTIM/sub-0778/ses-01/anat/sub-0778_ses-01_T1w_defacemask.nii.gz,,,,,sub-0778,ses-01,256,256,256,0.9375,0.9,0.9375,0.167938232421875,16777216,15120670,0.9012621641159058,0.0,1.0,1.0,1.0,0.0,0.0,,,1.0,1.0,1.0,1.0,-2048.0,
QTIM,/run/media/falconnier/Elements/BIDS_datasets_selection/QTIM/sub-0778/ses-01/anat/sub-0778_ses-01_T1w.nii.gz,,,,,sub-0778,ses-01,256,256,256,0.9375,0.9,0.9375,10.470656394958496,16777216,13197288,0.7866196632385254,0.0,560.0,17.901989636052498,3.0,26.714341685989893,2.0,3.3492596453249526,1.7133159040349215,1.0,1.0,78.0,92.0,2.0182658532834212,
QTIM,/run/media/falconnier/Elements/BIDS_datasets_selection/QTIM/sub-0779/ses-01/anat/sub-0779_ses-01_T1w.nii.gz,,,,,sub-0779,ses-01,256,256,256,0.9375,0.9,0.9375,9.800986289978027,16777216,13541724,0.8071496486663818,0.0,271.0,9.091511095633022,3.0,13.251082435647131,2.0,6.470765401299072,2.3398564214075304,1.0,1.0,40.0,57.0,3.508329461914249,
QTIM,/run/media/falconnier/Elements/BIDS_datasets_selection/QTIM/sub-0779/ses-01/anat/sub-0779_ses-01_T1w_defacemask.nii.gz,,,,,sub-0779,ses-01,256,256,256,0.9375,0.9,0.9375,0.1758441925048828,16777216,15009560,0.8946394920349121,0.0,1.0,1.0,1.0,0.0,0.0,,,1.0,1.0,1.0,1.0,-2048.0,
QTIM,/run/media/falconnier/Elements/BIDS_datasets_selection/QTIM/sub-0780/ses-01/anat/sub-0780_ses-01_T1w_defacemask.nii.gz,,,,,sub-0780,ses-01,240,256,256,0.9,0.9375,0.9375,0.14928245544433594,15728640,13942126,0.886416498819987,0.0,1.0,1.0,1.0,0.0,0.0,,,1.0,1.0,1.0,1.0,-2048.0,
QTIM,/run/media/falconnier/Elements/BIDS_datasets_selection/QTIM/sub-0780/ses-01/anat/sub-0780_ses-01_T1w.nii.gz,,,,,sub-0780,ses-01,240,256,256,0.9,0.9375,0.9375,13.971388816833496,15728640,13751445,0.874293327331543,0.0,1312.0,47.24465196203017,12.0,74.27227234376643,7.0,4.681608374055299,2.203820914563743,1.0,3.0,227.0,311.0,1.2445841436187157,
QTIM,/run/media/falconnier/Elements/BIDS_datasets_selection/QTIM/sub-0781/ses-01/anat/sub-0781_ses-01_T1w_defacemask.nii.gz,,,,,sub-0781,ses-01,256,256,256,0.9375,0.9,0.9375,0.16686344146728516,16777216,15075980,0.8985984325408936,0.0,1.0,1.0,1.0,0.0,0.0,,,1.0,1.0,1.0,1.0,-2048.0,
QTIM,/run/media/falconnier/Elements/BIDS_datasets_selection/QTIM/sub-0781/ses-01/anat/sub-0781_ses-01_T1w.nii.gz,,,,,sub-0781,ses-01,256,256,256,0.9375,0.9,0.9375,10.601923942565918,16777216,13949605,0.8314612507820129,0.0,365.0,12.095729879089767,4.0,16.986081308262957,3.0,4.359848265555849,2.0210222960804227,1.0,1.0,52.0,69.0,3.0567437627529044,
QTIM,/run/media/falconnier/Elements/BIDS_datasets_selection/QTIM/sub-0782/ses-01/anat/sub-0782_ses-01_T1w_defacemask.nii.gz,,,,,sub-0782,ses-01,256,256,256,0.9375,0.9,0.9375,0.17142486572265625,16777216,15082573,0.8989914059638977,0.0,1.0,1.0,1.0,0.0,0.0,,,1.0,1.0,1.0,1.0,-2048.0,
QTIM,/run/media/falconnier/Elements/BIDS_datasets_selection/QTIM/sub-0782/ses-01/anat/sub-0782_ses-01_T1w.nii.gz,,,,,sub-0782,ses-01,256,256,256,0.9375,0.9,0.9375,10.44980239868164,16777216,13804975,0.8228406310081482,0.0,364.0,11.820153024543687,3.0,18.657482114817583,2.0,7.055436608867375,2.4429824949368877,1.0,1.0,56.0,79.0,2.9228178998715024,
QTIM,/run/media/falconnier/Elements/BIDS_datasets_selection/QTIM/sub-0783/ses-01/anat/sub-0783_ses-01_T1w.nii.gz,,,,,sub-0783,ses-01,256,256,256,0.9375,0.9,0.9375,9.840991973876953,16777216,13747055,0.8193883299827576,0.0,232.0,9.110242302805947,3.0,14.489672346001798,2.0,7.677409253535256,2.610958298508805,1.0,1.0,44.0,63.0,4.31321002332338,
QTIM,/run/media/falconnier/Elements/BIDS_datasets_selection/QTIM/sub-0783/ses-01/anat/sub-0783_ses-01_T1w_defacemask.nii.gz,,,,,sub-0783,ses-01,256,256,256,0.9375,0.9,0.9375,0.17257213592529297,16777216,15273316,0.91036057472229,0.0,1.0,1.0,1.0,0.0,0.0,,,1.0,1.0,1.0,1.0,-2048.0,
QTIM,/run/media/falconnier/Elements/BIDS_datasets_selection/QTIM/sub-0784/ses-01/anat/sub-0784_ses-01_T1w_defacemask.nii.gz,,,,,sub-0784,ses-01,240,256,256,0.9,0.9375,0.9375,0.1649188995361328,15728640,13994758,0.8897627512613933,0.0,1.0,1.0,1.0,0.0,0.0,,,1.0,1.0,1.0,1.0,-2048.0,
QTIM,/run/media/falconnier/Elements/BIDS_datasets_selection/QTIM/sub-0784/ses-01/anat/sub-0784_ses-01_T1w.nii.gz,,,,,sub-0784,ses-01,240,256,256,0.9,0.9375,0.9375,14.095258712768555,15728640,13806297,0.8777807235717774,0.0,1045.0,45.69919015938886,12.0,69.94800968891158,7.0,4.467711189104604,2.1564902942360624,1.0,3.0,214.0,293.0,1.560736546061164,
QTIM,/run/media/falconnier/Elements/BIDS_datasets_selection/QTIM/sub-0785/ses-01/anat/sub-0785_ses-01_T1w_defacemask.nii.gz,,,,,sub-0785,ses-01,256,256,256,0.9375,0.9,0.9375,0.18079280853271484,16777216,14963368,0.8918862342834473,0.0,1.0,1.0,1.0,0.0,0.0,,,1.0,1.0,1.0,1.0,-2048.0,
QTIM,/run/media/falconnier/Elements/BIDS_datasets_selection/QTIM/sub-0785/ses-01/anat/sub-0785_ses-01_T1w.nii.gz,,,,,sub-0785,ses-01,256,256,256,0.9375,0.9,0.9375,9.543203353881836,16777216,13326601,0.7943273186683655,0.0,337.0,9.42695290419515,3.0,14.80759715758608,2.0,6.642141805995879,2.3962687345226104,1.0,1.0,45.0,63.0,2.856727370956265,
QTIM,/run/media/falconnier/Elements/BIDS_datasets_selection/QTIM/sub-0786/ses-01/anat/sub-0786_ses-01_T1w.nii.gz,,,,,sub-0786,ses-01,256,256,256,0.9375,0.9,0.9375,10.203394889831543,16777216,13599831,0.8106130957603455,0.0,363.0,12.26923025734658,3.0,19.61422956330613,2.0,6.085130561944544,2.3404821017381523,1.0,1.0,59.0,81.0,2.9215038280217795,
QTIM,/run/media/falconnier/Elements/BIDS_datasets_selection/QTIM/sub-0786/ses-01/anat/sub-0786_ses-01_T1w_defacemask.nii.gz,,,,,sub-0786,ses-01,256,256,256,0.9375,0.9,0.9375,0.17030906677246094,16777216,14878056,0.8868012428283691,0.0,1.0,1.0,1.0,0.0,0.0,,,1.0,1.0,1.0,1.0,-2048.0,
QTIM,/run/media/falconnier/Elements/BIDS_datasets_selection/QTIM/sub-0787/ses-01/anat/sub-0787_ses-01_T1w_defacemask.nii.gz,,,,,sub-0787,ses-01,256,256,256,0.9375,0.9,0.9375,0.15776348114013672,16777216,15112334,0.9007652997970581,0.0,1.0,1.0,1.0,0.0,0.0,,,1.0,1.0,1.0,1.0,-2048.0,
QTIM,/run/media/falconnier/Elements/BIDS_datasets_selection/QTIM/sub-0787/ses-01/anat/sub-0787_ses-01_T1w.nii.gz,,,,,sub-0787,ses-01,256,256,256,0.9375,0.9,0.9375,10.957889556884766,16777216,14103342,0.8406246900558472,0.0,421.0,13.95094758391309,4.0,21.72426639781426,2.0,5.723344404063791,2.2985818596728502,1.0,1.0,65.0,90.0,2.715613476130237,
QTIM,/run/media/falconnier/Elements/BIDS_datasets_selection/QTIM/sub-0788/ses-01/anat/sub-0788_ses-01_T1w_defacemask.nii.gz,,,,,sub-0788,ses-01,256,256,256,0.9375,0.9,0.9375,0.18770217895507812,16777216,14950343,0.8911098837852478,0.0,1.0,1.0,1.0,0.0,0.0,,,1.0,1.0,1.0,1.0,-2048.0,
QTIM,/run/media/falconnier/Elements/BIDS_datasets_selection/QTIM/sub-0788/ses-01/anat/sub-0788_ses-01_T1w.nii.gz,,,,,sub-0788,ses-01,256,256,256,0.9375,0.9,0.9375,9.960649490356445,16777216,13521833,0.8059640526771545,0.0,292.0,10.701254778105897,3.0,16.555147354778093,2.0,6.506728966699109,2.3774906039395227,1.0,1.0,49.0,70.0,3.420337907178805,
QTIM,/run/media/falconnier/Elements/BIDS_datasets_selection/QTIM/sub-0789/ses-01/anat/sub-0789_ses-01_T1w.nii.gz,,,,,sub-0789,ses-01,256,256,256,0.9375,0.9,0.9375,9.755023956298828,16777216,13381973,0.7976277470588684,0.0,339.0,10.330953813761244,3.0,16.361034907732492,2.0,5.928071372140812,2.326917212676043,1.0,1.0,50.0,69.0,2.920260376671217,
QTIM,/run/media/falconnier/Elements/BIDS_datasets_selection/QTIM/sub-0789/ses-01/anat/sub-0789_ses-01_T1w_defacemask.nii.gz,,,,,sub-0789,ses-01,256,256,256,0.9375,0.9,0.9375,0.18200302124023438,16777216,14926771,0.8897048830986023,0.0,1.0,1.0,1.0,0.0,0.0,,,1.0,1.0,1.0,1.0,-2048.0,
QTIM,/run/media/falconnier/Elements/BIDS_datasets_selection/QTIM/sub-0790/ses-01/anat/sub-0790_ses-01_T1w_defacemask.nii.gz,,,,,sub-0790,ses-01,256,256,256,0.9375,0.9,0.9375,0.1884937286376953,16777216,15013712,0.8948869705200195,0.0,1.0,1.0,1.0,0.0,0.0,,,1.0,1.0,1.0,1.0,-2048.0,
QTIM,/run/media/falconnier/Elements/BIDS_datasets_selection/QTIM/sub-0790/ses-01/anat/sub-0790_ses-01_T1w.nii.gz,,,,,sub-0790,ses-01,256,256,256,0.9375,0.9,0.9375,10.24658489227295,16777216,13673248,0.8149890899658203,0.0,396.0,11.73787186482685,3.0,19.316529586165373,2.0,6.781670727862357,2.433945377802985,1.0,1.0,58.0,81.0,2.5728909049988014,
QTIM,/run/media/falconnier/Elements/BIDS_datasets_selection/QTIM/sub-0791/ses-01/anat/sub-0791_ses-01_T1w_defacemask.nii.gz,,,,,sub-0791,ses-01,256,256,256,0.9375,0.9,0.9375,0.1848163604736328,16777216,15158130,0.9034949541091919,0.0,1.0,1.0,1.0,0.0,0.0,,,1.0,1.0,1.0,1.0,-2048.0,
QTIM,/run/media/falconnier/Elements/BIDS_datasets_selection/QTIM/sub-0791/ses-01/anat/sub-0791_ses-01_T1w.nii.gz,,,,,sub-0791,ses-01,256,256,256,0.9375,0.9,0.9375,9.640090942382812,16777216,13437093,0.8009131550788879,0.0,312.0,9.401998036331221,3.0,15.15864041637283,2.0,6.431921499434328,2.4373162754443243,1.0,1.0,46.0,66.0,2.9988422034899553,
QTIM,/run/media/falconnier/Elements/BIDS_datasets_selection/QTIM/sub-0792/ses-01/anat/sub-0792_ses-01_T1w.nii.gz,,,,,sub-0792,ses-01,240,256,256,0.9,0.9375,0.9375,13.567968368530273,15728640,13799168,0.8773274739583333,0.0,1350.0,40.34797699397529,10.0,68.40165950626367,5.0,6.559038609091287,2.467441504790373,1.0,2.0,209.0,296.0,1.1452203067642388,
QTIM,/run/media/falconnier/Elements/BIDS_datasets_selection/QTIM/sub-0792/ses-01/anat/sub-0792_ses-01_T1w_defacemask.nii.gz,,,,,sub-0792,ses-01,240,256,256,0.9,0.9375,0.9375,0.17028141021728516,15728640,14014532,0.8910199483235677,0.0,1.0,1.0,1.0,0.0,0.0,,,1.0,1.0,1.0,1.0,-2048.0,
QTIM,/run/media/falconnier/Elements/BIDS_datasets_selection/QTIM/sub-0793/ses-01/anat/sub-0793_ses-01_T1w_defacemask.nii.gz,,,,,sub-0793,ses-01,256,256,256,0.9375,0.9,0.9375,0.15950489044189453,16777216,15048460,0.8969581127166748,0.0,1.0,1.0,1.0,0.0,0.0,,,1.0,1.0,1.0,1.0,-2048.0,
QTIM,/run/media/falconnier/Elements/BIDS_datasets_selection/QTIM/sub-0793/ses-01/anat/sub-0793_ses-01_T1w.nii.gz,,,,,sub-0793,ses-01,256,256,256,0.9375,0.9,0.9375,10.82025146484375,16777216,14011943,0.8351768851280212,0.0,394.0,13.100398852607379,4.0,18.822103423811665,3.0,5.354775609698327,2.1053167089513236,1.0,1.0,57.0,76.0,2.8592358592033693,
QTIM,/run/media/falconnier/Elements/BIDS_datasets_selection/QTIM/sub-0794/ses-01/anat/sub-0794_ses-01_T1w.nii.gz,,,,,sub-0794,ses-01,256,256,256,0.9375,0.9,0.9375,9.736427307128906,16777216,13413742,0.7995213270187378,0.0,269.0,9.857617508969533,3.0,15.468184165449966,2.0,7.108942773126897,2.4734851031963623,1.0,1.0,46.0,66.0,3.4887761232278853,
QTIM,/run/media/falconnier/Elements/BIDS_datasets_selection/QTIM/sub-0794/ses-01/anat/sub-0794_ses-01_T1w_defacemask.nii.gz,,,,,sub-0794,ses-01,256,256,256,0.9375,0.9,0.9375,0.16472721099853516,16777216,15121712,0.9013242721557617,0.0,1.0,1.0,1.0,0.0,0.0,,,1.0,1.0,1.0,1.0,-2048.0,
QTIM,/run/media/falconnier/Elements/BIDS_datasets_selection/QTIM/sub-0795/ses-01/anat/sub-0795_ses-01_T1w_defacemask.nii.gz,,,,,sub-0795,ses-01,256,256,256,0.9375,0.9,0.9375,0.16423416137695312,16777216,15176195,0.9045717120170593,0.0,1.0,1.0,1.0,0.0,0.0,,,1.0,1.0,1.0,1.0,-2048.0,
QTIM,/run/media/falconnier/Elements/BIDS_datasets_selection/QTIM/sub-0795/ses-01/anat/sub-0795_ses-01_T1w.nii.gz,,,,,sub-0795,ses-01,256,256,256,0.9375,0.9,0.9375,10.657508850097656,16777216,14027657,0.8361135125160217,0.0,335.0,12.240595132886412,3.0,17.8793165870238,2.0,4.8822955582828484,2.1209740769291936,1.0,1.0,54.0,74.0,3.2707730653829716,
QTIM,/run/media/falconnier/Elements/BIDS_datasets_selection/QTIM/sub-0796/ses-01/anat/sub-0796_ses-01_T1w.nii.gz,,,,,sub-0796,ses-01,256,256,256,0.9375,0.9,0.9375,10.187409400939941,16777216,13778465,0.8212605118751526,0.0,357.0,11.736635829898324,3.0,17.888887005801923,2.0,5.498158677834461,2.195866054638783,1.0,1.0,55.0,73.0,2.965210193639588,
QTIM,/run/media/falconnier/Elements/BIDS_datasets_selection/QTIM/sub-0796/ses-01/anat/sub-0796_ses-01_T1w_defacemask.nii.gz,,,,,sub-0796,ses-01,256,256,256,0.9375,0.9,0.9375,0.17975711822509766,16777216,15019710,0.8952444791793823,0.0,1.0,1.0,1.0,0.0,0.0,,,1.0,1.0,1.0,1.0,-2048.0,
QTIM,/run/media/falconnier/Elements/BIDS_datasets_selection/QTIM/sub-0797/ses-01/anat/sub-0797_ses-01_T1w_defacemask.nii.gz,,,,,sub-0797,ses-01,256,256,256,0.9375,0.9,0.9375,0.1902475357055664,16777216,14993535,0.8936843276023865,0.0,1.0,1.0,1.0,0.0,0.0,,,1.0,1.0,1.0,1.0,-2048.0,
QTIM,/run/media/falconnier/Elements/BIDS_datasets_selection/QTIM/sub-0797/ses-01/anat/sub-0797_ses-01_T1w.nii.gz,,,,,sub-0797,ses-01,256,256,256,0.9375,0.9,0.9375,10.567791938781738,16777216,13922638,0.829853892326355,0.0,322.0,12.300285621158864,3.0,19.307741993516323,2.0,6.328827635857433,2.405325146169376,1.0,1.0,59.0,82.0,3.3882755877156154,
QTIM,/run/media/falconnier/Elements/BIDS_datasets_selection/QTIM/sub-0798/ses-01/anat/sub-0798_ses-01_T1w_defacemask.nii.gz,,,,,sub-0798,ses-01,240,256,256,0.9,0.9375,0.9375,0.15671062469482422,15728640,13860087,0.8812005996704102,0.0,1.0,1.0,1.0,0.0,0.0,,,1.0,1.0,1.0,1.0,-2048.0,
QTIM,/run/media/falconnier/Elements/BIDS_datasets_selection/QTIM/sub-0798/ses-01/anat/sub-0798_ses-01_T1w.nii.gz,,,,,sub-0798,ses-01,240,256,256,0.9,0.9375,0.9375,14.817303657531738,15728640,13707176,0.871478780110677,0.0,1275.0,57.65332647658423,16.0,82.40464089653169,10.0,4.264983128208592,2.042399577899294,1.0,3.0,249.0,336.0,1.372644352361828,
QTIM,/run/media/falconnier/Elements/BIDS_datasets_selection/QTIM/sub-0799/ses-01/anat/sub-0799_ses-01_T1w_defacemask.nii.gz,,,,,sub-0799,ses-01,240,256,256,0.9,0.9375,0.9375,0.15985679626464844,15728640,13841359,0.8800099054972331,0.0,1.0,1.0,1.0,0.0,0.0,,,1.0,1.0,1.0,1.0,-2048.0,
QTIM,/run/media/falconnier/Elements/BIDS_datasets_selection/QTIM/sub-0799/ses-01/anat/sub-0799_ses-01_T1w.nii.gz,,,,,sub-0799,ses-01,240,256,256,0.9,0.9375,0.9375,14.201627731323242,15728640,13666331,0.8688819249471028,0.0,1315.0,50.20498018085468,13.0,76.92308209077952,8.0,5.026077874632172,2.1894415998965067,1.0,3.0,233.0,317.0,1.2673092529012915,
QTIM,/run/media/falconnier/Elements/BIDS_datasets_selection/QTIM/sub-0800/ses-01/anat/sub-0800_ses-01_T1w_defacemask.nii.gz,,,,,sub-0800,ses-01,256,256,256,0.9375,0.9,0.9375,0.15810108184814453,16777216,15022893,0.8954342007637024,0.0,1.0,1.0,1.0,0.0,0.0,,,1.0,1.0,1.0,1.0,-2048.0,
QTIM,/run/media/falconnier/Elements/BIDS_datasets_selection/QTIM/sub-0800/ses-01/anat/sub-0800_ses-01_T1w.nii.gz,,,,,sub-0800,ses-01,256,256,256,0.9375,0.9,0.9375,10.682523727416992,16777216,14011960,0.8351778984069824,0.0,358.0,12.38749789465571,4.0,17.85698144769807,3.0,5.568486260570971,2.1850121105026536,1.0,1.0,54.0,74.0,3.1342694867119243,
QTIM,/run/media/falconnier/Elements/BIDS_datasets_selection/QTIM/sub-0801/ses-01/anat/sub-0801_ses-01_T1w.nii.gz,,,,,sub-0801,ses-01,256,256,256,0.9375,0.9,0.9375,10.856708526611328,16777216,13963529,0.8322911858558655,0.0,393.0,13.930197516687938,4.0,21.59029756931691,2.0,6.374917883118458,2.3299134227636493,1.0,1.0,64.0,89.0,2.8521615401283302,
QTIM,/run/media/falconnier/Elements/BIDS_datasets_selection/QTIM/sub-0801/ses-01/anat/sub-0801_ses-01_T1w_defacemask.nii.gz,,,,,sub-0801,ses-01,256,256,256,0.9375,0.9,0.9375,0.15566539764404297,16777216,15025749,0.8956044316291809,0.0,1.0,1.0,1.0,0.0,0.0,,,1.0,1.0,1.0,1.0,-2048.0,
QTIM,/run/media/falconnier/Elements/BIDS_datasets_selection/QTIM/sub-0802/ses-01/anat/sub-0802_ses-01_T1w.nii.gz,,,,,sub-0802,ses-01,256,256,256,0.9375,0.9,0.9375,9.949786186218262,16777216,13539868,0.8070390224456787,0.0,331.0,10.713389303352145,3.0,15.689314711901629,2.0,5.673886453400593,2.2160230996230954,1.0,1.0,48.0,66.0,3.1752585217672777,
QTIM,/run/media/falconnier/Elements/BIDS_datasets_selection/QTIM/sub-0802/ses-01/anat/sub-0802_ses-01_T1w_defacemask.nii.gz,,,,,sub-0802,ses-01,256,256,256,0.9375,0.9,0.9375,0.1817913055419922,16777216,14758007,0.8796457648277283,0.0,1.0,1.0,1.0,0.0,0.0,,,1.0,1.0,1.0,1.0,-2048.0,
QTIM,/run/media/falconnier/Elements/BIDS_datasets_selection/QTIM/sub-0803/ses-01/anat/sub-0803_ses-01_T1w_defacemask.nii.gz,,,,,sub-0803,ses-01,256,256,256,0.9375,0.9,0.9375,0.20019149780273438,16777216,14803708,0.8823697566986084,0.0,1.0,1.0,1.0,0.0,0.0,,,1.0,1.0,1.0,1.0,-2048.0,
QTIM,/run/media/falconnier/Elements/BIDS_datasets_selection/QTIM/sub-0803/ses-01/anat/sub-0803_ses-01_T1w.nii.gz,,,,,sub-0803,ses-01,256,256,256,0.9375,0.9,0.9375,10.771148681640625,16777216,13814214,0.823391318321228,0.0,401.0,13.641086347728507,4.0,21.075120747217994,2.0,6.531020716045077,2.346087506052909,1.0,1.0,64.0,87.0,2.8136357779910797,
QTIM,/run/media/falconnier/Elements/BIDS_datasets_selection/QTIM/sub-0804/ses-01/anat/sub-0804_ses-01_T1w_defacemask.nii.gz,,,,,sub-0804,ses-01,256,256,256,0.9375,0.9,0.9375,0.16669654846191406,16777216,15072146,0.8983699083328247,0.0,1.0,1.0,1.0,0.0,0.0,,,1.0,1.0,1.0,1.0,-2048.0,
QTIM,/run/media/falconnier/Elements/BIDS_datasets_selection/QTIM/sub-0804/ses-01/anat/sub-0804_ses-01_T1w.nii.gz,,,,,sub-0804,ses-01,256,256,256,0.9375,0.9,0.9375,11.054468154907227,16777216,14147756,0.8432719707489014,0.0,358.0,14.2103361833495,4.0,21.258939980647497,3.0,6.989539594104555,2.42470716099024,1.0,1.0,61.0,96.0,3.2956850293476565,
QTIM,/run/media/falconnier/Elements/BIDS_datasets_selection/QTIM/sub-0805/ses-01/anat/sub-0805_ses-01_T1w.nii.gz,,,,,sub-0805,ses-01,256,256,256,0.9375,0.9,0.9375,10.584630966186523,16777216,13792047,0.8220700621604919,0.0,411.0,13.229240590609937,3.0,20.7005188227166,2.0,5.833106815086296,2.24508767571192,1.0,1.0,63.0,84.0,2.6703474966127128,
QTIM,/run/media/falconnier/Elements/BIDS_datasets_selection/QTIM/sub-0805/ses-01/anat/sub-0805_ses-01_T1w_defacemask.nii.gz,,,,,sub-0805,ses-01,256,256,256,0.9375,0.9,0.9375,0.18284130096435547,16777216,14926019,0.8896600604057312,0.0,1.0,1.0,1.0,0.0,0.0,,,1.0,1.0,1.0,1.0,-2048.0,
QTIM,/run/media/falconnier/Elements/BIDS_datasets_selection/QTIM/sub-0806/ses-01/anat/sub-0806_ses-01_T1w_defacemask.nii.gz,,,,,sub-0806,ses-01,256,256,256,0.9375,0.9,0.9375,0.16095924377441406,16777216,14998273,0.8939667344093323,0.0,1.0,1.0,1.0,0.0,0.0,,,1.0,1.0,1.0,1.0,-2048.0,
QTIM,/run/media/falconnier/Elements/BIDS_datasets_selection/QTIM/sub-0806/ses-01/anat/sub-0806_ses-01_T1w.nii.gz,,,,,sub-0806,ses-01,256,256,256,0.9375,0.9,0.9375,10.642801284790039,16777216,13958267,0.8319775462150574,0.0,305.0,12.71164937595763,4.0,19.768231660946075,3.0,8.45271669863749,2.607578943618544,1.0,1.0,57.0,85.0,3.657849506943401,
QTIM,/run/media/falconnier/Elements/BIDS_datasets_selection/QTIM/sub-0807/ses-01/anat/sub-0807_ses-01_T1w_defacemask.nii.gz,,,,,sub-0807,ses-01,256,256,256,0.9375,0.9,0.9375,0.19038963317871094,16777216,15145532,0.9027440547943115,0.0,1.0,1.0,1.0,0.0,0.0,,,1.0,1.0,1.0,1.0,-2048.0,
QTIM,/run/media/falconnier/Elements/BIDS_datasets_selection/QTIM/sub-0807/ses-01/anat/sub-0807_ses-01_T1w.nii.gz,,,,,sub-0807,ses-01,256,256,256,0.9375,0.9,0.9375,10.229598999023438,16777216,13740639,0.8190059065818787,0.0,344.0,11.486078340315906,3.0,18.823597939424864,2.0,5.767086824642844,2.3600706094441963,1.0,1.0,58.0,79.0,2.9222187133896647,
QTIM,/run/media/falconnier/Elements/BIDS_datasets_selection/QTIM/sub-0807/ses-02/anat/sub-0807_ses-02_T1w_defacemask.nii.gz,,,,,sub-0807,ses-02,240,256,256,0.9,0.9375,0.9375,0.18041133880615234,15728640,13932426,0.885799789428711,0.0,1.0,1.0,1.0,0.0,0.0,,,1.0,1.0,1.0,1.0,-2048.0,
QTIM,/run/media/falconnier/Elements/BIDS_datasets_selection/QTIM/sub-0807/ses-02/anat/sub-0807_ses-02_T1w.nii.gz,,,,,sub-0807,ses-02,240,256,256,0.9,0.9375,0.9375,13.659153938293457,15728640,13729693,0.8729103724161784,0.0,1085.0,40.1619107579463,11.0,63.96683198981263,6.0,4.740998539638497,2.2462757167536322,1.0,2.0,199.0,272.0,1.4478230485615824,
QTIM,/run/media/falconnier/Elements/BIDS_datasets_selection/QTIM/sub-0808/ses-01/anat/sub-0808_ses-01_T1w_defacemask.nii.gz,,,,,sub-0808,ses-01,256,256,256,0.9375,0.9,0.9375,0.20955276489257812,16777216,14910307,0.8887235522270203,0.0,1.0,1.0,1.0,0.0,0.0,,,1.0,1.0,1.0,1.0,-2048.0,
QTIM,/run/media/falconnier/Elements/BIDS_datasets_selection/QTIM/sub-0808/ses-01/anat/sub-0808_ses-01_T1w.nii.gz,,,,,sub-0808,ses-01,256,256,256,0.9375,0.9,0.9375,10.579208374023438,16777216,13234169,0.7888179421424866,0.0,453.0,18.833635266407736,3.0,26.766874146099617,2.0,1.609388066728509,1.4913557554295176,1.0,1.0,78.0,90.0,2.5837316027447432,
QTIM,/run/media/falconnier/Elements/BIDS_datasets_selection/QTIM/sub-0809/ses-01/anat/sub-0809_ses-01_T1w_defacemask.nii.gz,,,,,sub-0809,ses-01,256,256,256,0.9375,0.9,0.9375,0.17058277130126953,16777216,15128138,0.9017072916030884,0.0,1.0,1.0,1.0,0.0,0.0,,,1.0,1.0,1.0,1.0,-2048.0,
QTIM,/run/media/falconnier/Elements/BIDS_datasets_selection/QTIM/sub-0809/ses-01/anat/sub-0809_ses-01_T1w.nii.gz,,,,,sub-0809,ses-01,256,256,256,0.9375,0.9,0.9375,10.749622344970703,16777216,14026820,0.8360636234283447,0.0,384.0,12.812158636098559,3.0,19.9865418120498,2.0,6.760076931587728,2.3910497817661107,1.0,1.0,60.0,83.0,2.9090433495622325,
QTIM,/run/media/falconnier/Elements/BIDS_datasets_selection/QTIM/sub-0810/ses-01/anat/sub-0810_ses-01_T1w.nii.gz,,,,,sub-0810,ses-01,256,256,256,0.9375,0.9,0.9375,10.479743003845215,16777216,13794120,0.8221936225891113,0.0,244.0,12.094706367640704,4.0,17.84354000740569,3.0,6.202331390360371,2.3072619920964144,1.0,1.0,53.0,74.0,4.6737395115553335,
QTIM,/run/media/falconnier/Elements/BIDS_datasets_selection/QTIM/sub-0810/ses-01/anat/sub-0810_ses-01_T1w_defacemask.nii.gz,,,,,sub-0810,ses-01,256,256,256,0.9375,0.9,0.9375,0.17636680603027344,16777216,14881882,0.8870292901992798,0.0,1.0,1.0,1.0,0.0,0.0,,,1.0,1.0,1.0,1.0,-2048.0,
QTIM,/run/media/falconnier/Elements/BIDS_datasets_selection/QTIM/sub-0811/ses-01/anat/sub-0811_ses-01_T1w_defacemask.nii.gz,,,,,sub-0811,ses-01,240,256,256,0.9,0.9375,0.9375,0.17643070220947266,15728640,13836509,0.8797015508015951,0.0,1.0,1.0,1.0,0.0,0.0,,,1.0,1.0,1.0,1.0,-2048.0,
QTIM,/run/media/falconnier/Elements/BIDS_datasets_selection/QTIM/sub-0811/ses-01/anat/sub-0811_ses-01_T1w.nii.gz,,,,,sub-0811,ses-01,240,256,256,0.9,0.9375,0.9375,14.252243995666504,15728640,13665156,0.8688072204589844,0.0,1314.0,48.98801089427739,14.0,73.56280052050404,8.0,4.747066199578089,2.166715569447213,1.0,3.0,226.0,307.0,1.2730100137478162,
QTIM,/run/media/falconnier/Elements/BIDS_datasets_selection/QTIM/sub-0812/ses-01/anat/sub-0812_ses-01_T1w_defacemask.nii.gz,,,,,sub-0812,ses-01,256,256,256,0.9375,0.9,0.9375,0.18086528778076172,16777216,14980112,0.8928842544555664,0.0,1.0,1.0,1.0,0.0,0.0,,,1.0,1.0,1.0,1.0,-2048.0,
QTIM,/run/media/falconnier/Elements/BIDS_datasets_selection/QTIM/sub-0812/ses-01/anat/sub-0812_ses-01_T1w.nii.gz,,,,,sub-0812,ses-01,256,256,256,0.9375,0.9,0.9375,9.586519241333008,16777216,13381333,0.7975896000862122,0.0,287.0,9.548249565271263,3.0,15.067518797941606,2.0,7.152923712916275,2.4705109637777722,1.0,1.0,45.0,64.0,3.2807756161883828,
QTIM,/run/media/falconnier/Elements/BIDS_datasets_selection/QTIM/sub-0813/ses-01/anat/sub-0813_ses-01_T1w_defacemask.nii.gz,,,,,sub-0813,ses-01,240,256,256,0.9,0.9375,0.9375,0.17270374298095703,15728640,13823440,0.8788706461588541,0.0,1.0,1.0,1.0,0.0,0.0,,,1.0,1.0,1.0,1.0,-2048.0,
QTIM,/run/media/falconnier/Elements/BIDS_datasets_selection/QTIM/sub-0813/ses-01/anat/sub-0813_ses-01_T1w.nii.gz,,,,,sub-0813,ses-01,240,256,256,0.9,0.9375,0.9375,13.81120491027832,15728640,13626763,0.8663662592569987,0.0,1293.0,44.277130012461505,12.0,70.48840665392537,7.0,5.2350152842604825,2.275411025791181,1.0,3.0,216.0,298.0,1.24105498120701,
QTIM,/run/media/falconnier/Elements/BIDS_datasets_selection/QTIM/sub-0814/ses-01/anat/sub-0814_ses-01_T1w_defacemask.nii.gz,,,,,sub-0814,ses-01,240,256,256,0.9,0.9375,0.9375,0.16649913787841797,15728640,14062573,0.8940743128458659,0.0,1.0,1.0,1.0,0.0,0.0,,,1.0,1.0,1.0,1.0,-2048.0,
QTIM,/run/media/falconnier/Elements/BIDS_datasets_selection/QTIM/sub-0814/ses-01/anat/sub-0814_ses-01_T1w.nii.gz,,,,,sub-0814,ses-01,240,256,256,0.9,0.9375,0.9375,13.872021675109863,15728640,13863064,0.881389872233073,0.0,1237.0,44.34569789189461,11.0,74.93049855910598,6.0,5.464320438857522,2.3733516388260485,1.0,3.0,231.0,323.0,1.2739883051978982,
QTIM,/run/media/falconnier/Elements/BIDS_datasets_selection/QTIM/sub-0815/ses-01/anat/sub-0815_ses-01_T1w_defacemask.nii.gz,,,,,sub-0815,ses-01,256,256,256,0.9375,0.9,0.9375,0.17853736877441406,16777216,15008801,0.8945942521095276,0.0,1.0,1.0,1.0,0.0,0.0,,,1.0,1.0,1.0,1.0,-2048.0,
QTIM,/run/media/falconnier/Elements/BIDS_datasets_selection/QTIM/sub-0815/ses-01/anat/sub-0815_ses-01_T1w.nii.gz,,,,,sub-0815,ses-01,256,256,256,0.9375,0.9,0.9375,10.09935188293457,16777216,13615249,0.8115320801734924,0.0,459.0,10.71590545277578,3.0,16.955302267948944,2.0,8.220020726672269,2.528592379713333,1.0,1.0,51.0,73.0,2.3028715714120045,
QTIM,/run/media/falconnier/Elements/BIDS_datasets_selection/QTIM/sub-0816/ses-01/anat/sub-0816_ses-01_T1w.nii.gz,,,,,sub-0816,ses-01,256,256,256,0.9375,0.9,0.9375,10.025729179382324,16777216,13554317,0.8079002499580383,0.0,334.0,11.182637826752908,3.0,18.2402020487111,2.0,7.31977722775358,2.4712656782222013,1.0,1.0,54.0,77.0,2.997464962200674,
QTIM,/run/media/falconnier/Elements/BIDS_datasets_selection/QTIM/sub-0816/ses-01/anat/sub-0816_ses-01_T1w_defacemask.nii.gz,,,,,sub-0816,ses-01,256,256,256,0.9375,0.9,0.9375,0.1859588623046875,16777216,15076211,0.8986122012138367,0.0,1.0,1.0,1.0,0.0,0.0,,,1.0,1.0,1.0,1.0,-2048.0,
QTIM,/run/media/falconnier/Elements/BIDS_datasets_selection/QTIM/sub-0817/ses-01/anat/sub-0817_ses-01_T1w_defacemask.nii.gz,,,,,sub-0817,ses-01,240,256,256,0.9,0.9375,0.9375,0.1735210418701172,15728640,13742067,0.8736970901489258,0.0,1.0,1.0,1.0,0.0,0.0,,,1.0,1.0,1.0,1.0,-2048.0,
QTIM,/run/media/falconnier/Elements/BIDS_datasets_selection/QTIM/sub-0817/ses-01/anat/sub-0817_ses-01_T1w.nii.gz,,,,,sub-0817,ses-01,240,256,256,0.9,0.9375,0.9375,14.197044372558594,15728640,13574947,0.863071886698405,0.0,1644.0,51.98973248293345,14.0,78.25081480002197,8.0,4.547094323328405,2.119543827447323,1.0,3.0,240.0,321.0,1.02947864489266,
QTIM,/run/media/falconnier/Elements/BIDS_datasets_selection/QTIM/sub-0818/ses-01/anat/sub-0818_ses-01_T1w_defacemask.nii.gz,,,,,sub-0818,ses-01,240,256,256,0.9,0.9375,0.9375,0.17232704162597656,15728640,13941760,0.8863932291666666,0.0,1.0,1.0,1.0,0.0,0.0,,,1.0,1.0,1.0,1.0,-2048.0,
QTIM,/run/media/falconnier/Elements/BIDS_datasets_selection/QTIM/sub-0818/ses-01/anat/sub-0818_ses-01_T1w.nii.gz,,,,,sub-0818,ses-01,240,256,256,0.9,0.9375,0.9375,14.462737083435059,15728640,13771370,0.8755601247151693,0.0,1398.0,52.41216792519553,14.0,82.38159834142844,8.0,5.559894654690089,2.2909103869199083,1.0,3.0,250.0,346.0,1.2031333499440093,
QTIM,/run/media/falconnier/Elements/BIDS_datasets_selection/QTIM/sub-0819/ses-01/anat/sub-0819_ses-01_T1w_defacemask.nii.gz,,,,,sub-0819,ses-01,240,256,256,0.9,0.9375,0.9375,0.17891883850097656,15728640,13765886,0.8752114613850911,0.0,1.0,1.0,1.0,0.0,0.0,,,1.0,1.0,1.0,1.0,-2048.0,
QTIM,/run/media/falconnier/Elements/BIDS_datasets_selection/QTIM/sub-0819/ses-01/anat/sub-0819_ses-01_T1w.nii.gz,,,,,sub-0819,ses-01,240,256,256,0.9,0.9375,0.9375,13.773094177246094,15728640,13573412,0.8629742940266927,0.0,1341.0,46.14424965513461,12.0,74.34113612950608,7.0,5.597860959569866,2.2731640138229428,1.0,3.0,227.0,309.0,1.2007831946879948,
QTIM,/run/media/falconnier/Elements/BIDS_datasets_selection/QTIM/sub-0820/ses-01/anat/sub-0820_ses-01_T1w_defacemask.nii.gz,,,,,sub-0820,ses-01,256,256,256,0.9375,0.9,0.9375,0.17168426513671875,16777216,15028181,0.8957493901252747,0.0,1.0,1.0,1.0,0.0,0.0,,,1.0,1.0,1.0,1.0,-2048.0,
QTIM,/run/media/falconnier/Elements/BIDS_datasets_selection/QTIM/sub-0820/ses-01/anat/sub-0820_ses-01_T1w.nii.gz,,,,,sub-0820,ses-01,256,256,256,0.9375,0.9,0.9375,11.19459342956543,16777216,14194823,0.8460773825645447,0.0,305.0,14.463663548323217,4.0,19.896708053372276,3.0,4.061539866091027,1.9749701309469974,1.0,1.0,60.0,80.0,3.9277971813291823,
QTIM,/run/media/falconnier/Elements/BIDS_datasets_selection/QTIM/sub-0821/ses-01/anat/sub-0821_ses-01_T1w_defacemask.nii.gz,,,,,sub-0821,ses-01,256,256,256,0.9375,0.9,0.9375,0.18446826934814453,16777216,14943702,0.8907140493392944,0.0,1.0,1.0,1.0,0.0,0.0,,,1.0,1.0,1.0,1.0,-2048.0,
QTIM,/run/media/falconnier/Elements/BIDS_datasets_selection/QTIM/sub-0821/ses-01/anat/sub-0821_ses-01_T1w.nii.gz,,,,,sub-0821,ses-01,256,256,256,0.9375,0.9,0.9375,10.185615539550781,16777216,13555563,0.8079745173454285,0.0,295.0,11.9743033173908,3.0,17.654597338634023,2.0,5.871815094869612,2.207094322108902,1.0,1.0,53.0,71.0,3.588386319854792,
QTIM,/run/media/falconnier/Elements/BIDS_datasets_selection/QTIM/sub-0822/ses-01/anat/sub-0822_ses-01_T1w_defacemask.nii.gz,,,,,sub-0822,ses-01,256,256,256,0.9375,0.9,0.9375,0.18595218658447266,16777216,15167210,0.9040361642837524,0.0,1.0,1.0,1.0,0.0,0.0,,,1.0,1.0,1.0,1.0,-2048.0,
QTIM,/run/media/falconnier/Elements/BIDS_datasets_selection/QTIM/sub-0822/ses-01/anat/sub-0822_ses-01_T1w.nii.gz,,,,,sub-0822,ses-01,256,256,256,0.9375,0.9,0.9375,10.961198806762695,16777216,14175476,0.8449242115020752,0.0,332.0,13.4336668482949,4.0,20.9780218825398,2.0,5.969830899435859,2.3380936113267854,1.0,1.0,63.0,88.0,3.3762456463677584,
QTIM,/run/media/falconnier/Elements/BIDS_datasets_selection/QTIM/sub-0823/ses-01/anat/sub-0823_ses-01_T1w_defacemask.nii.gz,,,,,sub-0823,ses-01,256,256,256,0.9375,0.9,0.9375,0.16697406768798828,16777216,15147315,0.902850329875946,0.0,1.0,1.0,1.0,0.0,0.0,,,1.0,1.0,1.0,1.0,-2048.0,
QTIM,/run/media/falconnier/Elements/BIDS_datasets_selection/QTIM/sub-0823/ses-01/anat/sub-0823_ses-01_T1w.nii.gz,,,,,sub-0823,ses-01,256,256,256,0.9375,0.9,0.9375,10.538747787475586,16777216,13908368,0.8290033340454102,0.0,456.0,12.747730574859682,3.0,21.15352510177413,2.0,6.82030833050808,2.444414290187178,1.0,1.0,63.0,88.0,2.3554614898971904,
QTIM,/run/media/falconnier/Elements/BIDS_datasets_selection/QTIM/sub-0824/ses-01/anat/sub-0824_ses-01_T1w.nii.gz,,,,,sub-0824,ses-01,256,256,256,0.9375,0.9,0.9375,9.589051246643066,16777216,13143762,0.7834292650222778,0.0,319.0,9.944045015422525,2.0,15.680812821005276,1.0,5.794261638169235,2.303096463355132,1.0,1.0,48.0,66.0,2.9676594995030485,
QTIM,/run/media/falconnier/Elements/BIDS_datasets_selection/QTIM/sub-0824/ses-01/anat/sub-0824_ses-01_T1w_defacemask.nii.gz,,,,,sub-0824,ses-01,256,256,256,0.9375,0.9,0.9375,0.172576904296875,16777216,14986608,0.8932714462280273,0.0,1.0,1.0,1.0,0.0,0.0,,,1.0,1.0,1.0,1.0,-2048.0,
QTIM,/run/media/falconnier/Elements/BIDS_datasets_selection/QTIM/sub-0825/ses-01/anat/sub-0825_ses-01_T1w_defacemask.nii.gz,,,,,sub-0825,ses-01,240,256,256,0.9,0.9375,0.9375,0.15352916717529297,15728640,13956360,0.8873214721679688,0.0,1.0,1.0,1.0,0.0,0.0,,,1.0,1.0,1.0,1.0,-2048.0,
QTIM,/run/media/falconnier/Elements/BIDS_datasets_selection/QTIM/sub-0825/ses-01/anat/sub-0825_ses-01_T1w.nii.gz,,,,,sub-0825,ses-01,240,256,256,0.9,0.9375,0.9375,14.489669799804688,15728640,13797524,0.8772229512532552,0.0,1607.0,53.795661743367866,15.0,82.488273568503,9.0,4.508535082821189,2.146208139325338,1.0,3.0,252.0,345.0,1.0566948353365095,
QTIM,/run/media/falconnier/Elements/BIDS_datasets_selection/QTIM/sub-0826/ses-01/anat/sub-0826_ses-01_T1w_defacemask.nii.gz,,,,,sub-0826,ses-01,240,256,256,0.9,0.9375,0.9375,0.14995956420898438,15728640,13744221,0.8738340377807617,0.0,1.0,1.0,1.0,0.0,0.0,,,1.0,1.0,1.0,1.0,-2048.0,
QTIM,/run/media/falconnier/Elements/BIDS_datasets_selection/QTIM/sub-0826/ses-01/anat/sub-0826_ses-01_T1w.nii.gz,,,,,sub-0826,ses-01,240,256,256,0.9,0.9375,0.9375,14.17319107055664,15728640,13577173,0.8632134119669597,0.0,1196.0,52.63508235477297,14.0,78.15264182736831,8.0,3.4189369754649768,1.9832603010614838,1.0,3.0,240.0,319.0,1.4058614686951165,
QTIM,/run/media/falconnier/Elements/BIDS_datasets_selection/QTIM/sub-0827/ses-01/anat/sub-0827_ses-01_T1w_defacemask.nii.gz,,,,,sub-0827,ses-01,256,256,256,0.9375,0.9,0.9375,0.1841564178466797,16777216,15058169,0.8975368142127991,0.0,1.0,1.0,1.0,0.0,0.0,,,1.0,1.0,1.0,1.0,-2048.0,
QTIM,/run/media/falconnier/Elements/BIDS_datasets_selection/QTIM/sub-0827/ses-01/anat/sub-0827_ses-01_T1w.nii.gz,,,,,sub-0827,ses-01,256,256,256,0.9375,0.9,0.9375,10.386270523071289,16777216,13745260,0.8192813396453857,0.0,393.0,12.339484302224912,3.0,19.654596833510897,2.0,7.055609214224992,2.4017426401258812,1.0,1.0,59.0,82.0,2.6947463123593454,
QTIM,/run/media/falconnier/Elements/BIDS_datasets_selection/QTIM/sub-0828/ses-01/anat/sub-0828_ses-01_T1w_defacemask.nii.gz,,,,,sub-0828,ses-01,256,256,256,0.9375,0.9,0.9375,0.18731689453125,16777216,14754861,0.8794582486152649,0.0,1.0,1.0,1.0,0.0,0.0,,,1.0,1.0,1.0,1.0,-2048.0,
QTIM,/run/media/falconnier/Elements/BIDS_datasets_selection/QTIM/sub-0828/ses-01/anat/sub-0828_ses-01_T1w.nii.gz,,,,,sub-0828,ses-01,256,256,256,0.9375,0.9,0.9375,11.254786491394043,16777216,14008856,0.8349928855895996,0.0,318.0,15.286378345241038,5.0,21.326370549500417,3.0,6.632879142522217,2.2433256510053843,1.0,1.0,62.0,86.0,3.876818769740355,
QTIM,/run/media/falconnier/Elements/BIDS_datasets_selection/QTIM/sub-0829/ses-01/anat/sub-0829_ses-01_T1w.nii.gz,,,,,sub-0829,ses-01,256,256,256,0.9375,0.9,0.9375,9.91758918762207,16777216,13326247,0.794306218624115,0.0,388.0,11.140782997643672,3.0,17.44821569611316,2.0,5.964946911411506,2.2874744082232903,1.0,1.0,53.0,73.0,2.604312484478163,
QTIM,/run/media/falconnier/Elements/BIDS_datasets_selection/QTIM/sub-0829/ses-01/anat/sub-0829_ses-01_T1w_defacemask.nii.gz,,,,,sub-0829,ses-01,256,256,256,0.9375,0.9,0.9375,0.18103313446044922,16777216,14881867,0.8870283961296082,0.0,1.0,1.0,1.0,0.0,0.0,,,1.0,1.0,1.0,1.0,-2048.0,
QTIM,/run/media/falconnier/Elements/BIDS_datasets_selection/QTIM/sub-0830/ses-01/anat/sub-0830_ses-01_T1w_defacemask.nii.gz,,,,,sub-0830,ses-01,256,256,256,0.9375,0.9,0.9375,0.1757040023803711,16777216,14973163,0.8924700617790222,0.0,1.0,1.0,1.0,0.0,0.0,,,1.0,1.0,1.0,1.0,-2048.0,
QTIM,/run/media/falconnier/Elements/BIDS_datasets_selection/QTIM/sub-0830/ses-01/anat/sub-0830_ses-01_T1w.nii.gz,,,,,sub-0830,ses-01,256,256,256,0.9375,0.9,0.9375,11.190034866333008,16777216,14134713,0.842494547367096,0.0,387.0,14.628823591961153,4.0,21.35300341757977,2.0,6.391484698823046,2.264988349987799,1.0,1.0,63.0,87.0,3.031495439701862,
QTIM,/run/media/falconnier/Elements/BIDS_datasets_selection/QTIM/sub-0831/ses-01/anat/sub-0831_ses-01_T1w.nii.gz,,,,,sub-0831,ses-01,256,256,256,0.9375,0.9,0.9375,9.53273868560791,16777216,13221106,0.7880393266677856,0.0,307.0,9.923854101162187,2.0,16.231125925639027,1.0,6.864536602844067,2.435087420083229,1.0,1.0,49.0,68.0,3.0280813249495835,
QTIM,/run/media/falconnier/Elements/BIDS_datasets_selection/QTIM/sub-0831/ses-01/anat/sub-0831_ses-01_T1w_defacemask.nii.gz,,,,,sub-0831,ses-01,256,256,256,0.9375,0.9,0.9375,0.16632652282714844,16777216,15057303,0.8974851965904236,0.0,1.0,1.0,1.0,0.0,0.0,,,1.0,1.0,1.0,1.0,-2048.0,
QTIM,/run/media/falconnier/Elements/BIDS_datasets_selection/QTIM/sub-0832/ses-01/anat/sub-0832_ses-01_T1w_defacemask.nii.gz,,,,,sub-0832,ses-01,256,256,256,0.9375,0.9,0.9375,0.2025623321533203,16777216,14830624,0.8839740753173828,0.0,1.0,1.0,1.0,0.0,0.0,,,1.0,1.0,1.0,1.0,-2048.0,
QTIM,/run/media/falconnier/Elements/BIDS_datasets_selection/QTIM/sub-0832/ses-01/anat/sub-0832_ses-01_T1w.nii.gz,,,,,sub-0832,ses-01,256,256,256,0.9375,0.9,0.9375,10.79470443725586,16777216,13831214,0.8244045972824097,0.0,340.0,13.698550539381431,4.0,20.046464302337117,3.0,6.61129891964606,2.3014370131251796,1.0,1.0,58.0,83.0,3.4124365540334662,
QTIM,/run/media/falconnier/Elements/BIDS_datasets_selection/QTIM/sub-0833/ses-01/anat/sub-0833_ses-01_T1w_defacemask.nii.gz,,,,,sub-0833,ses-01,256,256,256,0.9375,0.9,0.9375,0.18053913116455078,16777216,15156236,0.9033820629119873,0.0,1.0,1.0,1.0,0.0,0.0,,,1.0,1.0,1.0,1.0,-2048.0,
QTIM,/run/media/falconnier/Elements/BIDS_datasets_selection/QTIM/sub-0833/ses-01/anat/sub-0833_ses-01_T1w.nii.gz,,,,,sub-0833,ses-01,256,256,256,0.9375,0.9,0.9375,10.66659927368164,16777216,13927178,0.8301244974136353,0.0,481.0,13.300472787810998,3.0,20.843445604839545,2.0,7.057138487533017,2.360309332681078,1.0,1.0,62.0,85.0,2.3584320235728238,
QTIM,/run/media/falconnier/Elements/BIDS_datasets_selection/QTIM/sub-0834/ses-01/anat/sub-0834_ses-01_T1w_defacemask.nii.gz,,,,,sub-0834,ses-01,240,256,256,0.9,0.9375,0.9375,0.17730998992919922,15728640,13961672,0.887659200032552,0.0,1.0,1.0,1.0,0.0,0.0,,,1.0,1.0,1.0,1.0,-2048.0,
QTIM,/run/media/falconnier/Elements/BIDS_datasets_selection/QTIM/sub-0834/ses-01/anat/sub-0834_ses-01_T1w.nii.gz,,,,,sub-0834,ses-01,240,256,256,0.9,0.9375,0.9375,13.583169937133789,15728640,13752892,0.8743853251139323,0.0,1580.0,40.585675216529005,11.0,69.434886967618,6.0,6.852031363152198,2.5060873484548125,1.0,2.0,213.0,303.0,0.9813498380305903,
QTIM,/run/media/falconnier/Elements/BIDS_datasets_selection/QTIM/sub-0835/ses-01/anat/sub-0835_ses-01_T1w.nii.gz,,,,,sub-0835,ses-01,256,256,256,0.9375,0.9,0.9375,10.6474027633667,16777216,13934801,0.8305788636207581,0.0,334.0,12.192048957139754,4.0,17.65768168005038,3.0,6.373848572459805,2.2823524765549568,1.0,1.0,52.0,75.0,3.3409390637005583,
QTIM,/run/media/falconnier/Elements/BIDS_datasets_selection/QTIM/sub-0835/ses-01/anat/sub-0835_ses-01_T1w_defacemask.nii.gz,,,,,sub-0835,ses-01,256,256,256,0.9375,0.9,0.9375,0.18103599548339844,16777216,15065606,0.8979800939559937,0.0,1.0,1.0,1.0,0.0,0.0,,,1.0,1.0,1.0,1.0,-2048.0,
QTIM,/run/media/falconnier/Elements/BIDS_datasets_selection/QTIM/sub-0836/ses-01/anat/sub-0836_ses-01_T1w_defacemask.nii.gz,,,,,sub-0836,ses-01,256,256,256,0.9375,0.9,0.9375,0.18062877655029297,16777216,14832742,0.8841003179550171,0.0,1.0,1.0,1.0,0.0,0.0,,,1.0,1.0,1.0,1.0,-2048.0,
QTIM,/run/media/falconnier/Elements/BIDS_datasets_selection/QTIM/sub-0836/ses-01/anat/sub-0836_ses-01_T1w.nii.gz,,,,,sub-0836,ses-01,256,256,256,0.9375,0.9,0.9375,10.310250282287598,16777216,13616293,0.8115943074226379,0.0,291.0,11.930973577022762,3.0,17.302372931862845,2.0,5.2759107107022984,2.1503189979123225,1.0,1.0,52.0,70.0,3.6793034000346103,
QTIM,/run/media/falconnier/Elements/BIDS_datasets_selection/QTIM/sub-0837/ses-01/anat/sub-0837_ses-01_T1w_defacemask.nii.gz,,,,,sub-0837,ses-01,240,256,256,0.9,0.9375,0.9375,0.15783023834228516,15728640,13946483,0.8866935094197591,0.0,1.0,1.0,1.0,0.0,0.0,,,1.0,1.0,1.0,1.0,-2048.0,
QTIM,/run/media/falconnier/Elements/BIDS_datasets_selection/QTIM/sub-0837/ses-01/anat/sub-0837_ses-01_T1w.nii.gz,,,,,sub-0837,ses-01,240,256,256,0.9,0.9375,0.9375,14.349102973937988,15728640,13771070,0.8755410512288412,0.0,1284.0,51.28307052393169,13.0,77.87295952713527,8.0,5.086779807742342,2.174183083754289,1.0,3.0,234.0,320.0,1.3038529844340674,
QTIM,/run/media/falconnier/Elements/BIDS_datasets_selection/QTIM/sub-0838/ses-01/anat/sub-0838_ses-01_T1w_defacemask.nii.gz,,,,,sub-0838,ses-01,256,256,256,0.9375,0.9,0.9375,0.17989158630371094,16777216,15151395,0.9030935168266296,0.0,1.0,1.0,1.0,0.0,0.0,,,1.0,1.0,1.0,1.0,-2048.0,
QTIM,/run/media/falconnier/Elements/BIDS_datasets_selection/QTIM/sub-0838/ses-01/anat/sub-0838_ses-01_T1w.nii.gz,,,,,sub-0838,ses-01,256,256,256,0.9375,0.9,0.9375,10.520373344421387,16777216,13954702,0.8317650556564331,0.0,416.0,12.017839005089467,3.0,19.121698982093008,2.0,5.940360540876178,2.334736239953024,1.0,1.0,58.0,81.0,2.5584137107310134,
QTIM,/run/media/falconnier/Elements/BIDS_datasets_selection/QTIM/sub-0838/ses-02/anat/sub-0838_ses-02_T1w_defacemask.nii.gz,,,,,sub-0838,ses-02,240,256,256,0.9,0.9375,0.9375,0.17224407196044922,15728640,13925145,0.8853368759155273,0.0,1.0,1.0,1.0,0.0,0.0,,,1.0,1.0,1.0,1.0,-2048.0,
QTIM,/run/media/falconnier/Elements/BIDS_datasets_selection/QTIM/sub-0838/ses-02/anat/sub-0838_ses-02_T1w.nii.gz,,,,,sub-0838,ses-02,240,256,256,0.9,0.9375,0.9375,13.966679573059082,15728640,13736962,0.8733725229899089,0.0,1611.0,46.288599764635,12.0,75.14420391345331,7.0,5.365006679191982,2.3009116981062605,1.0,3.0,229.0,323.0,1.0033924057436054,
QTIM,/run/media/falconnier/Elements/BIDS_datasets_selection/QTIM/sub-0839/ses-01/anat/sub-0839_ses-01_T1w.nii.gz,,,,,sub-0839,ses-01,256,256,256,0.9375,0.9,0.9375,9.755717277526855,16777216,13406277,0.7990763783454895,0.0,306.0,9.870344540844561,3.0,15.253571662948305,2.0,5.918970259622553,2.2804900458848905,1.0,1.0,46.0,64.0,3.115838182837334,
QTIM,/run/media/falconnier/Elements/BIDS_datasets_selection/QTIM/sub-0839/ses-01/anat/sub-0839_ses-01_T1w_defacemask.nii.gz,,,,,sub-0839,ses-01,256,256,256,0.9375,0.9,0.9375,0.16267681121826172,16777216,15138748,0.9023396968841553,0.0,1.0,1.0,1.0,0.0,0.0,,,1.0,1.0,1.0,1.0,-2048.0,
QTIM,/run/media/falconnier/Elements/BIDS_datasets_selection/QTIM/sub-0840/ses-01/anat/sub-0840_ses-01_T1w_defacemask.nii.gz,,,,,sub-0840,ses-01,256,256,256,0.9375,0.9,0.9375,0.17974090576171875,16777216,15053297,0.8972464203834534,0.0,1.0,1.0,1.0,0.0,0.0,,,1.0,1.0,1.0,1.0,-2048.0,
QTIM,/run/media/falconnier/Elements/BIDS_datasets_selection/QTIM/sub-0840/ses-01/anat/sub-0840_ses-01_T1w.nii.gz,,,,,sub-0840,ses-01,256,256,256,0.9375,0.9,0.9375,10.665070533752441,16777216,13895489,0.8282356858253479,0.0,368.0,13.139584724222372,3.0,20.16595739483952,2.0,5.789526822916045,2.2629145679913147,1.0,1.0,61.0,83.0,3.0208427946302323,
QTIM,/run/media/falconnier/Elements/BIDS_datasets_selection/QTIM/sub-0841/ses-01/anat/sub-0841_ses-01_T1w.nii.gz,,,,,sub-0841,ses-01,256,256,256,0.9375,0.9,0.9375,9.842371940612793,16777216,13363149,0.7965057492256165,0.0,343.0,11.119719685831535,3.0,17.562018254546842,2.0,6.149725746642794,2.3023444900342054,1.0,1.0,52.0,72.0,2.902219542375069,
QTIM,/run/media/falconnier/Elements/BIDS_datasets_selection/QTIM/sub-0841/ses-01/anat/sub-0841_ses-01_T1w_defacemask.nii.gz,,,,,sub-0841,ses-01,256,256,256,0.9375,0.9,0.9375,0.1673412322998047,16777216,15021312,0.8953399658203125,0.0,1.0,1.0,1.0,0.0,0.0,,,1.0,1.0,1.0,1.0,-2048.0,
QTIM,/run/media/falconnier/Elements/BIDS_datasets_selection/QTIM/sub-0842/ses-01/anat/sub-0842_ses-01_T1w.nii.gz,,,,,sub-0842,ses-01,240,256,256,0.9,0.9375,0.9375,14.465923309326172,15728640,13437407,0.8543273289998372,0.0,1206.0,54.85996055637818,17.0,74.10223209492734,11.0,2.9654814180149804,1.8331436564616106,2.0,4.0,226.0,301.0,1.4425377493652414,
QTIM,/run/media/falconnier/Elements/BIDS_datasets_selection/QTIM/sub-0842/ses-01/anat/sub-0842_ses-01_T1w_defacemask.nii.gz,,,,,sub-0842,ses-01,240,256,256,0.9,0.9375,0.9375,0.19327259063720703,15728640,13587623,0.863877805074056,0.0,1.0,1.0,1.0,0.0,0.0,,,1.0,1.0,1.0,1.0,-2048.0,
QTIM,/run/media/falconnier/Elements/BIDS_datasets_selection/QTIM/sub-0843/ses-01/anat/sub-0843_ses-01_T1w.nii.gz,,,,,sub-0843,ses-01,256,256,256,0.9375,0.9,0.9375,9.981934547424316,16777216,13436850,0.8008986711502075,0.0,338.0,11.210011051697384,3.0,17.250382093212178,2.0,5.150425976682035,2.1921218259658413,1.0,1.0,52.0,71.0,3.0235936296263497,
QTIM,/run/media/falconnier/Elements/BIDS_datasets_selection/QTIM/sub-0843/ses-01/anat/sub-0843_ses-01_T1w_defacemask.nii.gz,,,,,sub-0843,ses-01,256,256,256,0.9375,0.9,0.9375,0.18604469299316406,16777216,14966458,0.8920704126358032,0.0,1.0,1.0,1.0,0.0,0.0,,,1.0,1.0,1.0,1.0,-2048.0,
QTIM,/run/media/falconnier/Elements/BIDS_datasets_selection/QTIM/sub-0844/ses-01/anat/sub-0844_ses-01_T1w.nii.gz,,,,,sub-0844,ses-01,256,256,256,0.9375,0.9,0.9375,9.708477020263672,16777216,13272518,0.791103720664978,0.0,287.0,10.239789842439844,3.0,15.844925329688058,2.0,5.776706974408759,2.2766715260147876,1.0,1.0,48.0,66.0,3.309717572106705,
QTIM,/run/media/falconnier/Elements/BIDS_datasets_selection/QTIM/sub-0844/ses-01/anat/sub-0844_ses-01_T1w_defacemask.nii.gz,,,,,sub-0844,ses-01,256,256,256,0.9375,0.9,0.9375,0.16920089721679688,16777216,15034503,0.8961262106895447,0.0,1.0,1.0,1.0,0.0,0.0,,,1.0,1.0,1.0,1.0,-2048.0,
QTIM,/run/media/falconnier/Elements/BIDS_datasets_selection/QTIM/sub-0845/ses-01/anat/sub-0845_ses-01_T1w_defacemask.nii.gz,,,,,sub-0845,ses-01,256,256,256,0.9375,0.9,0.9375,0.1879281997680664,16777216,15060666,0.8976856470108032,0.0,1.0,1.0,1.0,0.0,0.0,,,1.0,1.0,1.0,1.0,-2048.0,
QTIM,/run/media/falconnier/Elements/BIDS_datasets_selection/QTIM/sub-0845/ses-01/anat/sub-0845_ses-01_T1w.nii.gz,,,,,sub-0845,ses-01,256,256,256,0.9375,0.9,0.9375,10.527663230895996,16777216,13900184,0.8285155296325684,0.0,474.0,12.248925769615711,3.0,20.31874465370608,2.0,7.964341270694652,2.5712478484281127,1.0,1.0,60.0,87.0,2.290261030111587,
QTIM,/run/media/falconnier/Elements/BIDS_datasets_selection/QTIM/sub-0846/ses-01/anat/sub-0846_ses-01_T1w_defacemask.nii.gz,,,,,sub-0846,ses-01,240,256,256,0.9,0.9375,0.9375,0.162750244140625,15728640,14049092,0.8932172139485677,0.0,1.0,1.0,1.0,0.0,0.0,,,1.0,1.0,1.0,1.0,-2048.0,
QTIM,/run/media/falconnier/Elements/BIDS_datasets_selection/QTIM/sub-0846/ses-01/anat/sub-0846_ses-01_T1w.nii.gz,,,,,sub-0846,ses-01,240,256,256,0.9,0.9375,0.9375,14.141313552856445,15728640,13866486,0.8816074371337891,0.0,1499.0,45.058373116303585,12.0,72.68415022299715,7.0,5.81683858304676,2.3600970038789897,1.0,3.0,223.0,315.0,1.079163956523879,
QTIM,/run/media/falconnier/Elements/BIDS_datasets_selection/QTIM/sub-0847/ses-01/anat/sub-0847_ses-01_T1w_defacemask.nii.gz,,,,,sub-0847,ses-01,256,256,256,0.9375,0.9,0.9375,0.19144248962402344,16777216,14980481,0.8929062485694885,0.0,1.0,1.0,1.0,0.0,0.0,,,1.0,1.0,1.0,1.0,-2048.0,
QTIM,/run/media/falconnier/Elements/BIDS_datasets_selection/QTIM/sub-0847/ses-01/anat/sub-0847_ses-01_T1w.nii.gz,,,,,sub-0847,ses-01,256,256,256,0.9375,0.9,0.9375,9.641946792602539,16777216,13274547,0.7912246584892273,0.0,310.0,10.177064271948414,3.0,15.879049991202344,2.0,5.480591778624438,2.2456496090260503,1.0,1.0,48.0,65.0,3.0783583495471065,
QTIM,/run/media/falconnier/Elements/BIDS_datasets_selection/QTIM/sub-0848/ses-01/anat/sub-0848_ses-01_T1w_defacemask.nii.gz,,,,,sub-0848,ses-01,256,256,256,0.9375,0.9,0.9375,0.19984817504882812,16777216,14677062,0.8748210668563843,0.0,1.0,1.0,1.0,0.0,0.0,,,1.0,1.0,1.0,1.0,-2048.0,
QTIM,/run/media/falconnier/Elements/BIDS_datasets_selection/QTIM/sub-0848/ses-01/anat/sub-0848_ses-01_T1w.nii.gz,,,,,sub-0848,ses-01,256,256,256,0.9375,0.9,0.9375,10.613728523254395,16777216,13762634,0.8203169107437134,0.0,363.0,13.124850955129665,4.0,18.49215120983539,3.0,4.726385275454877,2.0472923613258995,1.0,1.0,57.0,74.0,3.1775844060178255,
QTIM,/run/media/falconnier/Elements/BIDS_datasets_selection/QTIM/sub-0849/ses-01/anat/sub-0849_ses-01_T1w.nii.gz,,,,,sub-0849,ses-01,256,256,256,0.9375,0.9,0.9375,9.104696273803711,16777216,12934040,0.7709288597106934,0.0,322.0,8.550467757947246,2.0,14.046737749299245,1.0,9.201108092930925,2.7160667425782377,1.0,1.0,42.0,61.0,2.7849510997663427,
QTIM,/run/media/falconnier/Elements/BIDS_datasets_selection/QTIM/sub-0849/ses-01/anat/sub-0849_ses-01_T1w_defacemask.nii.gz,,,,,sub-0849,ses-01,256,256,256,0.9375,0.9,0.9375,0.17465782165527344,16777216,14984716,0.8931586742401123,0.0,1.0,1.0,1.0,0.0,0.0,,,1.0,1.0,1.0,1.0,-2048.0,
QTIM,/run/media/falconnier/Elements/BIDS_datasets_selection/QTIM/sub-0850/ses-01/anat/sub-0850_ses-01_T1w.nii.gz,,,,,sub-0850,ses-01,256,256,256,0.9375,0.9,0.9375,9.831965446472168,16777216,13396496,0.7984933853149414,0.0,336.0,10.419645480430107,3.0,15.855335326006236,2.0,6.756658927612378,2.339195701034742,1.0,1.0,48.0,66.0,3.0027136549524935,
QTIM,/run/media/falconnier/Elements/BIDS_datasets_selection/QTIM/sub-0850/ses-01/anat/sub-0850_ses-01_T1w_defacemask.nii.gz,,,,,sub-0850,ses-01,256,256,256,0.9375,0.9,0.9375,0.19150829315185547,16777216,14911635,0.888802707195282,0.0,1.0,1.0,1.0,0.0,0.0,,,1.0,1.0,1.0,1.0,-2048.0,
QTIM,/run/media/falconnier/Elements/BIDS_datasets_selection/QTIM/sub-0851/ses-01/anat/sub-0851_ses-01_T1w_defacemask.nii.gz,,,,,sub-0851,ses-01,256,256,256,0.9375,0.9,0.9375,0.1770029067993164,16777216,15081908,0.8989517688751221,0.0,1.0,1.0,1.0,0.0,0.0,,,1.0,1.0,1.0,1.0,-2048.0,
QTIM,/run/media/falconnier/Elements/BIDS_datasets_selection/QTIM/sub-0851/ses-01/anat/sub-0851_ses-01_T1w.nii.gz,,,,,sub-0851,ses-01,256,256,256,0.9375,0.9,0.9375,10.254396438598633,16777216,13797354,0.8223863840103149,0.0,416.0,11.667437901499085,3.0,19.392604635775427,2.0,7.63159158826328,2.536950393554245,1.0,1.0,58.0,82.0,2.497441971587997,
QTIM,/run/media/falconnier/Elements/BIDS_datasets_selection/QTIM/sub-0852/ses-01/anat/sub-0852_ses-01_T1w_defacemask.nii.gz,,,,,sub-0852,ses-01,256,256,256,0.9375,0.9,0.9375,0.17063331604003906,16777216,15043071,0.8966369032859802,0.0,1.0,1.0,1.0,0.0,0.0,,,1.0,1.0,1.0,1.0,-2048.0,
QTIM,/run/media/falconnier/Elements/BIDS_datasets_selection/QTIM/sub-0852/ses-01/anat/sub-0852_ses-01_T1w.nii.gz,,,,,sub-0852,ses-01,256,256,256,0.9375,0.9,0.9375,10.572298049926758,16777216,13956373,0.8318646550178528,0.0,327.0,11.632693823817979,3.0,17.677740789157326,2.0,9.4481960080389,2.6373682242248053,1.0,1.0,51.0,75.0,3.3339635590465178,
QTIM,/run/media/falconnier/Elements/BIDS_datasets_selection/QTIM/sub-0853/ses-01/anat/sub-0853_ses-01_T1w_defacemask.nii.gz,,,,,sub-0853,ses-01,256,256,256,0.9375,0.9,0.9375,0.17938232421875,16777216,15084187,0.8990876078605652,0.0,1.0,1.0,1.0,0.0,0.0,,,1.0,1.0,1.0,1.0,-2048.0,
QTIM,/run/media/falconnier/Elements/BIDS_datasets_selection/QTIM/sub-0853/ses-01/anat/sub-0853_ses-01_T1w.nii.gz,,,,,sub-0853,ses-01,256,256,256,0.9375,0.9,0.9375,11.292376518249512,16777216,14311492,0.8530313968658447,0.0,337.0,14.44700887929784,5.0,20.580459704766987,3.0,5.466178065506803,2.173667258395669,1.0,1.0,63.0,85.0,3.5843252556484333,
QTIM,/run/media/falconnier/Elements/BIDS_datasets_selection/QTIM/sub-0854/ses-01/anat/sub-0854_ses-01_T1w_defacemask.nii.gz,,,,,sub-0854,ses-01,256,256,256,0.9375,0.9,0.9375,0.16785335540771484,16777216,14871177,0.8863912224769592,0.0,1.0,1.0,1.0,0.0,0.0,,,1.0,1.0,1.0,1.0,-2048.0,
QTIM,/run/media/falconnier/Elements/BIDS_datasets_selection/QTIM/sub-0854/ses-01/anat/sub-0854_ses-01_T1w.nii.gz,,,,,sub-0854,ses-01,256,256,256,0.9375,0.9,0.9375,11.506059646606445,16777216,14122517,0.8417676091194153,0.0,345.0,16.474177088970755,5.0,22.593171663059483,3.0,5.270174386774526,2.0385590050190756,1.0,1.0,67.0,88.0,3.5980847315308715,
QTIM,/run/media/falconnier/Elements/BIDS_datasets_selection/QTIM/sub-0855/ses-01/anat/sub-0855_ses-01_T1w_defacemask.nii.gz,,,,,sub-0855,ses-01,256,256,256,0.9375,0.9,0.9375,0.16983509063720703,16777216,15036063,0.8962191939353943,0.0,1.0,1.0,1.0,0.0,0.0,,,1.0,1.0,1.0,1.0,-2048.0,
QTIM,/run/media/falconnier/Elements/BIDS_datasets_selection/QTIM/sub-0855/ses-01/anat/sub-0855_ses-01_T1w.nii.gz,,,,,sub-0855,ses-01,256,256,256,0.9375,0.9,0.9375,10.18781566619873,16777216,13943190,0.8310788869857788,0.0,284.0,9.79269621944476,3.0,14.052148971954347,2.0,6.168171987653507,2.2985973616430986,1.0,1.0,43.0,60.0,3.61188587451082,
QTIM,/run/media/falconnier/Elements/BIDS_datasets_selection/QTIM/sub-0855/ses-02/anat/sub-0855_ses-02_T1w_defacemask.nii.gz,,,,,sub-0855,ses-02,256,256,256,0.9375,0.9,0.9375,0.16582298278808594,16777216,14984028,0.8931176662445068,0.0,1.0,1.0,1.0,0.0,0.0,,,1.0,1.0,1.0,1.0,-2048.0,
QTIM,/run/media/falconnier/Elements/BIDS_datasets_selection/QTIM/sub-0855/ses-02/anat/sub-0855_ses-02_T1w.nii.gz,,,,,sub-0855,ses-02,256,256,256,0.9375,0.9,0.9375,10.73200798034668,16777216,14058342,0.8379424810409546,0.0,336.0,12.808276466741242,4.0,19.05884272754501,2.0,5.556944920421147,2.217562045312251,1.0,1.0,59.0,79.0,3.3670449145384866,
QTIM,/run/media/falconnier/Elements/BIDS_datasets_selection/QTIM/sub-0856/ses-01/anat/sub-0856_ses-01_T1w.nii.gz,,,,,sub-0856,ses-01,256,256,256,0.9375,0.9,0.9375,10.399633407592773,16777216,13677651,0.8152515292167664,0.0,473.0,13.040600392567407,3.0,20.307994478920044,2.0,6.422542808094246,2.311462669985042,1.0,1.0,60.0,84.0,2.366379275986461,
QTIM,/run/media/falconnier/Elements/BIDS_datasets_selection/QTIM/sub-0856/ses-01/anat/sub-0856_ses-01_T1w_defacemask.nii.gz,,,,,sub-0856,ses-01,256,256,256,0.9375,0.9,0.9375,0.18381118774414062,16777216,14890609,0.8875494599342346,0.0,1.0,1.0,1.0,0.0,0.0,,,1.0,1.0,1.0,1.0,-2048.0,
QTIM,/run/media/falconnier/Elements/BIDS_datasets_selection/QTIM/sub-0857/ses-01/anat/sub-0857_ses-01_T1w.nii.gz,,,,,sub-0857,ses-01,256,256,256,0.9375,0.9,0.9375,9.56619930267334,16777216,13285099,0.7918536067008972,0.0,304.0,9.778628823164961,3.0,15.149325077761779,2.0,6.565984093401564,2.348323567684874,1.0,1.0,46.0,63.0,3.123273148127524,
QTIM,/run/media/falconnier/Elements/BIDS_datasets_selection/QTIM/sub-0857/ses-01/anat/sub-0857_ses-01_T1w_defacemask.nii.gz,,,,,sub-0857,ses-01,256,256,256,0.9375,0.9,0.9375,0.17449188232421875,16777216,15027900,0.8957326412200928,0.0,1.0,1.0,1.0,0.0,0.0,,,1.0,1.0,1.0,1.0,-2048.0,
QTIM,/run/media/falconnier/Elements/BIDS_datasets_selection/QTIM/sub-0858/ses-01/anat/sub-0858_ses-01_T1w_defacemask.nii.gz,,,,,sub-0858,ses-01,240,256,256,0.9,0.9375,0.9375,0.18271923065185547,15728640,13618793,0.8658595403035482,0.0,1.0,1.0,1.0,0.0,0.0,,,1.0,1.0,1.0,1.0,-2048.0,
QTIM,/run/media/falconnier/Elements/BIDS_datasets_selection/QTIM/sub-0858/ses-01/anat/sub-0858_ses-01_T1w.nii.gz,,,,,sub-0858,ses-01,240,256,256,0.9,0.9375,0.9375,13.893901824951172,15728640,13443526,0.8547163645426432,0.0,1219.0,46.50996859008567,13.0,69.89568611973466,8.0,4.082045312192357,2.1038898048450623,1.0,3.0,216.0,292.0,1.3481958328163512,
QTIM,/run/media/falconnier/Elements/BIDS_datasets_selection/QTIM/sub-0859/ses-01/anat/sub-0859_ses-01_T1w_defacemask.nii.gz,,,,,sub-0859,ses-01,240,256,256,0.9,0.9375,0.9375,0.1716747283935547,15728640,14020952,0.8914281209309896,0.0,1.0,1.0,1.0,0.0,0.0,,,1.0,1.0,1.0,1.0,-2048.0,
QTIM,/run/media/falconnier/Elements/BIDS_datasets_selection/QTIM/sub-0859/ses-01/anat/sub-0859_ses-01_T1w.nii.gz,,,,,sub-0859,ses-01,240,256,256,0.9,0.9375,0.9375,14.297874450683594,15728640,13842968,0.8801122029622396,0.0,1183.0,49.107273743607585,13.0,74.94049667472078,8.0,3.8864756665814353,2.071599317185586,1.0,3.0,230.0,310.0,1.394385868430251,
QTIM,/run/media/falconnier/Elements/BIDS_datasets_selection/QTIM/sub-0860/ses-01/anat/sub-0860_ses-01_T1w.nii.gz,,,,,sub-0860,ses-01,256,256,256,0.9375,0.9,0.9375,9.893733024597168,16777216,12643628,0.7536189556121826,0.0,593.0,16.916900829413837,2.0,25.854041498814556,1.0,3.5519870540456884,1.7294094213968139,1.0,1.0,75.0,89.0,1.8318460503437084,
QTIM,/run/media/falconnier/Elements/BIDS_datasets_selection/QTIM/sub-0860/ses-01/anat/sub-0860_ses-01_T1w_defacemask.nii.gz,,,,,sub-0860,ses-01,256,256,256,0.9375,0.9,0.9375,0.17080020904541016,16777216,15093362,0.8996344804763794,0.0,1.0,1.0,1.0,0.0,0.0,,,1.0,1.0,1.0,1.0,-2048.0,
QTIM,/run/media/falconnier/Elements/BIDS_datasets_selection/QTIM/sub-0861/ses-01/anat/sub-0861_ses-01_T1w.nii.gz,,,,,sub-0861,ses-01,256,256,256,0.9375,0.9,0.9375,9.492879867553711,16777216,13077963,0.7795073390007019,0.0,368.0,10.304631845188736,3.0,16.814887544006805,2.0,7.550114817290394,2.509267871742405,1.0,1.0,50.0,71.0,2.6613487904316373,
QTIM,/run/media/falconnier/Elements/BIDS_datasets_selection/QTIM/sub-0861/ses-01/anat/sub-0861_ses-01_T1w_defacemask.nii.gz,,,,,sub-0861,ses-01,256,256,256,0.9375,0.9,0.9375,0.18158435821533203,16777216,14845401,0.8848548531532288,0.0,1.0,1.0,1.0,0.0,0.0,,,1.0,1.0,1.0,1.0,-2048.0,
QTIM,/run/media/falconnier/Elements/BIDS_datasets_selection/QTIM/sub-0862/ses-01/anat/sub-0862_ses-01_T1w.nii.gz,,,,,sub-0862,ses-01,256,256,256,0.9375,0.9,0.9375,9.757553100585938,16777216,13357394,0.7961627244949341,0.0,300.0,10.189524318890346,3.0,16.197815842899807,2.0,6.941613475320965,2.4377492886469767,1.0,1.0,48.0,68.0,3.181743289765935,
QTIM,/run/media/falconnier/Elements/BIDS_datasets_selection/QTIM/sub-0862/ses-01/anat/sub-0862_ses-01_T1w_defacemask.nii.gz,,,,,sub-0862,ses-01,256,256,256,0.9375,0.9,0.9375,0.15742206573486328,16777216,15033704,0.8960785865783691,0.0,1.0,1.0,1.0,0.0,0.0,,,1.0,1.0,1.0,1.0,-2048.0,
QTIM,/run/media/falconnier/Elements/BIDS_datasets_selection/QTIM/sub-0863/ses-01/anat/sub-0863_ses-01_T1w_defacemask.nii.gz,,,,,sub-0863,ses-01,256,256,256,0.9375,0.9,0.9375,0.1686553955078125,16777216,14864562,0.88599693775177,0.0,1.0,1.0,1.0,0.0,0.0,,,1.0,1.0,1.0,1.0,-2048.0,
QTIM,/run/media/falconnier/Elements/BIDS_datasets_selection/QTIM/sub-0863/ses-01/anat/sub-0863_ses-01_T1w.nii.gz,,,,,sub-0863,ses-01,256,256,256,0.9375,0.9,0.9375,11.145560264587402,16777216,14051841,0.8375549912452698,0.0,411.0,14.981766801944314,4.0,21.594547616658403,3.0,5.3842838151799945,2.172691090199114,1.0,1.0,65.0,87.0,2.935693643219762,
QTIM,/run/media/falconnier/Elements/BIDS_datasets_selection/QTIM/sub-0864/ses-01/anat/sub-0864_ses-01_T1w_defacemask.nii.gz,,,,,sub-0864,ses-01,256,256,256,0.9375,0.9,0.9375,0.15180397033691406,16777216,15250910,0.9090250730514526,0.0,1.0,1.0,1.0,0.0,0.0,,,1.0,1.0,1.0,1.0,-2048.0,
QTIM,/run/media/falconnier/Elements/BIDS_datasets_selection/QTIM/sub-0864/ses-01/anat/sub-0864_ses-01_T1w.nii.gz,,,,,sub-0864,ses-01,256,256,256,0.9375,0.9,0.9375,11.814178466796875,16777216,14549172,0.8671982288360596,0.0,296.0,16.247407412600523,5.0,22.20952887330579,3.0,4.7882317754582475,2.0457834179143397,1.0,1.0,66.0,88.0,4.24667992463424,
QTIM,/run/media/falconnier/Elements/BIDS_datasets_selection/QTIM/sub-0865/ses-01/anat/sub-0865_ses-01_T1w_defacemask.nii.gz,,,,,sub-0865,ses-01,256,256,256,0.9375,0.9,0.9375,0.1806049346923828,16777216,15062375,0.8977875113487244,0.0,1.0,1.0,1.0,0.0,0.0,,,1.0,1.0,1.0,1.0,-2048.0,
QTIM,/run/media/falconnier/Elements/BIDS_datasets_selection/QTIM/sub-0865/ses-01/anat/sub-0865_ses-01_T1w.nii.gz,,,,,sub-0865,ses-01,256,256,256,0.9375,0.9,0.9375,10.616219520568848,16777216,13957365,0.83192378282547,0.0,442.0,12.504682438268254,3.0,18.77200010482409,2.0,6.173830322191966,2.2494974314762533,1.0,1.0,57.0,79.0,2.5236355829352117,
QTIM,/run/media/falconnier/Elements/BIDS_datasets_selection/QTIM/sub-0866/ses-01/anat/sub-0866_ses-01_T1w_defacemask.nii.gz,,,,,sub-0866,ses-01,256,256,256,0.9375,0.9,0.9375,0.1722278594970703,16777216,15033034,0.8960386514663696,0.0,1.0,1.0,1.0,0.0,0.0,,,1.0,1.0,1.0,1.0,-2048.0,
QTIM,/run/media/falconnier/Elements/BIDS_datasets_selection/QTIM/sub-0866/ses-01/anat/sub-0866_ses-01_T1w.nii.gz,,,,,sub-0866,ses-01,256,256,256,0.9375,0.9,0.9375,10.55689811706543,16777216,13866481,0.8265066742897034,0.0,385.0,13.39089102707457,3.0,21.25457156683832,2.0,5.54753479495227,2.2777729231863186,1.0,1.0,64.0,88.0,2.8841348873458017,
QTIM,/run/media/falconnier/Elements/BIDS_datasets_selection/QTIM/sub-0866/ses-02/anat/sub-0866_ses-02_T1w.nii.gz,,,,,sub-0866,ses-02,256,256,256,0.9375,0.9,0.9375,10.430155754089355,16777216,13799803,0.8225323557853699,0.0,368.0,12.665310656970973,3.0,19.624249140934182,2.0,5.478274130804364,2.2612209331951987,1.0,1.0,59.0,82.0,2.978704569092323,
QTIM,/run/media/falconnier/Elements/BIDS_datasets_selection/QTIM/sub-0866/ses-02/anat/sub-0866_ses-02_T1w_defacemask.nii.gz,,,,,sub-0866,ses-02,256,256,256,0.9375,0.9,0.9375,0.16707801818847656,16777216,15025406,0.895583987236023,0.0,1.0,1.0,1.0,0.0,0.0,,,1.0,1.0,1.0,1.0,-2048.0,
QTIM,/run/media/falconnier/Elements/BIDS_datasets_selection/QTIM/sub-0867/ses-01/anat/sub-0867_ses-01_T1w_defacemask.nii.gz,,,,,sub-0867,ses-01,240,256,256,0.9,0.9375,0.9375,0.18563079833984375,15728640,13825461,0.878999137878418,0.0,1.0,1.0,1.0,0.0,0.0,,,1.0,1.0,1.0,1.0,-2048.0,
QTIM,/run/media/falconnier/Elements/BIDS_datasets_selection/QTIM/sub-0867/ses-01/anat/sub-0867_ses-01_T1w.nii.gz,,,,,sub-0867,ses-01,240,256,256,0.9,0.9375,0.9375,14.277985572814941,15728640,13666942,0.8689207712809245,0.0,1478.0,50.97950148614079,15.0,74.20807794452122,9.0,4.482424310831808,2.0679279602863345,1.0,3.0,227.0,308.0,1.1436573384676547,
QTIM,/run/media/falconnier/Elements/BIDS_datasets_selection/QTIM/sub-0868/ses-01/anat/sub-0868_ses-01_T1w_defacemask.nii.gz,,,,,sub-0868,ses-01,256,256,256,0.9375,0.9,0.9375,0.1709003448486328,16777216,14937967,0.8903722167015076,0.0,1.0,1.0,1.0,0.0,0.0,,,1.0,1.0,1.0,1.0,-2048.0,
QTIM,/run/media/falconnier/Elements/BIDS_datasets_selection/QTIM/sub-0868/ses-01/anat/sub-0868_ses-01_T1w.nii.gz,,,,,sub-0868,ses-01,256,256,256,0.9375,0.9,0.9375,9.847273826599121,16777216,13409326,0.7992581129074097,0.0,304.0,10.145904499599757,3.0,15.556668558468175,2.0,7.732842045630443,2.467045091651608,1.0,1.0,46.0,65.0,3.257857402100326,
QTIM,/run/media/falconnier/Elements/BIDS_datasets_selection/QTIM/sub-0869/ses-01/anat/sub-0869_ses-01_T1w_defacemask.nii.gz,,,,,sub-0869,ses-01,256,256,256,0.9375,0.9,0.9375,0.17268753051757812,16777216,15076821,0.8986485600471497,0.0,1.0,1.0,1.0,0.0,0.0,,,1.0,1.0,1.0,1.0,-2048.0,
QTIM,/run/media/falconnier/Elements/BIDS_datasets_selection/QTIM/sub-0869/ses-01/anat/sub-0869_ses-01_T1w.nii.gz,,,,,sub-0869,ses-01,256,256,256,0.9375,0.9,0.9375,9.98807430267334,16777216,13627713,0.8122749924659729,0.0,386.0,10.856557809810054,3.0,17.389908262786577,2.0,7.542506548297409,2.475003550724292,1.0,1.0,52.0,73.0,2.604827238860548,
QTIM,/run/media/falconnier/Elements/BIDS_datasets_selection/QTIM/sub-0870/ses-01/anat/sub-0870_ses-01_T1w.nii.gz,,,,,sub-0870,ses-01,240,256,256,0.9,0.9375,0.9375,14.00984001159668,15728640,13761992,0.874963887532552,0.0,1584.0,47.192587526573185,12.0,76.77151123691601,7.0,5.397927446684198,2.274880777897052,1.0,3.0,235.0,323.0,1.018698185870891,
QTIM,/run/media/falconnier/Elements/BIDS_datasets_selection/QTIM/sub-0870/ses-01/anat/sub-0870_ses-01_T1w_defacemask.nii.gz,,,,,sub-0870,ses-01,240,256,256,0.9,0.9375,0.9375,0.1796703338623047,15728640,13950384,0.8869415283203125,0.0,1.0,1.0,1.0,0.0,0.0,,,1.0,1.0,1.0,1.0,-2048.0,
QTIM,/run/media/falconnier/Elements/BIDS_datasets_selection/QTIM/sub-0871/ses-01/anat/sub-0871_ses-01_T1w_defacemask.nii.gz,,,,,sub-0871,ses-01,240,256,256,0.9,0.9375,0.9375,0.16179180145263672,15728640,14024584,0.8916590372721355,0.0,1.0,1.0,1.0,0.0,0.0,,,1.0,1.0,1.0,1.0,-2048.0,
QTIM,/run/media/falconnier/Elements/BIDS_datasets_selection/QTIM/sub-0871/ses-01/anat/sub-0871_ses-01_T1w.nii.gz,,,,,sub-0871,ses-01,240,256,256,0.9,0.9375,0.9375,14.23045539855957,15728640,13845375,0.8802652359008789,0.0,1817.0,48.391229706671,13.0,75.97666922835165,7.0,6.193182972252929,2.2857785797472534,1.0,3.0,229.0,321.0,0.9021274759080959,
QTIM,/run/media/falconnier/Elements/BIDS_datasets_selection/QTIM/sub-0871/ses-02/anat/sub-0871_ses-02_T1w_defacemask.nii.gz,,,,,sub-0871,ses-02,240,256,256,0.9,0.9375,0.9375,0.1568307876586914,15728640,14033593,0.892231814066569,0.0,1.0,1.0,1.0,0.0,0.0,,,1.0,1.0,1.0,1.0,-2048.0,
QTIM,/run/media/falconnier/Elements/BIDS_datasets_selection/QTIM/sub-0871/ses-02/anat/sub-0871_ses-02_T1w.nii.gz,,,,,sub-0871,ses-02,240,256,256,0.9,0.9375,0.9375,14.251042366027832,15728640,13855548,0.8809120178222656,0.0,1518.0,49.94101669598344,13.0,80.89438346978363,7.0,5.185351789711877,2.2733880587540796,1.0,3.0,247.0,344.0,1.0837972208221804,
QTIM,/run/media/falconnier/Elements/BIDS_datasets_selection/QTIM/sub-0872/ses-01/anat/sub-0872_ses-01_T1w_defacemask.nii.gz,,,,,sub-0872,ses-01,240,256,256,0.9,0.9375,0.9375,0.16681861877441406,15728640,13993159,0.8896610895792644,0.0,1.0,1.0,1.0,0.0,0.0,,,1.0,1.0,1.0,1.0,-2048.0,
QTIM,/run/media/falconnier/Elements/BIDS_datasets_selection/QTIM/sub-0872/ses-01/anat/sub-0872_ses-01_T1w.nii.gz,,,,,sub-0872,ses-01,240,256,256,0.9,0.9375,0.9375,14.502303123474121,15728640,13824106,0.8789129892985026,0.0,1394.0,51.286532742153454,14.0,80.23487247475434,8.0,4.986768278745428,2.25761891540885,1.0,3.0,247.0,339.0,1.2074812293803956,
QTIM,/run/media/falconnier/Elements/BIDS_datasets_selection/QTIM/sub-0873/ses-01/anat/sub-0873_ses-01_T1w_defacemask.nii.gz,,,,,sub-0873,ses-01,240,256,256,0.9,0.9375,0.9375,0.16529464721679688,15728640,13635326,0.8669106801350911,0.0,1.0,1.0,1.0,0.0,0.0,,,1.0,1.0,1.0,1.0,-2048.0,
QTIM,/run/media/falconnier/Elements/BIDS_datasets_selection/QTIM/sub-0873/ses-01/anat/sub-0873_ses-01_T1w.nii.gz,,,,,sub-0873,ses-01,240,256,256,0.9,0.9375,0.9375,14.150898933410645,15728640,13472241,0.8565420150756836,0.0,1337.0,53.03606311674502,15.0,77.43969459576628,9.0,3.9125139680137435,2.0057792935728145,1.0,3.0,237.0,317.0,1.2749752321007626,
QTIM,/run/media/falconnier/Elements/BIDS_datasets_selection/QTIM/sub-0874/ses-01/anat/sub-0874_ses-01_T1w.nii.gz,,,,,sub-0874,ses-01,240,256,256,0.9,0.9375,0.9375,14.116279602050781,15728640,13837054,0.8797362009684245,0.0,1564.0,45.535338085693674,12.0,75.70825879242174,6.0,6.683458215227564,2.469702745665622,1.0,3.0,233.0,327.0,1.0270663171393661,
QTIM,/run/media/falconnier/Elements/BIDS_datasets_selection/QTIM/sub-0874/ses-01/anat/sub-0874_ses-01_T1w_defacemask.nii.gz,,,,,sub-0874,ses-01,240,256,256,0.9,0.9375,0.9375,0.17433738708496094,15728640,14020187,0.8913794835408528,0.0,1.0,1.0,1.0,0.0,0.0,,,1.0,1.0,1.0,1.0,-2048.0,
QTIM,/run/media/falconnier/Elements/BIDS_datasets_selection/QTIM/sub-0875/ses-01/anat/sub-0875_ses-01_T1w.nii.gz,,,,,sub-0875,ses-01,240,256,256,0.9,0.9375,0.9375,14.325915336608887,15728640,13837048,0.879735819498698,0.0,1259.0,47.87001100234674,13.0,76.68343341729582,7.0,5.406223459222362,2.304940866178187,1.0,3.0,234.0,324.0,1.2988279482941958,
QTIM,/run/media/falconnier/Elements/BIDS_datasets_selection/QTIM/sub-0875/ses-01/anat/sub-0875_ses-01_T1w_defacemask.nii.gz,,,,,sub-0875,ses-01,240,256,256,0.9,0.9375,0.9375,0.18387603759765625,15728640,14019192,0.8913162231445313,0.0,1.0,1.0,1.0,0.0,0.0,,,1.0,1.0,1.0,1.0,-2048.0,
QTIM,/run/media/falconnier/Elements/BIDS_datasets_selection/QTIM/sub-0876/ses-01/anat/sub-0876_ses-01_T1w_defacemask.nii.gz,,,,,sub-0876,ses-01,256,256,256,0.9375,0.9,0.9375,0.17686176300048828,16777216,14943093,0.8906777501106262,0.0,1.0,1.0,1.0,0.0,0.0,,,1.0,1.0,1.0,1.0,-2048.0,
QTIM,/run/media/falconnier/Elements/BIDS_datasets_selection/QTIM/sub-0876/ses-01/anat/sub-0876_ses-01_T1w.nii.gz,,,,,sub-0876,ses-01,256,256,256,0.9375,0.9,0.9375,10.8110990524292,16777216,13991225,0.8339419960975647,0.0,359.0,13.031726242698548,4.0,18.903316076895976,2.0,5.611939214962698,2.173507585531421,1.0,1.0,57.0,78.0,3.167164119262041,
QTIM,/run/media/falconnier/Elements/BIDS_datasets_selection/QTIM/sub-0877/ses-01/anat/sub-0877_ses-01_T1w_defacemask.nii.gz,,,,,sub-0877,ses-01,256,256,256,0.9375,0.9,0.9375,0.1709136962890625,16777216,15212405,0.9067299962043762,0.0,1.0,1.0,1.0,0.0,0.0,,,1.0,1.0,1.0,1.0,-2048.0,
QTIM,/run/media/falconnier/Elements/BIDS_datasets_selection/QTIM/sub-0877/ses-01/anat/sub-0877_ses-01_T1w.nii.gz,,,,,sub-0877,ses-01,256,256,256,0.9375,0.9,0.9375,10.42537784576416,16777216,14076414,0.8390196561813354,0.0,302.0,11.189581948925344,3.0,17.1977799744209,2.0,6.0752945342456695,2.3690548279264054,1.0,1.0,52.0,73.0,3.497071897332861,
QTIM,/run/media/falconnier/Elements/BIDS_datasets_selection/QTIM/sub-0878/ses-01/anat/sub-0878_ses-01_T1w_defacemask.nii.gz,,,,,sub-0878,ses-01,256,256,256,0.9375,0.9,0.9375,0.1746845245361328,16777216,14954410,0.8913522958755493,0.0,1.0,1.0,1.0,0.0,0.0,,,1.0,1.0,1.0,1.0,-2048.0,
QTIM,/run/media/falconnier/Elements/BIDS_datasets_selection/QTIM/sub-0878/ses-01/anat/sub-0878_ses-01_T1w.nii.gz,,,,,sub-0878,ses-01,256,256,256,0.9375,0.9,0.9375,10.287344932556152,16777216,13665497,0.8145270943641663,0.0,414.0,12.143245869506247,3.0,19.02490916492096,2.0,7.293158467691958,2.430347272154383,1.0,1.0,56.0,79.0,2.606322837356153,
QTIM,/run/media/falconnier/Elements/BIDS_datasets_selection/QTIM/sub-0879/ses-01/anat/sub-0879_ses-01_T1w_defacemask.nii.gz,,,,,sub-0879,ses-01,240,256,256,0.9,0.9375,0.9375,0.18871307373046875,15728640,13760486,0.8748681386311848,0.0,1.0,1.0,1.0,0.0,0.0,,,1.0,1.0,1.0,1.0,-2048.0,
QTIM,/run/media/falconnier/Elements/BIDS_datasets_selection/QTIM/sub-0879/ses-01/anat/sub-0879_ses-01_T1w.nii.gz,,,,,sub-0879,ses-01,240,256,256,0.9,0.9375,0.9375,14.496280670166016,15728640,13606095,0.8650522232055664,0.0,1959.0,55.76747553210528,16.0,83.75540174453845,9.0,5.636029991607696,2.1925526479894626,1.0,3.0,254.0,348.0,0.8790731679073113,
QTIM,/run/media/falconnier/Elements/BIDS_datasets_selection/QTIM/sub-0880/ses-01/anat/sub-0880_ses-01_T1w.nii.gz,,,,,sub-0880,ses-01,256,256,256,0.9375,0.9,0.9375,10.566560745239258,16777216,13253265,0.7899561524391174,0.0,566.0,19.063886597000813,3.0,27.151706321654345,2.0,3.092380504429406,1.5859670545460172,1.0,1.0,78.0,91.0,2.0504001100070828,
QTIM,/run/media/falconnier/Elements/BIDS_datasets_selection/QTIM/sub-0880/ses-01/anat/sub-0880_ses-01_T1w_defacemask.nii.gz,,,,,sub-0880,ses-01,256,256,256,0.9375,0.9,0.9375,0.169677734375,16777216,15122984,0.901400089263916,0.0,1.0,1.0,1.0,0.0,0.0,,,1.0,1.0,1.0,1.0,-2048.0,
QTIM,/run/media/falconnier/Elements/BIDS_datasets_selection/QTIM/sub-0881/ses-01/anat/sub-0881_ses-01_T1w_defacemask.nii.gz,,,,,sub-0881,ses-01,240,256,256,0.9,0.9375,0.9375,0.17244911193847656,15728640,13876984,0.882274881998698,0.0,1.0,1.0,1.0,0.0,0.0,,,1.0,1.0,1.0,1.0,-2048.0,
QTIM,/run/media/falconnier/Elements/BIDS_datasets_selection/QTIM/sub-0881/ses-01/anat/sub-0881_ses-01_T1w.nii.gz,,,,,sub-0881,ses-01,240,256,256,0.9,0.9375,0.9375,13.922771453857422,15728640,13694918,0.8706994374593099,0.0,1454.0,45.698306262220775,12.0,70.95312100919797,7.0,4.815262184737039,2.1996802732334073,1.0,3.0,216.0,299.0,1.1161373564755093,
QTIM,/run/media/falconnier/Elements/BIDS_datasets_selection/QTIM/sub-0882/ses-01/anat/sub-0882_ses-01_T1w_defacemask.nii.gz,,,,,sub-0882,ses-01,256,256,256,0.9375,0.9,0.9375,0.15233993530273438,16777216,15177279,0.9046363234519958,0.0,1.0,1.0,1.0,0.0,0.0,,,1.0,1.0,1.0,1.0,-2048.0,
QTIM,/run/media/falconnier/Elements/BIDS_datasets_selection/QTIM/sub-0882/ses-01/anat/sub-0882_ses-01_T1w.nii.gz,,,,,sub-0882,ses-01,256,256,256,0.9375,0.9,0.9375,11.027791023254395,16777216,14177729,0.8450585007667542,0.0,280.0,14.113921418585445,4.0,20.600662043580886,3.0,4.868270503190774,2.127855242716271,1.0,1.0,62.0,84.0,4.085355458078948,
QTIM,/run/media/falconnier/Elements/BIDS_datasets_selection/QTIM/sub-0883/ses-01/anat/sub-0883_ses-01_T1w.nii.gz,,,,,sub-0883,ses-01,256,256,256,0.9375,0.9,0.9375,11.183992385864258,16777216,14203269,0.8465808033943176,0.0,355.0,14.057406995530394,4.0,20.14674386826652,2.0,5.319891774221862,2.1262432546471874,1.0,1.0,61.0,83.0,3.288704499066401,
QTIM,/run/media/falconnier/Elements/BIDS_datasets_selection/QTIM/sub-0883/ses-01/anat/sub-0883_ses-01_T1w_defacemask.nii.gz,,,,,sub-0883,ses-01,256,256,256,0.9375,0.9,0.9375,0.16633033752441406,16777216,15036271,0.8962315917015076,0.0,1.0,1.0,1.0,0.0,0.0,,,1.0,1.0,1.0,1.0,-2048.0,
QTIM,/run/media/falconnier/Elements/BIDS_datasets_selection/QTIM/sub-0883/ses-02/anat/sub-0883_ses-02_T1w_defacemask.nii.gz,,,,,sub-0883,ses-02,256,256,256,0.9375,0.9,0.9375,0.1656932830810547,16777216,15000552,0.8941025733947754,0.0,1.0,1.0,1.0,0.0,0.0,,,1.0,1.0,1.0,1.0,-2048.0,
QTIM,/run/media/falconnier/Elements/BIDS_datasets_selection/QTIM/sub-0883/ses-02/anat/sub-0883_ses-02_T1w.nii.gz,,,,,sub-0883,ses-02,256,256,256,0.9375,0.9,0.9375,11.105195045471191,16777216,14115795,0.8413669466972351,0.0,366.0,14.23779872121974,4.0,20.20947251208261,3.0,5.586042744419808,2.1064276919313443,1.0,1.0,61.0,82.0,3.212742688191383,
QTIM,/run/media/falconnier/Elements/BIDS_datasets_selection/QTIM/sub-0884/ses-01/anat/sub-0884_ses-01_T1w_defacemask.nii.gz,,,,,sub-0884,ses-01,256,256,256,0.9375,0.9,0.9375,0.17873287200927734,16777216,14836685,0.8843353390693665,0.0,1.0,1.0,1.0,0.0,0.0,,,1.0,1.0,1.0,1.0,-2048.0,
QTIM,/run/media/falconnier/Elements/BIDS_datasets_selection/QTIM/sub-0884/ses-01/anat/sub-0884_ses-01_T1w.nii.gz,,,,,sub-0884,ses-01,256,256,256,0.9375,0.9,0.9375,10.338932991027832,16777216,13763161,0.82034832239151,0.0,359.0,12.476069850523437,3.0,19.2791192138749,2.0,5.938102238629099,2.2686185975485977,1.0,1.0,59.0,80.0,3.029798380698431,
QTIM,/run/media/falconnier/Elements/BIDS_datasets_selection/QTIM/sub-0884/ses-02/anat/sub-0884_ses-02_T1w_defacemask.nii.gz,,,,,sub-0884,ses-02,256,256,256,0.9375,0.9,0.9375,0.17229175567626953,16777216,14849637,0.8851073384284973,0.0,1.0,1.0,1.0,0.0,0.0,,,1.0,1.0,1.0,1.0,-2048.0,
QTIM,/run/media/falconnier/Elements/BIDS_datasets_selection/QTIM/sub-0884/ses-02/anat/sub-0884_ses-02_T1w.nii.gz,,,,,sub-0884,ses-02,256,256,256,0.9375,0.9,0.9375,10.312085151672363,16777216,13804246,0.8227971792221069,0.0,412.0,12.236792867933532,3.0,18.894399270109155,2.0,6.1841731499482595,2.2915293392242195,1.0,1.0,58.0,79.0,2.641082361303119,
QTIM,/run/media/falconnier/Elements/BIDS_datasets_selection/QTIM/sub-0885/ses-01/anat/sub-0885_ses-01_T1w_defacemask.nii.gz,,,,,sub-0885,ses-01,256,256,256,0.9375,0.9,0.9375,0.17700672149658203,16777216,14928617,0.8898149132728577,0.0,1.0,1.0,1.0,0.0,0.0,,,1.0,1.0,1.0,1.0,-2048.0,
QTIM,/run/media/falconnier/Elements/BIDS_datasets_selection/QTIM/sub-0885/ses-01/anat/sub-0885_ses-01_T1w.nii.gz,,,,,sub-0885,ses-01,256,256,256,0.9375,0.9,0.9375,10.782301902770996,16777216,13877344,0.8271541595458984,0.0,370.0,13.53573154920711,4.0,20.69806481168734,3.0,6.83919392863983,2.3596087898594504,1.0,1.0,62.0,85.0,3.0642323061654624,
QTIM,/run/media/falconnier/Elements/BIDS_datasets_selection/QTIM/sub-0886/ses-01/anat/sub-0886_ses-01_T1w_defacemask.nii.gz,,,,,sub-0886,ses-01,256,256,256,0.9375,0.9,0.9375,0.1919698715209961,16777216,15186389,0.9051793217658997,0.0,1.0,1.0,1.0,0.0,0.0,,,1.0,1.0,1.0,1.0,-2048.0,
QTIM,/run/media/falconnier/Elements/BIDS_datasets_selection/QTIM/sub-0886/ses-01/anat/sub-0886_ses-01_T1w.nii.gz,,,,,sub-0886,ses-01,256,256,256,0.9375,0.9,0.9375,10.027499198913574,16777216,13678039,0.8152746558189392,0.0,250.0,10.499601587625243,3.0,16.64573293295157,2.0,6.426849357279641,2.4285428542341414,1.0,1.0,50.0,71.0,4.251258075284694,
QTIM,/run/media/falconnier/Elements/BIDS_datasets_selection/QTIM/sub-0887/ses-01/anat/sub-0887_ses-01_T1w_defacemask.nii.gz,,,,,sub-0887,ses-01,256,256,256,0.9375,0.9,0.9375,0.17385196685791016,16777216,14815099,0.8830487132072449,0.0,1.0,1.0,1.0,0.0,0.0,,,1.0,1.0,1.0,1.0,-2048.0,
QTIM,/run/media/falconnier/Elements/BIDS_datasets_selection/QTIM/sub-0887/ses-01/anat/sub-0887_ses-01_T1w.nii.gz,,,,,sub-0887,ses-01,256,256,256,0.9375,0.9,0.9375,10.600306510925293,16777216,13828961,0.8242703080177307,0.0,342.0,13.520614021545075,4.0,19.69354415411854,2.0,3.4858560961653673,1.9608266123015685,1.0,1.0,60.0,80.0,3.328542348533136,
QTIM,/run/media/falconnier/Elements/BIDS_datasets_selection/QTIM/sub-0888/ses-01/anat/sub-0888_ses-01_T1w_defacemask.nii.gz,,,,,sub-0888,ses-01,256,256,256,0.9375,0.9,0.9375,0.17056751251220703,16777216,15075843,0.8985902667045593,0.0,1.0,1.0,1.0,0.0,0.0,,,1.0,1.0,1.0,1.0,-2048.0,
QTIM,/run/media/falconnier/Elements/BIDS_datasets_selection/QTIM/sub-0888/ses-01/anat/sub-0888_ses-01_T1w.nii.gz,,,,,sub-0888,ses-01,256,256,256,0.9375,0.9,0.9375,10.127843856811523,16777216,13737587,0.8188239932060242,0.0,421.0,10.889052131207613,3.0,17.936722905983952,2.0,6.7375532479754625,2.46875739335301,1.0,1.0,54.0,77.0,2.4084935898647677,
QTIM,/run/media/falconnier/Elements/BIDS_datasets_selection/QTIM/sub-0889/ses-01/anat/sub-0889_ses-01_T1w_defacemask.nii.gz,,,,,sub-0889,ses-01,256,256,256,0.9375,0.9,0.9375,0.1673259735107422,16777216,15040910,0.8965080976486206,0.0,1.0,1.0,1.0,0.0,0.0,,,1.0,1.0,1.0,1.0,-2048.0,
QTIM,/run/media/falconnier/Elements/BIDS_datasets_selection/QTIM/sub-0889/ses-01/anat/sub-0889_ses-01_T1w.nii.gz,,,,,sub-0889,ses-01,256,256,256,0.9375,0.9,0.9375,11.09865951538086,16777216,14224646,0.8478549718856812,0.0,357.0,13.67351588222301,4.0,19.928657598099083,3.0,6.754121740519166,2.3715358509310325,1.0,1.0,59.0,83.0,3.3126852083363456,
QTIM,/run/media/falconnier/Elements/BIDS_datasets_selection/QTIM/sub-0890/ses-01/anat/sub-0890_ses-01_T1w_defacemask.nii.gz,,,,,sub-0890,ses-01,240,256,256,0.9,0.9375,0.9375,0.1669168472290039,15728640,14123742,0.8979633331298829,0.0,1.0,1.0,1.0,0.0,0.0,,,1.0,1.0,1.0,1.0,-2048.0,
QTIM,/run/media/falconnier/Elements/BIDS_datasets_selection/QTIM/sub-0890/ses-01/anat/sub-0890_ses-01_T1w.nii.gz,,,,,sub-0890,ses-01,240,256,256,0.9,0.9375,0.9375,14.19489860534668,15728640,13939260,0.8862342834472656,0.0,1454.0,44.58295598188139,12.0,73.30486831775238,7.0,6.585981022491847,2.4569342415295,1.0,3.0,224.0,319.0,1.102695061512206,
QTIM,/run/media/falconnier/Elements/BIDS_datasets_selection/QTIM/sub-0891/ses-01/anat/sub-0891_ses-01_T1w_defacemask.nii.gz,,,,,sub-0891,ses-01,256,256,256,0.9375,0.9,0.9375,0.17821884155273438,16777216,15006167,0.8944372534751892,0.0,1.0,1.0,1.0,0.0,0.0,,,1.0,1.0,1.0,1.0,-2048.0,
QTIM,/run/media/falconnier/Elements/BIDS_datasets_selection/QTIM/sub-0891/ses-01/anat/sub-0891_ses-01_T1w.nii.gz,,,,,sub-0891,ses-01,256,256,256,0.9375,0.9,0.9375,10.91411304473877,16777216,14037921,0.8367252945899963,0.0,361.0,13.946570720835371,4.0,20.80699748743331,3.0,5.767940240103469,2.2575380509507057,1.0,1.0,62.0,86.0,3.214685157569911,
QTIM,/run/media/falconnier/Elements/BIDS_datasets_selection/QTIM/sub-0892/ses-01/anat/sub-0892_ses-01_T1w_defacemask.nii.gz,,,,,sub-0892,ses-01,240,256,256,0.9,0.9375,0.9375,0.17599964141845703,15728640,13831351,0.8793736139933268,0.0,1.0,1.0,1.0,0.0,0.0,,,1.0,1.0,1.0,1.0,-2048.0,
QTIM,/run/media/falconnier/Elements/BIDS_datasets_selection/QTIM/sub-0892/ses-01/anat/sub-0892_ses-01_T1w.nii.gz,,,,,sub-0892,ses-01,240,256,256,0.9,0.9375,0.9375,13.99886417388916,15728640,13650049,0.8678467432657878,0.0,1505.0,47.598254335936815,13.0,77.2786698737124,7.0,5.298808117876225,2.3041810955662765,1.0,3.0,237.0,331.0,1.0789178054109654,
QTIM,/run/media/falconnier/Elements/BIDS_datasets_selection/QTIM/sub-0893/ses-01/anat/sub-0893_ses-01_T1w_defacemask.nii.gz,,,,,sub-0893,ses-01,240,256,256,0.9,0.9375,0.9375,0.1840372085571289,15728640,13826339,0.8790549596150716,0.0,1.0,1.0,1.0,0.0,0.0,,,1.0,1.0,1.0,1.0,-2048.0,
QTIM,/run/media/falconnier/Elements/BIDS_datasets_selection/QTIM/sub-0893/ses-01/anat/sub-0893_ses-01_T1w.nii.gz,,,,,sub-0893,ses-01,240,256,256,0.9,0.9375,0.9375,13.817144393920898,15728640,13640657,0.8672496159871419,0.0,1119.0,46.63444444061602,12.0,74.79704982452779,7.0,4.421018490263248,2.213100725247913,1.0,3.0,230.0,321.0,1.4413062915814172,
QTIM,/run/media/falconnier/Elements/BIDS_datasets_selection/QTIM/sub-0894/ses-01/anat/sub-0894_ses-01_T1w_defacemask.nii.gz,,,,,sub-0894,ses-01,240,256,256,0.9,0.9375,0.9375,0.1805095672607422,15728640,13661516,0.8685757954915364,0.0,1.0,1.0,1.0,0.0,0.0,,,1.0,1.0,1.0,1.0,-2048.0,
QTIM,/run/media/falconnier/Elements/BIDS_datasets_selection/QTIM/sub-0894/ses-01/anat/sub-0894_ses-01_T1w.nii.gz,,,,,sub-0894,ses-01,240,256,256,0.9,0.9375,0.9375,14.33836555480957,15728640,13500873,0.8583623886108398,0.0,1488.0,54.20511140279595,15.0,79.29406874806924,9.0,4.031895136442164,2.0280587819510436,1.0,3.0,243.0,324.0,1.1512325413183364,
QTIM,/run/media/falconnier/Elements/BIDS_datasets_selection/QTIM/sub-0895/ses-01/anat/sub-0895_ses-01_T1w.nii.gz,,,,,sub-0895,ses-01,256,256,256,0.9375,0.9,0.9375,9.799057960510254,16777216,12526920,0.7466626167297363,0.0,513.0,17.885732486517036,2.0,26.535741765227215,1.0,2.5210878156284604,1.5833517153957875,1.0,1.0,77.0,89.0,2.220158792269455,
QTIM,/run/media/falconnier/Elements/BIDS_datasets_selection/QTIM/sub-0895/ses-01/anat/sub-0895_ses-01_T1w_defacemask.nii.gz,,,,,sub-0895,ses-01,256,256,256,0.9375,0.9,0.9375,0.18210887908935547,16777216,14860144,0.8857336044311523,0.0,1.0,1.0,1.0,0.0,0.0,,,1.0,1.0,1.0,1.0,-2048.0,
QTIM,/run/media/falconnier/Elements/BIDS_datasets_selection/QTIM/sub-0896/ses-01/anat/sub-0896_ses-01_T1w_defacemask.nii.gz,,,,,sub-0896,ses-01,256,256,256,0.9375,0.9,0.9375,0.19752120971679688,16777216,14958676,0.8916065692901611,0.0,1.0,1.0,1.0,0.0,0.0,,,1.0,1.0,1.0,1.0,-2048.0,
QTIM,/run/media/falconnier/Elements/BIDS_datasets_selection/QTIM/sub-0896/ses-01/anat/sub-0896_ses-01_T1w.nii.gz,,,,,sub-0896,ses-01,256,256,256,0.9375,0.9,0.9375,10.477697372436523,16777216,13724474,0.8180423974990845,0.0,312.0,13.050522373389319,3.0,19.349419190018114,2.0,5.027946685273822,2.122690996989968,1.0,1.0,58.0,77.0,3.511656670333978,
QTIM,/run/media/falconnier/Elements/BIDS_datasets_selection/QTIM/sub-0897/ses-01/anat/sub-0897_ses-01_T1w_defacemask.nii.gz,,,,,sub-0897,ses-01,256,256,256,0.9375,0.9,0.9375,0.16720104217529297,16777216,14972171,0.892410933971405,0.0,1.0,1.0,1.0,0.0,0.0,,,1.0,1.0,1.0,1.0,-2048.0,
QTIM,/run/media/falconnier/Elements/BIDS_datasets_selection/QTIM/sub-0897/ses-01/anat/sub-0897_ses-01_T1w.nii.gz,,,,,sub-0897,ses-01,256,256,256,0.9375,0.9,0.9375,10.386507987976074,16777216,13866922,0.8265329599380493,0.0,265.0,11.325853495101509,3.0,16.235429227491085,2.0,4.766924775665908,2.1113161383454346,1.0,1.0,49.0,68.0,3.967001203559839,
QTIM,/run/media/falconnier/Elements/BIDS_datasets_selection/QTIM/sub-0898/ses-01/anat/sub-0898_ses-01_T1w.nii.gz,,,,,sub-0898,ses-01,256,256,256,0.9375,0.9,0.9375,10.204561233520508,16777216,13622523,0.8119656443595886,0.0,392.0,12.007225607180109,3.0,19.033149295077617,2.0,5.948345758027315,2.304099874881257,1.0,1.0,58.0,78.0,2.6554376940472273,
QTIM,/run/media/falconnier/Elements/BIDS_datasets_selection/QTIM/sub-0898/ses-01/anat/sub-0898_ses-01_T1w_defacemask.nii.gz,,,,,sub-0898,ses-01,256,256,256,0.9375,0.9,0.9375,0.18528366088867188,16777216,14976857,0.8926902413368225,0.0,1.0,1.0,1.0,0.0,0.0,,,1.0,1.0,1.0,1.0,-2048.0,
QTIM,/run/media/falconnier/Elements/BIDS_datasets_selection/QTIM/sub-0899/ses-01/anat/sub-0899_ses-01_T1w_defacemask.nii.gz,,,,,sub-0899,ses-01,256,256,256,0.9375,0.9,0.9375,0.16950416564941406,16777216,15127031,0.901641309261322,0.0,1.0,1.0,1.0,0.0,0.0,,,1.0,1.0,1.0,1.0,-2048.0,
QTIM,/run/media/falconnier/Elements/BIDS_datasets_selection/QTIM/sub-0899/ses-01/anat/sub-0899_ses-01_T1w.nii.gz,,,,,sub-0899,ses-01,256,256,256,0.9375,0.9,0.9375,10.990083694458008,16777216,14030278,0.836269736289978,0.0,331.0,14.297973639581482,3.0,22.847898723276412,2.0,6.426296991280411,2.358905489744293,1.0,1.0,68.0,94.0,3.368813175687755,
QTIM,/run/media/falconnier/Elements/BIDS_datasets_selection/QTIM/sub-0900/ses-01/anat/sub-0900_ses-01_T1w_defacemask.nii.gz,,,,,sub-0900,ses-01,256,256,256,0.9375,0.9,0.9375,0.17544937133789062,16777216,14934411,0.8901602625846863,0.0,1.0,1.0,1.0,0.0,0.0,,,1.0,1.0,1.0,1.0,-2048.0,
QTIM,/run/media/falconnier/Elements/BIDS_datasets_selection/QTIM/sub-0900/ses-01/anat/sub-0900_ses-01_T1w.nii.gz,,,,,sub-0900,ses-01,256,256,256,0.9375,0.9,0.9375,10.83558177947998,16777216,13924231,0.8299488425254822,0.0,392.0,14.372348318553463,4.0,22.80246322707604,2.0,6.181765374246485,2.334821948978904,1.0,1.0,68.0,94.0,2.854104896659993,
QTIM,/run/media/falconnier/Elements/BIDS_datasets_selection/QTIM/sub-0901/ses-01/anat/sub-0901_ses-01_T1w.nii.gz,,,,,sub-0901,ses-01,256,256,256,0.9375,0.9,0.9375,10.652764320373535,16777216,13963244,0.8322741985321045,0.0,339.0,12.51383510880423,3.0,19.554646770244176,2.0,6.212832004640868,2.3498780243155046,1.0,1.0,59.0,82.0,3.2284513629706115,
QTIM,/run/media/falconnier/Elements/BIDS_datasets_selection/QTIM/sub-0901/ses-01/anat/sub-0901_ses-01_T1w_defacemask.nii.gz,,,,,sub-0901,ses-01,256,256,256,0.9375,0.9,0.9375,0.15405654907226562,16777216,15114089,0.9008699059486389,0.0,1.0,1.0,1.0,0.0,0.0,,,1.0,1.0,1.0,1.0,-2048.0,
QTIM,/run/media/falconnier/Elements/BIDS_datasets_selection/QTIM/sub-0902/ses-01/anat/sub-0902_ses-01_T1w_defacemask.nii.gz,,,,,sub-0902,ses-01,256,256,256,0.9375,0.9,0.9375,0.18854236602783203,16777216,14990728,0.893517017364502,0.0,1.0,1.0,1.0,0.0,0.0,,,1.0,1.0,1.0,1.0,-2048.0,
QTIM,/run/media/falconnier/Elements/BIDS_datasets_selection/QTIM/sub-0902/ses-01/anat/sub-0902_ses-01_T1w.nii.gz,,,,,sub-0902,ses-01,256,256,256,0.9375,0.9,0.9375,9.66672420501709,16777216,13295423,0.7924689650535583,0.0,268.0,9.718218517756073,3.0,15.535431015468967,2.0,8.506014327738404,2.590276436666489,1.0,1.0,46.0,66.0,3.4407764451293907,
QTIM,/run/media/falconnier/Elements/BIDS_datasets_selection/QTIM/sub-0903/ses-01/anat/sub-0903_ses-01_T1w.nii.gz,,,,,sub-0903,ses-01,256,256,256,0.9375,0.9,0.9375,9.493943214416504,16777216,13386850,0.797918438911438,0.0,282.0,8.657450632523709,2.0,14.075986021172978,1.0,8.105498815910835,2.6385191928179,1.0,1.0,42.0,63.0,3.1453632054011815,
QTIM,/run/media/falconnier/Elements/BIDS_datasets_selection/QTIM/sub-0903/ses-01/anat/sub-0903_ses-01_T1w_defacemask.nii.gz,,,,,sub-0903,ses-01,256,256,256,0.9375,0.9,0.9375,0.1700611114501953,16777216,15223271,0.9073776602745056,0.0,1.0,1.0,1.0,0.0,0.0,,,1.0,1.0,1.0,1.0,-2048.0,
QTIM,/run/media/falconnier/Elements/BIDS_datasets_selection/QTIM/sub-0904/ses-01/anat/sub-0904_ses-01_T1w.nii.gz,,,,,sub-0904,ses-01,256,256,256,0.9375,0.9,0.9375,10.821354866027832,16777216,14041016,0.8369097709655762,0.0,295.0,12.924975016052969,4.0,18.791298220583386,3.0,5.893879103100376,2.2252707932391163,1.0,1.0,57.0,76.0,3.8108494676235547,
QTIM,/run/media/falconnier/Elements/BIDS_datasets_selection/QTIM/sub-0904/ses-01/anat/sub-0904_ses-01_T1w_defacemask.nii.gz,,,,,sub-0904,ses-01,256,256,256,0.9375,0.9,0.9375,0.18199729919433594,16777216,15027581,0.8957136273384094,0.0,1.0,1.0,1.0,0.0,0.0,,,1.0,1.0,1.0,1.0,-2048.0,
QTIM,/run/media/falconnier/Elements/BIDS_datasets_selection/QTIM/sub-0905/ses-01/anat/sub-0905_ses-01_T1w.nii.gz,,,,,sub-0905,ses-01,256,250,256,0.9375,0.9,0.9375,9.659085273742676,16384000,13335545,0.8139370727539063,0.0,367.0,10.142046688005626,3.0,17.02713711543495,2.0,7.795555161478342,2.610377641998936,1.0,1.0,51.0,74.0,2.681124198040407,
QTIM,/run/media/falconnier/Elements/BIDS_datasets_selection/QTIM/sub-0905/ses-01/anat/sub-0905_ses-01_T1w_defacemask.nii.gz,,,,,sub-0905,ses-01,256,250,256,0.9375,0.9,0.9375,0.18828201293945312,16384000,14791328,0.902791015625,0.0,1.0,1.0,1.0,0.0,0.0,,,1.0,1.0,1.0,1.0,-2048.0,
QTIM,/run/media/falconnier/Elements/BIDS_datasets_selection/QTIM/sub-0906/ses-01/anat/sub-0906_ses-01_T1w_defacemask.nii.gz,,,,,sub-0906,ses-01,256,256,256,0.9375,0.9,0.9375,0.19046878814697266,16777216,14784864,0.8812465667724609,0.0,1.0,1.0,1.0,0.0,0.0,,,1.0,1.0,1.0,1.0,-2048.0,
QTIM,/run/media/falconnier/Elements/BIDS_datasets_selection/QTIM/sub-0906/ses-01/anat/sub-0906_ses-01_T1w.nii.gz,,,,,sub-0906,ses-01,256,256,256,0.9375,0.9,0.9375,10.989047050476074,16777216,13889261,0.8278644680976868,0.0,438.0,14.351749527926648,4.0,21.843807776941315,2.0,6.791890378281135,2.3141400390541147,1.0,1.0,65.0,89.0,2.6493233145662463,
QTIM,/run/media/falconnier/Elements/BIDS_datasets_selection/QTIM/sub-0907/ses-01/anat/sub-0907_ses-01_T1w_defacemask.nii.gz,,,,,sub-0907,ses-01,256,256,256,0.9375,0.9,0.9375,0.1800537109375,16777216,15066718,0.8980463743209839,0.0,1.0,1.0,1.0,0.0,0.0,,,1.0,1.0,1.0,1.0,-2048.0,
QTIM,/run/media/falconnier/Elements/BIDS_datasets_selection/QTIM/sub-0907/ses-01/anat/sub-0907_ses-01_T1w.nii.gz,,,,,sub-0907,ses-01,256,256,256,0.9375,0.9,0.9375,10.596914291381836,16777216,13946738,0.8312903642654419,0.0,351.0,12.636147176493887,3.0,19.249697263125114,2.0,6.358624918527822,2.329320426401271,1.0,1.0,57.0,81.0,3.1323403058715957,
QTIM,/run/media/falconnier/Elements/BIDS_datasets_selection/QTIM/sub-0908/ses-01/anat/sub-0908_ses-01_T1w_defacemask.nii.gz,,,,,sub-0908,ses-01,240,256,256,0.9,0.9375,0.9375,0.15566158294677734,15728640,13659965,0.8684771855672201,0.0,1.0,1.0,1.0,0.0,0.0,,,1.0,1.0,1.0,1.0,-2048.0,
QTIM,/run/media/falconnier/Elements/BIDS_datasets_selection/QTIM/sub-0908/ses-01/anat/sub-0908_ses-01_T1w.nii.gz,,,,,sub-0908,ses-01,240,256,256,0.9,0.9375,0.9375,14.291729927062988,15728640,13495933,0.8580483118693034,0.0,1502.0,55.39080328866481,15.0,83.16122280672296,9.0,4.689343888768323,2.0999115160423982,1.0,3.0,253.0,344.0,1.1356630422430611,
QTIM,/run/media/falconnier/Elements/BIDS_datasets_selection/QTIM/sub-0909/ses-01/anat/sub-0909_ses-01_T1w_defacemask.nii.gz,,,,,sub-0909,ses-01,256,256,256,0.9375,0.9,0.9375,0.1587839126586914,16777216,15081822,0.8989466428756714,0.0,1.0,1.0,1.0,0.0,0.0,,,1.0,1.0,1.0,1.0,-2048.0,
QTIM,/run/media/falconnier/Elements/BIDS_datasets_selection/QTIM/sub-0909/ses-01/anat/sub-0909_ses-01_T1w.nii.gz,,,,,sub-0909,ses-01,256,256,256,0.9375,0.9,0.9375,10.639212608337402,16777216,13805129,0.8228498101234436,0.0,406.0,14.3414940925217,3.0,22.70029354935282,2.0,5.887624360865722,2.1997385348409813,1.0,1.0,67.0,91.0,2.683232082470701,
QTIM,/run/media/falconnier/Elements/BIDS_datasets_selection/QTIM/sub-0910/ses-01/anat/sub-0910_ses-01_T1w_defacemask.nii.gz,,,,,sub-0910,ses-01,256,256,256,0.9375,0.9,0.9375,0.1808185577392578,16777216,14934394,0.8901592493057251,0.0,1.0,1.0,1.0,0.0,0.0,,,1.0,1.0,1.0,1.0,-2048.0,
QTIM,/run/media/falconnier/Elements/BIDS_datasets_selection/QTIM/sub-0910/ses-01/anat/sub-0910_ses-01_T1w.nii.gz,,,,,sub-0910,ses-01,256,256,256,0.9375,0.9,0.9375,10.931962013244629,16777216,13936874,0.8307024240493774,0.0,414.0,13.64496026870875,4.0,20.705150453065176,2.0,7.05398959834279,2.3767523700805855,1.0,1.0,61.0,86.0,2.756009997270465,
QTIM,/run/media/falconnier/Elements/BIDS_datasets_selection/QTIM/sub-0911/ses-01/anat/sub-0911_ses-01_T1w.nii.gz,,,,,sub-0911,ses-01,256,256,256,0.9375,0.9,0.9375,9.627467155456543,16777216,13333371,0.7947308421134949,0.0,326.0,9.878773417465096,3.0,14.442869433188203,2.0,6.367283263663767,2.2305462752722867,1.0,1.0,44.0,60.0,3.0632926366075,
QTIM,/run/media/falconnier/Elements/BIDS_datasets_selection/QTIM/sub-0911/ses-01/anat/sub-0911_ses-01_T1w_defacemask.nii.gz,,,,,sub-0911,ses-01,256,256,256,0.9375,0.9,0.9375,0.18311214447021484,16777216,14891475,0.8876010775566101,0.0,1.0,1.0,1.0,0.0,0.0,,,1.0,1.0,1.0,1.0,-2048.0,
QTIM,/run/media/falconnier/Elements/BIDS_datasets_selection/QTIM/sub-0912/ses-01/anat/sub-0912_ses-01_T1w_defacemask.nii.gz,,,,,sub-0912,ses-01,240,256,256,0.9,0.9375,0.9375,0.20897674560546875,15728640,13735392,0.873272705078125,0.0,1.0,1.0,1.0,0.0,0.0,,,1.0,1.0,1.0,1.0,-2048.0,
QTIM,/run/media/falconnier/Elements/BIDS_datasets_selection/QTIM/sub-0912/ses-01/anat/sub-0912_ses-01_T1w.nii.gz,,,,,sub-0912,ses-01,240,256,256,0.9,0.9375,0.9375,14.909662246704102,15728640,13588272,0.8639190673828125,0.0,2036.0,62.236693525122256,18.0,90.74465137418694,11.0,5.197536918215388,2.102109951580827,2.0,4.0,275.0,371.0,0.8704168624820388,
QTIM,/run/media/falconnier/Elements/BIDS_datasets_selection/QTIM/sub-0913/ses-01/anat/sub-0913_ses-01_T1w_defacemask.nii.gz,,,,,sub-0913,ses-01,240,256,256,0.9,0.9375,0.9375,0.1701183319091797,15728640,13895310,0.8834400177001953,0.0,1.0,1.0,1.0,0.0,0.0,,,1.0,1.0,1.0,1.0,-2048.0,
QTIM,/run/media/falconnier/Elements/BIDS_datasets_selection/QTIM/sub-0913/ses-01/anat/sub-0913_ses-01_T1w.nii.gz,,,,,sub-0913,ses-01,240,256,256,0.9,0.9375,0.9375,14.248315811157227,15728640,13717402,0.8721289316813151,0.0,1075.0,51.44473421424844,13.0,82.79892539607539,7.0,4.648586512545263,2.233834545575821,1.0,3.0,255.0,347.0,1.5406129176102792,
QTIM,/run/media/falconnier/Elements/BIDS_datasets_selection/QTIM/sub-0914/ses-01/anat/sub-0914_ses-01_T1w_defacemask.nii.gz,,,,,sub-0914,ses-01,256,256,256,0.9375,0.9,0.9375,0.1851034164428711,16777216,15126157,0.9015892148017883,0.0,1.0,1.0,1.0,0.0,0.0,,,1.0,1.0,1.0,1.0,-2048.0,
QTIM,/run/media/falconnier/Elements/BIDS_datasets_selection/QTIM/sub-0914/ses-01/anat/sub-0914_ses-01_T1w.nii.gz,,,,,sub-0914,ses-01,256,256,256,0.9375,0.9,0.9375,10.813928604125977,16777216,14010175,0.8350715041160583,0.0,322.0,12.980309667795014,3.0,20.56185665844295,2.0,7.310209755590883,2.4777671883584764,1.0,1.0,61.0,87.0,3.405922820295235,
QTIM,/run/media/falconnier/Elements/BIDS_datasets_selection/QTIM/sub-0915/ses-01/anat/sub-0915_ses-01_T1w.nii.gz,,,,,sub-0915,ses-01,240,256,256,0.9,0.9375,0.9375,14.035764694213867,15728640,13697569,0.8708679835001628,0.0,1539.0,50.12153156519963,12.0,81.81304330151853,7.0,5.29341629623713,2.2883130324188823,1.0,3.0,251.0,347.0,1.0610027889359557,
QTIM,/run/media/falconnier/Elements/BIDS_datasets_selection/QTIM/sub-0915/ses-01/anat/sub-0915_ses-01_T1w_defacemask.nii.gz,,,,,sub-0915,ses-01,240,256,256,0.9,0.9375,0.9375,0.17737674713134766,15728640,13877985,0.8823385238647461,0.0,1.0,1.0,1.0,0.0,0.0,,,1.0,1.0,1.0,1.0,-2048.0,
QTIM,/run/media/falconnier/Elements/BIDS_datasets_selection/QTIM/sub-0916/ses-01/anat/sub-0916_ses-01_T1w_defacemask.nii.gz,,,,,sub-0916,ses-01,256,256,256,0.9375,0.9,0.9375,0.18524169921875,16777216,15120936,0.901278018951416,0.0,1.0,1.0,1.0,0.0,0.0,,,1.0,1.0,1.0,1.0,-2048.0,
QTIM,/run/media/falconnier/Elements/BIDS_datasets_selection/QTIM/sub-0916/ses-01/anat/sub-0916_ses-01_T1w.nii.gz,,,,,sub-0916,ses-01,256,256,256,0.9375,0.9,0.9375,10.7754545211792,16777216,14025710,0.835997462272644,0.0,371.0,12.496225003939195,3.0,19.23114599691123,2.0,5.994127420279904,2.3069293855401707,1.0,1.0,59.0,81.0,2.970045913290493,
QTIM,/run/media/falconnier/Elements/BIDS_datasets_selection/QTIM/sub-0916/ses-02/anat/sub-0916_ses-02_T1w_defacemask.nii.gz,,,,,sub-0916,ses-02,240,256,256,0.9,0.9375,0.9375,0.1779165267944336,15728640,13992115,0.8895947138468424,0.0,1.0,1.0,1.0,0.0,0.0,,,1.0,1.0,1.0,1.0,-2048.0,
QTIM,/run/media/falconnier/Elements/BIDS_datasets_selection/QTIM/sub-0916/ses-02/anat/sub-0916_ses-02_T1w.nii.gz,,,,,sub-0916,ses-02,240,256,256,0.9,0.9375,0.9375,14.033268928527832,15728640,13803046,0.8775740305582682,0.0,1314.0,44.425383788476836,12.0,69.9558346987274,7.0,5.221500748405205,2.265049345876017,1.0,3.0,216.0,296.0,1.2288024493358323,
QTIM,/run/media/falconnier/Elements/BIDS_datasets_selection/QTIM/sub-0917/ses-01/anat/sub-0917_ses-01_T1w_defacemask.nii.gz,,,,,sub-0917,ses-01,256,256,256,0.9375,0.9,0.9375,0.1633148193359375,16777216,14913584,0.8889188766479492,0.0,1.0,1.0,1.0,0.0,0.0,,,1.0,1.0,1.0,1.0,-2048.0,
QTIM,/run/media/falconnier/Elements/BIDS_datasets_selection/QTIM/sub-0917/ses-01/anat/sub-0917_ses-01_T1w.nii.gz,,,,,sub-0917,ses-01,256,256,256,0.9375,0.9,0.9375,10.164375305175781,16777216,13734645,0.818648636341095,0.0,318.0,11.038135750869426,3.0,15.220019277040684,2.0,4.01103372688848,1.980395917048693,1.0,1.0,46.0,62.0,3.381164478786727,
QTIM,/run/media/falconnier/Elements/BIDS_datasets_selection/QTIM/sub-0918/ses-01/anat/sub-0918_ses-01_T1w_defacemask.nii.gz,,,,,sub-0918,ses-01,256,256,256,0.9375,0.9,0.9375,0.1672496795654297,16777216,14860621,0.8857620358467102,0.0,1.0,1.0,1.0,0.0,0.0,,,1.0,1.0,1.0,1.0,-2048.0,
QTIM,/run/media/falconnier/Elements/BIDS_datasets_selection/QTIM/sub-0918/ses-01/anat/sub-0918_ses-01_T1w.nii.gz,,,,,sub-0918,ses-01,256,256,256,0.9375,0.9,0.9375,9.90367603302002,16777216,13462526,0.8024290800094604,0.0,257.0,10.419218726114252,3.0,15.229247422395016,2.0,5.686026594887782,2.2338379988080503,1.0,1.0,46.0,64.0,4.2610570407536095,
QTIM,/run/media/falconnier/Elements/BIDS_datasets_selection/QTIM/sub-0919/ses-01/anat/sub-0919_ses-01_T1w_defacemask.nii.gz,,,,,sub-0919,ses-01,256,256,256,0.9375,0.9,0.9375,0.1735706329345703,16777216,15181355,0.9048792719841003,0.0,1.0,1.0,1.0,0.0,0.0,,,1.0,1.0,1.0,1.0,-2048.0,
QTIM,/run/media/falconnier/Elements/BIDS_datasets_selection/QTIM/sub-0919/ses-01/anat/sub-0919_ses-01_T1w.nii.gz,,,,,sub-0919,ses-01,256,256,256,0.9375,0.9,0.9375,10.762969017028809,16777216,14206389,0.8467667698860168,0.0,402.0,12.697533201434933,4.0,19.511009401546566,2.0,7.267125846159917,2.4727818774062844,1.0,1.0,59.0,83.0,2.809115853856138,
QTIM,/run/media/falconnier/Elements/BIDS_datasets_selection/QTIM/sub-0920/ses-01/anat/sub-0920_ses-01_T1w.nii.gz,,,,,sub-0920,ses-01,256,256,256,0.9375,0.9,0.9375,10.97299575805664,16777216,14165244,0.8443143367767334,0.0,328.0,13.447633517643608,4.0,19.82599199846005,2.0,6.434489805090239,2.3226094246063695,1.0,1.0,59.0,82.0,3.524881422527089,
QTIM,/run/media/falconnier/Elements/BIDS_datasets_selection/QTIM/sub-0920/ses-01/anat/sub-0920_ses-01_T1w_defacemask.nii.gz,,,,,sub-0920,ses-01,256,256,256,0.9375,0.9,0.9375,0.16907691955566406,16777216,15043712,0.8966751098632812,0.0,1.0,1.0,1.0,0.0,0.0,,,1.0,1.0,1.0,1.0,-2048.0,
QTIM,/run/media/falconnier/Elements/BIDS_datasets_selection/QTIM/sub-0921/ses-01/anat/sub-0921_ses-01_T1w_defacemask.nii.gz,,,,,sub-0921,ses-01,256,256,256,0.9375,0.9,0.9375,0.1707286834716797,16777216,14988782,0.893401026725769,0.0,1.0,1.0,1.0,0.0,0.0,,,1.0,1.0,1.0,1.0,-2048.0,
QTIM,/run/media/falconnier/Elements/BIDS_datasets_selection/QTIM/sub-0922/ses-01/anat/sub-0922_ses-01_T1w_defacemask.nii.gz,,,,,sub-0922,ses-01,256,256,256,0.9375,0.9,0.9375,0.19043636322021484,16777216,14678287,0.8748940825462341,0.0,1.0,1.0,1.0,0.0,0.0,,,1.0,1.0,1.0,1.0,-2048.0,
QTIM,/run/media/falconnier/Elements/BIDS_datasets_selection/QTIM/sub-0921/ses-01/anat/sub-0921_ses-01_T1w.nii.gz,,,,,sub-0921,ses-01,256,256,256,0.9375,0.9,0.9375,10.401445388793945,16777216,13666310,0.8145755529403687,0.0,401.0,13.349269115072028,3.0,20.973406781365128,2.0,5.510129624796022,2.230242117069602,1.0,1.0,63.0,85.0,2.7043069425872597,
QTIM,/run/media/falconnier/Elements/BIDS_datasets_selection/QTIM/sub-0922/ses-01/anat/sub-0922_ses-01_T1w.nii.gz,,,,,sub-0922,ses-01,256,256,256,0.9375,0.9,0.9375,11.187406539916992,16777216,13909055,0.8290442824363708,0.0,401.0,15.512539780739957,5.0,21.645320458815693,3.0,7.147593701843833,2.267124078722507,1.0,1.0,63.0,86.0,3.055502780081227,
QTIM,/run/media/falconnier/Elements/BIDS_datasets_selection/QTIM/sub-0923/ses-01/anat/sub-0923_ses-01_T1w_defacemask.nii.gz,,,,,sub-0923,ses-01,256,256,256,0.9375,0.9,0.9375,0.18419265747070312,16777216,14982317,0.8930156826972961,0.0,1.0,1.0,1.0,0.0,0.0,,,1.0,1.0,1.0,1.0,-2048.0,
QTIM,/run/media/falconnier/Elements/BIDS_datasets_selection/QTIM/sub-0923/ses-01/anat/sub-0923_ses-01_T1w.nii.gz,,,,,sub-0923,ses-01,256,256,256,0.9375,0.9,0.9375,10.347387313842773,16777216,13779660,0.8213317394256592,0.0,400.0,12.060959631805138,3.0,19.224948976647717,2.0,6.944273699565903,2.4346107477519454,1.0,1.0,58.0,81.0,2.6583592712858524,
QTIM,/run/media/falconnier/Elements/BIDS_datasets_selection/QTIM/sub-0924/ses-01/anat/sub-0924_ses-01_T1w.nii.gz,,,,,sub-0924,ses-01,256,256,256,0.9375,0.9,0.9375,10.502918243408203,16777216,13901919,0.8286189436912537,0.0,366.0,11.863555887500135,3.0,18.342107016559737,2.0,6.23201364202952,2.3168471463154354,1.0,1.0,55.0,77.0,2.9278695885763666,
QTIM,/run/media/falconnier/Elements/BIDS_datasets_selection/QTIM/sub-0924/ses-01/anat/sub-0924_ses-01_T1w_defacemask.nii.gz,,,,,sub-0924,ses-01,256,256,256,0.9375,0.9,0.9375,0.1813831329345703,16777216,15120319,0.9012412428855896,0.0,1.0,1.0,1.0,0.0,0.0,,,1.0,1.0,1.0,1.0,-2048.0,
QTIM,/run/media/falconnier/Elements/BIDS_datasets_selection/QTIM/sub-0925/ses-01/anat/sub-0925_ses-01_T1w_defacemask.nii.gz,,,,,sub-0925,ses-01,256,256,256,0.9375,0.9,0.9375,0.18640899658203125,16777216,15050419,0.8970748782157898,0.0,1.0,1.0,1.0,0.0,0.0,,,1.0,1.0,1.0,1.0,-2048.0,
QTIM,/run/media/falconnier/Elements/BIDS_datasets_selection/QTIM/sub-0925/ses-01/anat/sub-0925_ses-01_T1w.nii.gz,,,,,sub-0925,ses-01,256,256,256,0.9375,0.9,0.9375,9.93895435333252,16777216,13495986,0.804423451423645,0.0,351.0,10.726867677545012,3.0,16.96216324058024,2.0,6.762205706493599,2.3861804531248305,1.0,1.0,51.0,70.0,2.858430494194042,
QTIM,/run/media/falconnier/Elements/BIDS_datasets_selection/QTIM/sub-0926/ses-01/anat/sub-0926_ses-01_T1w_defacemask.nii.gz,,,,,sub-0926,ses-01,256,256,256,0.9375,0.9,0.9375,0.1802968978881836,16777216,15024597,0.8955357670783997,0.0,1.0,1.0,1.0,0.0,0.0,,,1.0,1.0,1.0,1.0,-2048.0,
QTIM,/run/media/falconnier/Elements/BIDS_datasets_selection/QTIM/sub-0926/ses-01/anat/sub-0926_ses-01_T1w.nii.gz,,,,,sub-0926,ses-01,256,256,256,0.9375,0.9,0.9375,9.88013744354248,16777216,13476653,0.8032711148262024,0.0,334.0,10.737404606321762,3.0,16.79579606617038,2.0,5.82159015997536,2.287735661046806,1.0,1.0,51.0,70.0,2.9896288467145786,
QTIM,/run/media/falconnier/Elements/BIDS_datasets_selection/QTIM/sub-0926/ses-02/anat/sub-0926_ses-02_T1w_defacemask.nii.gz,,,,,sub-0926,ses-02,256,256,256,0.9375,0.9,0.9375,0.1822490692138672,16777216,15026855,0.8956703543663025,0.0,1.0,1.0,1.0,0.0,0.0,,,1.0,1.0,1.0,1.0,-2048.0,
QTIM,/run/media/falconnier/Elements/BIDS_datasets_selection/QTIM/sub-0926/ses-02/anat/sub-0926_ses-02_T1w.nii.gz,,,,,sub-0926,ses-02,256,256,256,0.9375,0.9,0.9375,10.050448417663574,16777216,13608996,0.8111593723297119,0.0,362.0,10.867924863818022,3.0,16.814896370071708,2.0,5.715741629736611,2.2826125357218303,1.0,1.0,51.0,71.0,2.8260875228209654,
QTIM,/run/media/falconnier/Elements/BIDS_datasets_selection/QTIM/sub-0927/ses-01/anat/sub-0927_ses-01_T1w_defacemask.nii.gz,,,,,sub-0927,ses-01,256,256,256,0.9375,0.9,0.9375,0.1811056137084961,16777216,14902372,0.8882505893707275,0.0,1.0,1.0,1.0,0.0,0.0,,,1.0,1.0,1.0,1.0,-2048.0,
QTIM,/run/media/falconnier/Elements/BIDS_datasets_selection/QTIM/sub-0927/ses-01/anat/sub-0927_ses-01_T1w.nii.gz,,,,,sub-0927,ses-01,256,256,256,0.9375,0.9,0.9375,10.603917121887207,16777216,13810556,0.8231732845306396,0.0,411.0,12.636429699137384,3.0,19.884949886219612,2.0,6.780611420706675,2.4071062575336812,1.0,1.0,60.0,84.0,2.6650031599068096,
QTIM,/run/media/falconnier/Elements/BIDS_datasets_selection/QTIM/sub-0928/ses-01/anat/sub-0928_ses-01_T1w.nii.gz,,,,,sub-0928,ses-01,256,256,256,0.9375,0.9,0.9375,10.105904579162598,16777216,12857726,0.7663801908493042,0.0,586.0,18.19372990216155,3.0,26.458926494296,2.0,2.2191293836756074,1.5330563133714459,1.0,1.0,77.0,88.0,1.8960327729351658,
QTIM,/run/media/falconnier/Elements/BIDS_datasets_selection/QTIM/sub-0928/ses-01/anat/sub-0928_ses-01_T1w_defacemask.nii.gz,,,,,sub-0928,ses-01,256,256,256,0.9375,0.9,0.9375,0.1776113510131836,16777216,14984965,0.8931735157966614,0.0,1.0,1.0,1.0,0.0,0.0,,,1.0,1.0,1.0,1.0,-2048.0,
QTIM,/run/media/falconnier/Elements/BIDS_datasets_selection/QTIM/sub-0929/ses-01/anat/sub-0929_ses-01_T1w_defacemask.nii.gz,,,,,sub-0929,ses-01,256,256,256,0.9375,0.9,0.9375,0.17618560791015625,16777216,14998718,0.8939932584762573,0.0,1.0,1.0,1.0,0.0,0.0,,,1.0,1.0,1.0,1.0,-2048.0,
QTIM,/run/media/falconnier/Elements/BIDS_datasets_selection/QTIM/sub-0929/ses-01/anat/sub-0929_ses-01_T1w.nii.gz,,,,,sub-0929,ses-01,256,256,256,0.9375,0.9,0.9375,9.65971565246582,16777216,13389719,0.7980894446372986,0.0,313.0,10.03512314186728,3.0,16.027583680245076,2.0,7.524644716205806,2.500419055504277,1.0,1.0,48.0,67.0,3.0948585138552542,
QTIM,/run/media/falconnier/Elements/BIDS_datasets_selection/QTIM/sub-0929/ses-02/anat/sub-0929_ses-02_T1w_defacemask.nii.gz,,,,,sub-0929,ses-02,256,256,256,0.9375,0.9,0.9375,0.17762088775634766,16777216,14884959,0.8872126936912537,0.0,1.0,1.0,1.0,0.0,0.0,,,1.0,1.0,1.0,1.0,-2048.0,
QTIM,/run/media/falconnier/Elements/BIDS_datasets_selection/QTIM/sub-0929/ses-02/anat/sub-0929_ses-02_T1w.nii.gz,,,,,sub-0929,ses-02,256,256,256,0.9375,0.9,0.9375,10.542675018310547,16777216,13785395,0.821673572063446,0.0,418.0,12.532814402489011,3.0,19.402161517838966,2.0,7.454233547887917,2.4401176814033527,1.0,1.0,58.0,81.0,2.647999044828463,
QTIM,/run/media/falconnier/Elements/BIDS_datasets_selection/QTIM/sub-0930/ses-01/anat/sub-0930_ses-01_T1w_defacemask.nii.gz,,,,,sub-0930,ses-01,256,256,256,0.9375,0.9,0.9375,0.1805400848388672,16777216,14974585,0.8925548195838928,0.0,1.0,1.0,1.0,0.0,0.0,,,1.0,1.0,1.0,1.0,-2048.0,
QTIM,/run/media/falconnier/Elements/BIDS_datasets_selection/QTIM/sub-0930/ses-01/anat/sub-0930_ses-01_T1w.nii.gz,,,,,sub-0930,ses-01,256,256,256,0.9375,0.9,0.9375,10.202486038208008,16777216,13524724,0.8061363697052002,0.0,303.0,12.268933029613025,3.0,19.17365355265005,2.0,4.830823016039496,2.1839147138600543,1.0,1.0,58.0,78.0,3.4039455607271796,
QTIM,/run/media/falconnier/Elements/BIDS_datasets_selection/QTIM/sub-0931/ses-01/anat/sub-0931_ses-01_T1w_defacemask.nii.gz,,,,,sub-0931,ses-01,256,256,256,0.9375,0.9,0.9375,0.17187213897705078,16777216,15178153,0.9046884179115295,0.0,1.0,1.0,1.0,0.0,0.0,,,1.0,1.0,1.0,1.0,-2048.0,
QTIM,/run/media/falconnier/Elements/BIDS_datasets_selection/QTIM/sub-0931/ses-01/anat/sub-0931_ses-01_T1w.nii.gz,,,,,sub-0931,ses-01,256,256,256,0.9375,0.9,0.9375,11.03279972076416,16777216,14237507,0.8486215472221375,0.0,369.0,13.671307835002294,4.0,19.494483958659842,3.0,4.344263883582542,2.0359839678824136,1.0,1.0,59.0,79.0,3.1509202022814344,
QTIM,/run/media/falconnier/Elements/BIDS_datasets_selection/QTIM/sub-0932/ses-01/anat/sub-0932_ses-01_T1w_defacemask.nii.gz,,,,,sub-0932,ses-01,256,256,256,0.9375,0.9,0.9375,0.16988658905029297,16777216,15003474,0.8942767381668091,0.0,1.0,1.0,1.0,0.0,0.0,,,1.0,1.0,1.0,1.0,-2048.0,
QTIM,/run/media/falconnier/Elements/BIDS_datasets_selection/QTIM/sub-0933/ses-01/anat/sub-0933_ses-01_T1w_defacemask.nii.gz,,,,,sub-0933,ses-01,256,256,256,0.9375,0.9,0.9375,0.1622161865234375,16777216,15065692,0.8979852199554443,0.0,1.0,1.0,1.0,0.0,0.0,,,1.0,1.0,1.0,1.0,-2048.0,
QTIM,/run/media/falconnier/Elements/BIDS_datasets_selection/QTIM/sub-0932/ses-01/anat/sub-0932_ses-01_T1w.nii.gz,,,,,sub-0932,ses-01,256,256,256,0.9375,0.9,0.9375,9.607375144958496,16777216,13417752,0.7997603416442871,0.0,267.0,9.517788076571993,3.0,14.03443528658053,2.0,6.343753488515205,2.2706264612186904,1.0,1.0,43.0,59.0,3.536176001074119,
QTIM,/run/media/falconnier/Elements/BIDS_datasets_selection/QTIM/sub-0933/ses-01/anat/sub-0933_ses-01_T1w.nii.gz,,,,,sub-0933,ses-01,256,256,256,0.9375,0.9,0.9375,10.250163078308105,16777216,13627710,0.8122748136520386,0.0,333.0,12.474765165974327,3.0,19.577773388133977,2.0,5.170195058666348,2.1850595030038806,1.0,1.0,59.0,79.0,3.133764102630867,
QTIM,/run/media/falconnier/Elements/BIDS_datasets_selection/QTIM/sub-0934/ses-01/anat/sub-0934_ses-01_T1w_defacemask.nii.gz,,,,,sub-0934,ses-01,256,256,256,0.9375,0.9,0.9375,0.16756820678710938,16777216,15082024,0.898958683013916,0.0,1.0,1.0,1.0,0.0,0.0,,,1.0,1.0,1.0,1.0,-2048.0,
QTIM,/run/media/falconnier/Elements/BIDS_datasets_selection/QTIM/sub-0934/ses-01/anat/sub-0934_ses-01_T1w.nii.gz,,,,,sub-0934,ses-01,256,256,256,0.9375,0.9,0.9375,11.099983215332031,16777216,14123822,0.8418453931808472,0.0,376.0,14.192290089750493,4.0,21.790023743720116,2.0,5.484154836653797,2.235105344396262,1.0,1.0,66.0,89.0,3.0691760438760247,
QTIM,/run/media/falconnier/Elements/BIDS_datasets_selection/QTIM/sub-0935/ses-01/anat/sub-0935_ses-01_T1w_defacemask.nii.gz,,,,,sub-0935,ses-01,240,256,256,0.9,0.9375,0.9375,0.17836761474609375,15728640,13523354,0.8597916920979818,0.0,1.0,1.0,1.0,0.0,0.0,,,1.0,1.0,1.0,1.0,-2048.0,
QTIM,/run/media/falconnier/Elements/BIDS_datasets_selection/QTIM/sub-0935/ses-01/anat/sub-0935_ses-01_T1w.nii.gz,,,,,sub-0935,ses-01,240,256,256,0.9,0.9375,0.9375,14.439201354980469,15728640,13370343,0.8500635147094726,0.0,1385.0,58.63690617361125,16.0,82.96730225975294,10.0,3.846610422373259,1.9476247802473137,1.0,3.0,250.0,332.0,1.2621006728912432,
QTIM,/run/media/falconnier/Elements/BIDS_datasets_selection/QTIM/sub-0936/ses-01/anat/sub-0936_ses-01_T1w_defacemask.nii.gz,,,,,sub-0936,ses-01,256,256,256,0.9375,0.9,0.9375,0.16755962371826172,16777216,14984973,0.8931739926338196,0.0,1.0,1.0,1.0,0.0,0.0,,,1.0,1.0,1.0,1.0,-2048.0,
QTIM,/run/media/falconnier/Elements/BIDS_datasets_selection/QTIM/sub-0936/ses-01/anat/sub-0936_ses-01_T1w.nii.gz,,,,,sub-0936,ses-01,256,256,256,0.9375,0.9,0.9375,9.976215362548828,16777216,13651376,0.813685417175293,0.0,257.0,10.329429648703545,3.0,15.114587503652873,2.0,5.692369735738481,2.2431405071886488,1.0,1.0,46.0,63.0,4.273361635652528,
QTIM,/run/media/falconnier/Elements/BIDS_datasets_selection/QTIM/sub-0936/ses-02/anat/sub-0936_ses-02_T1w_defacemask.nii.gz,,,,,sub-0936,ses-02,256,256,256,0.9375,0.9,0.9375,0.18749237060546875,16777216,15100616,0.9000668525695801,0.0,1.0,1.0,1.0,0.0,0.0,,,1.0,1.0,1.0,1.0,-2048.0,
QTIM,/run/media/falconnier/Elements/BIDS_datasets_selection/QTIM/sub-0936/ses-02/anat/sub-0936_ses-02_T1w.nii.gz,,,,,sub-0936,ses-02,256,256,256,0.9375,0.9,0.9375,11.10450553894043,16777216,14243705,0.8489909768104553,0.0,349.0,14.110678015305709,4.0,20.91446318155669,2.0,4.765801217095344,2.154645885187032,1.0,1.0,64.0,86.0,3.318792778041757,
QTIM,/run/media/falconnier/Elements/BIDS_datasets_selection/QTIM/sub-0937/ses-01/anat/sub-0937_ses-01_T1w_defacemask.nii.gz,,,,,sub-0937,ses-01,256,256,256,0.9375,0.9,0.9375,0.17289161682128906,16777216,14878218,0.8868108987808228,0.0,1.0,1.0,1.0,0.0,0.0,,,1.0,1.0,1.0,1.0,-2048.0,
QTIM,/run/media/falconnier/Elements/BIDS_datasets_selection/QTIM/sub-0937/ses-01/anat/sub-0937_ses-01_T1w.nii.gz,,,,,sub-0937,ses-01,256,256,256,0.9375,0.9,0.9375,10.063973426818848,16777216,13700882,0.8166362047195435,0.0,299.0,10.563710496886259,3.0,15.08543305981132,2.0,5.907872239169759,2.2140181292287124,1.0,1.0,46.0,64.0,3.5082538921814432,
QTIM,/run/media/falconnier/Elements/BIDS_datasets_selection/QTIM/sub-0938/ses-01/anat/sub-0938_ses-01_T1w_defacemask.nii.gz,,,,,sub-0938,ses-01,256,256,256,0.9375,0.9,0.9375,0.19370460510253906,16777216,15118186,0.9011141061782837,0.0,1.0,1.0,1.0,0.0,0.0,,,1.0,1.0,1.0,1.0,-2048.0,
QTIM,/run/media/falconnier/Elements/BIDS_datasets_selection/QTIM/sub-0938/ses-01/anat/sub-0938_ses-01_T1w.nii.gz,,,,,sub-0938,ses-01,256,256,256,0.9375,0.9,0.9375,9.222234725952148,16777216,13065477,0.7787631154060364,0.0,270.0,8.304140369310666,2.0,13.411791835799155,1.0,8.534635708646032,2.638302097309099,1.0,1.0,40.0,58.0,3.128952460201532,
QTIM,/run/media/falconnier/Elements/BIDS_datasets_selection/QTIM/sub-0939/ses-01/anat/sub-0939_ses-01_T1w.nii.gz,,,,,sub-0939,ses-01,256,256,256,0.9375,0.9,0.9375,10.988460540771484,16777216,14154794,0.8436914682388306,0.0,368.0,13.742055235844477,4.0,21.182716808191547,2.0,6.624738529814746,2.3536736741661484,1.0,1.0,64.0,87.0,3.100946847507423,
QTIM,/run/media/falconnier/Elements/BIDS_datasets_selection/QTIM/sub-0939/ses-01/anat/sub-0939_ses-01_T1w_defacemask.nii.gz,,,,,sub-0939,ses-01,256,256,256,0.9375,0.9,0.9375,0.1586017608642578,16777216,15147501,0.9028614163398743,0.0,1.0,1.0,1.0,0.0,0.0,,,1.0,1.0,1.0,1.0,-2048.0,
QTIM,/run/media/falconnier/Elements/BIDS_datasets_selection/QTIM/sub-0940/ses-01/anat/sub-0940_ses-01_T1w.nii.gz,,,,,sub-0940,ses-01,256,256,256,0.9375,0.9,0.9375,9.708928108215332,16777216,13353378,0.7959233522415161,0.0,309.0,10.17336721839223,3.0,15.87955470406359,2.0,6.046322094509092,2.347219969477918,1.0,1.0,48.0,68.0,3.1585282901944343,
QTIM,/run/media/falconnier/Elements/BIDS_datasets_selection/QTIM/sub-0940/ses-01/anat/sub-0940_ses-01_T1w_defacemask.nii.gz,,,,,sub-0940,ses-01,256,256,256,0.9375,0.9,0.9375,0.18853473663330078,16777216,14960370,0.8917075395584106,0.0,1.0,1.0,1.0,0.0,0.0,,,1.0,1.0,1.0,1.0,-2048.0,
QTIM,/run/media/falconnier/Elements/BIDS_datasets_selection/QTIM/sub-0941/ses-01/anat/sub-0941_ses-01_T1w_defacemask.nii.gz,,,,,sub-0941,ses-01,256,256,256,0.9375,0.9,0.9375,0.16928958892822266,16777216,15160497,0.9036360383033752,0.0,1.0,1.0,1.0,0.0,0.0,,,1.0,1.0,1.0,1.0,-2048.0,
QTIM,/run/media/falconnier/Elements/BIDS_datasets_selection/QTIM/sub-0941/ses-01/anat/sub-0941_ses-01_T1w.nii.gz,,,,,sub-0941,ses-01,256,256,256,0.9375,0.9,0.9375,9.990588188171387,16777216,13674827,0.8150832056999207,0.0,341.0,10.210216992141838,3.0,16.42430027899919,2.0,7.77653587684796,2.5124455473928906,1.0,1.0,50.0,70.0,2.9185645632271284,
QTIM,/run/media/falconnier/Elements/BIDS_datasets_selection/QTIM/sub-0943/ses-01/anat/sub-0943_ses-01_T1w_defacemask.nii.gz,,,,,sub-0943,ses-01,240,256,256,0.9,0.9375,0.9375,0.1902179718017578,15728640,13794012,0.8769996643066407,0.0,1.0,1.0,1.0,0.0,0.0,,,1.0,1.0,1.0,1.0,-2048.0,
QTIM,/run/media/falconnier/Elements/BIDS_datasets_selection/QTIM/sub-0942/ses-01/anat/sub-0942_ses-01_T1w.nii.gz,,,,,sub-0942,ses-01,256,256,256,0.9375,1.02,0.9375,11.10197925567627,16777216,13931560,0.830385684967041,0.0,541.0,15.803899204396348,4.0,23.071591160556043,3.0,6.846725081501349,2.304848310860885,1.0,1.0,66.0,96.0,2.2387924276235616,
QTIM,/run/media/falconnier/Elements/BIDS_datasets_selection/QTIM/sub-0942/ses-01/anat/sub-0942_ses-01_T1w_defacemask.nii.gz,,,,,sub-0942,ses-01,256,256,256,0.9375,1.02,0.9375,0.1685800552368164,16777216,14809532,0.8827168941497803,0.0,1.0,1.0,1.0,0.0,0.0,,,1.0,1.0,1.0,1.0,-2048.0,
QTIM,/run/media/falconnier/Elements/BIDS_datasets_selection/QTIM/sub-0943/ses-01/anat/sub-0943_ses-01_T1w.nii.gz,,,,,sub-0943,ses-01,240,256,256,0.9,0.9375,0.9375,14.877930641174316,15728640,13652583,0.8680078506469726,0.0,1313.0,60.81747014466054,19.0,84.8092193807991,12.0,3.93723990531537,1.9785613867962921,2.0,4.0,259.0,345.0,1.3571406462986655,
QTIM,/run/media/falconnier/Elements/BIDS_datasets_selection/QTIM/sub-0944/ses-01/anat/sub-0944_ses-01_T1w_defacemask.nii.gz,,,,,sub-0944,ses-01,256,256,256,0.9375,0.9,0.9375,0.16810131072998047,16777216,14828276,0.8838341236114502,0.0,1.0,1.0,1.0,0.0,0.0,,,1.0,1.0,1.0,1.0,-2048.0,
QTIM,/run/media/falconnier/Elements/BIDS_datasets_selection/QTIM/sub-0944/ses-01/anat/sub-0944_ses-01_T1w.nii.gz,,,,,sub-0944,ses-01,256,256,256,0.9375,0.9,0.9375,10.390817642211914,16777216,13781058,0.8214150667190552,0.0,340.0,11.323976649688289,4.0,16.145328262883535,3.0,6.521616821727184,2.2646006286955425,1.0,1.0,49.0,67.0,3.2431384563969017,
QTIM,/run/media/falconnier/Elements/BIDS_datasets_selection/QTIM/sub-0946/ses-01/anat/sub-0946_ses-01_T1w_defacemask.nii.gz,,,,,sub-0946,ses-01,240,256,256,0.9,0.9375,0.9375,0.17016887664794922,15728640,13986410,0.8892319997151693,0.0,1.0,1.0,1.0,0.0,0.0,,,1.0,1.0,1.0,1.0,-2048.0,
QTIM,/run/media/falconnier/Elements/BIDS_datasets_selection/QTIM/sub-0945/ses-01/anat/sub-0945_ses-01_T1w_defacemask.nii.gz,,,,,sub-0945,ses-01,256,256,256,0.9375,0.9,0.9375,0.19719314575195312,16777216,14879234,0.8868714570999146,0.0,1.0,1.0,1.0,0.0,0.0,,,1.0,1.0,1.0,1.0,-2048.0,
QTIM,/run/media/falconnier/Elements/BIDS_datasets_selection/QTIM/sub-0946/ses-01/anat/sub-0946_ses-01_T1w.nii.gz,,,,,sub-0946,ses-01,240,256,256,0.9,0.9375,0.9375,13.816873550415039,15728640,13782180,0.8762474060058594,0.0,1265.0,42.74455245831937,11.0,70.69784164890903,6.0,6.475030887505357,2.451591176879204,1.0,2.0,215.0,305.0,1.2578461432776118,
QTIM,/run/media/falconnier/Elements/BIDS_datasets_selection/QTIM/sub-0945/ses-01/anat/sub-0945_ses-01_T1w.nii.gz,,,,,sub-0945,ses-01,256,256,256,0.9375,0.9,0.9375,11.051297187805176,16777216,13457049,0.8021026253700256,0.0,488.0,20.465002468223158,4.0,27.757455169406953,3.0,1.7334388949583577,1.426116156402657,1.0,1.0,79.0,94.0,2.55780170286019,
QTIM,/run/media/falconnier/Elements/BIDS_datasets_selection/QTIM/sub-0947/ses-01/anat/sub-0947_ses-01_T1w.nii.gz,,,,,sub-0947,ses-01,256,256,256,0.9375,0.9,0.9375,9.666683197021484,16777216,13344969,0.7954221367835999,0.0,358.0,10.369296249395559,3.0,17.046732540586007,2.0,6.790989591196306,2.451102685562652,1.0,1.0,51.0,72.0,2.709707342624739,
QTIM,/run/media/falconnier/Elements/BIDS_datasets_selection/QTIM/sub-0947/ses-01/anat/sub-0947_ses-01_T1w_defacemask.nii.gz,,,,,sub-0947,ses-01,256,256,256,0.9375,0.9,0.9375,0.16804122924804688,16777216,15060052,0.8976490497589111,0.0,1.0,1.0,1.0,0.0,0.0,,,1.0,1.0,1.0,1.0,-2048.0,
QTIM,/run/media/falconnier/Elements/BIDS_datasets_selection/QTIM/sub-0949/ses-01/anat/sub-0949_ses-01_T1w_defacemask.nii.gz,,,,,sub-0949,ses-01,240,256,256,0.9,0.9375,0.9375,0.15486621856689453,15728640,13844921,0.8802363713582356,0.0,1.0,1.0,1.0,0.0,0.0,,,1.0,1.0,1.0,1.0,-2048.0,
QTIM,/run/media/falconnier/Elements/BIDS_datasets_selection/QTIM/sub-0948/ses-01/anat/sub-0948_ses-01_T1w_defacemask.nii.gz,,,,,sub-0948,ses-01,256,256,256,0.9375,0.9,0.9375,0.17397499084472656,16777216,14750301,0.8791864514350891,0.0,1.0,1.0,1.0,0.0,0.0,,,1.0,1.0,1.0,1.0,-2048.0,
QTIM,/run/media/falconnier/Elements/BIDS_datasets_selection/QTIM/sub-0949/ses-01/anat/sub-0949_ses-01_T1w.nii.gz,,,,,sub-0949,ses-01,240,256,256,0.9,0.9375,0.9375,13.95315170288086,15728640,13664252,0.8687497456868489,0.0,1121.0,44.88035268963131,13.0,69.08087247944923,8.0,5.014054199575231,2.2313320051716037,1.0,3.0,211.0,293.0,1.4519961179483283,
QTIM,/run/media/falconnier/Elements/BIDS_datasets_selection/QTIM/sub-0948/ses-01/anat/sub-0948_ses-01_T1w.nii.gz,,,,,sub-0948,ses-01,256,256,256,0.9375,0.9,0.9375,10.084388732910156,16777216,13574363,0.8090950846672058,0.0,322.0,11.28575145662452,3.0,16.34633511111065,2.0,6.1126115743543235,2.254052197258156,1.0,1.0,49.0,68.0,3.333323252453006,
QTIM,/run/media/falconnier/Elements/BIDS_datasets_selection/QTIM/sub-0950/ses-01/anat/sub-0950_ses-01_T1w_defacemask.nii.gz,,,,,sub-0950,ses-01,256,256,256,0.9375,0.9,0.9375,0.18691444396972656,16777216,15002513,0.8942194581031799,0.0,1.0,1.0,1.0,0.0,0.0,,,1.0,1.0,1.0,1.0,-2048.0,
QTIM,/run/media/falconnier/Elements/BIDS_datasets_selection/QTIM/sub-0950/ses-01/anat/sub-0950_ses-01_T1w.nii.gz,,,,,sub-0950,ses-01,256,256,256,0.9375,0.9,0.9375,10.449453353881836,16777216,13817359,0.8235787749290466,0.0,326.0,12.436878639398456,3.0,19.5868862523911,2.0,5.309495201393872,2.270039174318931,1.0,1.0,59.0,82.0,3.269265886169671,
QTIM,/run/media/falconnier/Elements/BIDS_datasets_selection/QTIM/sub-0951/ses-01/anat/sub-0951_ses-01_T1w.nii.gz,,,,,sub-0951,ses-01,256,256,256,0.9375,0.9,0.9375,10.553472518920898,16777216,13911564,0.8291938304901123,0.0,373.0,12.566239065571635,3.0,20.155948408281553,2.0,5.875254004198881,2.3055730324524784,1.0,1.0,61.0,84.0,2.874703520360306,
QTIM,/run/media/falconnier/Elements/BIDS_datasets_selection/QTIM/sub-0951/ses-01/anat/sub-0951_ses-01_T1w_defacemask.nii.gz,,,,,sub-0951,ses-01,256,256,256,0.9375,0.9,0.9375,0.16672229766845703,16777216,15100485,0.9000590443611145,0.0,1.0,1.0,1.0,0.0,0.0,,,1.0,1.0,1.0,1.0,-2048.0,
QTIM,/run/media/falconnier/Elements/BIDS_datasets_selection/QTIM/sub-0952/ses-01/anat/sub-0952_ses-01_T1w_defacemask.nii.gz,,,,,sub-0952,ses-01,256,256,256,0.9375,0.9,0.9375,0.19124412536621094,16777216,14758032,0.8796472549438477,0.0,1.0,1.0,1.0,0.0,0.0,,,1.0,1.0,1.0,1.0,-2048.0,
QTIM,/run/media/falconnier/Elements/BIDS_datasets_selection/QTIM/sub-0952/ses-01/anat/sub-0952_ses-01_T1w.nii.gz,,,,,sub-0952,ses-01,256,256,256,0.9375,0.9,0.9375,10.887883186340332,16777216,13894552,0.8281798362731934,0.0,350.0,14.430163779299972,4.0,20.781401318152408,3.0,4.582601983643488,2.081666949161718,1.0,1.0,63.0,84.0,3.359197693822292,
QTIM,/run/media/falconnier/Elements/BIDS_datasets_selection/QTIM/sub-0953/ses-01/anat/sub-0953_ses-01_T1w_defacemask.nii.gz,,,,,sub-0953,ses-01,240,256,256,0.9,0.9375,0.9375,0.1613759994506836,15728640,13755719,0.874565060933431,0.0,1.0,1.0,1.0,0.0,0.0,,,1.0,1.0,1.0,1.0,-2048.0,
QTIM,/run/media/falconnier/Elements/BIDS_datasets_selection/QTIM/sub-0953/ses-01/anat/sub-0953_ses-01_T1w.nii.gz,,,,,sub-0953,ses-01,240,256,256,0.9,0.9375,0.9375,14.301400184631348,15728640,13584230,0.8636620839436849,0.0,1172.0,51.45313241898879,14.0,78.86332184633983,8.0,4.858095228143512,2.183878593808176,1.0,3.0,239.0,328.0,1.4264585047304004,
QTIM,/run/media/falconnier/Elements/BIDS_datasets_selection/QTIM/sub-0954/ses-01/anat/sub-0954_ses-01_T1w.nii.gz,,,,,sub-0954,ses-01,256,256,256,0.9375,0.9,0.9375,10.623872756958008,16777216,13775296,0.8210716247558594,0.0,324.0,12.402710402738352,3.0,18.636393207588895,2.0,6.71587511754916,2.33448922192731,1.0,1.0,55.0,78.0,3.3776929627208063,
QTIM,/run/media/falconnier/Elements/BIDS_datasets_selection/QTIM/sub-0954/ses-01/anat/sub-0954_ses-01_T1w_defacemask.nii.gz,,,,,sub-0954,ses-01,256,256,256,0.9375,0.9,0.9375,0.1690053939819336,16777216,14877086,0.886743426322937,0.0,1.0,1.0,1.0,0.0,0.0,,,1.0,1.0,1.0,1.0,-2048.0,
QTIM,/run/media/falconnier/Elements/BIDS_datasets_selection/QTIM/sub-0956/ses-01/anat/sub-0956_ses-01_T1w_defacemask.nii.gz,,,,,sub-0956,ses-01,240,256,256,0.9,0.9375,0.9375,0.1628856658935547,15728640,13975780,0.888556162516276,0.0,1.0,1.0,1.0,0.0,0.0,,,1.0,1.0,1.0,1.0,-2048.0,
QTIM,/run/media/falconnier/Elements/BIDS_datasets_selection/QTIM/sub-0955/ses-01/anat/sub-0955_ses-01_T1w_defacemask.nii.gz,,,,,sub-0955,ses-01,256,256,256,0.9375,0.9,0.9375,0.17174720764160156,16777216,14933752,0.8901209831237793,0.0,1.0,1.0,1.0,0.0,0.0,,,1.0,1.0,1.0,1.0,-2048.0,
QTIM,/run/media/falconnier/Elements/BIDS_datasets_selection/QTIM/sub-0955/ses-01/anat/sub-0955_ses-01_T1w.nii.gz,,,,,sub-0955,ses-01,256,256,256,0.9375,0.9,0.9375,10.51384449005127,16777216,13831128,0.824399471282959,0.0,389.0,12.768710838335094,3.0,19.977109084769946,2.0,6.355163481293388,2.3700448451482434,1.0,1.0,60.0,84.0,2.8097474241088607,
QTIM,/run/media/falconnier/Elements/BIDS_datasets_selection/QTIM/sub-0956/ses-01/anat/sub-0956_ses-01_T1w.nii.gz,,,,,sub-0956,ses-01,240,256,256,0.9,0.9375,0.9375,14.24927806854248,15728640,13793744,0.8769826253255208,0.0,1190.0,49.00180335375225,13.0,77.78074834611797,7.0,4.9760909305517895,2.248972243890781,1.0,3.0,237.0,331.0,1.3786571814930024,
QTIM,/run/media/falconnier/Elements/BIDS_datasets_selection/QTIM/sub-0957/ses-01/anat/sub-0957_ses-01_T1w_defacemask.nii.gz,,,,,sub-0957,ses-01,256,256,256,0.9375,0.9,0.9375,0.17534732818603516,16777216,15062021,0.8977664113044739,0.0,1.0,1.0,1.0,0.0,0.0,,,1.0,1.0,1.0,1.0,-2048.0,
QTIM,/run/media/falconnier/Elements/BIDS_datasets_selection/QTIM/sub-0957/ses-01/anat/sub-0957_ses-01_T1w.nii.gz,,,,,sub-0957,ses-01,256,256,256,0.9375,0.9,0.9375,9.963704109191895,16777216,13576595,0.8092281222343445,0.0,360.0,10.388599939822909,3.0,15.902231202984416,2.0,6.3072143623305195,2.3427945240169112,1.0,1.0,48.0,67.0,2.8339754921264295,
QTIM,/run/media/falconnier/Elements/BIDS_datasets_selection/QTIM/sub-0958/ses-01/anat/sub-0958_ses-01_T1w_defacemask.nii.gz,,,,,sub-0958,ses-01,240,256,256,0.9,0.9375,0.9375,0.16907119750976562,15728640,13974643,0.8884838740030925,0.0,1.0,1.0,1.0,0.0,0.0,,,1.0,1.0,1.0,1.0,-2048.0,
QTIM,/run/media/falconnier/Elements/BIDS_datasets_selection/QTIM/sub-0958/ses-01/anat/sub-0958_ses-01_T1w.nii.gz,,,,,sub-0958,ses-01,240,256,256,0.9,0.9375,0.9375,14.196762084960938,15728640,13790294,0.8767632802327474,0.0,1154.0,47.73021720929228,12.0,75.11542741564053,7.0,4.773811252638877,2.226753990761315,1.0,3.0,231.0,318.0,1.4144871318660213,
QTIM,/run/media/falconnier/Elements/BIDS_datasets_selection/QTIM/sub-0959/ses-01/anat/sub-0959_ses-01_T1w_defacemask.nii.gz,,,,,sub-0959,ses-01,256,256,256,0.9375,0.9,0.9375,0.18421649932861328,16777216,14910744,0.8887495994567871,0.0,1.0,1.0,1.0,0.0,0.0,,,1.0,1.0,1.0,1.0,-2048.0,
QTIM,/run/media/falconnier/Elements/BIDS_datasets_selection/QTIM/sub-0959/ses-01/anat/sub-0959_ses-01_T1w.nii.gz,,,,,sub-0959,ses-01,256,256,256,0.9375,0.9,0.9375,9.901551246643066,16777216,13564533,0.8085091710090637,0.0,242.0,10.438396146774828,3.0,14.67986957282548,2.0,5.900232612407558,2.1750242859367437,1.0,1.0,44.0,60.0,4.4957173044568615,
QTIM,/run/media/falconnier/Elements/BIDS_datasets_selection/QTIM/sub-0959/ses-02/anat/sub-0959_ses-02_T1w_defacemask.nii.gz,,,,,sub-0959,ses-02,256,256,256,0.9375,0.9,0.9375,0.16805553436279297,16777216,14964782,0.8919705152511597,0.0,1.0,1.0,1.0,0.0,0.0,,,1.0,1.0,1.0,1.0,-2048.0,
QTIM,/run/media/falconnier/Elements/BIDS_datasets_selection/QTIM/sub-0959/ses-02/anat/sub-0959_ses-02_T1w.nii.gz,,,,,sub-0959,ses-02,256,256,256,0.9375,0.9,0.9375,11.016408920288086,16777216,14178004,0.8450748920440674,0.0,366.0,13.899623529517978,4.0,19.962093684371755,2.0,4.775730615775539,2.1170532963147326,1.0,1.0,61.0,82.0,3.2103281507094206,
QTIM,/run/media/falconnier/Elements/BIDS_datasets_selection/QTIM/sub-0960/ses-01/anat/sub-0960_ses-01_T1w.nii.gz,,,,,sub-0960,ses-01,256,256,256,0.9375,0.9,0.9375,10.546249389648438,16777216,13986964,0.8336880207061768,0.0,406.0,12.37710070605744,3.0,20.06182599395517,2.0,7.040440611054354,2.434581664932303,1.0,1.0,59.0,84.0,2.5971655288299242,
QTIM,/run/media/falconnier/Elements/BIDS_datasets_selection/QTIM/sub-0960/ses-01/anat/sub-0960_ses-01_T1w_defacemask.nii.gz,,,,,sub-0960,ses-01,256,256,256,0.9375,0.9,0.9375,0.15502262115478516,16777216,15277933,0.910635769367218,0.0,1.0,1.0,1.0,0.0,0.0,,,1.0,1.0,1.0,1.0,-2048.0,
QTIM,/run/media/falconnier/Elements/BIDS_datasets_selection/QTIM/sub-0961/ses-01/anat/sub-0961_ses-01_T1w_defacemask.nii.gz,,,,,sub-0961,ses-01,256,256,256,0.9375,0.9,0.9375,0.17409706115722656,16777216,15063750,0.8978694677352905,0.0,1.0,1.0,1.0,0.0,0.0,,,1.0,1.0,1.0,1.0,-2048.0,
QTIM,/run/media/falconnier/Elements/BIDS_datasets_selection/QTIM/sub-0961/ses-01/anat/sub-0961_ses-01_T1w.nii.gz,,,,,sub-0961,ses-01,256,256,256,0.9375,0.9,0.9375,10.853788375854492,16777216,14040015,0.836850106716156,0.0,350.0,13.47322178786846,4.0,19.937848267501703,2.0,4.687001011311685,2.10268896626315,1.0,1.0,60.0,82.0,3.2014706250652347,
QTIM,/run/media/falconnier/Elements/BIDS_datasets_selection/QTIM/sub-0962/ses-01/anat/sub-0962_ses-01_T1w_defacemask.nii.gz,,,,,sub-0962,ses-01,256,256,256,0.9375,0.9,0.9375,0.20038795471191406,16777216,14824069,0.8835833668708801,0.0,1.0,1.0,1.0,0.0,0.0,,,1.0,1.0,1.0,1.0,-2048.0,
QTIM,/run/media/falconnier/Elements/BIDS_datasets_selection/QTIM/sub-0962/ses-01/anat/sub-0962_ses-01_T1w.nii.gz,,,,,sub-0962,ses-01,256,256,256,0.9375,0.9,0.9375,10.465469360351562,16777216,13609322,0.8111788034439087,0.0,248.0,12.697201227217638,3.0,18.11729726080764,2.0,4.817071138712491,2.0681091544852164,1.0,1.0,54.0,72.0,4.65584260405329,
QTIM,/run/media/falconnier/Elements/BIDS_datasets_selection/QTIM/sub-0963/ses-01/anat/sub-0963_ses-01_T1w_defacemask.nii.gz,,,,,sub-0963,ses-01,256,256,256,0.9375,0.9,0.9375,0.1793804168701172,16777216,14910485,0.8887341618537903,0.0,1.0,1.0,1.0,0.0,0.0,,,1.0,1.0,1.0,1.0,-2048.0,
QTIM,/run/media/falconnier/Elements/BIDS_datasets_selection/QTIM/sub-0963/ses-01/anat/sub-0963_ses-01_T1w.nii.gz,,,,,sub-0963,ses-01,256,256,256,0.9375,0.9,0.9375,10.883201599121094,16777216,13934638,0.8305691480636597,0.0,372.0,13.902626175147141,4.0,21.302246105060554,2.0,6.502527979694978,2.299464321277933,1.0,1.0,64.0,87.0,3.0608330942003388,
QTIM,/run/media/falconnier/Elements/BIDS_datasets_selection/QTIM/sub-0964/ses-01/anat/sub-0964_ses-01_T1w_defacemask.nii.gz,,,,,sub-0964,ses-01,240,256,256,0.9,0.9375,0.9375,0.1733245849609375,15728640,13727119,0.8727467219034831,0.0,1.0,1.0,1.0,0.0,0.0,,,1.0,1.0,1.0,1.0,-2048.0,
QTIM,/run/media/falconnier/Elements/BIDS_datasets_selection/QTIM/sub-0964/ses-01/anat/sub-0964_ses-01_T1w.nii.gz,,,,,sub-0964,ses-01,240,256,256,0.9,0.9375,0.9375,14.17975902557373,15728640,13561276,0.8622027079264323,0.0,1256.0,53.78684070731987,14.0,79.88355821510979,8.0,3.674619883851717,2.002605875972503,1.0,3.0,244.0,326.0,1.3500132566326437,
QTIM,/run/media/falconnier/Elements/BIDS_datasets_selection/QTIM/sub-0965/ses-01/anat/sub-0965_ses-01_T1w_defacemask.nii.gz,,,,,sub-0965,ses-01,256,256,256,0.9375,0.9,0.9375,0.16980457305908203,16777216,14999533,0.8940418362617493,0.0,1.0,1.0,1.0,0.0,0.0,,,1.0,1.0,1.0,1.0,-2048.0,
QTIM,/run/media/falconnier/Elements/BIDS_datasets_selection/QTIM/sub-0965/ses-01/anat/sub-0965_ses-01_T1w.nii.gz,,,,,sub-0965,ses-01,256,256,256,0.9375,0.9,0.9375,10.157501220703125,16777216,13647705,0.8134666085243225,0.0,360.0,11.20412992514126,3.0,18.267256543267028,2.0,7.427216349224997,2.504447099562941,1.0,1.0,55.0,78.0,2.8462706462342546,
QTIM,/run/media/falconnier/Elements/BIDS_datasets_selection/QTIM/sub-0966/ses-01/anat/sub-0966_ses-01_T1w_defacemask.nii.gz,,,,,sub-0966,ses-01,256,256,256,0.9375,0.9,0.9375,0.1702728271484375,16777216,15116771,0.9010297656059265,0.0,1.0,1.0,1.0,0.0,0.0,,,1.0,1.0,1.0,1.0,-2048.0,
QTIM,/run/media/falconnier/Elements/BIDS_datasets_selection/QTIM/sub-0967/ses-01/anat/sub-0967_ses-01_T1w_defacemask.nii.gz,,,,,sub-0967,ses-01,256,240,256,0.9375,0.9,0.9375,0.1665210723876953,15728640,14026167,0.8917596817016602,0.0,1.0,1.0,1.0,0.0,0.0,,,1.0,1.0,1.0,1.0,-2048.0,
QTIM,/run/media/falconnier/Elements/BIDS_datasets_selection/QTIM/sub-0967/ses-01/anat/sub-0967_ses-01_T1w.nii.gz,,,,,sub-0967,ses-01,256,240,256,0.9375,0.9,0.9375,15.075881004333496,15728640,13857102,0.8810108184814454,0.0,1304.0,54.652609759241145,17.0,76.08516043906313,11.0,4.2922282077139595,2.0261930850723155,2.0,4.0,233.0,307.0,1.3365152055988592,
QTIM,/run/media/falconnier/Elements/BIDS_datasets_selection/QTIM/sub-0966/ses-01/anat/sub-0966_ses-01_T1w.nii.gz,,,,,sub-0966,ses-01,256,256,256,0.9375,0.9,0.9375,10.703433990478516,16777216,13997127,0.834293782711029,0.0,347.0,12.832676877190583,3.0,19.629644494755333,2.0,5.327150127326549,2.232144576008713,1.0,1.0,60.0,82.0,3.1654926574562685,
QTIM,/run/media/falconnier/Elements/BIDS_datasets_selection/QTIM/sub-0968/ses-01/anat/sub-0968_ses-01_T1w_defacemask.nii.gz,,,,,sub-0968,ses-01,256,256,256,0.9375,0.9,0.9375,0.1675434112548828,16777216,15018097,0.8951483368873596,0.0,1.0,1.0,1.0,0.0,0.0,,,1.0,1.0,1.0,1.0,-2048.0,
QTIM,/run/media/falconnier/Elements/BIDS_datasets_selection/QTIM/sub-0968/ses-01/anat/sub-0968_ses-01_T1w.nii.gz,,,,,sub-0968,ses-01,256,256,256,0.9375,0.9,0.9375,10.388900756835938,16777216,13849813,0.8255131840705872,0.0,307.0,11.628045663865642,3.0,17.388850088647146,2.0,6.023148794983458,2.2906305286852806,1.0,1.0,53.0,73.0,3.495290412195079,
QTIM,/run/media/falconnier/Elements/BIDS_datasets_selection/QTIM/sub-0969/ses-01/anat/sub-0969_ses-01_T1w_defacemask.nii.gz,,,,,sub-0969,ses-01,240,256,256,0.9,0.9375,0.9375,0.1835784912109375,15728640,13893323,0.8833136876424154,0.0,1.0,1.0,1.0,0.0,0.0,,,1.0,1.0,1.0,1.0,-2048.0,
QTIM,/run/media/falconnier/Elements/BIDS_datasets_selection/QTIM/sub-0969/ses-01/anat/sub-0969_ses-01_T1w.nii.gz,,,,,sub-0969,ses-01,240,256,256,0.9,0.9375,0.9375,13.986320495605469,15728640,13712060,0.871789296468099,0.0,1394.0,46.61193832290699,13.0,74.40502228152229,7.0,5.331600321762414,2.292873788517093,1.0,3.0,229.0,316.0,1.172496323291566,
QTIM,/run/media/falconnier/Elements/BIDS_datasets_selection/QTIM/sub-0970/ses-01/anat/sub-0970_ses-01_T1w.nii.gz,,,,,sub-0970,ses-01,256,256,256,0.9375,0.9,0.9375,9.930277824401855,16777216,13587366,0.8098701238632202,0.0,256.0,10.30812233953218,3.0,15.708872995175087,2.0,5.160764399435461,2.219233406860898,1.0,1.0,48.0,66.0,4.1493766617201135,
QTIM,/run/media/falconnier/Elements/BIDS_datasets_selection/QTIM/sub-0970/ses-01/anat/sub-0970_ses-01_T1w_defacemask.nii.gz,,,,,sub-0970,ses-01,256,256,256,0.9375,0.9,0.9375,0.17696571350097656,16777216,15117422,0.9010685682296753,0.0,1.0,1.0,1.0,0.0,0.0,,,1.0,1.0,1.0,1.0,-2048.0,
QTIM,/run/media/falconnier/Elements/BIDS_datasets_selection/QTIM/sub-0971/ses-01/anat/sub-0971_ses-01_T1w_defacemask.nii.gz,,,,,sub-0971,ses-01,240,256,256,0.9,0.9375,0.9375,0.16892623901367188,15728640,13720231,0.8723087946573893,0.0,1.0,1.0,1.0,0.0,0.0,,,1.0,1.0,1.0,1.0,-2048.0,
QTIM,/run/media/falconnier/Elements/BIDS_datasets_selection/QTIM/sub-0971/ses-01/anat/sub-0971_ses-01_T1w.nii.gz,,,,,sub-0971,ses-01,240,256,256,0.9,0.9375,0.9375,14.45864486694336,15728640,13552851,0.8616670608520508,0.0,877.0,56.52987537456141,15.0,83.7202017853214,9.0,3.91321021977512,2.036113533514467,1.0,3.0,253.0,341.0,1.9525782026317553,
QTIM,/run/media/falconnier/Elements/BIDS_datasets_selection/QTIM/sub-0972/ses-01/anat/sub-0972_ses-01_T1w.nii.gz,,,,,sub-0972,ses-01,256,256,256,0.9375,0.9,0.9375,11.507098197937012,16777216,14413406,0.8591059446334839,0.0,380.0,15.434008797087934,5.0,22.991111905013113,3.0,5.926884398031273,2.315903350124088,1.0,1.0,67.0,103.0,3.2353432143394847,
QTIM,/run/media/falconnier/Elements/BIDS_datasets_selection/QTIM/sub-0972/ses-01/anat/sub-0972_ses-01_T1w_defacemask.nii.gz,,,,,sub-0972,ses-01,256,256,256,0.9375,0.9,0.9375,0.18334484100341797,16777216,15198568,0.9059052467346191,0.0,1.0,1.0,1.0,0.0,0.0,,,1.0,1.0,1.0,1.0,-2048.0,
QTIM,/run/media/falconnier/Elements/BIDS_datasets_selection/QTIM/sub-0973/ses-01/anat/sub-0973_ses-01_T1w_defacemask.nii.gz,,,,,sub-0973,ses-01,256,256,256,0.9375,0.9,0.9375,0.18742656707763672,16777216,14964042,0.8919264078140259,0.0,1.0,1.0,1.0,0.0,0.0,,,1.0,1.0,1.0,1.0,-2048.0,
QTIM,/run/media/falconnier/Elements/BIDS_datasets_selection/QTIM/sub-0973/ses-01/anat/sub-0973_ses-01_T1w.nii.gz,,,,,sub-0973,ses-01,256,256,256,0.9375,0.9,0.9375,10.782580375671387,16777216,13364855,0.7966074347496033,0.0,539.0,19.188421647672197,3.0,26.361729152624513,2.0,1.8378086749306686,1.4359306593408783,1.0,1.0,75.0,88.0,2.1563133100808125,
QTIM,/run/media/falconnier/Elements/BIDS_datasets_selection/QTIM/sub-0974/ses-01/anat/sub-0974_ses-01_T1w.nii.gz,,,,,sub-0974,ses-01,256,256,256,0.9375,0.9,0.9375,10.361656188964844,16777216,13818509,0.8236473202705383,0.0,317.0,12.049226439697655,3.0,18.72273298523791,2.0,6.018887900475638,2.317392610873816,1.0,1.0,57.0,78.0,3.368651552826883,
QTIM,/run/media/falconnier/Elements/BIDS_datasets_selection/QTIM/sub-0974/ses-01/anat/sub-0974_ses-01_T1w_defacemask.nii.gz,,,,,sub-0974,ses-01,256,256,256,0.9375,0.9,0.9375,0.1779041290283203,16777216,15048159,0.8969401717185974,0.0,1.0,1.0,1.0,0.0,0.0,,,1.0,1.0,1.0,1.0,-2048.0,
QTIM,/run/media/falconnier/Elements/BIDS_datasets_selection/QTIM/sub-0975/ses-01/anat/sub-0975_ses-01_T1w_defacemask.nii.gz,,,,,sub-0975,ses-01,240,256,256,0.9,0.9375,0.9375,0.17974090576171875,15728640,13715657,0.8720179875691731,0.0,1.0,1.0,1.0,0.0,0.0,,,1.0,1.0,1.0,1.0,-2048.0,
QTIM,/run/media/falconnier/Elements/BIDS_datasets_selection/QTIM/sub-0975/ses-01/anat/sub-0975_ses-01_T1w.nii.gz,,,,,sub-0975,ses-01,240,256,256,0.9,0.9375,0.9375,14.26517105102539,15728640,13548967,0.8614201227823893,0.0,1371.0,52.36160963415144,14.0,75.24881363324288,9.0,4.419691464365805,2.0162043131943195,1.0,3.0,226.0,306.0,1.2374296324849026,
QTIM,/run/media/falconnier/Elements/BIDS_datasets_selection/QTIM/sub-0976/ses-01/anat/sub-0976_ses-01_T1w_defacemask.nii.gz,,,,,sub-0976,ses-01,240,256,256,0.9,0.9375,0.9375,0.16201019287109375,15728640,13832529,0.8794485092163086,0.0,1.0,1.0,1.0,0.0,0.0,,,1.0,1.0,1.0,1.0,-2048.0,
QTIM,/run/media/falconnier/Elements/BIDS_datasets_selection/QTIM/sub-0976/ses-01/anat/sub-0976_ses-01_T1w.nii.gz,,,,,sub-0976,ses-01,240,256,256,0.9,0.9375,0.9375,13.77541732788086,15728640,13640371,0.8672314325968424,0.0,1278.0,45.17350737747529,12.0,71.53829458327273,7.0,5.274707526942182,2.2525560963590574,1.0,3.0,219.0,304.0,1.268569605523408,
QTIM,/run/media/falconnier/Elements/BIDS_datasets_selection/QTIM/sub-0977/ses-01/anat/sub-0977_ses-01_T1w_defacemask.nii.gz,,,,,sub-0977,ses-01,256,256,256,0.9375,0.9,0.9375,0.1818408966064453,16777216,14932777,0.8900628685951233,0.0,1.0,1.0,1.0,0.0,0.0,,,1.0,1.0,1.0,1.0,-2048.0,
QTIM,/run/media/falconnier/Elements/BIDS_datasets_selection/QTIM/sub-0977/ses-01/anat/sub-0977_ses-01_T1w.nii.gz,,,,,sub-0977,ses-01,256,256,256,0.9375,0.9,0.9375,10.46585464477539,16777216,13770491,0.8207852244377136,0.0,394.0,12.066432489589515,3.0,19.269740596317657,2.0,6.547766116668811,2.4032472847017514,1.0,1.0,58.0,81.0,2.682146800840579,
QTIM,/run/media/falconnier/Elements/BIDS_datasets_selection/QTIM/sub-0978/ses-01/anat/sub-0978_ses-01_T1w.nii.gz,,,,,sub-0978,ses-01,256,256,256,0.9375,0.9,0.9375,10.072335243225098,16777216,13714805,0.8174660801887512,0.0,284.0,10.345698899838531,3.0,15.307049554151593,2.0,6.196784570052033,2.288633780338299,1.0,1.0,47.0,64.0,3.5731480666381916,
QTIM,/run/media/falconnier/Elements/BIDS_datasets_selection/QTIM/sub-0978/ses-01/anat/sub-0978_ses-01_T1w_defacemask.nii.gz,,,,,sub-0978,ses-01,256,256,256,0.9375,0.9,0.9375,0.17426300048828125,16777216,14950175,0.8910998702049255,0.0,1.0,1.0,1.0,0.0,0.0,,,1.0,1.0,1.0,1.0,-2048.0,
QTIM,/run/media/falconnier/Elements/BIDS_datasets_selection/QTIM/sub-0979/ses-01/anat/sub-0979_ses-01_T1w.nii.gz,,,,,sub-0979,ses-01,256,256,256,0.9375,0.9,0.9375,11.369501113891602,16777216,14234525,0.8484438061714172,0.0,387.0,15.094584048291038,4.0,21.160626277057535,3.0,5.070765902999602,2.092172756779962,1.0,1.0,63.0,85.0,3.108777266491517,
QTIM,/run/media/falconnier/Elements/BIDS_datasets_selection/QTIM/sub-0979/ses-01/anat/sub-0979_ses-01_T1w_defacemask.nii.gz,,,,,sub-0979,ses-01,256,256,256,0.9375,0.9,0.9375,0.17690372467041016,16777216,15015318,0.8949826955795288,0.0,1.0,1.0,1.0,0.0,0.0,,,1.0,1.0,1.0,1.0,-2048.0,
QTIM,/run/media/falconnier/Elements/BIDS_datasets_selection/QTIM/sub-0980/ses-01/anat/sub-0980_ses-01_T1w.nii.gz,,,,,sub-0980,ses-01,256,256,256,0.9375,0.9,0.9375,10.767220497131348,16777216,13940395,0.8309122920036316,0.0,396.0,13.216831302125945,4.0,20.345489739330944,2.0,7.006360882158813,2.3782434933639283,1.0,1.0,61.0,85.0,2.8280803057675468,
QTIM,/run/media/falconnier/Elements/BIDS_datasets_selection/QTIM/sub-0980/ses-01/anat/sub-0980_ses-01_T1w_defacemask.nii.gz,,,,,sub-0980,ses-01,256,256,256,0.9375,0.9,0.9375,0.18225383758544922,16777216,14984914,0.8931704759597778,0.0,1.0,1.0,1.0,0.0,0.0,,,1.0,1.0,1.0,1.0,-2048.0,
QTIM,/run/media/falconnier/Elements/BIDS_datasets_selection/QTIM/sub-0981/ses-01/anat/sub-0981_ses-01_T1w_defacemask.nii.gz,,,,,sub-0981,ses-01,256,256,256,0.9375,0.9,0.9375,0.16684722900390625,16777216,14888017,0.8873949646949768,0.0,1.0,1.0,1.0,0.0,0.0,,,1.0,1.0,1.0,1.0,-2048.0,
QTIM,/run/media/falconnier/Elements/BIDS_datasets_selection/QTIM/sub-0981/ses-01/anat/sub-0981_ses-01_T1w.nii.gz,,,,,sub-0981,ses-01,256,256,256,0.9375,0.9,0.9375,10.864797592163086,16777216,13971229,0.832750141620636,0.0,324.0,13.630832548804404,4.0,19.75434415371829,3.0,5.252559884297522,2.1656717549396847,1.0,1.0,60.0,81.0,3.572341722813854,
QTIM,/run/media/falconnier/Elements/BIDS_datasets_selection/QTIM/sub-0981/ses-02/anat/sub-0981_ses-02_T1w_defacemask.nii.gz,,,,,sub-0981,ses-02,240,256,256,0.9,0.9375,0.9375,0.16396045684814453,15728640,13673124,0.8693138122558594,0.0,1.0,1.0,1.0,0.0,0.0,,,1.0,1.0,1.0,1.0,-2048.0,
QTIM,/run/media/falconnier/Elements/BIDS_datasets_selection/QTIM/sub-0981/ses-02/anat/sub-0981_ses-02_T1w.nii.gz,,,,,sub-0981,ses-02,240,256,256,0.9,0.9375,0.9375,14.780951499938965,15728640,13527017,0.8600245793660481,0.0,1075.0,62.622483878005035,18.0,90.41824069345124,11.0,3.434524977082302,1.970193626717119,2.0,4.0,277.0,368.0,1.6492771605906194,
QTIM,/run/media/falconnier/Elements/BIDS_datasets_selection/QTIM/sub-0982/ses-01/anat/sub-0982_ses-01_T1w_defacemask.nii.gz,,,,,sub-0982,ses-01,240,256,256,0.9,0.9375,0.9375,0.16121387481689453,15728640,13822325,0.8787997563680013,0.0,1.0,1.0,1.0,0.0,0.0,,,1.0,1.0,1.0,1.0,-2048.0,
QTIM,/run/media/falconnier/Elements/BIDS_datasets_selection/QTIM/sub-0982/ses-01/anat/sub-0982_ses-01_T1w.nii.gz,,,,,sub-0982,ses-01,240,256,256,0.9,0.9375,0.9375,14.546605110168457,15728640,13667055,0.8689279556274414,0.0,1255.0,55.695189783022016,16.0,80.06712308124034,10.0,3.983679737753622,1.9924677943713072,1.0,3.0,243.0,326.0,1.3747572317710166,
QTIM,/run/media/falconnier/Elements/BIDS_datasets_selection/QTIM/sub-0983/ses-01/anat/sub-0983_ses-01_T1w.nii.gz,,,,,sub-0983,ses-01,256,256,256,0.9375,0.9,0.9375,10.088362693786621,16777216,13624469,0.8120816349983215,0.0,424.0,11.03186289315202,3.0,17.69666864874594,2.0,7.821037301046951,2.433375903022382,1.0,1.0,53.0,74.0,2.413574607655166,
QTIM,/run/media/falconnier/Elements/BIDS_datasets_selection/QTIM/sub-0983/ses-01/anat/sub-0983_ses-01_T1w_defacemask.nii.gz,,,,,sub-0983,ses-01,256,256,256,0.9375,0.9,0.9375,0.1834735870361328,16777216,15011853,0.8947761654853821,0.0,1.0,1.0,1.0,0.0,0.0,,,1.0,1.0,1.0,1.0,-2048.0,
QTIM,/run/media/falconnier/Elements/BIDS_datasets_selection/QTIM/sub-0984/ses-01/anat/sub-0984_ses-01_T1w_defacemask.nii.gz,,,,,sub-0984,ses-01,240,256,256,0.9,0.9375,0.9375,0.1810150146484375,15728640,13894548,0.8833915710449218,0.0,1.0,1.0,1.0,0.0,0.0,,,1.0,1.0,1.0,1.0,-2048.0,
QTIM,/run/media/falconnier/Elements/BIDS_datasets_selection/QTIM/sub-0984/ses-01/anat/sub-0984_ses-01_T1w.nii.gz,,,,,sub-0984,ses-01,240,256,256,0.9,0.9375,0.9375,14.40163516998291,15728640,13716988,0.8721026102701823,0.0,1454.0,53.905674919304445,13.0,86.26230693197624,7.0,4.950714311797944,2.2073948149916442,1.0,3.0,263.0,357.0,1.1398407233769978,
QTIM,/run/media/falconnier/Elements/BIDS_datasets_selection/QTIM/sub-0985/ses-01/anat/sub-0985_ses-01_T1w.nii.gz,,,,,sub-0985,ses-01,256,256,256,0.9375,0.9,0.9375,10.10084056854248,16777216,13562045,0.8083608746528625,0.0,414.0,11.229489726659954,3.0,17.860015664318976,2.0,7.6177832044592755,2.4634173568105537,1.0,1.0,54.0,75.0,2.512395044612175,
QTIM,/run/media/falconnier/Elements/BIDS_datasets_selection/QTIM/sub-0985/ses-01/anat/sub-0985_ses-01_T1w_defacemask.nii.gz,,,,,sub-0985,ses-01,256,256,256,0.9375,0.9,0.9375,0.1665019989013672,16777216,14910786,0.8887521028518677,0.0,1.0,1.0,1.0,0.0,0.0,,,1.0,1.0,1.0,1.0,-2048.0,
QTIM,/run/media/falconnier/Elements/BIDS_datasets_selection/QTIM/sub-0986/ses-01/anat/sub-0986_ses-01_T1w_defacemask.nii.gz,,,,,sub-0986,ses-01,256,256,256,0.9375,0.9,0.9375,0.19529151916503906,16777216,15032181,0.8959878087043762,0.0,1.0,1.0,1.0,0.0,0.0,,,1.0,1.0,1.0,1.0,-2048.0,
QTIM,/run/media/falconnier/Elements/BIDS_datasets_selection/QTIM/sub-0986/ses-01/anat/sub-0986_ses-01_T1w.nii.gz,,,,,sub-0986,ses-01,256,256,256,0.9375,0.9,0.9375,10.18364143371582,16777216,13605418,0.8109461069107056,0.0,328.0,11.767290795475743,3.0,19.241058502180618,2.0,6.049002842317112,2.349897419443787,1.0,1.0,58.0,80.0,3.093089585104842,
QTIM,/run/media/falconnier/Elements/BIDS_datasets_selection/QTIM/sub-0987/ses-01/anat/sub-0987_ses-01_T1w.nii.gz,,,,,sub-0987,ses-01,256,256,256,0.9375,0.9,0.9375,10.255441665649414,16777216,13035879,0.7769989371299744,0.0,586.0,17.234627446296486,3.0,26.311962326300584,2.0,3.830930534865881,1.775641211125819,1.0,1.0,77.0,91.0,1.900188094778727,
QTIM,/run/media/falconnier/Elements/BIDS_datasets_selection/QTIM/sub-0987/ses-01/anat/sub-0987_ses-01_T1w_defacemask.nii.gz,,,,,sub-0987,ses-01,256,256,256,0.9375,0.9,0.9375,0.17923831939697266,16777216,15067244,0.8980777263641357,0.0,1.0,1.0,1.0,0.0,0.0,,,1.0,1.0,1.0,1.0,-2048.0,
QTIM,/run/media/falconnier/Elements/BIDS_datasets_selection/QTIM/sub-0988/ses-01/anat/sub-0988_ses-01_T1w_defacemask.nii.gz,,,,,sub-0988,ses-01,256,256,256,0.9375,0.9,0.9375,0.17567729949951172,16777216,15218512,0.9070940017700195,0.0,1.0,1.0,1.0,0.0,0.0,,,1.0,1.0,1.0,1.0,-2048.0,
QTIM,/run/media/falconnier/Elements/BIDS_datasets_selection/QTIM/sub-0988/ses-01/anat/sub-0988_ses-01_T1w.nii.gz,,,,,sub-0988,ses-01,256,256,256,0.9375,0.9,0.9375,10.767775535583496,16777216,14066515,0.8384296298027039,0.0,312.0,12.736447016194132,3.0,19.51076814672224,2.0,5.048499268737729,2.2023181477629334,1.0,1.0,59.0,81.0,3.484050033475325,
QTIM,/run/media/falconnier/Elements/BIDS_datasets_selection/QTIM/sub-0988/ses-02/anat/sub-0988_ses-02_T1w_defacemask.nii.gz,,,,,sub-0988,ses-02,240,256,256,0.9,0.9375,0.9375,0.18458843231201172,15728640,13869997,0.8818306605021159,0.0,1.0,1.0,1.0,0.0,0.0,,,1.0,1.0,1.0,1.0,-2048.0,
QTIM,/run/media/falconnier/Elements/BIDS_datasets_selection/QTIM/sub-0988/ses-02/anat/sub-0988_ses-02_T1w.nii.gz,,,,,sub-0988,ses-02,240,256,256,0.9,0.9375,0.9375,13.973664283752441,15728640,13683365,0.8699649175008138,0.0,1264.0,44.98150118775608,12.0,67.21145274509698,7.0,3.878422105000226,2.0399042183278135,1.0,3.0,206.0,278.0,1.2896683362021986,
QTIM,/run/media/falconnier/Elements/BIDS_datasets_selection/QTIM/sub-0989/ses-01/anat/sub-0989_ses-01_T1w_defacemask.nii.gz,,,,,sub-0989,ses-01,256,256,256,0.9375,0.9,0.9375,0.16197776794433594,16777216,14999100,0.8940160274505615,0.0,1.0,1.0,1.0,0.0,0.0,,,1.0,1.0,1.0,1.0,-2048.0,
QTIM,/run/media/falconnier/Elements/BIDS_datasets_selection/QTIM/sub-0989/ses-01/anat/sub-0989_ses-01_T1w.nii.gz,,,,,sub-0989,ses-01,256,256,256,0.9375,0.9,0.9375,10.823784828186035,16777216,13948099,0.8313714861869812,0.0,318.0,13.527924342951682,4.0,19.550115045100547,3.0,4.3434458089193475,2.0439777289915426,1.0,1.0,59.0,79.0,3.5713704699425106,
QTIM,/run/media/falconnier/Elements/BIDS_datasets_selection/QTIM/sub-0991/ses-01/anat/sub-0991_ses-01_T1w_defacemask.nii.gz,,,,,sub-0991,ses-01,240,256,256,0.9,0.9375,0.9375,0.1761465072631836,15728640,13580196,0.8634056091308594,0.0,1.0,1.0,1.0,0.0,0.0,,,1.0,1.0,1.0,1.0,-2048.0,
QTIM,/run/media/falconnier/Elements/BIDS_datasets_selection/QTIM/sub-0990/ses-01/anat/sub-0990_ses-01_T1w_defacemask.nii.gz,,,,,sub-0990,ses-01,256,256,256,0.9375,0.9,0.9375,0.18292808532714844,16777216,14666562,0.8741952180862427,0.0,1.0,1.0,1.0,0.0,0.0,,,1.0,1.0,1.0,1.0,-2048.0,
QTIM,/run/media/falconnier/Elements/BIDS_datasets_selection/QTIM/sub-0991/ses-01/anat/sub-0991_ses-01_T1w.nii.gz,,,,,sub-0991,ses-01,240,256,256,0.9,0.9375,0.9375,14.10205364227295,15728640,13414983,0.8529016494750976,0.0,1376.0,52.051253288953106,15.0,76.23287477320784,9.0,4.560150963232551,2.0747474493832083,1.0,3.0,231.0,314.0,1.233793007016602,
QTIM,/run/media/falconnier/Elements/BIDS_datasets_selection/QTIM/sub-0990/ses-01/anat/sub-0990_ses-01_T1w.nii.gz,,,,,sub-0990,ses-01,256,256,256,0.9375,0.9,0.9375,11.269644737243652,16777216,13941553,0.8309813141822815,0.0,340.0,15.542040330801024,5.0,21.62829856355376,3.0,7.07862587426796,2.321653009816018,1.0,1.0,63.0,92.0,3.6858307218468793,
QTIM,/run/media/falconnier/Elements/BIDS_datasets_selection/QTIM/sub-0992/ses-01/anat/sub-0992_ses-01_T1w_defacemask.nii.gz,,,,,sub-0992,ses-01,240,256,256,0.9,0.9375,0.9375,0.18326473236083984,15728640,13901018,0.8838029225667318,0.0,1.0,1.0,1.0,0.0,0.0,,,1.0,1.0,1.0,1.0,-2048.0,
QTIM,/run/media/falconnier/Elements/BIDS_datasets_selection/QTIM/sub-0992/ses-01/anat/sub-0992_ses-01_T1w.nii.gz,,,,,sub-0992,ses-01,240,256,256,0.9,0.9375,0.9375,14.088125228881836,15728640,13716067,0.872044054667155,0.0,1288.0,46.35104268592447,13.0,71.33069739255608,8.0,4.839124969739977,2.1884264106413966,1.0,3.0,218.0,303.0,1.266891029779056,
QTIM,/run/media/falconnier/Elements/BIDS_datasets_selection/QTIM/sub-0993/ses-02/anat/sub-0993_ses-02_T1w_defacemask.nii.gz,,,,,sub-0993,ses-02,240,256,256,0.9,0.9375,0.9375,0.17768001556396484,15728640,13908605,0.8842852910359701,0.0,1.0,1.0,1.0,0.0,0.0,,,1.0,1.0,1.0,1.0,-2048.0,
QTIM,/run/media/falconnier/Elements/BIDS_datasets_selection/QTIM/sub-0993/ses-01/anat/sub-0993_ses-01_T1w_defacemask.nii.gz,,,,,sub-0993,ses-01,256,256,256,0.9375,0.9,0.9375,0.19682788848876953,16777216,15077482,0.8986879587173462,0.0,1.0,1.0,1.0,0.0,0.0,,,1.0,1.0,1.0,1.0,-2048.0,
QTIM,/run/media/falconnier/Elements/BIDS_datasets_selection/QTIM/sub-0993/ses-01/anat/sub-0993_ses-01_T1w.nii.gz,,,,,sub-0993,ses-01,256,256,256,0.9375,0.9,0.9375,10.838481903076172,16777216,14037432,0.8366961479187012,0.0,391.0,13.51286396258233,4.0,21.32403584443168,2.0,6.631925025588728,2.3906492486435087,1.0,1.0,64.0,90.0,2.842537873178975,
QTIM,/run/media/falconnier/Elements/BIDS_datasets_selection/QTIM/sub-0993/ses-02/anat/sub-0993_ses-02_T1w.nii.gz,,,,,sub-0993,ses-02,240,256,256,0.9,0.9375,0.9375,14.01624870300293,15728640,13719546,0.8722652435302735,0.0,1272.0,46.98359304309341,12.0,74.96752022436654,7.0,5.337427269895105,2.279992836516005,1.0,3.0,227.0,315.0,1.28392106743743,
QTIM,/run/media/falconnier/Elements/BIDS_datasets_selection/QTIM/sub-0994/ses-01/anat/sub-0994_ses-01_T1w_defacemask.nii.gz,,,,,sub-0994,ses-01,256,256,256,0.9375,0.9,0.9375,0.16616439819335938,16777216,15067930,0.8981186151504517,0.0,1.0,1.0,1.0,0.0,0.0,,,1.0,1.0,1.0,1.0,-2048.0,
QTIM,/run/media/falconnier/Elements/BIDS_datasets_selection/QTIM/sub-0994/ses-01/anat/sub-0994_ses-01_T1w.nii.gz,,,,,sub-0994,ses-01,256,256,256,0.9375,0.9,0.9375,10.871715545654297,16777216,14058606,0.8379582166671753,0.0,311.0,13.120219956374052,4.0,19.028480096083335,3.0,5.271767815413941,2.1578249340552453,1.0,1.0,57.0,78.0,3.629645488261938,
QTIM,/run/media/falconnier/Elements/BIDS_datasets_selection/QTIM/sub-0995/ses-01/anat/sub-0995_ses-01_T1w_defacemask.nii.gz,,,,,sub-0995,ses-01,240,256,256,0.9,0.9375,0.9375,0.17010879516601562,15728640,13749131,0.8741462071736653,0.0,1.0,1.0,1.0,0.0,0.0,,,1.0,1.0,1.0,1.0,-2048.0,
QTIM,/run/media/falconnier/Elements/BIDS_datasets_selection/QTIM/sub-0995/ses-01/anat/sub-0995_ses-01_T1w.nii.gz,,,,,sub-0995,ses-01,240,256,256,0.9,0.9375,0.9375,13.893851280212402,15728640,13568738,0.8626771291097005,0.0,1238.0,44.87768523498648,13.0,66.55032267292358,8.0,3.9891071387604065,2.0607443714718046,1.0,3.0,204.0,276.0,1.3225684737525742,
QTIM,/run/media/falconnier/Elements/BIDS_datasets_selection/QTIM/sub-0996/ses-01/anat/sub-0996_ses-01_T1w_defacemask.nii.gz,,,,,sub-0996,ses-01,256,256,256,0.9375,0.9,0.9375,0.1727428436279297,16777216,14950578,0.89112389087677,0.0,1.0,1.0,1.0,0.0,0.0,,,1.0,1.0,1.0,1.0,-2048.0,
QTIM,/run/media/falconnier/Elements/BIDS_datasets_selection/QTIM/sub-0996/ses-01/anat/sub-0996_ses-01_T1w.nii.gz,,,,,sub-0996,ses-01,256,256,256,0.9375,0.9,0.9375,10.175950050354004,16777216,13724385,0.8180370926856995,0.0,315.0,10.962466733482048,3.0,16.08993162117525,2.0,6.176581339038876,2.2645080651997103,1.0,1.0,49.0,67.0,3.354441881126923,
QTIM,/run/media/falconnier/Elements/BIDS_datasets_selection/QTIM/sub-0996/ses-02/anat/sub-0996_ses-02_T1w_defacemask.nii.gz,,,,,sub-0996,ses-02,256,240,256,0.9375,0.9,0.9375,0.15768051147460938,15728640,14278509,0.9078031539916992,0.0,1.0,1.0,1.0,0.0,0.0,,,1.0,1.0,1.0,1.0,-2048.0,
QTIM,/run/media/falconnier/Elements/BIDS_datasets_selection/QTIM/sub-0996/ses-02/anat/sub-0996_ses-02_T1w.nii.gz,,,,,sub-0996,ses-02,256,240,256,0.9375,0.9,0.9375,15.02866268157959,15728640,14103489,0.8966756820678711,0.0,1434.0,53.80838890291615,15.0,83.89511401625745,9.0,5.241513247290364,2.2692036479797246,1.0,3.0,258.0,356.0,1.1842353147343172,
QTIM,/run/media/falconnier/Elements/BIDS_datasets_selection/QTIM/sub-0997/ses-01/anat/sub-0997_ses-01_T1w_defacemask.nii.gz,,,,,sub-0997,ses-01,256,256,256,0.9375,0.9,0.9375,0.15909671783447266,16777216,15158580,0.9035217761993408,0.0,1.0,1.0,1.0,0.0,0.0,,,1.0,1.0,1.0,1.0,-2048.0,
QTIM,/run/media/falconnier/Elements/BIDS_datasets_selection/QTIM/sub-0997/ses-01/anat/sub-0997_ses-01_T1w.nii.gz,,,,,sub-0997,ses-01,256,256,256,0.9375,0.9,0.9375,10.549424171447754,16777216,13956091,0.8318478465080261,0.0,398.0,12.16492519287815,3.0,20.00419435382263,2.0,6.883753532934861,2.462938767038924,1.0,1.0,61.0,85.0,2.6368186440956514,
QTIM,/run/media/falconnier/Elements/BIDS_datasets_selection/QTIM/sub-0998/ses-01/anat/sub-0998_ses-01_T1w_defacemask.nii.gz,,,,,sub-0998,ses-01,240,256,256,0.9,0.9375,0.9375,0.15996837615966797,15728640,14005023,0.8904153823852539,0.0,1.0,1.0,1.0,0.0,0.0,,,1.0,1.0,1.0,1.0,-2048.0,
QTIM,/run/media/falconnier/Elements/BIDS_datasets_selection/QTIM/sub-0998/ses-01/anat/sub-0998_ses-01_T1w.nii.gz,,,,,sub-0998,ses-01,240,256,256,0.9,0.9375,0.9375,13.941149711608887,15728640,13815866,0.8783891042073567,0.0,1612.0,43.87698389663015,12.0,71.90793972863445,7.0,6.765386392737298,2.4416512743771177,1.0,3.0,218.0,312.0,0.996568063294696,
QTIM,/run/media/falconnier/Elements/BIDS_datasets_selection/QTIM/sub-0998/ses-02/anat/sub-0998_ses-02_T1w_defacemask.nii.gz,,,,,sub-0998,ses-02,240,256,256,0.9,0.9375,0.9375,0.16027259826660156,15728640,14038805,0.8925631841023763,0.0,1.0,1.0,1.0,0.0,0.0,,,1.0,1.0,1.0,1.0,-2048.0,
QTIM,/run/media/falconnier/Elements/BIDS_datasets_selection/QTIM/sub-0998/ses-02/anat/sub-0998_ses-02_T1w.nii.gz,,,,,sub-0998,ses-02,240,256,256,0.9,0.9375,0.9375,14.1803560256958,15728640,13857943,0.8810642878214519,0.0,1795.0,46.70182104227157,13.0,75.60139859532406,7.0,5.921222243399773,2.349500034953982,1.0,3.0,230.0,324.0,0.9009919892342672,
QTIM,/run/media/falconnier/Elements/BIDS_datasets_selection/QTIM/sub-0999/ses-01/anat/sub-0999_ses-01_T1w_defacemask.nii.gz,,,,,sub-0999,ses-01,256,256,256,0.9375,0.9,0.9375,0.1876697540283203,16777216,14891777,0.8876190781593323,0.0,1.0,1.0,1.0,0.0,0.0,,,1.0,1.0,1.0,1.0,-2048.0,
QTIM,/run/media/falconnier/Elements/BIDS_datasets_selection/QTIM/sub-0999/ses-01/anat/sub-0999_ses-01_T1w.nii.gz,,,,,sub-0999,ses-01,256,256,256,0.9375,0.9,0.9375,10.22337532043457,16777216,13634198,0.8126615285873413,0.0,349.0,11.933341000328733,3.0,17.61487179421892,2.0,4.736989327711046,2.0837018218390844,1.0,1.0,54.0,72.0,3.072716440255391,
QTIM,/run/media/falconnier/Elements/BIDS_datasets_selection/QTIM/sub-1000/ses-01/anat/sub-1000_ses-01_T1w.nii.gz,,,,,sub-1000,ses-01,256,256,256,0.9375,0.9,0.9375,9.732653617858887,16777216,13460179,0.8022891879081726,0.0,292.0,9.98944902590077,3.0,15.990734191632352,2.0,6.6005843999300104,2.398830167326475,1.0,1.0,49.0,68.0,3.218314467684538,
QTIM,/run/media/falconnier/Elements/BIDS_datasets_selection/QTIM/sub-1000/ses-01/anat/sub-1000_ses-01_T1w_defacemask.nii.gz,,,,,sub-1000,ses-01,256,256,256,0.9375,0.9,0.9375,0.17922019958496094,16777216,15158319,0.9035062193870544,0.0,1.0,1.0,1.0,0.0,0.0,,,1.0,1.0,1.0,1.0,-2048.0,
QTIM,/run/media/falconnier/Elements/BIDS_datasets_selection/QTIM/sub-1001/ses-01/anat/sub-1001_ses-01_T1w_defacemask.nii.gz,,,,,sub-1001,ses-01,256,256,256,0.9375,0.9,0.9375,0.18318557739257812,16777216,14814437,0.8830092549324036,0.0,1.0,1.0,1.0,0.0,0.0,,,1.0,1.0,1.0,1.0,-2048.0,
QTIM,/run/media/falconnier/Elements/BIDS_datasets_selection/QTIM/sub-1001/ses-01/anat/sub-1001_ses-01_T1w.nii.gz,,,,,sub-1001,ses-01,256,256,256,0.9375,0.9,0.9375,11.150740623474121,16777216,14011306,0.8351389169692993,0.0,279.0,14.871339545364293,4.0,20.11502664574839,3.0,4.562493894406149,1.9805761776836521,1.0,1.0,60.0,79.0,4.303922959299136,
QTIM,/run/media/falconnier/Elements/BIDS_datasets_selection/QTIM/sub-1002/ses-01/anat/sub-1002_ses-01_T1w_defacemask.nii.gz,,,,,sub-1002,ses-01,240,256,256,0.9,0.9375,0.9375,0.17423057556152344,15728640,13787598,0.8765918731689453,0.0,1.0,1.0,1.0,0.0,0.0,,,1.0,1.0,1.0,1.0,-2048.0,
QTIM,/run/media/falconnier/Elements/BIDS_datasets_selection/QTIM/sub-1002/ses-01/anat/sub-1002_ses-01_T1w.nii.gz,,,,,sub-1002,ses-01,240,256,256,0.9,0.9375,0.9375,14.540042877197266,15728640,13623657,0.8661687850952149,0.0,1180.0,52.66034207995695,15.0,74.9005543785542,9.0,3.513660715293656,1.9401150363972746,1.0,3.0,228.0,306.0,1.4400250927376073,
QTIM,/run/media/falconnier/Elements/BIDS_datasets_selection/QTIM/sub-1003/ses-01/anat/sub-1003_ses-01_T1w.nii.gz,,,,,sub-1003,ses-01,256,256,256,0.9375,0.9,0.9375,9.99398136138916,16777216,13537988,0.806926965713501,0.0,277.0,10.68852151442297,3.0,15.923289143325045,2.0,5.41868568030532,2.2125841600258593,1.0,1.0,48.0,66.0,3.6136655339046024,
QTIM,/run/media/falconnier/Elements/BIDS_datasets_selection/QTIM/sub-1004/ses-01/anat/sub-1004_ses-01_T1w_defacemask.nii.gz,,,,,sub-1004,ses-01,240,256,256,0.9,0.9375,0.9375,0.1781454086303711,15728640,14148623,0.8995452245076497,0.0,1.0,1.0,1.0,0.0,0.0,,,1.0,1.0,1.0,1.0,-2048.0,
QTIM,/run/media/falconnier/Elements/BIDS_datasets_selection/QTIM/sub-1003/ses-01/anat/sub-1003_ses-01_T1w_defacemask.nii.gz,,,,,sub-1003,ses-01,256,256,256,0.9375,0.9,0.9375,0.17661476135253906,16777216,14930730,0.8899408578872681,0.0,1.0,1.0,1.0,0.0,0.0,,,1.0,1.0,1.0,1.0,-2048.0,
QTIM,/run/media/falconnier/Elements/BIDS_datasets_selection/QTIM/sub-1004/ses-01/anat/sub-1004_ses-01_T1w.nii.gz,,,,,sub-1004,ses-01,240,256,256,0.9,0.9375,0.9375,14.162690162658691,15728640,13959286,0.8875075022379557,0.0,1219.0,44.81335657138911,12.0,73.70614860667857,7.0,5.706717883716777,2.39536150214224,1.0,3.0,225.0,321.0,1.3150264207160693,
QTIM,/run/media/falconnier/Elements/BIDS_datasets_selection/QTIM/sub-1005/ses-01/anat/sub-1005_ses-01_T1w_defacemask.nii.gz,,,,,sub-1005,ses-01,240,256,256,0.9,0.9375,0.9375,0.1842355728149414,15728640,13968260,0.8880780537923177,0.0,1.0,1.0,1.0,0.0,0.0,,,1.0,1.0,1.0,1.0,-2048.0,
QTIM,/run/media/falconnier/Elements/BIDS_datasets_selection/QTIM/sub-1005/ses-01/anat/sub-1005_ses-01_T1w.nii.gz,,,,,sub-1005,ses-01,240,256,256,0.9,0.9375,0.9375,14.02107048034668,15728640,13782644,0.8762769063313802,0.0,1329.0,47.0260182298839,12.0,77.2121107444275,7.0,6.05729827349735,2.4034808686101177,1.0,3.0,234.0,332.0,1.2240720037408248,
QTIM,/run/media/falconnier/Elements/BIDS_datasets_selection/QTIM/sub-1006/ses-01/anat/sub-1006_ses-01_T1w_defacemask.nii.gz,,,,,sub-1006,ses-01,256,256,256,0.9375,0.9,0.9375,0.16384315490722656,16777216,15150317,0.9030292630195618,0.0,1.0,1.0,1.0,0.0,0.0,,,1.0,1.0,1.0,1.0,-2048.0,
QTIM,/run/media/falconnier/Elements/BIDS_datasets_selection/QTIM/sub-1007/ses-01/anat/sub-1007_ses-01_T1w_defacemask.nii.gz,,,,,sub-1007,ses-01,240,256,256,0.9,0.9375,0.9375,0.1706714630126953,15728640,13793806,0.876986567179362,0.0,1.0,1.0,1.0,0.0,0.0,,,1.0,1.0,1.0,1.0,-2048.0,
QTIM,/run/media/falconnier/Elements/BIDS_datasets_selection/QTIM/sub-1007/ses-01/anat/sub-1007_ses-01_T1w.nii.gz,,,,,sub-1007,ses-01,240,256,256,0.9,0.9375,0.9375,14.178915977478027,15728640,13616406,0.8657077789306641,0.0,1470.0,52.5338377836266,13.0,82.94341254924673,7.0,4.7409500113352,2.1850871727857726,1.0,3.0,252.0,341.0,1.1283874014652733,
QTIM,/run/media/falconnier/Elements/BIDS_datasets_selection/QTIM/sub-1006/ses-01/anat/sub-1006_ses-01_T1w.nii.gz,,,,,sub-1006,ses-01,256,256,256,0.9375,0.9,0.9375,10.580058097839355,16777216,13855386,0.8258453607559204,0.0,396.0,13.354987150845165,3.0,21.85795910708915,2.0,5.8643641142115275,2.320757796228165,1.0,1.0,66.0,89.0,2.682971824893517,
QTIM,/run/media/falconnier/Elements/BIDS_datasets_selection/QTIM/sub-1008/ses-01/anat/sub-1008_ses-01_T1w.nii.gz,,,,,sub-1008,ses-01,256,256,256,0.9375,0.9,0.9375,9.494613647460938,16777216,13290518,0.7921766042709351,0.0,288.0,9.215842377249706,2.0,14.90671729434614,1.0,6.07578850424037,2.411090089358388,1.0,1.0,45.0,65.0,3.126885260289481,
QTIM,/run/media/falconnier/Elements/BIDS_datasets_selection/QTIM/sub-1008/ses-01/anat/sub-1008_ses-01_T1w_defacemask.nii.gz,,,,,sub-1008,ses-01,256,256,256,0.9375,0.9,0.9375,0.16834545135498047,16777216,15125366,0.901542067527771,0.0,1.0,1.0,1.0,0.0,0.0,,,1.0,1.0,1.0,1.0,-2048.0,
QTIM,/run/media/falconnier/Elements/BIDS_datasets_selection/QTIM/sub-1009/ses-01/anat/sub-1009_ses-01_T1w_defacemask.nii.gz,,,,,sub-1009,ses-01,240,256,256,0.9,0.9375,0.9375,0.17539215087890625,15728640,13769179,0.8754208246866862,0.0,1.0,1.0,1.0,0.0,0.0,,,1.0,1.0,1.0,1.0,-2048.0,
QTIM,/run/media/falconnier/Elements/BIDS_datasets_selection/QTIM/sub-1009/ses-01/anat/sub-1009_ses-01_T1w.nii.gz,,,,,sub-1009,ses-01,240,256,256,0.9,0.9375,0.9375,13.98043155670166,15728640,13582869,0.863575553894043,0.0,1323.0,49.08717988813704,12.0,75.20834556831984,7.0,4.4589810291290535,2.1119962514802424,1.0,3.0,229.0,308.0,1.2454195074671188,
QTIM,/run/media/falconnier/Elements/BIDS_datasets_selection/QTIM/sub-1010/ses-01/anat/sub-1010_ses-01_T1w.nii.gz,,,,,sub-1010,ses-01,256,256,256,0.9375,0.9,0.9375,9.726531028747559,16777216,13412066,0.7994214296340942,0.0,331.0,9.796900417877454,3.0,15.524328449878043,2.0,7.156314796533158,2.468048036925668,1.0,1.0,47.0,67.0,2.95177698139743,
QTIM,/run/media/falconnier/Elements/BIDS_datasets_selection/QTIM/sub-1010/ses-01/anat/sub-1010_ses-01_T1w_defacemask.nii.gz,,,,,sub-1010,ses-01,256,256,256,0.9375,0.9,0.9375,0.16135883331298828,16777216,14923075,0.8894845843315125,0.0,1.0,1.0,1.0,0.0,0.0,,,1.0,1.0,1.0,1.0,-2048.0,
QTIM,/run/media/falconnier/Elements/BIDS_datasets_selection/QTIM/sub-1011/ses-01/anat/sub-1011_ses-01_T1w.nii.gz,,,,,sub-1011,ses-01,240,256,256,0.9,0.9375,0.9375,14.09395980834961,15728640,13762850,0.8750184377034506,0.0,1292.0,47.822225120523726,12.0,74.99213528102744,7.0,4.710400009069606,2.1956593042735726,1.0,3.0,227.0,316.0,1.2614690299363618,
QTIM,/run/media/falconnier/Elements/BIDS_datasets_selection/QTIM/sub-1011/ses-01/anat/sub-1011_ses-01_T1w_defacemask.nii.gz,,,,,sub-1011,ses-01,240,256,256,0.9,0.9375,0.9375,0.17180538177490234,15728640,13948167,0.8868005752563477,0.0,1.0,1.0,1.0,0.0,0.0,,,1.0,1.0,1.0,1.0,-2048.0,
QTIM,/run/media/falconnier/Elements/BIDS_datasets_selection/QTIM/sub-1012/ses-01/anat/sub-1012_ses-01_T1w.nii.gz,,,,,sub-1012,ses-01,240,256,256,0.9,0.9375,0.9375,13.858684539794922,15728640,13753706,0.8744370778401692,0.0,1283.0,44.3843190337208,11.0,70.84081972846208,6.0,5.136343199624347,2.2507056356147,1.0,3.0,217.0,300.0,1.242782646260364,
QTIM,/run/media/falconnier/Elements/BIDS_datasets_selection/QTIM/sub-1012/ses-01/anat/sub-1012_ses-01_T1w_defacemask.nii.gz,,,,,sub-1012,ses-01,240,256,256,0.9,0.9375,0.9375,0.14725399017333984,15728640,13947900,0.8867835998535156,0.0,1.0,1.0,1.0,0.0,0.0,,,1.0,1.0,1.0,1.0,-2048.0,
QTIM,/run/media/falconnier/Elements/BIDS_datasets_selection/QTIM/sub-1013/ses-01/anat/sub-1013_ses-01_T1w_defacemask.nii.gz,,,,,sub-1013,ses-01,256,256,256,0.9375,0.9,0.9375,0.1848745346069336,16777216,14755360,0.8794879913330078,0.0,1.0,1.0,1.0,0.0,0.0,,,1.0,1.0,1.0,1.0,-2048.0,
QTIM,/run/media/falconnier/Elements/BIDS_datasets_selection/QTIM/sub-1013/ses-01/anat/sub-1013_ses-01_T1w.nii.gz,,,,,sub-1013,ses-01,256,256,256,0.9375,0.9,0.9375,9.981416702270508,16777216,13378800,0.7974386215209961,0.0,336.0,11.533237958561307,3.0,17.05341518245741,2.0,4.880844915913092,2.111598852813673,1.0,1.0,51.0,70.0,3.1274582455595534,
QTIM,/run/media/falconnier/Elements/BIDS_datasets_selection/QTIM/sub-1014/ses-01/anat/sub-1014_ses-01_T1w_defacemask.nii.gz,,,,,sub-1014,ses-01,240,256,256,0.9,0.9375,0.9375,0.18037986755371094,15728640,14047893,0.8931409835815429,0.0,1.0,1.0,1.0,0.0,0.0,,,1.0,1.0,1.0,1.0,-2048.0,
QTIM,/run/media/falconnier/Elements/BIDS_datasets_selection/QTIM/sub-1014/ses-01/anat/sub-1014_ses-01_T1w.nii.gz,,,,,sub-1014,ses-01,240,256,256,0.9,0.9375,0.9375,14.861851692199707,15728640,13889466,0.8830684661865235,0.0,1441.0,55.32782304229695,15.0,82.89100305984095,9.0,4.798102401529254,2.1550034800964717,1.0,3.0,251.0,345.0,1.1899573653783617,
QTIM,/run/media/falconnier/Elements/BIDS_datasets_selection/QTIM/sub-1015/ses-01/anat/sub-1015_ses-01_T1w_defacemask.nii.gz,,,,,sub-1015,ses-01,240,256,256,0.9,0.9375,0.9375,0.15686416625976562,15728640,13923992,0.8852635701497396,0.0,1.0,1.0,1.0,0.0,0.0,,,1.0,1.0,1.0,1.0,-2048.0,
QTIM,/run/media/falconnier/Elements/BIDS_datasets_selection/QTIM/sub-1015/ses-01/anat/sub-1015_ses-01_T1w.nii.gz,,,,,sub-1015,ses-01,240,256,256,0.9,0.9375,0.9375,13.884087562561035,15728640,13730430,0.8729572296142578,0.0,1668.0,44.282505063570476,12.0,69.66528937027455,7.0,5.841467508512322,2.2715288073051996,1.0,3.0,213.0,294.0,0.9637359732085565,
QTIM,/run/media/falconnier/Elements/BIDS_datasets_selection/QTIM/sub-1016/ses-01/anat/sub-1016_ses-01_T1w_defacemask.nii.gz,,,,,sub-1016,ses-01,240,256,256,0.9,0.9375,0.9375,0.16516780853271484,15728640,13720952,0.8723546346028646,0.0,1.0,1.0,1.0,0.0,0.0,,,1.0,1.0,1.0,1.0,-2048.0,
QTIM,/run/media/falconnier/Elements/BIDS_datasets_selection/QTIM/sub-1016/ses-01/anat/sub-1016_ses-01_T1w.nii.gz,,,,,sub-1016,ses-01,240,256,256,0.9,0.9375,0.9375,15.11114501953125,15728640,13584062,0.8636514027913411,0.0,826.0,64.38363333441794,19.0,86.27218039080346,12.0,2.864648124492841,1.8020313905254226,2.0,4.0,260.0,341.0,2.1769850609691908,
QTIM,/run/media/falconnier/Elements/BIDS_datasets_selection/QTIM/sub-1017/ses-01/anat/sub-1017_ses-01_T1w_defacemask.nii.gz,,,,,sub-1017,ses-01,256,256,256,0.9375,0.9,0.9375,0.18133544921875,16777216,14948058,0.890973687171936,0.0,1.0,1.0,1.0,0.0,0.0,,,1.0,1.0,1.0,1.0,-2048.0,
QTIM,/run/media/falconnier/Elements/BIDS_datasets_selection/QTIM/sub-1017/ses-01/anat/sub-1017_ses-01_T1w.nii.gz,,,,,sub-1017,ses-01,256,256,256,0.9375,0.9,0.9375,10.20503044128418,16777216,13626277,0.8121894001960754,0.0,381.0,11.807136094473934,3.0,19.122463494443654,2.0,7.124998916349691,2.4574615964492126,1.0,1.0,57.0,80.0,2.768883210318141,
QTIM,/run/media/falconnier/Elements/BIDS_datasets_selection/QTIM/sub-1018/ses-01/anat/sub-1018_ses-01_T1w.nii.gz,,,,,sub-1018,ses-01,256,256,256,0.9375,0.9,0.9375,10.061479568481445,16777216,13607646,0.8110789060592651,0.0,382.0,10.917618521234312,3.0,17.69545839177295,2.0,8.187489302448304,2.553894793812384,1.0,1.0,53.0,75.0,2.7210201813990653,
QTIM,/run/media/falconnier/Elements/BIDS_datasets_selection/QTIM/sub-1018/ses-01/anat/sub-1018_ses-01_T1w_defacemask.nii.gz,,,,,sub-1018,ses-01,256,256,256,0.9375,0.9,0.9375,0.17067813873291016,16777216,14942338,0.8906327486038208,0.0,1.0,1.0,1.0,0.0,0.0,,,1.0,1.0,1.0,1.0,-2048.0,
QTIM,/run/media/falconnier/Elements/BIDS_datasets_selection/QTIM/sub-1019/ses-01/anat/sub-1019_ses-01_T1w.nii.gz,,,,,sub-1019,ses-01,240,256,256,0.9,0.9375,0.9375,14.274004936218262,15728640,13565718,0.862485122680664,0.0,1442.0,49.952811270291775,14.0,72.41267435725203,8.0,4.213541155815612,2.0346737247670443,1.0,3.0,222.0,296.0,1.16731008959529,
QTIM,/run/media/falconnier/Elements/BIDS_datasets_selection/QTIM/sub-1019/ses-01/anat/sub-1019_ses-01_T1w_defacemask.nii.gz,,,,,sub-1019,ses-01,240,256,256,0.9,0.9375,0.9375,0.16020679473876953,15728640,13733099,0.8731269200642904,0.0,1.0,1.0,1.0,0.0,0.0,,,1.0,1.0,1.0,1.0,-2048.0,
QTIM,/run/media/falconnier/Elements/BIDS_datasets_selection/QTIM/sub-1020/ses-01/anat/sub-1020_ses-01_T1w_defacemask.nii.gz,,,,,sub-1020,ses-01,256,256,256,0.9375,0.9,0.9375,0.18012428283691406,16777216,15017906,0.8951369524002075,0.0,1.0,1.0,1.0,0.0,0.0,,,1.0,1.0,1.0,1.0,-2048.0,
QTIM,/run/media/falconnier/Elements/BIDS_datasets_selection/QTIM/sub-1020/ses-01/anat/sub-1020_ses-01_T1w.nii.gz,,,,,sub-1020,ses-01,256,256,256,0.9375,0.9,0.9375,10.41610336303711,16777216,13789369,0.8219104409217834,0.0,326.0,12.267352625054851,3.0,19.16117767175125,2.0,5.0602816913865105,2.24190226055414,1.0,1.0,58.0,81.0,3.268608713942784,
QTIM,/run/media/falconnier/Elements/BIDS_datasets_selection/QTIM/sub-1020/ses-02/anat/sub-1020_ses-02_T1w_defacemask.nii.gz,,,,,sub-1020,ses-02,240,256,256,0.9,0.9375,0.9375,0.18297863006591797,15728640,13778822,0.8760339101155599,0.0,1.0,1.0,1.0,0.0,0.0,,,1.0,1.0,1.0,1.0,-2048.0,
QTIM,/run/media/falconnier/Elements/BIDS_datasets_selection/QTIM/sub-1020/ses-02/anat/sub-1020_ses-02_T1w.nii.gz,,,,,sub-1020,ses-02,240,256,256,0.9,0.9375,0.9375,14.058469772338867,15728640,13597705,0.8645188013712565,0.0,882.0,46.61364730298238,13.0,68.71949436834763,8.0,3.458278035000369,1.9968053718137548,1.0,3.0,211.0,284.0,1.8623451612542015,
QTIM,/run/media/falconnier/Elements/BIDS_datasets_selection/QTIM/sub-1021/ses-01/anat/sub-1021_ses-01_T1w_defacemask.nii.gz,,,,,sub-1021,ses-01,240,256,256,0.9,0.9375,0.9375,0.1561746597290039,15728640,13925224,0.8853418986002605,0.0,1.0,1.0,1.0,0.0,0.0,,,1.0,1.0,1.0,1.0,-2048.0,
QTIM,/run/media/falconnier/Elements/BIDS_datasets_selection/QTIM/sub-1021/ses-01/anat/sub-1021_ses-01_T1w.nii.gz,,,,,sub-1021,ses-01,240,256,256,0.9,0.9375,0.9375,13.687067985534668,15728640,13726853,0.8727298100789388,0.0,1410.0,42.75921269062909,11.0,69.65585977971517,6.0,5.444364554469846,2.329957398830452,1.0,2.0,214.0,302.0,1.1249413730913518,
QTIM,/run/media/falconnier/Elements/BIDS_datasets_selection/QTIM/sub-1022/ses-01/anat/sub-1022_ses-01_T1w_defacemask.nii.gz,,,,,sub-1022,ses-01,256,256,256,0.9375,0.9,0.9375,0.19720745086669922,16777216,14952410,0.8912330865859985,0.0,1.0,1.0,1.0,0.0,0.0,,,1.0,1.0,1.0,1.0,-2048.0,
QTIM,/run/media/falconnier/Elements/BIDS_datasets_selection/QTIM/sub-1022/ses-01/anat/sub-1022_ses-01_T1w.nii.gz,,,,,sub-1022,ses-01,256,256,256,0.9375,0.9,0.9375,10.804929733276367,16777216,13400770,0.7987481355667114,0.0,526.0,19.873162885416285,3.0,27.765810211893758,2.0,2.015825198481756,1.5159335992790333,1.0,1.0,80.0,94.0,2.2364878731355,
QTIM,/run/media/falconnier/Elements/BIDS_datasets_selection/QTIM/sub-1023/ses-01/anat/sub-1023_ses-01_T1w.nii.gz,,,,,sub-1023,ses-01,256,256,256,0.9375,0.9,0.9375,10.807053565979004,16777216,14027607,0.836110532283783,0.0,404.0,13.295724566563635,3.0,20.817158662507467,2.0,6.20041724803353,2.3071468509070603,1.0,1.0,63.0,86.0,2.7371787287412843,
QTIM,/run/media/falconnier/Elements/BIDS_datasets_selection/QTIM/sub-1023/ses-01/anat/sub-1023_ses-01_T1w_defacemask.nii.gz,,,,,sub-1023,ses-01,256,256,256,0.9375,0.9,0.9375,0.1764211654663086,16777216,15141846,0.9025243520736694,0.0,1.0,1.0,1.0,0.0,0.0,,,1.0,1.0,1.0,1.0,-2048.0,
QTIM,/run/media/falconnier/Elements/BIDS_datasets_selection/QTIM/sub-1024/ses-01/anat/sub-1024_ses-01_T1w.nii.gz,,,,,sub-1024,ses-01,256,256,256,0.9375,0.9,0.9375,9.672682762145996,16777216,13271890,0.7910662889480591,0.0,323.0,10.15092741124286,3.0,16.45795823332357,2.0,7.507966179904075,2.50942809370759,1.0,1.0,49.0,69.0,2.9761191928392248,
QTIM,/run/media/falconnier/Elements/BIDS_datasets_selection/QTIM/sub-1024/ses-01/anat/sub-1024_ses-01_T1w_defacemask.nii.gz,,,,,sub-1024,ses-01,256,256,256,0.9375,0.9,0.9375,0.16632080078125,16777216,14982245,0.8930113911628723,0.0,1.0,1.0,1.0,0.0,0.0,,,1.0,1.0,1.0,1.0,-2048.0,
QTIM,/run/media/falconnier/Elements/BIDS_datasets_selection/QTIM/sub-1025/ses-01/anat/sub-1025_ses-01_T1w_defacemask.nii.gz,,,,,sub-1025,ses-01,240,256,256,0.9,0.9375,0.9375,0.18471527099609375,15728640,13610280,0.8653182983398438,0.0,1.0,1.0,1.0,0.0,0.0,,,1.0,1.0,1.0,1.0,-2048.0,
QTIM,/run/media/falconnier/Elements/BIDS_datasets_selection/QTIM/sub-1025/ses-01/anat/sub-1025_ses-01_T1w.nii.gz,,,,,sub-1025,ses-01,240,256,256,0.9,0.9375,0.9375,14.509973526000977,15728640,13457125,0.8555809656778971,0.0,1472.0,58.171460991853756,17.0,82.86117475187366,10.0,3.3749097021665273,1.9080259953946093,2.0,4.0,253.0,332.0,1.1800224910122925,
QTIM,/run/media/falconnier/Elements/BIDS_datasets_selection/QTIM/sub-1026/ses-01/anat/sub-1026_ses-01_T1w.nii.gz,,,,,sub-1026,ses-01,256,256,256,0.9375,0.9,0.9375,9.919445991516113,16777216,13398146,0.7985917329788208,0.0,329.0,11.232477762221729,3.0,16.833910914686324,2.0,5.748348930559146,2.221411513756824,1.0,1.0,50.0,68.0,3.1364076509887227,
QTIM,/run/media/falconnier/Elements/BIDS_datasets_selection/QTIM/sub-1026/ses-01/anat/sub-1026_ses-01_T1w_defacemask.nii.gz,,,,,sub-1026,ses-01,256,256,256,0.9375,0.9,0.9375,0.176483154296875,16777216,14949902,0.8910835981369019,0.0,1.0,1.0,1.0,0.0,0.0,,,1.0,1.0,1.0,1.0,-2048.0,
QTIM,/run/media/falconnier/Elements/BIDS_datasets_selection/QTIM/sub-1027/ses-01/anat/sub-1027_ses-01_T1w.nii.gz,,,,,sub-1027,ses-01,256,256,256,0.9375,0.9,0.9375,10.103615760803223,16777216,13584093,0.8096750378608704,0.0,475.0,12.539625648911562,3.0,21.03000569487768,2.0,6.049085583955009,2.3658933557613566,1.0,1.0,64.0,86.0,2.251447102300165,
QTIM,/run/media/falconnier/Elements/BIDS_datasets_selection/QTIM/sub-1027/ses-01/anat/sub-1027_ses-01_T1w_defacemask.nii.gz,,,,,sub-1027,ses-01,256,256,256,0.9375,0.9,0.9375,0.18805885314941406,16777216,15058225,0.8975401520729065,0.0,1.0,1.0,1.0,0.0,0.0,,,1.0,1.0,1.0,1.0,-2048.0,
QTIM,/run/media/falconnier/Elements/BIDS_datasets_selection/QTIM/sub-1028/ses-01/anat/sub-1028_ses-01_T1w_defacemask.nii.gz,,,,,sub-1028,ses-01,240,256,256,0.9,0.9375,0.9375,0.1583232879638672,15728640,13988161,0.8893433252970377,0.0,1.0,1.0,1.0,0.0,0.0,,,1.0,1.0,1.0,1.0,-2048.0,
QTIM,/run/media/falconnier/Elements/BIDS_datasets_selection/QTIM/sub-1028/ses-01/anat/sub-1028_ses-01_T1w.nii.gz,,,,,sub-1028,ses-01,240,256,256,0.9,0.9375,0.9375,14.986145973205566,15728640,13834815,0.8795938491821289,0.0,1721.0,58.68720109376237,16.0,87.40237811866679,10.0,5.0781452863408685,2.162565366078768,1.0,3.0,263.0,362.0,1.009015793583213,
QTIM,/run/media/falconnier/Elements/BIDS_datasets_selection/QTIM/sub-1029/ses-01/anat/sub-1029_ses-01_T1w_defacemask.nii.gz,,,,,sub-1029,ses-01,256,256,256,0.9375,0.9,0.9375,0.1593942642211914,16777216,15075441,0.8985663056373596,0.0,1.0,1.0,1.0,0.0,0.0,,,1.0,1.0,1.0,1.0,-2048.0,
QTIM,/run/media/falconnier/Elements/BIDS_datasets_selection/QTIM/sub-1029/ses-01/anat/sub-1029_ses-01_T1w.nii.gz,,,,,sub-1029,ses-01,256,256,256,0.9375,0.9,0.9375,10.798727035522461,16777216,14055418,0.8377681970596313,0.0,320.0,12.598563913218376,4.0,18.34703445431154,3.0,5.6072132320465915,2.2059503408353205,1.0,1.0,56.0,76.0,3.511788919585211,
QTIM,/run/media/falconnier/Elements/BIDS_datasets_selection/QTIM/sub-1030/ses-01/anat/sub-1030_ses-01_T1w_defacemask.nii.gz,,,,,sub-1030,ses-01,256,256,256,0.9375,0.9,0.9375,0.1681833267211914,16777216,14937536,0.8903465270996094,0.0,1.0,1.0,1.0,0.0,0.0,,,1.0,1.0,1.0,1.0,-2048.0,
QTIM,/run/media/falconnier/Elements/BIDS_datasets_selection/QTIM/sub-1030/ses-01/anat/sub-1030_ses-01_T1w.nii.gz,,,,,sub-1030,ses-01,256,256,256,0.9375,0.9,0.9375,10.476527214050293,16777216,13834193,0.8245821595191956,0.0,263.0,11.91650145404217,4.0,17.34614280018381,3.0,6.963814805862585,2.358181469102333,1.0,1.0,51.0,71.0,4.109844822155916,
QTIM,/run/media/falconnier/Elements/BIDS_datasets_selection/QTIM/sub-1031/ses-01/anat/sub-1031_ses-01_T1w.nii.gz,,,,,sub-1031,ses-01,256,256,256,0.9375,0.9,0.9375,10.785658836364746,16777216,13916759,0.8295034766197205,0.0,488.0,14.052060540819884,3.0,22.4114088776777,2.0,6.820243490334372,2.3760592559370033,1.0,1.0,68.0,92.0,2.375134634861909,
QTIM,/run/media/falconnier/Elements/BIDS_datasets_selection/QTIM/sub-1031/ses-01/anat/sub-1031_ses-01_T1w_defacemask.nii.gz,,,,,sub-1031,ses-01,256,256,256,0.9375,0.9,0.9375,0.17825698852539062,16777216,14986705,0.8932772278785706,0.0,1.0,1.0,1.0,0.0,0.0,,,1.0,1.0,1.0,1.0,-2048.0,
QTIM,/run/media/falconnier/Elements/BIDS_datasets_selection/QTIM/sub-1032/ses-01/anat/sub-1032_ses-01_T1w.nii.gz,,,,,sub-1032,ses-01,256,256,256,0.9375,0.9,0.9375,10.368865013122559,16777216,13815665,0.8234778046607971,0.0,299.0,12.198283325485962,3.0,18.88758317083216,2.0,5.448253218419884,2.2614342010880693,1.0,1.0,57.0,78.0,3.537548176262114,
QTIM,/run/media/falconnier/Elements/BIDS_datasets_selection/QTIM/sub-1032/ses-01/anat/sub-1032_ses-01_T1w_defacemask.nii.gz,,,,,sub-1032,ses-01,256,256,256,0.9375,0.9,0.9375,0.17621135711669922,16777216,15048547,0.8969632983207703,0.0,1.0,1.0,1.0,0.0,0.0,,,1.0,1.0,1.0,1.0,-2048.0,
QTIM,/run/media/falconnier/Elements/BIDS_datasets_selection/QTIM/sub-1033/ses-01/anat/sub-1033_ses-01_T1w_defacemask.nii.gz,,,,,sub-1033,ses-01,256,256,256,0.9375,0.9,0.9375,0.1921234130859375,16777216,14930619,0.889934241771698,0.0,1.0,1.0,1.0,0.0,0.0,,,1.0,1.0,1.0,1.0,-2048.0,
QTIM,/run/media/falconnier/Elements/BIDS_datasets_selection/QTIM/sub-1033/ses-01/anat/sub-1033_ses-01_T1w.nii.gz,,,,,sub-1033,ses-01,256,256,256,0.9375,0.9,0.9375,10.269145011901855,16777216,13610607,0.8112553954124451,0.0,443.0,12.37961745570936,3.0,19.59945469122915,2.0,6.321294793329637,2.3207728890710646,1.0,1.0,59.0,80.0,2.44683473490274,
QTIM,/run/media/falconnier/Elements/BIDS_datasets_selection/QTIM/sub-1034/ses-01/anat/sub-1034_ses-01_T1w_defacemask.nii.gz,,,,,sub-1034,ses-01,240,256,256,0.9,0.9375,0.9375,0.16802692413330078,15728640,14012027,0.8908606847127278,0.0,1.0,1.0,1.0,0.0,0.0,,,1.0,1.0,1.0,1.0,-2048.0,
QTIM,/run/media/falconnier/Elements/BIDS_datasets_selection/QTIM/sub-1034/ses-01/anat/sub-1034_ses-01_T1w.nii.gz,,,,,sub-1034,ses-01,240,256,256,0.9,0.9375,0.9375,13.924637794494629,15728640,13818292,0.8785433451334635,0.0,1268.0,44.05593925790539,12.0,71.02323789106724,7.0,5.8615809955083,2.348610914380997,1.0,3.0,216.0,304.0,1.2679964984663223,
QTIM,/run/media/falconnier/Elements/BIDS_datasets_selection/QTIM/sub-1035/ses-01/anat/sub-1035_ses-01_T1w_defacemask.nii.gz,,,,,sub-1035,ses-01,240,256,256,0.9,0.9375,0.9375,0.1781606674194336,15728640,14001906,0.8902172088623047,0.0,1.0,1.0,1.0,0.0,0.0,,,1.0,1.0,1.0,1.0,-2048.0,
QTIM,/run/media/falconnier/Elements/BIDS_datasets_selection/QTIM/sub-1035/ses-01/anat/sub-1035_ses-01_T1w.nii.gz,,,,,sub-1035,ses-01,240,256,256,0.9,0.9375,0.9375,14.668265342712402,15728640,13834490,0.8795731862386068,0.0,1144.0,52.3762157477435,15.0,76.38650776196357,9.0,3.7545956634364854,2.014959503540032,1.0,3.0,236.0,311.0,1.4880314977631275,
QTIM,/run/media/falconnier/Elements/BIDS_datasets_selection/QTIM/sub-1036/ses-01/anat/sub-1036_ses-01_T1w_defacemask.nii.gz,,,,,sub-1036,ses-01,256,256,256,0.9375,0.9,0.9375,0.1773090362548828,16777216,15061580,0.8977401256561279,0.0,1.0,1.0,1.0,0.0,0.0,,,1.0,1.0,1.0,1.0,-2048.0,
QTIM,/run/media/falconnier/Elements/BIDS_datasets_selection/QTIM/sub-1036/ses-01/anat/sub-1036_ses-01_T1w.nii.gz,,,,,sub-1036,ses-01,256,256,256,0.9375,0.9,0.9375,10.116543769836426,16777216,13663353,0.8143993020057678,0.0,291.0,10.517063930061676,3.0,16.07424062993055,2.0,6.969230317556278,2.441471197269153,1.0,1.0,48.0,69.0,3.462518856415093,
QTIM,/run/media/falconnier/Elements/BIDS_datasets_selection/QTIM/sub-1037/ses-01/anat/sub-1037_ses-01_T1w.nii.gz,,,,,sub-1037,ses-01,256,256,256,0.9375,0.9,0.9375,10.270247459411621,16777216,13826086,0.8240989446640015,0.0,406.0,11.467108695837709,3.0,18.56571702785476,2.0,7.744860040641994,2.505885350621433,1.0,1.0,56.0,79.0,2.5578833804191268,
QTIM,/run/media/falconnier/Elements/BIDS_datasets_selection/QTIM/sub-1037/ses-01/anat/sub-1037_ses-01_T1w_defacemask.nii.gz,,,,,sub-1037,ses-01,256,256,256,0.9375,0.9,0.9375,0.16873645782470703,16777216,15145017,0.9027133584022522,0.0,1.0,1.0,1.0,0.0,0.0,,,1.0,1.0,1.0,1.0,-2048.0,
QTIM,/run/media/falconnier/Elements/BIDS_datasets_selection/QTIM/sub-1038/ses-01/anat/sub-1038_ses-01_T1w.nii.gz,,,,,sub-1038,ses-01,256,256,256,0.9375,0.9,0.9375,10.480887413024902,16777216,13680646,0.8154300451278687,0.0,294.0,12.062904631842677,3.0,17.576822194975286,2.0,5.089261754351357,2.12955296687441,1.0,1.0,53.0,72.0,3.638158763889662,
QTIM,/run/media/falconnier/Elements/BIDS_datasets_selection/QTIM/sub-1038/ses-01/anat/sub-1038_ses-01_T1w_defacemask.nii.gz,,,,,sub-1038,ses-01,256,256,256,0.9375,0.9,0.9375,0.18581867218017578,16777216,14895667,0.8878509402275085,0.0,1.0,1.0,1.0,0.0,0.0,,,1.0,1.0,1.0,1.0,-2048.0,
QTIM,/run/media/falconnier/Elements/BIDS_datasets_selection/QTIM/sub-1039/ses-01/anat/sub-1039_ses-01_T1w_defacemask.nii.gz,,,,,sub-1039,ses-01,256,256,256,0.9375,0.9,0.9375,0.15154266357421875,16777216,15154188,0.9032599925994873,0.0,1.0,1.0,1.0,0.0,0.0,,,1.0,1.0,1.0,1.0,-2048.0,
QTIM,/run/media/falconnier/Elements/BIDS_datasets_selection/QTIM/sub-1039/ses-01/anat/sub-1039_ses-01_T1w.nii.gz,,,,,sub-1039,ses-01,256,256,256,0.9375,0.9,0.9375,10.751214027404785,16777216,14051470,0.8375328779220581,0.0,366.0,13.529839297952456,4.0,20.854196940440413,3.0,5.29981093703741,2.2521481199613747,1.0,1.0,63.0,88.0,3.1015544881939108,
QTIM,/run/media/falconnier/Elements/BIDS_datasets_selection/QTIM/sub-1040/ses-01/anat/sub-1040_ses-01_T1w_defacemask.nii.gz,,,,,sub-1040,ses-01,256,256,256,0.9375,0.9,0.9375,0.1698589324951172,16777216,15021856,0.8953723907470703,0.0,1.0,1.0,1.0,0.0,0.0,,,1.0,1.0,1.0,1.0,-2048.0,
QTIM,/run/media/falconnier/Elements/BIDS_datasets_selection/QTIM/sub-1040/ses-01/anat/sub-1040_ses-01_T1w.nii.gz,,,,,sub-1040,ses-01,256,256,256,0.9375,0.9,0.9375,10.502734184265137,16777216,13780027,0.8213536143302917,0.0,415.0,12.789583503718825,3.0,20.930053733343424,2.0,7.371360362667048,2.488957009531345,1.0,1.0,62.0,88.0,2.5865074515074498,
QTIM,/run/media/falconnier/Elements/BIDS_datasets_selection/QTIM/sub-1041/ses-01/anat/sub-1041_ses-01_T1w_defacemask.nii.gz,,,,,sub-1041,ses-01,256,256,256,0.9375,0.9,0.9375,0.17042064666748047,16777216,14747761,0.8790350556373596,0.0,1.0,1.0,1.0,0.0,0.0,,,1.0,1.0,1.0,1.0,-2048.0,
QTIM,/run/media/falconnier/Elements/BIDS_datasets_selection/QTIM/sub-1041/ses-01/anat/sub-1041_ses-01_T1w.nii.gz,,,,,sub-1041,ses-01,256,256,256,0.9375,0.9,0.9375,10.368374824523926,16777216,13651225,0.8136764168739319,0.0,318.0,12.923037529598991,3.0,18.7182488145695,2.0,4.744778036108794,2.0856325611719724,1.0,1.0,56.0,75.0,3.511405764337201,
QTIM,/run/media/falconnier/Elements/BIDS_datasets_selection/QTIM/sub-1042/ses-01/anat/sub-1042_ses-01_T1w_defacemask.nii.gz,,,,,sub-1042,ses-01,240,256,256,0.9,0.9375,0.9375,0.17368793487548828,15728640,13658298,0.8683712005615234,0.0,1.0,1.0,1.0,0.0,0.0,,,1.0,1.0,1.0,1.0,-2048.0,
QTIM,/run/media/falconnier/Elements/BIDS_datasets_selection/QTIM/sub-1042/ses-01/anat/sub-1042_ses-01_T1w.nii.gz,,,,,sub-1042,ses-01,240,256,256,0.9,0.9375,0.9375,14.389544486999512,15728640,13503458,0.8585267384847005,0.0,1511.0,56.87992512732664,16.0,83.05813523806708,10.0,4.126953501310397,2.012556549294124,1.0,3.0,255.0,336.0,1.1441596316213825,
QTIM,/run/media/falconnier/Elements/BIDS_datasets_selection/QTIM/sub-1043/ses-01/anat/sub-1043_ses-01_T1w.nii.gz,,,,,sub-1043,ses-01,256,256,256,0.9375,0.9,0.9375,10.009015083312988,16777216,13526683,0.8062531352043152,0.0,424.0,10.882954675584546,3.0,17.24909938949217,2.0,7.438944664241051,2.4182851426248946,1.0,1.0,52.0,72.0,2.4171646483625526,
QTIM,/run/media/falconnier/Elements/BIDS_datasets_selection/QTIM/sub-1043/ses-01/anat/sub-1043_ses-01_T1w_defacemask.nii.gz,,,,,sub-1043,ses-01,256,256,256,0.9375,0.9,0.9375,0.18732929229736328,16777216,14923972,0.889538049697876,0.0,1.0,1.0,1.0,0.0,0.0,,,1.0,1.0,1.0,1.0,-2048.0,
QTIM,/run/media/falconnier/Elements/BIDS_datasets_selection/QTIM/sub-1044/ses-01/anat/sub-1044_ses-01_T1w_defacemask.nii.gz,,,,,sub-1044,ses-01,256,256,256,0.9375,0.9,0.9375,0.1739034652709961,16777216,15112248,0.9007601737976074,0.0,1.0,1.0,1.0,0.0,0.0,,,1.0,1.0,1.0,1.0,-2048.0,
QTIM,/run/media/falconnier/Elements/BIDS_datasets_selection/QTIM/sub-1044/ses-01/anat/sub-1044_ses-01_T1w.nii.gz,,,,,sub-1044,ses-01,256,256,256,0.9375,0.9,0.9375,10.140421867370605,16777216,13695659,0.8163248896598816,0.0,369.0,10.701932707290682,3.0,16.75567869556204,2.0,7.469657585947493,2.4405004078447736,1.0,1.0,51.0,71.0,2.7880586048312472,
QTIM,/run/media/falconnier/Elements/BIDS_datasets_selection/QTIM/sub-1045/ses-01/anat/sub-1045_ses-01_T1w_defacemask.nii.gz,,,,,sub-1045,ses-01,256,256,256,0.9375,0.9,0.9375,0.17389678955078125,16777216,15008989,0.8946054577827454,0.0,1.0,1.0,1.0,0.0,0.0,,,1.0,1.0,1.0,1.0,-2048.0,
QTIM,/run/media/falconnier/Elements/BIDS_datasets_selection/QTIM/sub-1045/ses-01/anat/sub-1045_ses-01_T1w.nii.gz,,,,,sub-1045,ses-01,256,256,256,0.9375,0.9,0.9375,9.886350631713867,16777216,13536088,0.8068137168884277,0.0,355.0,9.805240258485318,3.0,15.130086229132232,2.0,7.0155665149945,2.4111413628303104,1.0,1.0,46.0,65.0,2.7936742477882897,
QTIM,/run/media/falconnier/Elements/BIDS_datasets_selection/QTIM/sub-1046/ses-01/anat/sub-1046_ses-01_T1w.nii.gz,,,,,sub-1046,ses-01,256,256,256,0.9375,0.9,0.9375,9.796430587768555,16777216,13498699,0.8045851588249207,0.0,371.0,10.159009175624998,3.0,17.17403542321375,2.0,8.108677536877568,2.642321728975765,1.0,1.0,51.0,74.0,2.637535234768557,
QTIM,/run/media/falconnier/Elements/BIDS_datasets_selection/QTIM/sub-1046/ses-01/anat/sub-1046_ses-01_T1w_defacemask.nii.gz,,,,,sub-1046,ses-01,256,256,256,0.9375,0.9,0.9375,0.15888595581054688,16777216,15150660,0.9030497074127197,0.0,1.0,1.0,1.0,0.0,0.0,,,1.0,1.0,1.0,1.0,-2048.0,
QTIM,/run/media/falconnier/Elements/BIDS_datasets_selection/QTIM/sub-1047/ses-01/anat/sub-1047_ses-01_T1w_defacemask.nii.gz,,,,,sub-1047,ses-01,240,256,256,0.9,0.9375,0.9375,0.16213607788085938,15728640,13891064,0.8831700642903646,0.0,1.0,1.0,1.0,0.0,0.0,,,1.0,1.0,1.0,1.0,-2048.0,
QTIM,/run/media/falconnier/Elements/BIDS_datasets_selection/QTIM/sub-1047/ses-01/anat/sub-1047_ses-01_T1w.nii.gz,,,,,sub-1047,ses-01,240,256,256,0.9,0.9375,0.9375,14.596750259399414,15728640,13731427,0.873020617167155,0.0,1356.0,53.799392663267994,15.0,81.07201408767595,9.0,4.659280329184653,2.1465119660592284,1.0,3.0,247.0,342.0,1.255370311238613,
QTIM,/run/media/falconnier/Elements/BIDS_datasets_selection/QTIM/sub-1048/ses-01/anat/sub-1048_ses-01_T1w_defacemask.nii.gz,,,,,sub-1048,ses-01,240,256,256,0.9,0.9375,0.9375,0.17936992645263672,15728640,13710637,0.8716988245646159,0.0,1.0,1.0,1.0,0.0,0.0,,,1.0,1.0,1.0,1.0,-2048.0,
QTIM,/run/media/falconnier/Elements/BIDS_datasets_selection/QTIM/sub-1048/ses-01/anat/sub-1048_ses-01_T1w.nii.gz,,,,,sub-1048,ses-01,240,256,256,0.9,0.9375,0.9375,13.927399635314941,15728640,13524197,0.8598452885945638,0.0,1600.0,50.43403530723488,12.0,83.17063617632334,7.0,5.734514929487339,2.343405632564867,1.0,3.0,252.0,356.0,1.0239839291046213,
QTIM,/run/media/falconnier/Elements/BIDS_datasets_selection/QTIM/sub-1049/ses-01/anat/sub-1049_ses-01_T1w_defacemask.nii.gz,,,,,sub-1049,ses-01,256,256,256,0.9375,0.9,0.9375,0.1657543182373047,16777216,15057169,0.8974772095680237,0.0,1.0,1.0,1.0,0.0,0.0,,,1.0,1.0,1.0,1.0,-2048.0,
QTIM,/run/media/falconnier/Elements/BIDS_datasets_selection/QTIM/sub-1049/ses-01/anat/sub-1049_ses-01_T1w.nii.gz,,,,,sub-1049,ses-01,256,256,256,0.9375,0.9,0.9375,10.678775787353516,16777216,13893326,0.8281067609786987,0.0,327.0,13.392998623943612,3.0,20.751285692950084,2.0,6.679325506889658,2.357533060972124,1.0,1.0,61.0,85.0,3.3827819907521737,
QTIM,/run/media/falconnier/Elements/BIDS_datasets_selection/QTIM/sub-1050/ses-01/anat/sub-1050_ses-01_T1w.nii.gz,,,,,sub-1050,ses-01,256,256,256,0.9375,0.9,0.9375,9.845734596252441,16777216,13402371,0.7988435626029968,0.0,317.0,10.142779960351792,3.0,16.084268974621775,2.0,7.146138082105786,2.423136684953331,1.0,1.0,48.0,67.0,3.031422364299665,
QTIM,/run/media/falconnier/Elements/BIDS_datasets_selection/QTIM/sub-1050/ses-01/anat/sub-1050_ses-01_T1w_defacemask.nii.gz,,,,,sub-1050,ses-01,256,256,256,0.9375,0.9,0.9375,0.17269039154052734,16777216,15211223,0.9066595435142517,0.0,1.0,1.0,1.0,0.0,0.0,,,1.0,1.0,1.0,1.0,-2048.0,
QTIM,/run/media/falconnier/Elements/BIDS_datasets_selection/QTIM/sub-1051/ses-01/anat/sub-1051_ses-01_T1w_defacemask.nii.gz,,,,,sub-1051,ses-01,240,256,256,0.9,0.9375,0.9375,0.16498756408691406,15728640,13980095,0.8888305028279623,0.0,1.0,1.0,1.0,0.0,0.0,,,1.0,1.0,1.0,1.0,-2048.0,
QTIM,/run/media/falconnier/Elements/BIDS_datasets_selection/QTIM/sub-1051/ses-01/anat/sub-1051_ses-01_T1w.nii.gz,,,,,sub-1051,ses-01,240,256,256,0.9,0.9375,0.9375,14.570863723754883,15728640,13814063,0.8782744725545247,0.0,1720.0,55.0373892894509,15.0,83.47235794220876,9.0,5.0760942069417485,2.1872584449883643,1.0,3.0,253.0,345.0,0.9939809376609104,
QTIM,/run/media/falconnier/Elements/BIDS_datasets_selection/QTIM/sub-1052/ses-01/anat/sub-1052_ses-01_T1w_defacemask.nii.gz,,,,,sub-1052,ses-01,240,256,256,0.9,0.9375,0.9375,0.1654338836669922,15728640,13711696,0.8717661539713542,0.0,1.0,1.0,1.0,0.0,0.0,,,1.0,1.0,1.0,1.0,-2048.0,
QTIM,/run/media/falconnier/Elements/BIDS_datasets_selection/QTIM/sub-1052/ses-01/anat/sub-1052_ses-01_T1w.nii.gz,,,,,sub-1052,ses-01,240,256,256,0.9,0.9375,0.9375,14.203937530517578,15728640,13541256,0.8609298706054688,0.0,1207.0,49.54154075515595,14.0,74.6919025255516,8.0,4.540745685970237,2.1436023637494968,1.0,3.0,229.0,313.0,1.378496347615407,
QTIM,/run/media/falconnier/Elements/BIDS_datasets_selection/QTIM/sub-1053/ses-01/anat/sub-1053_ses-01_T1w.nii.gz,,,,,sub-1053,ses-01,256,256,256,0.9375,0.9,0.9375,10.587458610534668,16777216,13901178,0.8285747766494751,0.0,313.0,12.552315278604446,3.0,20.14861512238517,2.0,6.7561258284161685,2.4299105506015684,1.0,1.0,60.0,85.0,3.410676745024505,
QTIM,/run/media/falconnier/Elements/BIDS_datasets_selection/QTIM/sub-1053/ses-01/anat/sub-1053_ses-01_T1w_defacemask.nii.gz,,,,,sub-1053,ses-01,256,256,256,0.9375,0.9,0.9375,0.1656332015991211,16777216,15066717,0.8980463147163391,0.0,1.0,1.0,1.0,0.0,0.0,,,1.0,1.0,1.0,1.0,-2048.0,
QTIM,/run/media/falconnier/Elements/BIDS_datasets_selection/QTIM/sub-1053/ses-02/anat/sub-1053_ses-02_T1w_defacemask.nii.gz,,,,,sub-1053,ses-02,256,256,256,0.9375,0.9,0.9375,0.172271728515625,16777216,14992007,0.8935932517051697,0.0,1.0,1.0,1.0,0.0,0.0,,,1.0,1.0,1.0,1.0,-2048.0,
QTIM,/run/media/falconnier/Elements/BIDS_datasets_selection/QTIM/sub-1053/ses-02/anat/sub-1053_ses-02_T1w.nii.gz,,,,,sub-1053,ses-02,256,256,256,0.9375,0.9,0.9375,10.585495948791504,16777216,13850100,0.8255302906036377,0.0,300.0,12.421556017646083,3.0,19.5285980545538,2.0,7.066636374166466,2.428077069997865,1.0,1.0,59.0,82.0,3.565994926142921,
QTIM,/run/media/falconnier/Elements/BIDS_datasets_selection/QTIM/sub-1054/ses-01/anat/sub-1054_ses-01_T1w.nii.gz,,,,,sub-1054,ses-01,256,256,256,0.9375,0.9,0.9375,10.246773719787598,16777216,13601465,0.8107104897499084,0.0,423.0,12.20802376802793,3.0,19.46314457397414,2.0,6.1259975736259875,2.3345827475109187,1.0,1.0,59.0,81.0,2.5104411917731233,
QTIM,/run/media/falconnier/Elements/BIDS_datasets_selection/QTIM/sub-1054/ses-01/anat/sub-1054_ses-01_T1w_defacemask.nii.gz,,,,,sub-1054,ses-01,256,256,256,0.9375,0.9,0.9375,0.16517257690429688,16777216,14979240,0.8928322792053223,0.0,1.0,1.0,1.0,0.0,0.0,,,1.0,1.0,1.0,1.0,-2048.0,
QTIM,/run/media/falconnier/Elements/BIDS_datasets_selection/QTIM/sub-1055/ses-01/anat/sub-1055_ses-01_T1w.nii.gz,,,,,sub-1055,ses-01,256,256,256,0.9375,0.9,0.9375,9.485480308532715,16777216,13272574,0.7911070585250854,0.0,355.0,9.74001907994636,2.0,16.892628319492594,1.0,8.397592001721252,2.6845308807305663,1.0,1.0,50.0,73.0,2.6116345770596556,
QTIM,/run/media/falconnier/Elements/BIDS_datasets_selection/QTIM/sub-1055/ses-01/anat/sub-1055_ses-01_T1w_defacemask.nii.gz,,,,,sub-1055,ses-01,256,256,256,0.9375,0.9,0.9375,0.1613483428955078,16777216,15185130,0.9051042795181274,0.0,1.0,1.0,1.0,0.0,0.0,,,1.0,1.0,1.0,1.0,-2048.0,
QTIM,/run/media/falconnier/Elements/BIDS_datasets_selection/QTIM/sub-1056/ses-01/anat/sub-1056_ses-01_T1w_defacemask.nii.gz,,,,,sub-1056,ses-01,256,256,256,0.9375,0.9,0.9375,0.1763296127319336,16777216,14869270,0.8862775564193726,0.0,1.0,1.0,1.0,0.0,0.0,,,1.0,1.0,1.0,1.0,-2048.0,
QTIM,/run/media/falconnier/Elements/BIDS_datasets_selection/QTIM/sub-1056/ses-01/anat/sub-1056_ses-01_T1w.nii.gz,,,,,sub-1056,ses-01,256,256,256,0.9375,0.9,0.9375,11.387133598327637,16777216,14112213,0.8411534428596497,0.0,391.0,16.00553548901225,5.0,23.369926476104027,3.0,6.455292333641092,2.2886692392853694,1.0,1.0,69.0,95.0,3.130437828806372,
QTIM,/run/media/falconnier/Elements/BIDS_datasets_selection/QTIM/sub-1057/ses-01/anat/sub-1057_ses-01_T1w.nii.gz,,,,,sub-1057,ses-01,256,256,256,0.9375,0.9,0.9375,10.430511474609375,16777216,13876772,0.8271200656890869,0.0,379.0,12.366807424666197,3.0,19.167055619620108,2.0,7.108518085500352,2.3698245119772117,1.0,1.0,58.0,79.0,2.898406433870253,
QTIM,/run/media/falconnier/Elements/BIDS_datasets_selection/QTIM/sub-1057/ses-01/anat/sub-1057_ses-01_T1w_defacemask.nii.gz,,,,,sub-1057,ses-01,256,256,256,0.9375,0.9,0.9375,0.18387317657470703,16777216,14956233,0.8914609551429749,0.0,1.0,1.0,1.0,0.0,0.0,,,1.0,1.0,1.0,1.0,-2048.0,
QTIM,/run/media/falconnier/Elements/BIDS_datasets_selection/QTIM/sub-1057/ses-02/anat/sub-1057_ses-02_T1w.nii.gz,,,,,sub-1057,ses-02,256,256,256,0.9375,0.9,0.9375,10.627081871032715,16777216,13956393,0.8318658471107483,0.0,367.0,12.933281543447508,4.0,19.992888084103544,2.0,7.260642593864981,2.4153638453691064,1.0,1.0,60.0,83.0,3.0556901014511095,
QTIM,/run/media/falconnier/Elements/BIDS_datasets_selection/QTIM/sub-1057/ses-02/anat/sub-1057_ses-02_T1w_defacemask.nii.gz,,,,,sub-1057,ses-02,256,256,256,0.9375,0.9,0.9375,0.15249252319335938,16777216,14946682,0.8908916711807251,0.0,1.0,1.0,1.0,0.0,0.0,,,1.0,1.0,1.0,1.0,-2048.0,
QTIM,/run/media/falconnier/Elements/BIDS_datasets_selection/QTIM/sub-1058/ses-01/anat/sub-1058_ses-01_T1w_defacemask.nii.gz,,,,,sub-1058,ses-01,256,256,256,0.9375,0.9,0.9375,0.1676015853881836,16777216,15109043,0.9005691409111023,0.0,1.0,1.0,1.0,0.0,0.0,,,1.0,1.0,1.0,1.0,-2048.0,
QTIM,/run/media/falconnier/Elements/BIDS_datasets_selection/QTIM/sub-1058/ses-01/anat/sub-1058_ses-01_T1w.nii.gz,,,,,sub-1058,ses-01,256,256,256,0.9375,0.9,0.9375,10.916495323181152,16777216,14028545,0.8361664414405823,0.0,404.0,14.406975705605962,4.0,22.074014278490736,3.0,5.217059356785606,2.1619040395814633,1.0,1.0,66.0,89.0,2.800810407592783,
QTIM,/run/media/falconnier/Elements/BIDS_datasets_selection/QTIM/sub-1059/ses-01/anat/sub-1059_ses-01_T1w_defacemask.nii.gz,,,,,sub-1059,ses-01,256,256,256,0.9375,0.9,0.9375,0.1713113784790039,16777216,14976696,0.8926806449890137,0.0,1.0,1.0,1.0,0.0,0.0,,,1.0,1.0,1.0,1.0,-2048.0,
QTIM,/run/media/falconnier/Elements/BIDS_datasets_selection/QTIM/sub-1059/ses-01/anat/sub-1059_ses-01_T1w.nii.gz,,,,,sub-1059,ses-01,256,256,256,0.9375,0.9,0.9375,10.663012504577637,16777216,13890132,0.8279163837432861,0.0,374.0,12.981617381317902,3.0,19.934315842955833,2.0,7.27733355580583,2.423648645566274,1.0,1.0,59.0,82.0,3.0075977312297195,
QTIM,/run/media/falconnier/Elements/BIDS_datasets_selection/QTIM/sub-1060/ses-01/anat/sub-1060_ses-01_T1w_defacemask.nii.gz,,,,,sub-1060,ses-01,240,256,256,0.9,0.9375,0.9375,0.16631221771240234,15728640,14098819,0.89637877146403,0.0,1.0,1.0,1.0,0.0,0.0,,,1.0,1.0,1.0,1.0,-2048.0,
QTIM,/run/media/falconnier/Elements/BIDS_datasets_selection/QTIM/sub-1060/ses-01/anat/sub-1060_ses-01_T1w.nii.gz,,,,,sub-1060,ses-01,240,256,256,0.9,0.9375,0.9375,13.683889389038086,15728640,13886770,0.8828970591227213,0.0,1400.0,40.42027728550268,10.0,67.76211807772299,6.0,6.624912510644856,2.4761065592082736,1.0,2.0,207.0,293.0,1.1187554984338655,
QTIM,/run/media/falconnier/Elements/BIDS_datasets_selection/QTIM/sub-1061/ses-01/anat/sub-1061_ses-01_T1w_defacemask.nii.gz,,,,,sub-1061,ses-01,256,256,256,0.9375,0.9,0.9375,0.18429183959960938,16777216,14973963,0.8925177454948425,0.0,1.0,1.0,1.0,0.0,0.0,,,1.0,1.0,1.0,1.0,-2048.0,
QTIM,/run/media/falconnier/Elements/BIDS_datasets_selection/QTIM/sub-1061/ses-01/anat/sub-1061_ses-01_T1w.nii.gz,,,,,sub-1061,ses-01,256,256,256,0.9375,0.9,0.9375,10.586928367614746,16777216,13884394,0.8275743722915649,0.0,447.0,12.911460737861516,3.0,19.425611926496483,2.0,5.024587743324275,2.139448025449885,1.0,1.0,60.0,80.0,2.5009699582081546,
QTIM,/run/media/falconnier/Elements/BIDS_datasets_selection/QTIM/sub-1062/ses-01/anat/sub-1062_ses-01_T1w.nii.gz,,,,,sub-1062,ses-01,256,256,256,0.9375,0.9,0.9375,10.060977935791016,16777216,13643252,0.8132011890411377,0.0,537.0,10.713803058097879,3.0,16.10243316066355,2.0,5.950395116059129,2.297053543523974,1.0,1.0,49.0,67.0,1.9284983772136237,
QTIM,/run/media/falconnier/Elements/BIDS_datasets_selection/QTIM/sub-1062/ses-01/anat/sub-1062_ses-01_T1w_defacemask.nii.gz,,,,,sub-1062,ses-01,256,256,256,0.9375,0.9,0.9375,0.16977787017822266,16777216,14923479,0.8895086646080017,0.0,1.0,1.0,1.0,0.0,0.0,,,1.0,1.0,1.0,1.0,-2048.0,
QTIM,/run/media/falconnier/Elements/BIDS_datasets_selection/QTIM/sub-1062/ses-02/anat/sub-1062_ses-02_T1w_defacemask.nii.gz,,,,,sub-1062,ses-02,256,256,256,0.9375,0.9,0.9375,0.17771148681640625,16777216,14914449,0.8889704346656799,0.0,1.0,1.0,1.0,0.0,0.0,,,1.0,1.0,1.0,1.0,-2048.0,
QTIM,/run/media/falconnier/Elements/BIDS_datasets_selection/QTIM/sub-1062/ses-02/anat/sub-1062_ses-02_T1w.nii.gz,,,,,sub-1062,ses-02,256,256,256,0.9375,0.9,0.9375,10.98249340057373,16777216,14051767,0.8375505805015564,0.0,336.0,13.687337329177177,4.0,20.215765329802718,2.0,5.696275917010915,2.2266622047131897,1.0,1.0,61.0,83.0,3.4516109420524392,
QTIM,/run/media/falconnier/Elements/BIDS_datasets_selection/QTIM/sub-1063/ses-01/anat/sub-1063_ses-01_T1w.nii.gz,,,,,sub-1063,ses-01,256,256,256,0.9375,0.9,0.9375,10.086332321166992,16777216,13657426,0.8140460252761841,0.0,253.0,10.348237508297684,3.0,14.46716057019021,2.0,5.689129137604088,2.174405529103543,1.0,1.0,44.0,60.0,4.389402156241437,
QTIM,/run/media/falconnier/Elements/BIDS_datasets_selection/QTIM/sub-1063/ses-01/anat/sub-1063_ses-01_T1w_defacemask.nii.gz,,,,,sub-1063,ses-01,256,256,256,0.9375,0.9,0.9375,0.19027042388916016,16777216,14866265,0.8860984444618225,0.0,1.0,1.0,1.0,0.0,0.0,,,1.0,1.0,1.0,1.0,-2048.0,
QTIM,/run/media/falconnier/Elements/BIDS_datasets_selection/QTIM/sub-1063/ses-02/anat/sub-1063_ses-02_T1w.nii.gz,,,,,sub-1063,ses-02,256,256,256,0.9375,0.9,0.9375,11.11354923248291,16777216,14073729,0.8388596177101135,0.0,377.0,14.214907719197948,4.0,20.320044052551243,2.0,5.363664392551856,2.1364943256282443,1.0,1.0,62.0,84.0,3.1652257346087374,
QTIM,/run/media/falconnier/Elements/BIDS_datasets_selection/QTIM/sub-1063/ses-02/anat/sub-1063_ses-02_T1w_defacemask.nii.gz,,,,,sub-1063,ses-02,256,256,256,0.9375,0.9,0.9375,0.1738758087158203,16777216,14853394,0.8853312730789185,0.0,1.0,1.0,1.0,0.0,0.0,,,1.0,1.0,1.0,1.0,-2048.0,
QTIM,/run/media/falconnier/Elements/BIDS_datasets_selection/QTIM/sub-1064/ses-01/anat/sub-1064_ses-01_T1w_defacemask.nii.gz,,,,,sub-1064,ses-01,256,256,256,0.9375,0.9,0.9375,0.1655282974243164,16777216,14912963,0.8888818621635437,0.0,1.0,1.0,1.0,0.0,0.0,,,1.0,1.0,1.0,1.0,-2048.0,
QTIM,/run/media/falconnier/Elements/BIDS_datasets_selection/QTIM/sub-1064/ses-01/anat/sub-1064_ses-01_T1w.nii.gz,,,,,sub-1064,ses-01,256,256,256,0.9375,0.9,0.9375,10.138997077941895,16777216,13642914,0.8131810426712036,0.0,205.0,11.473044834849798,3.0,16.377312322129,2.0,3.775731821933884,2.002377548758225,1.0,1.0,50.0,67.0,5.123405482201991,
QTIM,/run/media/falconnier/Elements/BIDS_datasets_selection/QTIM/sub-1065/ses-01/anat/sub-1065_ses-01_T1w_defacemask.nii.gz,,,,,sub-1065,ses-01,256,256,256,0.9375,0.9,0.9375,0.17684459686279297,16777216,14830558,0.8839701414108276,0.0,1.0,1.0,1.0,0.0,0.0,,,1.0,1.0,1.0,1.0,-2048.0,
QTIM,/run/media/falconnier/Elements/BIDS_datasets_selection/QTIM/sub-1065/ses-01/anat/sub-1065_ses-01_T1w.nii.gz,,,,,sub-1065,ses-01,256,256,256,0.9375,0.9,0.9375,10.493555068969727,16777216,13780551,0.821384847164154,0.0,339.0,12.423544675390701,4.0,18.450402740876548,2.0,5.661802945706599,2.2193649090657233,1.0,1.0,56.0,76.0,3.2821225177616844,
QTIM,/run/media/falconnier/Elements/BIDS_datasets_selection/QTIM/sub-1066/ses-01/anat/sub-1066_ses-01_T1w_defacemask.nii.gz,,,,,sub-1066,ses-01,256,256,256,0.9375,0.9,0.9375,0.16176795959472656,16777216,15061802,0.8977533578872681,0.0,1.0,1.0,1.0,0.0,0.0,,,1.0,1.0,1.0,1.0,-2048.0,
QTIM,/run/media/falconnier/Elements/BIDS_datasets_selection/QTIM/sub-1066/ses-01/anat/sub-1066_ses-01_T1w.nii.gz,,,,,sub-1066,ses-01,256,256,256,0.9375,0.9,0.9375,9.813581466674805,16777216,13587614,0.8098849058151245,0.0,247.0,9.63126307532728,3.0,14.148452436772626,2.0,6.0271522058652405,2.2862739604160716,1.0,1.0,43.0,59.0,4.2566093601661406,
QTIM,/run/media/falconnier/Elements/BIDS_datasets_selection/QTIM/sub-1067/ses-01/anat/sub-1067_ses-01_T1w_defacemask.nii.gz,,,,,sub-1067,ses-01,256,256,256,0.9375,0.9,0.9375,0.20167064666748047,16777216,14793940,0.8817875385284424,0.0,1.0,1.0,1.0,0.0,0.0,,,1.0,1.0,1.0,1.0,-2048.0,
QTIM,/run/media/falconnier/Elements/BIDS_datasets_selection/QTIM/sub-1067/ses-01/anat/sub-1067_ses-01_T1w.nii.gz,,,,,sub-1067,ses-01,256,256,256,0.9375,0.9,0.9375,10.326452255249023,16777216,13574652,0.8091123104095459,0.0,317.0,13.53223485950137,3.0,20.076516435505656,2.0,3.7691564984058905,1.9563507041185746,1.0,1.0,61.0,77.0,3.460959277464896,
QTIM,/run/media/falconnier/Elements/BIDS_datasets_selection/QTIM/sub-1068/ses-01/anat/sub-1068_ses-01_T1w_defacemask.nii.gz,,,,,sub-1068,ses-01,240,256,256,0.9,0.9375,0.9375,0.2093067169189453,15728640,13401353,0.8520350774129232,0.0,1.0,1.0,1.0,0.0,0.0,,,1.0,1.0,1.0,1.0,-2048.0,
QTIM,/run/media/falconnier/Elements/BIDS_datasets_selection/QTIM/sub-1068/ses-01/anat/sub-1068_ses-01_T1w.nii.gz,,,,,sub-1068,ses-01,240,256,256,0.9,0.9375,0.9375,14.433570861816406,15728640,13253255,0.842619260152181,0.0,1095.0,60.310087899161374,18.0,80.72714376559794,12.0,2.6062115610443035,1.758044082389592,2.0,4.0,245.0,319.0,1.6184878979120647,
QTIM,/run/media/falconnier/Elements/BIDS_datasets_selection/QTIM/sub-1069/ses-01/anat/sub-1069_ses-01_T1w_defacemask.nii.gz,,,,,sub-1069,ses-01,256,256,256,0.9375,0.9,0.9375,0.17731666564941406,16777216,15098886,0.8999637365341187,0.0,1.0,1.0,1.0,0.0,0.0,,,1.0,1.0,1.0,1.0,-2048.0,
QTIM,/run/media/falconnier/Elements/BIDS_datasets_selection/QTIM/sub-1069/ses-02/anat/sub-1069_ses-02_T1w_defacemask.nii.gz,,,,,sub-1069,ses-02,240,256,256,0.9,0.9375,0.9375,0.14849567413330078,15728640,14061969,0.8940359115600586,0.0,1.0,1.0,1.0,0.0,0.0,,,1.0,1.0,1.0,1.0,-2048.0,
QTIM,/run/media/falconnier/Elements/BIDS_datasets_selection/QTIM/sub-1069/ses-01/anat/sub-1069_ses-01_T1w.nii.gz,,,,,sub-1069,ses-01,256,256,256,0.9375,0.9,0.9375,10.630622863769531,16777216,13999092,0.8344109058380127,0.0,365.0,12.382874546434868,3.0,19.70839097988283,2.0,6.712871582982684,2.4120500360320576,1.0,1.0,60.0,83.0,2.9704598064819536,
QTIM,/run/media/falconnier/Elements/BIDS_datasets_selection/QTIM/sub-1069/ses-02/anat/sub-1069_ses-02_T1w.nii.gz,,,,,sub-1069,ses-02,240,256,256,0.9,0.9375,0.9375,13.963322639465332,15728640,13869389,0.8817920049031576,0.0,1202.0,44.503422969822246,12.0,71.88537701061685,7.0,5.487719684227935,2.319270618366605,1.0,3.0,220.0,307.0,1.3322641531630823,
QTIM,/run/media/falconnier/Elements/BIDS_datasets_selection/QTIM/sub-1070/ses-01/anat/sub-1070_ses-01_T1w_defacemask.nii.gz,,,,,sub-1070,ses-01,240,256,256,0.9,0.9375,0.9375,0.1805419921875,15728640,13851267,0.8806398391723633,0.0,1.0,1.0,1.0,0.0,0.0,,,1.0,1.0,1.0,1.0,-2048.0,
QTIM,/run/media/falconnier/Elements/BIDS_datasets_selection/QTIM/sub-1070/ses-01/anat/sub-1070_ses-01_T1w.nii.gz,,,,,sub-1070,ses-01,240,256,256,0.9,0.9375,0.9375,14.967413902282715,15728640,13708975,0.871593157450358,0.0,1723.0,61.7396451594667,18.0,88.7005272109944,11.0,4.248807299027208,2.0257874235399425,2.0,4.0,270.0,363.0,1.0265936382450511,
QTIM,/run/media/falconnier/Elements/BIDS_datasets_selection/QTIM/sub-1071/ses-01/anat/sub-1071_ses-01_T1w_defacemask.nii.gz,,,,,sub-1071,ses-01,256,256,256,0.9375,0.9,0.9375,0.1861400604248047,16777216,14888182,0.8874047994613647,0.0,1.0,1.0,1.0,0.0,0.0,,,1.0,1.0,1.0,1.0,-2048.0,
QTIM,/run/media/falconnier/Elements/BIDS_datasets_selection/QTIM/sub-1073/ses-01/anat/sub-1073_ses-01_T1w_defacemask.nii.gz,,,,,sub-1073,ses-01,240,256,256,0.9,0.9375,0.9375,0.15131855010986328,15728640,13917436,0.8848467508951823,0.0,1.0,1.0,1.0,0.0,0.0,,,1.0,1.0,1.0,1.0,-2048.0,
QTIM,/run/media/falconnier/Elements/BIDS_datasets_selection/QTIM/sub-1071/ses-01/anat/sub-1071_ses-01_T1w.nii.gz,,,,,sub-1071,ses-01,256,256,256,0.9375,0.9,0.9375,10.422130584716797,16777216,13710553,0.8172126412391663,0.0,443.0,12.894816861143383,3.0,19.606232781419127,2.0,5.6020329499722745,2.1839852013770495,1.0,1.0,60.0,79.0,2.5057321089197147,
QTIM,/run/media/falconnier/Elements/BIDS_datasets_selection/QTIM/sub-1072/ses-01/anat/sub-1072_ses-01_T1w_defacemask.nii.gz,,,,,sub-1072,ses-01,256,256,256,0.9375,0.9,0.9375,0.16961097717285156,16777216,15035176,0.8961663246154785,0.0,1.0,1.0,1.0,0.0,0.0,,,1.0,1.0,1.0,1.0,-2048.0,
QTIM,/run/media/falconnier/Elements/BIDS_datasets_selection/QTIM/sub-1073/ses-01/anat/sub-1073_ses-01_T1w.nii.gz,,,,,sub-1073,ses-01,240,256,256,0.9,0.9375,0.9375,13.756587982177734,15728640,13724218,0.8725622812906901,0.0,1188.0,43.98341916457462,11.0,70.27292319060814,6.0,5.110588623706128,2.2726915944710844,1.0,3.0,215.0,302.0,1.3479943369507041,
QTIM,/run/media/falconnier/Elements/BIDS_datasets_selection/QTIM/sub-1072/ses-01/anat/sub-1072_ses-01_T1w.nii.gz,,,,,sub-1072,ses-01,256,256,256,0.9375,0.9,0.9375,10.957812309265137,16777216,14097584,0.8402814865112305,0.0,309.0,13.801033850906652,4.0,20.346558973577352,3.0,5.3321555608774425,2.1957738477088857,1.0,1.0,61.0,83.0,3.733538176455967,
QTIM,/run/media/falconnier/Elements/BIDS_datasets_selection/QTIM/sub-1074/ses-01/anat/sub-1074_ses-01_T1w_defacemask.nii.gz,,,,,sub-1074,ses-01,240,256,256,0.9,0.9375,0.9375,0.16888046264648438,15728640,13706434,0.8714316050211589,0.0,1.0,1.0,1.0,0.0,0.0,,,1.0,1.0,1.0,1.0,-2048.0,
QTIM,/run/media/falconnier/Elements/BIDS_datasets_selection/QTIM/sub-1074/ses-01/anat/sub-1074_ses-01_T1w.nii.gz,,,,,sub-1074,ses-01,240,256,256,0.9,0.9375,0.9375,14.483253479003906,15728640,13547639,0.8613356908162435,0.0,1228.0,56.89144300346356,16.0,81.84598152810074,10.0,3.8359485117156984,1.9946479598565794,1.0,3.0,248.0,335.0,1.4104112963920779,
QTIM,/run/media/falconnier/Elements/BIDS_datasets_selection/QTIM/sub-1075/ses-01/anat/sub-1075_ses-01_T1w_defacemask.nii.gz,,,,,sub-1075,ses-01,256,256,256,0.9375,0.9,0.9375,0.17437744140625,16777216,14982216,0.8930096626281738,0.0,1.0,1.0,1.0,0.0,0.0,,,1.0,1.0,1.0,1.0,-2048.0,
QTIM,/run/media/falconnier/Elements/BIDS_datasets_selection/QTIM/sub-1076/ses-01/anat/sub-1076_ses-01_T1w_defacemask.nii.gz,,,,,sub-1076,ses-01,256,256,256,0.9375,0.9,0.9375,0.1781911849975586,16777216,14905828,0.8884565830230713,0.0,1.0,1.0,1.0,0.0,0.0,,,1.0,1.0,1.0,1.0,-2048.0,
QTIM,/run/media/falconnier/Elements/BIDS_datasets_selection/QTIM/sub-1075/ses-01/anat/sub-1075_ses-01_T1w.nii.gz,,,,,sub-1075,ses-01,256,256,256,0.9375,0.9,0.9375,10.118415832519531,16777216,13731108,0.8184378147125244,0.0,303.0,10.603849958794294,3.0,16.27857705140977,2.0,6.954353691207217,2.430218232189195,1.0,1.0,49.0,69.0,3.3838624802249733,
QTIM,/run/media/falconnier/Elements/BIDS_datasets_selection/QTIM/sub-1076/ses-01/anat/sub-1076_ses-01_T1w.nii.gz,,,,,sub-1076,ses-01,256,256,256,0.9375,0.9,0.9375,10.194063186645508,16777216,13711238,0.8172534704208374,0.0,299.0,10.838598746517272,3.0,16.009284351167825,2.0,6.403028760463638,2.3290035333670533,1.0,1.0,48.0,67.0,3.5064332225047634,
QTIM,/run/media/falconnier/Elements/BIDS_datasets_selection/QTIM/sub-1077/ses-01/anat/sub-1077_ses-01_T1w_defacemask.nii.gz,,,,,sub-1077,ses-01,256,256,256,0.9375,0.9,0.9375,0.1820049285888672,16777216,14812307,0.882882297039032,0.0,1.0,1.0,1.0,0.0,0.0,,,1.0,1.0,1.0,1.0,-2048.0,
QTIM,/run/media/falconnier/Elements/BIDS_datasets_selection/QTIM/sub-1077/ses-01/anat/sub-1077_ses-01_T1w.nii.gz,,,,,sub-1077,ses-01,256,256,256,0.9375,0.9,0.9375,10.974624633789062,16777216,13979245,0.8332279324531555,0.0,380.0,13.85969127803397,4.0,20.36294975837182,2.0,6.178073157317835,2.24382218137916,1.0,1.0,61.0,83.0,3.0807309663054094,
QTIM,/run/media/falconnier/Elements/BIDS_datasets_selection/QTIM/sub-1079/ses-01/anat/sub-1079_ses-01_T1w_defacemask.nii.gz,,,,,sub-1079,ses-01,240,256,256,0.9,0.9375,0.9375,0.1547412872314453,15728640,13774885,0.8757836023966471,0.0,1.0,1.0,1.0,0.0,0.0,,,1.0,1.0,1.0,1.0,-2048.0,
QTIM,/run/media/falconnier/Elements/BIDS_datasets_selection/QTIM/sub-1078/ses-01/anat/sub-1078_ses-01_T1w_defacemask.nii.gz,,,,,sub-1078,ses-01,256,256,256,0.9375,0.9,0.9375,0.1743316650390625,16777216,15042626,0.8966103792190552,0.0,1.0,1.0,1.0,0.0,0.0,,,1.0,1.0,1.0,1.0,-2048.0,
QTIM,/run/media/falconnier/Elements/BIDS_datasets_selection/QTIM/sub-1079/ses-01/anat/sub-1079_ses-01_T1w.nii.gz,,,,,sub-1079,ses-01,240,256,256,0.9,0.9375,0.9375,13.87161636352539,15728640,13593012,0.8642204284667969,0.0,1153.0,45.555651389110814,13.0,69.90465870384666,8.0,4.981396734278239,2.217275410185244,1.0,3.0,214.0,298.0,1.4223453719663355,
QTIM,/run/media/falconnier/Elements/BIDS_datasets_selection/QTIM/sub-1078/ses-01/anat/sub-1078_ses-01_T1w.nii.gz,,,,,sub-1078,ses-01,256,256,256,0.9375,0.9,0.9375,10.972007751464844,16777216,14006058,0.8348261117935181,0.0,386.0,14.30309463233695,4.0,21.692868437362197,2.0,5.781702493766668,2.22450300592407,1.0,1.0,64.0,88.0,2.9148921035085724,
QTIM,/run/media/falconnier/Elements/BIDS_datasets_selection/QTIM/sub-1080/ses-01/anat/sub-1080_ses-01_T1w.nii.gz,,,,,sub-1080,ses-01,256,256,256,0.9375,0.9,0.9375,9.932639122009277,16777216,13481900,0.8035838603973389,0.0,369.0,10.933100304853173,3.0,16.65094137809524,2.0,5.662170590340352,2.233945409970899,1.0,1.0,50.0,69.0,2.7977989919389783,
QTIM,/run/media/falconnier/Elements/BIDS_datasets_selection/QTIM/sub-1080/ses-01/anat/sub-1080_ses-01_T1w_defacemask.nii.gz,,,,,sub-1080,ses-01,256,256,256,0.9375,0.9,0.9375,0.16260242462158203,16777216,15065394,0.8979674577713013,0.0,1.0,1.0,1.0,0.0,0.0,,,1.0,1.0,1.0,1.0,-2048.0,
QTIM,/run/media/falconnier/Elements/BIDS_datasets_selection/QTIM/sub-1081/ses-01/anat/sub-1081_ses-01_T1w.nii.gz,,,,,sub-1081,ses-01,256,256,256,0.9375,0.9,0.9375,10.109661102294922,16777216,13670324,0.8148148059844971,0.0,277.0,10.953617924491036,3.0,16.43323404453586,2.0,6.364039249415994,2.3556716420261545,1.0,1.0,49.0,69.0,3.723325910217521,
QTIM,/run/media/falconnier/Elements/BIDS_datasets_selection/QTIM/sub-1081/ses-01/anat/sub-1081_ses-01_T1w_defacemask.nii.gz,,,,,sub-1081,ses-01,256,256,256,0.9375,0.9,0.9375,0.17440223693847656,16777216,14906499,0.8884965777397156,0.0,1.0,1.0,1.0,0.0,0.0,,,1.0,1.0,1.0,1.0,-2048.0,
QTIM,/run/media/falconnier/Elements/BIDS_datasets_selection/QTIM/sub-1082/ses-01/anat/sub-1082_ses-01_T1w_defacemask.nii.gz,,,,,sub-1082,ses-01,256,256,256,0.9375,0.9,0.9375,0.18024349212646484,16777216,15024933,0.8955557942390442,0.0,1.0,1.0,1.0,0.0,0.0,,,1.0,1.0,1.0,1.0,-2048.0,
QTIM,/run/media/falconnier/Elements/BIDS_datasets_selection/QTIM/sub-1082/ses-01/anat/sub-1082_ses-01_T1w.nii.gz,,,,,sub-1082,ses-01,256,256,256,0.9375,0.9,0.9375,10.05444622039795,16777216,13634322,0.8126689195632935,0.0,259.0,11.23059841186089,3.0,16.767045940302,2.0,4.938353800318494,2.1740113863398203,1.0,1.0,51.0,69.0,3.8904429982618915,
QTIM,/run/media/falconnier/Elements/BIDS_datasets_selection/QTIM/sub-1083/ses-01/anat/sub-1083_ses-01_T1w.nii.gz,,,,,sub-1083,ses-01,256,256,256,0.9375,0.9,0.9375,10.026686668395996,16777216,13526628,0.8062498569488525,0.0,332.0,11.307696862810156,3.0,17.646243287673272,2.0,6.232061966647326,2.3366234392024317,1.0,1.0,53.0,73.0,3.124652567429044,
QTIM,/run/media/falconnier/Elements/BIDS_datasets_selection/QTIM/sub-1083/ses-01/anat/sub-1083_ses-01_T1w_defacemask.nii.gz,,,,,sub-1083,ses-01,256,256,256,0.9375,0.9,0.9375,0.16988468170166016,16777216,14897489,0.8879595398902893,0.0,1.0,1.0,1.0,0.0,0.0,,,1.0,1.0,1.0,1.0,-2048.0,
QTIM,/run/media/falconnier/Elements/BIDS_datasets_selection/QTIM/sub-1084/ses-01/anat/sub-1084_ses-01_T1w.nii.gz,,,,,sub-1084,ses-01,256,256,256,0.9375,0.9,0.9375,10.21297550201416,16777216,13697766,0.8164504766464233,0.0,336.0,11.025561686482307,3.0,16.502102262392903,2.0,5.354552357377777,2.1867096818220846,1.0,1.0,50.0,68.0,3.0867326125629946,
QTIM,/run/media/falconnier/Elements/BIDS_datasets_selection/QTIM/sub-1084/ses-01/anat/sub-1084_ses-01_T1w_defacemask.nii.gz,,,,,sub-1084,ses-01,256,256,256,0.9375,0.9,0.9375,0.17840576171875,16777216,15149058,0.9029542207717896,0.0,1.0,1.0,1.0,0.0,0.0,,,1.0,1.0,1.0,1.0,-2048.0,
QTIM,/run/media/falconnier/Elements/BIDS_datasets_selection/QTIM/sub-1084/ses-02/anat/sub-1084_ses-02_T1w_defacemask.nii.gz,,,,,sub-1084,ses-02,256,256,256,0.9375,0.9,0.9375,0.18178272247314453,16777216,15020452,0.8952887058258057,0.0,1.0,1.0,1.0,0.0,0.0,,,1.0,1.0,1.0,1.0,-2048.0,
QTIM,/run/media/falconnier/Elements/BIDS_datasets_selection/QTIM/sub-1084/ses-02/anat/sub-1084_ses-02_T1w.nii.gz,,,,,sub-1084,ses-02,256,256,256,0.9375,0.9,0.9375,10.549640655517578,16777216,13772199,0.82088702917099,0.0,381.0,13.038225340775282,3.0,20.254214499194862,2.0,5.015918770305907,2.1811899993129087,1.0,1.0,61.0,83.0,2.8780286405164066,
QTIM,/run/media/falconnier/Elements/BIDS_datasets_selection/QTIM/sub-1085/ses-01/anat/sub-1085_ses-01_T1w_defacemask.nii.gz,,,,,sub-1085,ses-01,240,256,256,0.9,0.9375,0.9375,0.16798877716064453,15728640,13614369,0.8655782699584961,0.0,1.0,1.0,1.0,0.0,0.0,,,1.0,1.0,1.0,1.0,-2048.0,
QTIM,/run/media/falconnier/Elements/BIDS_datasets_selection/QTIM/sub-1085/ses-01/anat/sub-1085_ses-01_T1w.nii.gz,,,,,sub-1085,ses-01,240,256,256,0.9,0.9375,0.9375,14.53225326538086,15728640,13464305,0.856037457784017,0.0,1501.0,60.557263965722704,17.0,87.84425101851599,11.0,3.7018163214820348,1.9629031018023755,1.0,4.0,270.0,352.0,1.1671614807268624,
QTIM,/run/media/falconnier/Elements/BIDS_datasets_selection/QTIM/sub-1086/ses-01/anat/sub-1086_ses-01_T1w_defacemask.nii.gz,,,,,sub-1086,ses-01,240,256,256,0.9,0.9375,0.9375,0.1822195053100586,15728640,13711602,0.8717601776123047,0.0,1.0,1.0,1.0,0.0,0.0,,,1.0,1.0,1.0,1.0,-2048.0,
QTIM,/run/media/falconnier/Elements/BIDS_datasets_selection/QTIM/sub-1086/ses-01/anat/sub-1086_ses-01_T1w.nii.gz,,,,,sub-1086,ses-01,240,256,256,0.9,0.9375,0.9375,14.724971771240234,15728640,13560323,0.8621421178181966,0.0,1566.0,59.701244137031246,17.0,85.36050127663817,11.0,4.504278050636247,2.0436520549553276,1.0,4.0,254.0,346.0,1.12210292248453,
QTIM,/run/media/falconnier/Elements/BIDS_datasets_selection/QTIM/sub-1087/ses-01/anat/sub-1087_ses-01_T1w.nii.gz,,,,,sub-1087,ses-01,256,256,256,0.9375,0.9,0.9375,10.094152450561523,16777216,12729510,0.7587379217147827,0.0,582.0,18.620119941773094,3.0,27.258223434264522,2.0,2.552625945253472,1.5985500075978583,1.0,1.0,79.0,93.0,1.9500904215980435,
QTIM,/run/media/falconnier/Elements/BIDS_datasets_selection/QTIM/sub-1087/ses-01/anat/sub-1087_ses-01_T1w_defacemask.nii.gz,,,,,sub-1087,ses-01,256,256,256,0.9375,0.9,0.9375,0.17506885528564453,16777216,14706464,0.8765735626220703,0.0,1.0,1.0,1.0,0.0,0.0,,,1.0,1.0,1.0,1.0,-2048.0,
QTIM,/run/media/falconnier/Elements/BIDS_datasets_selection/QTIM/sub-1088/ses-01/anat/sub-1088_ses-01_T1w.nii.gz,,,,,sub-1088,ses-01,256,256,256,0.9375,0.9,0.9375,9.95655632019043,16777216,13443607,0.8013014197349548,0.0,381.0,11.360745371387306,3.0,17.931493934007673,2.0,6.872060247941246,2.4294898794992026,1.0,1.0,53.0,77.0,2.7657101047733987,
QTIM,/run/media/falconnier/Elements/BIDS_datasets_selection/QTIM/sub-1088/ses-01/anat/sub-1088_ses-01_T1w_defacemask.nii.gz,,,,,sub-1088,ses-01,256,256,256,0.9375,0.9,0.9375,0.1772470474243164,16777216,14964175,0.891934335231781,0.0,1.0,1.0,1.0,0.0,0.0,,,1.0,1.0,1.0,1.0,-2048.0,
QTIM,/run/media/falconnier/Elements/BIDS_datasets_selection/QTIM/sub-1089/ses-01/anat/sub-1089_ses-01_T1w_defacemask.nii.gz,,,,,sub-1089,ses-01,240,256,256,0.9,0.9375,0.9375,0.1791667938232422,15728640,13831225,0.879365603129069,0.0,1.0,1.0,1.0,0.0,0.0,,,1.0,1.0,1.0,1.0,-2048.0,
QTIM,/run/media/falconnier/Elements/BIDS_datasets_selection/QTIM/sub-1089/ses-01/anat/sub-1089_ses-01_T1w.nii.gz,,,,,sub-1089,ses-01,240,256,256,0.9,0.9375,0.9375,14.547704696655273,15728640,13665885,0.8688535690307617,0.0,1303.0,54.91300351203014,14.0,83.37490233476971,8.0,3.993823801787874,2.0851860830512843,1.0,3.0,256.0,347.0,1.3019833036715645,
QTIM,/run/media/falconnier/Elements/BIDS_datasets_selection/QTIM/sub-1090/ses-01/anat/sub-1090_ses-01_T1w.nii.gz,,,,,sub-1090,ses-01,256,256,256,0.9375,0.9,0.9375,10.22736644744873,16777216,13693065,0.8161702752113342,0.0,360.0,11.881494537563357,3.0,19.225989944691435,2.0,5.990700909016471,2.324396194031105,1.0,1.0,58.0,80.0,2.8484238416763885,
QTIM,/run/media/falconnier/Elements/BIDS_datasets_selection/QTIM/sub-1090/ses-01/anat/sub-1090_ses-01_T1w_defacemask.nii.gz,,,,,sub-1090,ses-01,256,256,256,0.9375,0.9,0.9375,0.1700296401977539,16777216,15145699,0.902754008769989,0.0,1.0,1.0,1.0,0.0,0.0,,,1.0,1.0,1.0,1.0,-2048.0,
QTIM,/run/media/falconnier/Elements/BIDS_datasets_selection/QTIM/sub-1091/ses-01/anat/sub-1091_ses-01_T1w_defacemask.nii.gz,,,,,sub-1091,ses-01,240,256,256,0.9,0.9375,0.9375,0.20455074310302734,15728640,13434397,0.8541359583536784,0.0,1.0,1.0,1.0,0.0,0.0,,,1.0,1.0,1.0,1.0,-2048.0,
QTIM,/run/media/falconnier/Elements/BIDS_datasets_selection/QTIM/sub-1091/ses-01/anat/sub-1091_ses-01_T1w.nii.gz,,,,,sub-1091,ses-01,240,256,256,0.9,0.9375,0.9375,15.147883415222168,15728640,13301755,0.8457028071085612,0.0,1289.0,71.01640069299127,22.0,89.39955828172394,16.0,3.058566842704253,1.693064612824511,2.0,4.0,265.0,341.0,1.4337171257596775,
QTIM,/run/media/falconnier/Elements/BIDS_datasets_selection/QTIM/sub-1092/ses-01/anat/sub-1092_ses-01_T1w_defacemask.nii.gz,,,,,sub-1092,ses-01,256,256,256,0.9375,0.9,0.9375,0.19776439666748047,16777216,14877156,0.8867475986480713,0.0,1.0,1.0,1.0,0.0,0.0,,,1.0,1.0,1.0,1.0,-2048.0,
QTIM,/run/media/falconnier/Elements/BIDS_datasets_selection/QTIM/sub-1092/ses-01/anat/sub-1092_ses-01_T1w.nii.gz,,,,,sub-1092,ses-01,256,256,256,0.9375,0.9,0.9375,10.337589263916016,16777216,13740295,0.8189854025840759,0.0,303.0,10.725078173357996,3.0,14.877242090851253,2.0,6.721208119660762,2.250388250123622,1.0,1.0,45.0,62.0,3.5315151234617876,
QTIM,/run/media/falconnier/Elements/BIDS_datasets_selection/QTIM/sub-1094/ses-01/anat/sub-1094_ses-01_T1w_defacemask.nii.gz,,,,,sub-1094,ses-01,256,256,256,0.9375,0.9,0.9375,0.18246746063232422,16777216,14781771,0.8810622096061707,0.0,1.0,1.0,1.0,0.0,0.0,,,1.0,1.0,1.0,1.0,-2048.0,
QTIM,/run/media/falconnier/Elements/BIDS_datasets_selection/QTIM/sub-1094/ses-01/anat/sub-1094_ses-01_T1w.nii.gz,,,,,sub-1094,ses-01,256,256,256,0.9375,0.9,0.9375,10.373866081237793,16777216,13680780,0.8154380321502686,0.0,360.0,12.683239040464066,3.0,19.21064444282639,2.0,6.0721448174625205,2.2580457523906334,1.0,1.0,58.0,80.0,3.054145506243305,
QTIM,/run/media/falconnier/Elements/BIDS_datasets_selection/QTIM/sub-1095/ses-01/anat/sub-1095_ses-01_T1w.nii.gz,,,,,sub-1095,ses-01,256,256,256,0.9375,0.9,0.9375,10.170029640197754,16777216,13815180,0.823448896408081,0.0,283.0,10.473264409149936,3.0,15.449956949111911,2.0,8.279572753188855,2.5090267557551615,1.0,1.0,46.0,66.0,3.6741073110765834,
QTIM,/run/media/falconnier/Elements/BIDS_datasets_selection/QTIM/sub-1095/ses-01/anat/sub-1095_ses-01_T1w_defacemask.nii.gz,,,,,sub-1095,ses-01,256,256,256,0.9375,0.9,0.9375,0.16408538818359375,16777216,15018401,0.8951664566993713,0.0,1.0,1.0,1.0,0.0,0.0,,,1.0,1.0,1.0,1.0,-2048.0,
QTIM,/run/media/falconnier/Elements/BIDS_datasets_selection/QTIM/sub-1096/ses-01/anat/sub-1096_ses-01_T1w_defacemask.nii.gz,,,,,sub-1096,ses-01,256,256,256,0.9375,0.9,0.9375,0.18534088134765625,16777216,14998307,0.8939687609672546,0.0,1.0,1.0,1.0,0.0,0.0,,,1.0,1.0,1.0,1.0,-2048.0,
QTIM,/run/media/falconnier/Elements/BIDS_datasets_selection/QTIM/sub-1096/ses-01/anat/sub-1096_ses-01_T1w.nii.gz,,,,,sub-1096,ses-01,256,256,256,0.9375,0.9,0.9375,11.059381484985352,16777216,14135066,0.8425155878067017,0.0,300.0,13.590380334976858,4.0,19.517338434869824,3.0,6.020335608241499,2.2898099965953285,1.0,1.0,59.0,83.0,3.9420779750626416,
QTIM,/run/media/falconnier/Elements/BIDS_datasets_selection/QTIM/sub-1098/ses-01/anat/sub-1098_ses-01_T1w_defacemask.nii.gz,,,,,sub-1098,ses-01,256,256,256,0.9375,0.9,0.9375,0.1861581802368164,16777216,14988121,0.8933616280555725,0.0,1.0,1.0,1.0,0.0,0.0,,,1.0,1.0,1.0,1.0,-2048.0,
QTIM,/run/media/falconnier/Elements/BIDS_datasets_selection/QTIM/sub-1098/ses-01/anat/sub-1098_ses-01_T1w.nii.gz,,,,,sub-1098,ses-01,256,256,256,0.9375,0.9,0.9375,10.466164588928223,16777216,13796710,0.8223479986190796,0.0,342.0,12.454420800321236,3.0,19.548654278265783,2.0,6.140500912949582,2.32354120638916,1.0,1.0,59.0,82.0,3.1565462277926235,
QTIM,/run/media/falconnier/Elements/BIDS_datasets_selection/QTIM/sub-1098/ses-02/anat/sub-1098_ses-02_T1w_defacemask.nii.gz,,,,,sub-1098,ses-02,256,240,256,0.9375,0.9,0.9375,0.16216278076171875,15728640,14187055,0.901988665262858,0.0,1.0,1.0,1.0,0.0,0.0,,,1.0,1.0,1.0,1.0,-2048.0,
QTIM,/run/media/falconnier/Elements/BIDS_datasets_selection/QTIM/sub-1098/ses-02/anat/sub-1098_ses-02_T1w.nii.gz,,,,,sub-1098,ses-02,256,240,256,0.9375,0.9,0.9375,15.061777114868164,15728640,14005351,0.8904362360636393,0.0,1656.0,56.830906915506795,14.0,91.01531556619435,8.0,5.8876607092601745,2.3339339142726843,1.0,3.0,274.0,380.0,1.0284458851461606,
QTIM,/run/media/falconnier/Elements/BIDS_datasets_selection/QTIM/sub-1099/ses-01/anat/sub-1099_ses-01_T1w_defacemask.nii.gz,,,,,sub-1099,ses-01,256,256,256,0.9375,0.9,0.9375,0.18671512603759766,16777216,14869310,0.8862799406051636,0.0,1.0,1.0,1.0,0.0,0.0,,,1.0,1.0,1.0,1.0,-2048.0,
QTIM,/run/media/falconnier/Elements/BIDS_datasets_selection/QTIM/sub-1099/ses-01/anat/sub-1099_ses-01_T1w.nii.gz,,,,,sub-1099,ses-01,256,256,256,0.9375,0.9,0.9375,10.540099143981934,16777216,13809530,0.8231121301651001,0.0,380.0,12.334762008554963,3.0,18.45273414273399,2.0,8.556876962258773,2.4364987866853953,1.0,1.0,55.0,77.0,2.934102593236452,
QTIM,/run/media/falconnier/Elements/BIDS_datasets_selection/QTIM/sub-1099/ses-02/anat/sub-1099_ses-02_T1w_defacemask.nii.gz,,,,,sub-1099,ses-02,256,240,256,0.9375,0.9,0.9375,0.16675186157226562,15728640,14230857,0.9047735214233399,0.0,1.0,1.0,1.0,0.0,0.0,,,1.0,1.0,1.0,1.0,-2048.0,
QTIM,/run/media/falconnier/Elements/BIDS_datasets_selection/QTIM/sub-1099/ses-02/anat/sub-1099_ses-02_T1w.nii.gz,,,,,sub-1099,ses-02,256,240,256,0.9375,0.9,0.9375,15.058135032653809,15728640,14055378,0.8936168670654296,0.0,1685.0,53.755051411637595,15.0,83.64736688891237,9.0,6.732765420916902,2.4097124348250576,1.0,3.0,253.0,355.0,1.0126456825702055,
QTIM,/run/media/falconnier/Elements/BIDS_datasets_selection/QTIM/sub-1100/ses-01/anat/sub-1100_ses-01_T1w_defacemask.nii.gz,,,,,sub-1100,ses-01,256,240,256,0.9375,0.9,0.9375,0.17195796966552734,15728640,14159715,0.9002504348754883,0.0,1.0,1.0,1.0,0.0,0.0,,,1.0,1.0,1.0,1.0,-2048.0,
QTIM,/run/media/falconnier/Elements/BIDS_datasets_selection/QTIM/sub-1100/ses-01/anat/sub-1100_ses-01_T1w.nii.gz,,,,,sub-1100,ses-01,256,240,256,0.9375,0.9,0.9375,9.85616397857666,15728640,13085572,0.831958262125651,0.0,375.0,12.813759536075304,3.0,19.9325289395663,2.0,5.634395291998937,2.269551033143087,1.0,1.0,59.0,83.0,2.9480949108556143,
QTIM,/run/media/falconnier/Elements/BIDS_datasets_selection/QTIM/sub-1101/ses-01/anat/sub-1101_ses-01_T1w_defacemask.nii.gz,,,,,sub-1101,ses-01,256,256,256,0.9375,0.9,0.9375,0.1850881576538086,16777216,15021922,0.8953763246536255,0.0,1.0,1.0,1.0,0.0,0.0,,,1.0,1.0,1.0,1.0,-2048.0,
QTIM,/run/media/falconnier/Elements/BIDS_datasets_selection/QTIM/sub-1101/ses-01/anat/sub-1101_ses-01_T1w.nii.gz,,,,,sub-1101,ses-01,256,256,256,0.9375,0.9,0.9375,10.741199493408203,16777216,14036621,0.8366478085517883,0.0,302.0,13.098837533620094,4.0,19.442316658304478,2.0,5.43848035479532,2.2069251642127274,1.0,1.0,59.0,80.0,3.726646915305088,
QTIM,/run/media/falconnier/Elements/BIDS_datasets_selection/QTIM/sub-1101/ses-02/anat/sub-1101_ses-02_T1w.nii.gz,,,,,sub-1101,ses-02,240,256,256,0.9,0.9375,0.9375,14.479828834533691,15728640,13635873,0.866945457458496,0.0,1264.0,56.312980914386635,15.0,84.70771931971774,9.0,4.761904167089604,2.1338477063406485,1.0,3.0,256.0,348.0,1.3584584734592304,
QTIM,/run/media/falconnier/Elements/BIDS_datasets_selection/QTIM/sub-1101/ses-02/anat/sub-1101_ses-02_T1w_defacemask.nii.gz,,,,,sub-1101,ses-02,240,256,256,0.9,0.9375,0.9375,0.17658233642578125,15728640,13792411,0.8768978754679362,0.0,1.0,1.0,1.0,0.0,0.0,,,1.0,1.0,1.0,1.0,-2048.0,
QTIM,/run/media/falconnier/Elements/BIDS_datasets_selection/QTIM/sub-1102/ses-01/anat/sub-1102_ses-01_T1w_defacemask.nii.gz,,,,,sub-1102,ses-01,256,256,256,0.9375,0.9,0.9375,0.1695241928100586,16777216,15036032,0.8962173461914062,0.0,1.0,1.0,1.0,0.0,0.0,,,1.0,1.0,1.0,1.0,-2048.0,
QTIM,/run/media/falconnier/Elements/BIDS_datasets_selection/QTIM/sub-1102/ses-01/anat/sub-1102_ses-01_T1w.nii.gz,,,,,sub-1102,ses-01,256,256,256,0.9375,0.9,0.9375,10.340658187866211,16777216,13831794,0.8244391679763794,0.0,439.0,11.43664993854015,3.0,18.62177965817777,2.0,8.544363039435162,2.596656604996472,1.0,1.0,56.0,80.0,2.4046053753641417,
QTIM,/run/media/falconnier/Elements/BIDS_datasets_selection/QTIM/sub-1102/ses-02/anat/sub-1102_ses-02_T1w_defacemask.nii.gz,,,,,sub-1102,ses-02,256,240,256,0.9375,0.9,0.9375,0.16283893585205078,15728640,14222036,0.9042126973470052,0.0,1.0,1.0,1.0,0.0,0.0,,,1.0,1.0,1.0,1.0,-2048.0,
QTIM,/run/media/falconnier/Elements/BIDS_datasets_selection/QTIM/sub-1102/ses-02/anat/sub-1102_ses-02_T1w.nii.gz,,,,,sub-1102,ses-02,256,240,256,0.9375,0.9,0.9375,14.778874397277832,15728640,14034320,0.8922780354817709,0.0,1750.0,51.15626264756682,13.0,84.3012272067349,7.0,7.624812321404335,2.5177883117092374,1.0,3.0,254.0,355.0,0.9483884940491397,
QTIM,/run/media/falconnier/Elements/BIDS_datasets_selection/QTIM/sub-1103/ses-01/anat/sub-1103_ses-01_T1w.nii.gz,,,,,sub-1103,ses-01,256,256,256,0.9375,0.9,0.9375,10.423913955688477,16777216,13747974,0.8194431066513062,0.0,392.0,12.795717463533173,4.0,18.760884519246474,3.0,4.960585476110874,2.0947232340370414,1.0,1.0,57.0,76.0,2.8241423265368284,
QTIM,/run/media/falconnier/Elements/BIDS_datasets_selection/QTIM/sub-1103/ses-01/anat/sub-1103_ses-01_T1w_defacemask.nii.gz,,,,,sub-1103,ses-01,256,256,256,0.9375,0.9,0.9375,0.1759176254272461,16777216,14814832,0.8830327987670898,0.0,1.0,1.0,1.0,0.0,0.0,,,1.0,1.0,1.0,1.0,-2048.0,
QTIM,/run/media/falconnier/Elements/BIDS_datasets_selection/QTIM/sub-1103/ses-02/anat/sub-1103_ses-02_T1w_defacemask.nii.gz,,,,,sub-1103,ses-02,256,240,256,0.9375,0.9,0.9375,0.15948963165283203,15728640,14065008,0.8942291259765625,0.0,1.0,1.0,1.0,0.0,0.0,,,1.0,1.0,1.0,1.0,-2048.0,
QTIM,/run/media/falconnier/Elements/BIDS_datasets_selection/QTIM/sub-1103/ses-02/anat/sub-1103_ses-02_T1w.nii.gz,,,,,sub-1103,ses-02,256,240,256,0.9375,0.9,0.9375,15.096527099609375,15728640,13896910,0.8835417429606119,0.0,1741.0,57.04387054388349,17.0,84.76730185973344,10.0,4.91404222174404,2.1606469778611186,2.0,4.0,261.0,351.0,0.9983389795767436,
QTIM,/run/media/falconnier/Elements/BIDS_datasets_selection/QTIM/sub-1104/ses-01/anat/sub-1104_ses-01_T1w_defacemask.nii.gz,,,,,sub-1104,ses-01,256,256,256,0.9375,0.9,0.9375,0.17700958251953125,16777216,14860538,0.8857570886611938,0.0,1.0,1.0,1.0,0.0,0.0,,,1.0,1.0,1.0,1.0,-2048.0,
QTIM,/run/media/falconnier/Elements/BIDS_datasets_selection/QTIM/sub-1104/ses-01/anat/sub-1104_ses-01_T1w.nii.gz,,,,,sub-1104,ses-01,256,256,256,0.9375,0.9,0.9375,11.106558799743652,16777216,13965858,0.8324300050735474,0.0,434.0,15.500963993762502,4.0,23.820776561588723,2.0,5.171153088790861,2.1600068630137286,1.0,1.0,71.0,97.0,2.686475394865813,
QTIM,/run/media/falconnier/Elements/BIDS_datasets_selection/QTIM/sub-1105/ses-01/anat/sub-1105_ses-01_T1w.nii.gz,,,,,sub-1105,ses-01,256,256,256,0.9375,0.9,0.9375,10.256102561950684,16777216,13616776,0.8116230964660645,0.0,393.0,11.50657659346089,3.0,16.91671643736822,2.0,7.537029647426644,2.37606382025296,1.0,1.0,50.0,70.0,2.736710917981525,
QTIM,/run/media/falconnier/Elements/BIDS_datasets_selection/QTIM/sub-1105/ses-01/anat/sub-1105_ses-01_T1w_defacemask.nii.gz,,,,,sub-1105,ses-01,256,256,256,0.9375,0.9,0.9375,0.18211746215820312,16777216,14845690,0.8848720788955688,0.0,1.0,1.0,1.0,0.0,0.0,,,1.0,1.0,1.0,1.0,-2048.0,
QTIM,/run/media/falconnier/Elements/BIDS_datasets_selection/QTIM/sub-1106/ses-01/anat/sub-1106_ses-01_T1w.nii.gz,,,,,sub-1106,ses-01,256,256,256,0.9375,0.9,0.9375,9.148924827575684,16777216,12954344,0.7721390724182129,0.0,345.0,8.891173648005642,2.0,14.95225050724815,1.0,7.325546061405465,2.5409507596929353,1.0,1.0,45.0,65.0,2.56244432489591,
QTIM,/run/media/falconnier/Elements/BIDS_datasets_selection/QTIM/sub-1106/ses-01/anat/sub-1106_ses-01_T1w_defacemask.nii.gz,,,,,sub-1106,ses-01,256,256,256,0.9375,0.9,0.9375,0.17612361907958984,16777216,15030484,0.8958866596221924,0.0,1.0,1.0,1.0,0.0,0.0,,,1.0,1.0,1.0,1.0,-2048.0,
QTIM,/run/media/falconnier/Elements/BIDS_datasets_selection/QTIM/sub-1106/ses-02/anat/sub-1106_ses-02_T1w_defacemask.nii.gz,,,,,sub-1106,ses-02,256,240,256,0.9375,0.9,0.9375,0.16458606719970703,15728640,14145559,0.8993504206339519,0.0,1.0,1.0,1.0,0.0,0.0,,,1.0,1.0,1.0,1.0,-2048.0,
QTIM,/run/media/falconnier/Elements/BIDS_datasets_selection/QTIM/sub-1106/ses-02/anat/sub-1106_ses-02_T1w.nii.gz,,,,,sub-1106,ses-02,256,240,256,0.9375,0.9,0.9375,14.442641258239746,15728640,13950724,0.8869631449381511,0.0,1615.0,47.30606153487088,13.0,79.20411837293176,7.0,6.541064044939734,2.4800742646959826,1.0,3.0,241.0,347.0,1.008112820084445,
QTIM,/run/media/falconnier/Elements/BIDS_datasets_selection/QTIM/sub-1112/ses-01/anat/sub-1112_ses-01_T1w_defacemask.nii.gz,,,,,sub-1112,ses-01,256,256,256,0.9375,0.9,0.9375,0.18799209594726562,16777216,14933106,0.8900824785232544,0.0,1.0,1.0,1.0,0.0,0.0,,,1.0,1.0,1.0,1.0,-2048.0,
QTIM,/run/media/falconnier/Elements/BIDS_datasets_selection/QTIM/sub-1112/ses-01/anat/sub-1112_ses-01_T1w.nii.gz,,,,,sub-1112,ses-01,256,256,256,0.9375,0.9,0.9375,10.50639820098877,16777216,13891384,0.8279910087585449,0.0,364.0,12.45305766509658,4.0,19.266446091487598,2.0,6.787348919027179,2.4175956245011982,1.0,1.0,57.0,82.0,3.056114584188409,
QTIM,/run/media/falconnier/Elements/BIDS_datasets_selection/QTIM/sub-1113/ses-01/anat/sub-1113_ses-01_T1w.nii.gz,,,,,sub-1113,ses-01,256,256,256,0.9375,0.9,0.9375,10.94277572631836,16777216,14096813,0.8402355313301086,0.0,346.0,13.16159659633706,4.0,18.746642878549494,2.0,5.172338186442936,2.1372798816192238,1.0,1.0,57.0,78.0,3.305893157833328,
QTIM,/run/media/falconnier/Elements/BIDS_datasets_selection/QTIM/sub-1113/ses-01/anat/sub-1113_ses-01_T1w_defacemask.nii.gz,,,,,sub-1113,ses-01,256,256,256,0.9375,0.9,0.9375,0.17243385314941406,16777216,14937444,0.89034104347229,0.0,1.0,1.0,1.0,0.0,0.0,,,1.0,1.0,1.0,1.0,-2048.0,
QTIM,/run/media/falconnier/Elements/BIDS_datasets_selection/QTIM/sub-1113/ses-02/anat/sub-1113_ses-02_T1w_defacemask.nii.gz,,,,,sub-1113,ses-02,240,256,256,0.9,0.9375,0.9375,0.1871042251586914,15728640,13772451,0.8756288528442383,0.0,1.0,1.0,1.0,0.0,0.0,,,1.0,1.0,1.0,1.0,-2048.0,
QTIM,/run/media/falconnier/Elements/BIDS_datasets_selection/QTIM/sub-1113/ses-02/anat/sub-1113_ses-02_T1w.nii.gz,,,,,sub-1113,ses-02,240,256,256,0.9,0.9375,0.9375,14.944755554199219,15728640,13626628,0.8663576761881511,0.0,1657.0,63.30071078479577,18.0,91.75127462682991,11.0,5.029977763228807,2.0959486084111267,2.0,4.0,274.0,367.0,1.0723022000588964,
QTIM,/run/media/falconnier/Elements/BIDS_datasets_selection/QTIM/sub-1114/ses-01/anat/sub-1114_ses-01_T1w.nii.gz,,,,,sub-1114,ses-01,256,256,256,0.9375,0.9,0.9375,10.329834938049316,16777216,13837489,0.8247786164283752,0.0,427.0,11.58318774453949,3.0,19.01781959125052,2.0,7.270031749479564,2.478547949583583,1.0,1.0,58.0,82.0,2.4539092059117884,
QTIM,/run/media/falconnier/Elements/BIDS_datasets_selection/QTIM/sub-1114/ses-01/anat/sub-1114_ses-01_T1w_defacemask.nii.gz,,,,,sub-1114,ses-01,256,256,256,0.9375,0.9,0.9375,0.18358230590820312,16777216,15114286,0.9008816480636597,0.0,1.0,1.0,1.0,0.0,0.0,,,1.0,1.0,1.0,1.0,-2048.0,
QTIM,/run/media/falconnier/Elements/BIDS_datasets_selection/QTIM/sub-1115/ses-01/anat/sub-1115_ses-01_T1w_defacemask.nii.gz,,,,,sub-1115,ses-01,256,256,256,0.9375,0.9,0.9375,0.18297958374023438,16777216,14952435,0.8912345767021179,0.0,1.0,1.0,1.0,0.0,0.0,,,1.0,1.0,1.0,1.0,-2048.0,
QTIM,/run/media/falconnier/Elements/BIDS_datasets_selection/QTIM/sub-1115/ses-01/anat/sub-1115_ses-01_T1w.nii.gz,,,,,sub-1115,ses-01,256,256,256,0.9375,0.9,0.9375,10.195839881896973,16777216,13745509,0.8192961812019348,0.0,346.0,11.233011378480056,3.0,17.393159992142145,2.0,5.661674626516552,2.263792602866053,1.0,1.0,52.0,74.0,2.970430998979472,
QTIM,/run/media/falconnier/Elements/BIDS_datasets_selection/QTIM/sub-1117/ses-01/anat/sub-1117_ses-01_T1w_defacemask.nii.gz,,,,,sub-1117,ses-01,256,256,256,0.9375,0.9,0.9375,0.17968463897705078,16777216,14710641,0.8768225312232971,0.0,1.0,1.0,1.0,0.0,0.0,,,1.0,1.0,1.0,1.0,-2048.0,
QTIM,/run/media/falconnier/Elements/BIDS_datasets_selection/QTIM/sub-1117/ses-01/anat/sub-1117_ses-01_T1w.nii.gz,,,,,sub-1117,ses-01,256,256,256,0.9375,0.9,0.9375,10.598013877868652,16777216,13702708,0.8167450428009033,0.0,252.0,13.063344778273025,4.0,17.380041963830802,3.0,5.011389389523874,2.0641119335189178,1.0,1.0,52.0,72.0,4.859431182271346,
QTIM,/run/media/falconnier/Elements/BIDS_datasets_selection/QTIM/sub-1118/ses-01/anat/sub-1118_ses-01_T1w_defacemask.nii.gz,,,,,sub-1118,ses-01,256,256,256,0.9375,0.9,0.9375,0.17287063598632812,16777216,15042926,0.8966282606124878,0.0,1.0,1.0,1.0,0.0,0.0,,,1.0,1.0,1.0,1.0,-2048.0,
QTIM,/run/media/falconnier/Elements/BIDS_datasets_selection/QTIM/sub-1118/ses-01/anat/sub-1118_ses-01_T1w.nii.gz,,,,,sub-1118,ses-01,256,256,256,0.9375,0.9,0.9375,10.206565856933594,16777216,13707185,0.8170118927955627,0.0,372.0,10.900586298353746,3.0,17.249297145096214,2.0,7.338714019055034,2.4429641167781533,1.0,1.0,52.0,74.0,2.7801111336367237,
QTIM,/run/media/falconnier/Elements/BIDS_datasets_selection/QTIM/sub-1118/ses-02/anat/sub-1118_ses-02_T1w_defacemask.nii.gz,,,,,sub-1118,ses-02,256,240,256,0.9375,0.9,0.9375,0.15668678283691406,15728640,14208282,0.9033382415771485,0.0,1.0,1.0,1.0,0.0,0.0,,,1.0,1.0,1.0,1.0,-2048.0,
QTIM,/run/media/falconnier/Elements/BIDS_datasets_selection/QTIM/sub-1118/ses-02/anat/sub-1118_ses-02_T1w.nii.gz,,,,,sub-1118,ses-02,256,240,256,0.9375,0.9,0.9375,14.969979286193848,15728640,14023774,0.8916075388590495,0.0,1758.0,55.337637643048154,14.0,90.7146583788757,8.0,5.954455375045711,2.364522625670945,1.0,3.0,275.0,384.0,0.9580379020089531,
QTIM,/run/media/falconnier/Elements/BIDS_datasets_selection/QTIM/sub-1119/ses-01/anat/sub-1119_ses-01_T1w_defacemask.nii.gz,,,,,sub-1119,ses-01,256,256,256,0.9375,0.9,0.9375,0.18018817901611328,16777216,14812112,0.8828706741333008,0.0,1.0,1.0,1.0,0.0,0.0,,,1.0,1.0,1.0,1.0,-2048.0,
QTIM,/run/media/falconnier/Elements/BIDS_datasets_selection/QTIM/sub-1119/ses-01/anat/sub-1119_ses-01_T1w.nii.gz,,,,,sub-1119,ses-01,256,256,256,0.9375,0.9,0.9375,10.420269012451172,16777216,13741793,0.8190746903419495,0.0,397.0,11.818782818224667,3.0,18.05917099883029,2.0,6.9982210316877325,2.3357813722038006,1.0,1.0,54.0,76.0,2.6856748281563116,
QTIM,/run/media/falconnier/Elements/BIDS_datasets_selection/QTIM/sub-1120/ses-01/anat/sub-1120_ses-01_T1w_defacemask.nii.gz,,,,,sub-1120,ses-01,256,256,256,0.9375,0.9,0.9375,0.1757965087890625,16777216,14945753,0.8908362984657288,0.0,1.0,1.0,1.0,0.0,0.0,,,1.0,1.0,1.0,1.0,-2048.0,
QTIM,/run/media/falconnier/Elements/BIDS_datasets_selection/QTIM/sub-1120/ses-01/anat/sub-1120_ses-01_T1w.nii.gz,,,,,sub-1120,ses-01,256,256,256,0.9375,0.9,0.9375,9.931923866271973,16777216,13667755,0.8146616816520691,0.0,352.0,10.67229380392025,3.0,16.569299254653234,2.0,6.5200903884547134,2.3518040207083035,1.0,1.0,50.0,71.0,2.9157828745428818,
QTIM,/run/media/falconnier/Elements/BIDS_datasets_selection/QTIM/sub-1121/ses-01/anat/sub-1121_ses-01_T1w.nii.gz,,,,,sub-1121,ses-01,256,256,256,0.9375,0.9,0.9375,10.465581893920898,16777216,13818532,0.8236486911773682,0.0,425.0,12.042712785989133,3.0,18.086766428550234,2.0,6.896150654862755,2.3497603535075378,1.0,1.0,54.0,76.0,2.612070479209994,
QTIM,/run/media/falconnier/Elements/BIDS_datasets_selection/QTIM/sub-1121/ses-01/anat/sub-1121_ses-01_T1w_defacemask.nii.gz,,,,,sub-1121,ses-01,256,256,256,0.9375,0.9,0.9375,0.19875717163085938,16777216,14883899,0.8871495127677917,0.0,1.0,1.0,1.0,0.0,0.0,,,1.0,1.0,1.0,1.0,-2048.0,
QTIM,/run/media/falconnier/Elements/BIDS_datasets_selection/QTIM/sub-1122/ses-01/anat/sub-1122_ses-01_T1w_defacemask.nii.gz,,,,,sub-1122,ses-01,256,256,256,0.9375,0.9,0.9375,0.19278240203857422,16777216,14837566,0.8843878507614136,0.0,1.0,1.0,1.0,0.0,0.0,,,1.0,1.0,1.0,1.0,-2048.0,
QTIM,/run/media/falconnier/Elements/BIDS_datasets_selection/QTIM/sub-1122/ses-01/anat/sub-1122_ses-01_T1w.nii.gz,,,,,sub-1122,ses-01,256,256,256,0.9375,0.9,0.9375,10.355799674987793,16777216,13656545,0.813993513584137,0.0,458.0,12.027419307006275,3.0,18.714627615648514,2.0,6.751669846176686,2.3389789981977405,1.0,1.0,56.0,78.0,2.3716942269786907,
QTIM,/run/media/falconnier/Elements/BIDS_datasets_selection/QTIM/sub-1125/ses-01/anat/sub-1125_ses-01_T1w_defacemask.nii.gz,,,,,sub-1125,ses-01,256,240,256,0.9375,0.9,0.9375,0.17392444610595703,15728640,14126382,0.8981311798095704,0.0,1.0,1.0,1.0,0.0,0.0,,,1.0,1.0,1.0,1.0,-2048.0,
QTIM,/run/media/falconnier/Elements/BIDS_datasets_selection/QTIM/sub-1125/ses-01/anat/sub-1125_ses-01_T1w.nii.gz,,,,,sub-1125,ses-01,256,240,256,0.9375,0.9,0.9375,9.802734375,15728640,13007678,0.8270058949788411,0.0,377.0,12.498285781674484,3.0,19.49427294291238,2.0,6.792036755982245,2.3404200566357876,1.0,1.0,58.0,79.0,2.886110548219459,
QTIM,/run/media/falconnier/Elements/BIDS_datasets_selection/QTIM/sub-1127/ses-01/anat/sub-1127_ses-01_T1w.nii.gz,,,,,sub-1127,ses-01,256,256,256,0.9375,0.9,0.9375,10.307169914245605,16777216,13814626,0.8234158754348755,0.0,361.0,11.519400308050322,3.0,18.89414939673835,2.0,6.773287601691221,2.4476447822240264,1.0,1.0,57.0,80.0,2.840883515234798,
QTIM,/run/media/falconnier/Elements/BIDS_datasets_selection/QTIM/sub-1127/ses-01/anat/sub-1127_ses-01_T1w_defacemask.nii.gz,,,,,sub-1127,ses-01,256,256,256,0.9375,0.9,0.9375,0.18487262725830078,16777216,15186290,0.9051734209060669,0.0,1.0,1.0,1.0,0.0,0.0,,,1.0,1.0,1.0,1.0,-2048.0,
QTIM,/run/media/falconnier/Elements/BIDS_datasets_selection/QTIM/sub-1132/ses-01/anat/sub-1132_ses-01_T1w_defacemask.nii.gz,,,,,sub-1132,ses-01,256,256,256,0.9375,0.9,0.9375,0.17228126525878906,16777216,15016936,0.8950791358947754,0.0,1.0,1.0,1.0,0.0,0.0,,,1.0,1.0,1.0,1.0,-2048.0,
QTIM,/run/media/falconnier/Elements/BIDS_datasets_selection/QTIM/sub-1132/ses-01/anat/sub-1132_ses-01_T1w.nii.gz,,,,,sub-1132,ses-01,256,256,256,0.9375,0.9,0.9375,10.10754680633545,16777216,13724008,0.8180146217346191,0.0,413.0,11.302319701358378,3.0,18.025018626280055,2.0,7.381610397961772,2.439974485856708,1.0,1.0,54.0,77.0,2.506302955604072,
QTIM,/run/media/falconnier/Elements/BIDS_datasets_selection/QTIM/sub-1132/ses-02/anat/sub-1132_ses-02_T1w_defacemask.nii.gz,,,,,sub-1132,ses-02,256,240,256,0.9375,0.9,0.9375,0.1583404541015625,15728640,14061248,0.8939900716145833,0.0,1.0,1.0,1.0,0.0,0.0,,,1.0,1.0,1.0,1.0,-2048.0,
QTIM,/run/media/falconnier/Elements/BIDS_datasets_selection/QTIM/sub-1132/ses-02/anat/sub-1132_ses-02_T1w.nii.gz,,,,,sub-1132,ses-02,256,240,256,0.9375,0.9,0.9375,14.51556396484375,15728640,13876525,0.8822456995646158,0.0,1601.0,48.84496017554827,14.0,76.5516542391243,8.0,6.6164526163587905,2.3962299676109864,1.0,3.0,230.0,327.0,1.0419038954056972,
QTIM,/run/media/falconnier/Elements/BIDS_datasets_selection/QTIM/sub-1133/ses-01/anat/sub-1133_ses-01_T1w_defacemask.nii.gz,,,,,sub-1133,ses-01,256,256,256,0.9375,0.9,0.9375,0.19490337371826172,16777216,14767258,0.8801971673965454,0.0,1.0,1.0,1.0,0.0,0.0,,,1.0,1.0,1.0,1.0,-2048.0,
QTIM,/run/media/falconnier/Elements/BIDS_datasets_selection/QTIM/sub-1133/ses-01/anat/sub-1133_ses-01_T1w.nii.gz,,,,,sub-1133,ses-01,256,256,256,0.9375,0.9,0.9375,10.042086601257324,16777216,13538517,0.8069584965705872,0.0,279.0,10.488100284543721,3.0,15.718332434434235,2.0,8.638814328695684,2.546451967172306,1.0,1.0,47.0,67.0,3.68337633078202,
QTIM,/run/media/falconnier/Elements/BIDS_datasets_selection/QTIM/sub-1136/ses-01/anat/sub-1136_ses-01_T1w.nii.gz,,,,,sub-1136,ses-01,256,256,256,0.9375,0.9,0.9375,10.331867218017578,16777216,13713453,0.8173854947090149,0.0,428.0,12.853163313426604,3.0,20.77171323342172,2.0,6.278559477456911,2.3521022188161926,1.0,1.0,62.0,87.0,2.507262654157693,
QTIM,/run/media/falconnier/Elements/BIDS_datasets_selection/QTIM/sub-1136/ses-01/anat/sub-1136_ses-01_T1w_defacemask.nii.gz,,,,,sub-1136,ses-01,256,256,256,0.9375,0.9,0.9375,0.17725467681884766,16777216,15025616,0.8955965042114258,0.0,1.0,1.0,1.0,0.0,0.0,,,1.0,1.0,1.0,1.0,-2048.0,
QTIM,/run/media/falconnier/Elements/BIDS_datasets_selection/QTIM/sub-1138/ses-01/anat/sub-1138_ses-01_T1w_defacemask.nii.gz,,,,,sub-1138,ses-01,256,256,256,0.9375,0.9,0.9375,0.16990947723388672,16777216,15051922,0.8971644639968872,0.0,1.0,1.0,1.0,0.0,0.0,,,1.0,1.0,1.0,1.0,-2048.0,
QTIM,/run/media/falconnier/Elements/BIDS_datasets_selection/QTIM/sub-1138/ses-01/anat/sub-1138_ses-01_T1w.nii.gz,,,,,sub-1138,ses-01,256,256,256,0.9375,0.9,0.9375,10.817896842956543,16777216,14133130,0.8424001932144165,0.0,332.0,12.820014250205015,4.0,18.715385728210432,2.0,5.163203138171003,2.205072857453301,1.0,1.0,57.0,79.0,3.4481862040799607,
QTIM,/run/media/falconnier/Elements/BIDS_datasets_selection/QTIM/sub-1139/ses-01/anat/sub-1139_ses-01_T1w_defacemask.nii.gz,,,,,sub-1139,ses-01,256,256,256,0.9375,0.9,0.9375,0.1858053207397461,16777216,14897416,0.8879551887512207,0.0,1.0,1.0,1.0,0.0,0.0,,,1.0,1.0,1.0,1.0,-2048.0,
QTIM,/run/media/falconnier/Elements/BIDS_datasets_selection/QTIM/sub-1139/ses-01/anat/sub-1139_ses-01_T1w.nii.gz,,,,,sub-1139,ses-01,256,256,256,0.9375,0.9,0.9375,11.012499809265137,16777216,14080995,0.8392927050590515,0.0,360.0,13.684966793894892,4.0,19.970987471646115,2.0,5.8503855084557195,2.249263546777826,1.0,1.0,61.0,83.0,3.2524857219205905,
QTIM,/run/media/falconnier/Elements/BIDS_datasets_selection/QTIM/sub-1139/ses-02/anat/sub-1139_ses-02_T1w_defacemask.nii.gz,,,,,sub-1139,ses-02,240,256,256,0.9,0.9375,0.9375,0.16715526580810547,15728640,13960430,0.8875802357991537,0.0,1.0,1.0,1.0,0.0,0.0,,,1.0,1.0,1.0,1.0,-2048.0,
QTIM,/run/media/falconnier/Elements/BIDS_datasets_selection/QTIM/sub-1139/ses-02/anat/sub-1139_ses-02_T1w.nii.gz,,,,,sub-1139,ses-02,240,256,256,0.9,0.9375,0.9375,14.183243751525879,15728640,13791126,0.8768161773681641,0.0,1316.0,47.892699696892045,14.0,75.34836497818544,8.0,6.065114972889974,2.3751163833464144,1.0,3.0,228.0,317.0,1.2597437685835398,
QTIM,/run/media/falconnier/Elements/BIDS_datasets_selection/QTIM/sub-1140/ses-01/anat/sub-1140_ses-01_T1w_defacemask.nii.gz,,,,,sub-1140,ses-01,256,256,256,0.9375,0.9,0.9375,0.1683797836303711,16777216,15030610,0.8958941698074341,0.0,1.0,1.0,1.0,0.0,0.0,,,1.0,1.0,1.0,1.0,-2048.0,
QTIM,/run/media/falconnier/Elements/BIDS_datasets_selection/QTIM/sub-1140/ses-01/anat/sub-1140_ses-01_T1w.nii.gz,,,,,sub-1140,ses-01,256,256,256,0.9375,0.9,0.9375,10.539297103881836,16777216,13819363,0.8236982226371765,0.0,350.0,12.60042897780455,3.0,19.831796315234655,2.0,5.701711304288969,2.2895654660748916,1.0,1.0,60.0,83.0,3.0636324306730884,
QTIM,/run/media/falconnier/Elements/BIDS_datasets_selection/QTIM/sub-1140/ses-02/anat/sub-1140_ses-02_T1w_defacemask.nii.gz,,,,,sub-1140,ses-02,240,256,256,0.9,0.9375,0.9375,0.1777801513671875,15728640,13946962,0.8867239634195964,0.0,1.0,1.0,1.0,0.0,0.0,,,1.0,1.0,1.0,1.0,-2048.0,
QTIM,/run/media/falconnier/Elements/BIDS_datasets_selection/QTIM/sub-1140/ses-02/anat/sub-1140_ses-02_T1w.nii.gz,,,,,sub-1140,ses-02,240,256,256,0.9,0.9375,0.9375,14.129429817199707,15728640,13763648,0.8750691731770833,0.0,914.0,44.864803720641504,12.0,67.84997854220073,7.0,4.039081692648852,2.107139913300704,1.0,3.0,209.0,284.0,1.7773862880299125,
QTIM,/run/media/falconnier/Elements/BIDS_datasets_selection/QTIM/sub-1141/ses-01/anat/sub-1141_ses-01_T1w.nii.gz,,,,,sub-1141,ses-01,256,256,256,0.9375,0.9,0.9375,10.055319786071777,16777216,13604008,0.8108620643615723,0.0,296.0,11.048484461344039,3.0,16.476746678103364,2.0,5.32573310286419,2.1799903989455696,1.0,1.0,50.0,68.0,3.446107814334022,
QTIM,/run/media/falconnier/Elements/BIDS_datasets_selection/QTIM/sub-1141/ses-01/anat/sub-1141_ses-01_T1w_defacemask.nii.gz,,,,,sub-1141,ses-01,256,256,256,0.9375,0.9,0.9375,0.18013954162597656,16777216,14963432,0.8918900489807129,0.0,1.0,1.0,1.0,0.0,0.0,,,1.0,1.0,1.0,1.0,-2048.0,
QTIM,/run/media/falconnier/Elements/BIDS_datasets_selection/QTIM/sub-1142/ses-01/anat/sub-1142_ses-01_T1w_defacemask.nii.gz,,,,,sub-1142,ses-01,256,256,256,0.9375,0.9,0.9375,0.1857767105102539,16777216,14963032,0.8918662071228027,0.0,1.0,1.0,1.0,0.0,0.0,,,1.0,1.0,1.0,1.0,-2048.0,
QTIM,/run/media/falconnier/Elements/BIDS_datasets_selection/QTIM/sub-1142/ses-01/anat/sub-1142_ses-01_T1w.nii.gz,,,,,sub-1142,ses-01,256,256,256,0.9375,0.9,0.9375,10.316474914550781,16777216,13798755,0.8224698901176453,0.0,405.0,11.378428198775904,3.0,17.78626085204788,2.0,7.49792422192667,2.410161809920939,1.0,1.0,53.0,76.0,2.5813770338479793,
QTIM,/run/media/falconnier/Elements/BIDS_datasets_selection/QTIM/sub-1143/ses-01/anat/sub-1143_ses-01_T1w_defacemask.nii.gz,,,,,sub-1143,ses-01,256,256,256,0.9375,0.9,0.9375,0.18343544006347656,16777216,14975238,0.8925937414169312,0.0,1.0,1.0,1.0,0.0,0.0,,,1.0,1.0,1.0,1.0,-2048.0,
QTIM,/run/media/falconnier/Elements/BIDS_datasets_selection/QTIM/sub-1143/ses-01/anat/sub-1143_ses-01_T1w.nii.gz,,,,,sub-1143,ses-01,256,256,256,0.9375,0.9,0.9375,10.24814510345459,16777216,13684948,0.8156864643096924,0.0,534.0,11.730745195378162,3.0,19.19697997546187,2.0,8.828254970653003,2.5613472351396145,1.0,1.0,57.0,80.0,1.9016614756562416,
QTIM,/run/media/falconnier/Elements/BIDS_datasets_selection/QTIM/sub-1144/ses-01/anat/sub-1144_ses-01_T1w.nii.gz,,,,,sub-1144,ses-01,256,256,256,0.9375,0.9,0.9375,10.840261459350586,16777216,14084311,0.8394903540611267,0.0,399.0,13.35960026727612,4.0,20.186505027081154,2.0,6.2757041841315555,2.3235153452544814,1.0,1.0,61.0,84.0,2.8608270204845994,
QTIM,/run/media/falconnier/Elements/BIDS_datasets_selection/QTIM/sub-1144/ses-01/anat/sub-1144_ses-01_T1w_defacemask.nii.gz,,,,,sub-1144,ses-01,256,256,256,0.9375,0.9,0.9375,0.16176605224609375,16777216,14939914,0.8904882669448853,0.0,1.0,1.0,1.0,0.0,0.0,,,1.0,1.0,1.0,1.0,-2048.0,
QTIM,/run/media/falconnier/Elements/BIDS_datasets_selection/QTIM/sub-1144/ses-02/anat/sub-1144_ses-02_T1w_defacemask.nii.gz,,,,,sub-1144,ses-02,240,256,256,0.9,0.9375,0.9375,0.1796550750732422,15728640,13832596,0.8794527689615885,0.0,1.0,1.0,1.0,0.0,0.0,,,1.0,1.0,1.0,1.0,-2048.0,
QTIM,/run/media/falconnier/Elements/BIDS_datasets_selection/QTIM/sub-1144/ses-02/anat/sub-1144_ses-02_T1w.nii.gz,,,,,sub-1144,ses-02,240,256,256,0.9,0.9375,0.9375,14.531964302062988,15728640,13679904,0.869744873046875,0.0,1397.0,55.912054938397226,16.0,83.89761309709178,9.0,4.397674932297541,2.120058700368579,1.0,4.0,257.0,346.0,1.2316334335170596,
QTIM,/run/media/falconnier/Elements/BIDS_datasets_selection/QTIM/sub-1145/ses-01/anat/sub-1145_ses-01_T1w_defacemask.nii.gz,,,,,sub-1145,ses-01,256,256,256,0.9375,0.9,0.9375,0.1636056900024414,16777216,15104557,0.9003017544746399,0.0,1.0,1.0,1.0,0.0,0.0,,,1.0,1.0,1.0,1.0,-2048.0,
QTIM,/run/media/falconnier/Elements/BIDS_datasets_selection/QTIM/sub-1145/ses-01/anat/sub-1145_ses-01_T1w.nii.gz,,,,,sub-1145,ses-01,256,256,256,0.9375,0.9,0.9375,10.390262603759766,16777216,13887682,0.8277703523635864,0.0,405.0,11.201338999553705,3.0,17.924679712441954,2.0,8.51972110972061,2.5718157403663615,1.0,1.0,54.0,77.0,2.5796881776870193,
QTIM,/run/media/falconnier/Elements/BIDS_datasets_selection/QTIM/sub-1146/ses-01/anat/sub-1146_ses-01_T1w_defacemask.nii.gz,,,,,sub-1146,ses-01,256,256,256,0.9375,0.9,0.9375,0.16339111328125,16777216,15047046,0.8968738317489624,0.0,1.0,1.0,1.0,0.0,0.0,,,1.0,1.0,1.0,1.0,-2048.0,
QTIM,/run/media/falconnier/Elements/BIDS_datasets_selection/QTIM/sub-1146/ses-01/anat/sub-1146_ses-01_T1w.nii.gz,,,,,sub-1146,ses-01,256,256,256,0.9375,0.9,0.9375,10.663721084594727,16777216,13941907,0.831002414226532,0.0,410.0,12.795506525757201,3.0,20.376640907038595,2.0,8.689402365867863,2.578260381744207,1.0,1.0,59.0,86.0,2.692736876098267,
QTIM,/run/media/falconnier/Elements/BIDS_datasets_selection/QTIM/sub-1147/ses-01/anat/sub-1147_ses-01_T1w_defacemask.nii.gz,,,,,sub-1147,ses-01,256,256,256,0.9375,0.9,0.9375,0.16221332550048828,16777216,14965641,0.8920217156410217,0.0,1.0,1.0,1.0,0.0,0.0,,,1.0,1.0,1.0,1.0,-2048.0,
QTIM,/run/media/falconnier/Elements/BIDS_datasets_selection/QTIM/sub-1147/ses-01/anat/sub-1147_ses-01_T1w.nii.gz,,,,,sub-1147,ses-01,256,256,256,0.9375,0.9,0.9375,10.680603981018066,16777216,13918348,0.8295981884002686,0.0,365.0,12.771712275048735,3.0,19.566478739959173,2.0,6.559721528935336,2.3359277944282995,1.0,1.0,58.0,81.0,3.0243760010732212,
QTIM,/run/media/falconnier/Elements/BIDS_datasets_selection/QTIM/sub-1147/ses-02/anat/sub-1147_ses-02_T1w_defacemask.nii.gz,,,,,sub-1147,ses-02,256,240,256,0.9375,0.9,0.9375,0.16350460052490234,15728640,14150513,0.8996653874715169,0.0,1.0,1.0,1.0,0.0,0.0,,,1.0,1.0,1.0,1.0,-2048.0,
QTIM,/run/media/falconnier/Elements/BIDS_datasets_selection/QTIM/sub-1147/ses-02/anat/sub-1147_ses-02_T1w.nii.gz,,,,,sub-1147,ses-02,256,240,256,0.9375,0.9,0.9375,14.822378158569336,15728640,13968918,0.888119888305664,0.0,1686.0,53.41654972847575,14.0,84.34269435722422,8.0,5.77583819384974,2.3152339258702908,1.0,3.0,254.0,358.0,0.9997938281070814,
QTIM,/run/media/falconnier/Elements/BIDS_datasets_selection/QTIM/sub-1149/ses-01/anat/sub-1149_ses-01_T1w_defacemask.nii.gz,,,,,sub-1149,ses-01,256,256,256,0.9375,0.9,0.9375,0.1692333221435547,16777216,15061744,0.8977499008178711,0.0,1.0,1.0,1.0,0.0,0.0,,,1.0,1.0,1.0,1.0,-2048.0,
QTIM,/run/media/falconnier/Elements/BIDS_datasets_selection/QTIM/sub-1149/ses-01/anat/sub-1149_ses-01_T1w.nii.gz,,,,,sub-1149,ses-01,256,256,256,0.9375,0.9,0.9375,10.051907539367676,16777216,13631410,0.8124953508377075,0.0,411.0,11.164614152167678,3.0,18.3470015780995,2.0,8.568056113300674,2.5807614018618246,1.0,1.0,54.0,78.0,2.4813958872800677,
QTIM,/run/media/falconnier/Elements/BIDS_datasets_selection/QTIM/sub-1149/ses-02/anat/sub-1149_ses-02_T1w_defacemask.nii.gz,,,,,sub-1149,ses-02,240,256,256,0.9,0.9375,0.9375,0.17395401000976562,15728640,13909125,0.8843183517456055,0.0,1.0,1.0,1.0,0.0,0.0,,,1.0,1.0,1.0,1.0,-2048.0,
QTIM,/run/media/falconnier/Elements/BIDS_datasets_selection/QTIM/sub-1149/ses-02/anat/sub-1149_ses-02_T1w.nii.gz,,,,,sub-1149,ses-02,240,256,256,0.9,0.9375,0.9375,14.551846504211426,15728640,13744888,0.873876444498698,0.0,1941.0,54.132920108188586,14.0,85.19830569433338,8.0,5.613458148039795,2.2706498910325297,1.0,3.0,259.0,359.0,0.8698110634716644,
QTIM,/run/media/falconnier/Elements/BIDS_datasets_selection/QTIM/sub-1151/ses-01/anat/sub-1151_ses-01_T1w.nii.gz,,,,,sub-1151,ses-01,256,256,256,0.9375,0.9,0.9375,10.987399101257324,16777216,14010332,0.8350808620452881,0.0,495.0,14.352578868223823,4.0,22.48973203881843,2.0,6.320059724503688,2.3090739236513382,1.0,1.0,67.0,93.0,2.3755977822550878,
QTIM,/run/media/falconnier/Elements/BIDS_datasets_selection/QTIM/sub-1151/ses-01/anat/sub-1151_ses-01_T1w_defacemask.nii.gz,,,,,sub-1151,ses-01,256,256,256,0.9375,0.9,0.9375,0.17200756072998047,16777216,14996757,0.8938763737678528,0.0,1.0,1.0,1.0,0.0,0.0,,,1.0,1.0,1.0,1.0,-2048.0,
QTIM,/run/media/falconnier/Elements/BIDS_datasets_selection/QTIM/sub-1155/ses-01/anat/sub-1155_ses-01_T1w_defacemask.nii.gz,,,,,sub-1155,ses-01,256,256,256,0.9375,0.9,0.9375,0.1686248779296875,16777216,15025445,0.8955863118171692,0.0,1.0,1.0,1.0,0.0,0.0,,,1.0,1.0,1.0,1.0,-2048.0,
QTIM,/run/media/falconnier/Elements/BIDS_datasets_selection/QTIM/sub-1155/ses-02/anat/sub-1155_ses-02_T1w_defacemask.nii.gz,,,,,sub-1155,ses-02,240,256,256,0.9,0.9375,0.9375,0.17404460906982422,15728640,14014455,0.8910150527954102,0.0,1.0,1.0,1.0,0.0,0.0,,,1.0,1.0,1.0,1.0,-2048.0,
QTIM,/run/media/falconnier/Elements/BIDS_datasets_selection/QTIM/sub-1155/ses-01/anat/sub-1155_ses-01_T1w.nii.gz,,,,,sub-1155,ses-01,256,256,256,0.9375,0.9,0.9375,10.65070915222168,16777216,13898874,0.8284374475479126,0.0,431.0,12.654565254710562,3.0,19.827935594473928,2.0,7.117837433571566,2.4116769849585187,1.0,1.0,59.0,83.0,2.563503185309322,
QTIM,/run/media/falconnier/Elements/BIDS_datasets_selection/QTIM/sub-1155/ses-02/anat/sub-1155_ses-02_T1w.nii.gz,,,,,sub-1155,ses-02,240,256,256,0.9,0.9375,0.9375,14.16079044342041,15728640,13835551,0.8796406428019206,0.0,1333.0,44.75477485500939,13.0,70.00579598384618,7.0,5.6186838331560445,2.3233907002045373,1.0,3.0,214.0,302.0,1.2250024221018927,
QTIM,/run/media/falconnier/Elements/BIDS_datasets_selection/QTIM/sub-1157/ses-01/anat/sub-1157_ses-01_T1w_defacemask.nii.gz,,,,,sub-1157,ses-01,256,256,256,0.9375,0.9,0.9375,0.1708059310913086,16777216,14928675,0.8898183703422546,0.0,1.0,1.0,1.0,0.0,0.0,,,1.0,1.0,1.0,1.0,-2048.0,
QTIM,/run/media/falconnier/Elements/BIDS_datasets_selection/QTIM/sub-1157/ses-01/anat/sub-1157_ses-01_T1w.nii.gz,,,,,sub-1157,ses-01,256,256,256,0.9375,0.9,0.9375,10.464676856994629,16777216,13855422,0.8258475065231323,0.0,359.0,12.740161071961575,3.0,20.205974824554826,2.0,7.502044596702145,2.485683722982989,1.0,1.0,60.0,84.0,3.0551866629140028,
QTIM,/run/media/falconnier/Elements/BIDS_datasets_selection/QTIM/sub-1157/ses-02/anat/sub-1157_ses-02_T1w_defacemask.nii.gz,,,,,sub-1157,ses-02,240,256,256,0.9,0.9375,0.9375,0.2020111083984375,15728640,13748136,0.8740829467773438,0.0,1.0,1.0,1.0,0.0,0.0,,,1.0,1.0,1.0,1.0,-2048.0,
QTIM,/run/media/falconnier/Elements/BIDS_datasets_selection/QTIM/sub-1157/ses-02/anat/sub-1157_ses-02_T1w.nii.gz,,,,,sub-1157,ses-02,240,256,256,0.9,0.9375,0.9375,14.094582557678223,15728640,13580184,0.8634048461914062,0.0,1509.0,50.22141666121755,14.0,78.55034621878852,8.0,5.44616250037344,2.2712577039496957,1.0,3.0,241.0,333.0,1.1070282248090049,
QTIM,/run/media/falconnier/Elements/BIDS_datasets_selection/QTIM/sub-1158/ses-01/anat/sub-1158_ses-01_T1w_defacemask.nii.gz,,,,,sub-1158,ses-01,256,256,256,0.9375,0.9,0.9375,0.17548179626464844,16777216,15057815,0.8975157141685486,0.0,1.0,1.0,1.0,0.0,0.0,,,1.0,1.0,1.0,1.0,-2048.0,
QTIM,/run/media/falconnier/Elements/BIDS_datasets_selection/QTIM/sub-1158/ses-01/anat/sub-1158_ses-01_T1w.nii.gz,,,,,sub-1158,ses-01,256,256,256,0.9375,0.9,0.9375,9.810638427734375,16777216,13535733,0.8067925572395325,0.0,406.0,10.309117725652538,3.0,17.201345129286015,2.0,8.554136121230586,2.5972749812038742,1.0,1.0,51.0,75.0,2.4022387720041456,
QTIM,/run/media/falconnier/Elements/BIDS_datasets_selection/QTIM/sub-1158/ses-02/anat/sub-1158_ses-02_T1w_defacemask.nii.gz,,,,,sub-1158,ses-02,256,240,256,0.9375,0.9,0.9375,0.17248821258544922,15728640,14092442,0.8959733327229817,0.0,1.0,1.0,1.0,0.0,0.0,,,1.0,1.0,1.0,1.0,-2048.0,
QTIM,/run/media/falconnier/Elements/BIDS_datasets_selection/QTIM/sub-1158/ses-02/anat/sub-1158_ses-02_T1w.nii.gz,,,,,sub-1158,ses-02,256,240,256,0.9375,0.9,0.9375,14.114888191223145,15728640,13885114,0.8827917734781902,0.0,1763.0,43.86576516404546,12.0,75.14291332413258,7.0,8.508314972225946,2.6673537945926102,1.0,3.0,224.0,329.0,0.905135036897532,
QTIM,/run/media/falconnier/Elements/BIDS_datasets_selection/QTIM/sub-1159/ses-01/anat/sub-1159_ses-01_T1w.nii.gz,,,,,sub-1159,ses-01,256,256,256,0.9375,0.9,0.9375,10.60355281829834,16777216,14026158,0.8360241651535034,0.0,350.0,12.31941847510915,3.0,18.779658093697996,2.0,5.479555939988227,2.272020247562542,1.0,1.0,57.0,79.0,3.1288144918277445,
QTIM,/run/media/falconnier/Elements/BIDS_datasets_selection/QTIM/sub-1159/ses-01/anat/sub-1159_ses-01_T1w_defacemask.nii.gz,,,,,sub-1159,ses-01,256,256,256,0.9375,0.9,0.9375,0.17026710510253906,16777216,15102221,0.9001625180244446,0.0,1.0,1.0,1.0,0.0,0.0,,,1.0,1.0,1.0,1.0,-2048.0,
QTIM,/run/media/falconnier/Elements/BIDS_datasets_selection/QTIM/sub-1161/ses-01/anat/sub-1161_ses-01_T1w_defacemask.nii.gz,,,,,sub-1161,ses-01,256,256,256,0.9375,0.9,0.9375,0.1895437240600586,16777216,14916309,0.8890812993049622,0.0,1.0,1.0,1.0,0.0,0.0,,,1.0,1.0,1.0,1.0,-2048.0,
QTIM,/run/media/falconnier/Elements/BIDS_datasets_selection/QTIM/sub-1161/ses-01/anat/sub-1161_ses-01_T1w.nii.gz,,,,,sub-1161,ses-01,256,256,256,0.9375,0.9,0.9375,10.095325469970703,16777216,13693858,0.8162175416946411,0.0,343.0,10.799493320290017,3.0,15.596912440834764,2.0,5.4436226454862275,2.196721301783487,1.0,1.0,48.0,66.0,3.1045958686043407,
QTIM,/run/media/falconnier/Elements/BIDS_datasets_selection/QTIM/sub-1162/ses-01/anat/sub-1162_ses-01_T1w.nii.gz,,,,,sub-1162,ses-01,256,256,256,0.9375,0.9,0.9375,10.73535442352295,16777216,13866501,0.8265078663825989,0.0,411.0,13.710398174708962,3.0,21.845034167375015,2.0,6.911805442147774,2.382223757433867,1.0,1.0,65.0,90.0,2.686168967562547,
QTIM,/run/media/falconnier/Elements/BIDS_datasets_selection/QTIM/sub-1162/ses-01/anat/sub-1162_ses-01_T1w_defacemask.nii.gz,,,,,sub-1162,ses-01,256,256,256,0.9375,0.9,0.9375,0.1734485626220703,16777216,14958731,0.8916098475456238,0.0,1.0,1.0,1.0,0.0,0.0,,,1.0,1.0,1.0,1.0,-2048.0,
QTIM,/run/media/falconnier/Elements/BIDS_datasets_selection/QTIM/sub-1162/ses-02/anat/sub-1162_ses-02_T1w.nii.gz,,,,,sub-1162,ses-02,256,240,256,0.9375,0.9,0.9375,14.5939302444458,15728640,14101267,0.8965344111124675,0.0,1505.0,48.12206952751125,13.0,79.83714677744958,7.0,7.008577922541232,2.4982410921094615,1.0,3.0,240.0,343.0,1.08572933537052,
QTIM,/run/media/falconnier/Elements/BIDS_datasets_selection/QTIM/sub-1162/ses-02/anat/sub-1162_ses-02_T1w_defacemask.nii.gz,,,,,sub-1162,ses-02,256,240,256,0.9375,0.9,0.9375,0.15471172332763672,15728640,14297219,0.9089927037556966,0.0,1.0,1.0,1.0,0.0,0.0,,,1.0,1.0,1.0,1.0,-2048.0,
QTIM,/run/media/falconnier/Elements/BIDS_datasets_selection/QTIM/sub-1164/ses-01/anat/sub-1164_ses-01_T1w_defacemask.nii.gz,,,,,sub-1164,ses-01,256,256,256,0.9375,0.9,0.9375,0.18343067169189453,16777216,14912759,0.8888697028160095,0.0,1.0,1.0,1.0,0.0,0.0,,,1.0,1.0,1.0,1.0,-2048.0,
QTIM,/run/media/falconnier/Elements/BIDS_datasets_selection/QTIM/sub-1164/ses-01/anat/sub-1164_ses-01_T1w.nii.gz,,,,,sub-1164,ses-01,256,256,256,0.9375,0.9,0.9375,10.970804214477539,16777216,13996031,0.8342284560203552,0.0,454.0,14.280785031127753,4.0,21.6561282197414,2.0,6.026329668545975,2.2340417781083115,1.0,1.0,66.0,89.0,2.598241701662215,
QTIM,/run/media/falconnier/Elements/BIDS_datasets_selection/QTIM/sub-1165/ses-01/anat/sub-1165_ses-01_T1w.nii.gz,,,,,sub-1165,ses-01,256,256,256,0.9375,0.9,0.9375,10.17731761932373,16777216,13535517,0.806779682636261,0.0,325.0,11.91963764664475,3.0,17.587082040283207,2.0,5.733711541905899,2.2004262699340704,1.0,1.0,53.0,72.0,3.3251666181051283,
QTIM,/run/media/falconnier/Elements/BIDS_datasets_selection/QTIM/sub-1165/ses-01/anat/sub-1165_ses-01_T1w_defacemask.nii.gz,,,,,sub-1165,ses-01,256,256,256,0.9375,0.9,0.9375,0.18776512145996094,16777216,14797604,0.8820059299468994,0.0,1.0,1.0,1.0,0.0,0.0,,,1.0,1.0,1.0,1.0,-2048.0,
QTIM,/run/media/falconnier/Elements/BIDS_datasets_selection/QTIM/sub-1165/ses-02/anat/sub-1165_ses-02_T1w_defacemask.nii.gz,,,,,sub-1165,ses-02,256,240,256,0.9375,0.9,0.9375,0.1826314926147461,15728640,13973440,0.8884073893229166,0.0,1.0,1.0,1.0,0.0,0.0,,,1.0,1.0,1.0,1.0,-2048.0,
QTIM,/run/media/falconnier/Elements/BIDS_datasets_selection/QTIM/sub-1165/ses-02/anat/sub-1165_ses-02_T1w.nii.gz,,,,,sub-1165,ses-02,256,240,256,0.9375,0.9,0.9375,14.68030071258545,15728640,13793836,0.8769884745279948,0.0,1555.0,53.232824864671436,15.0,80.87604134371517,9.0,5.320864146021952,2.207842414997018,1.0,3.0,246.0,338.0,1.091549353300048,
QTIM,/run/media/falconnier/Elements/BIDS_datasets_selection/QTIM/sub-1166/ses-01/anat/sub-1166_ses-01_T1w_defacemask.nii.gz,,,,,sub-1166,ses-01,256,256,256,0.9375,0.9,0.9375,0.17877483367919922,16777216,14866329,0.8861022591590881,0.0,1.0,1.0,1.0,0.0,0.0,,,1.0,1.0,1.0,1.0,-2048.0,
QTIM,/run/media/falconnier/Elements/BIDS_datasets_selection/QTIM/sub-1166/ses-01/anat/sub-1166_ses-01_T1w.nii.gz,,,,,sub-1166,ses-01,256,256,256,0.9375,0.9,0.9375,10.380032539367676,16777216,13780547,0.821384608745575,0.0,315.0,11.92008328842099,3.0,17.54113104793763,2.0,6.630596116829249,2.2889093095875235,1.0,1.0,53.0,74.0,3.4679765602527945,
QTIM,/run/media/falconnier/Elements/BIDS_datasets_selection/QTIM/sub-1167/ses-01/anat/sub-1167_ses-01_T1w_defacemask.nii.gz,,,,,sub-1167,ses-01,256,256,256,0.9375,0.9,0.9375,0.18858814239501953,16777216,14903755,0.8883330225944519,0.0,1.0,1.0,1.0,0.0,0.0,,,1.0,1.0,1.0,1.0,-2048.0,
QTIM,/run/media/falconnier/Elements/BIDS_datasets_selection/QTIM/sub-1167/ses-01/anat/sub-1167_ses-01_T1w.nii.gz,,,,,sub-1167,ses-01,256,256,256,0.9375,0.9,0.9375,10.266797065734863,16777216,13613957,0.8114550709724426,0.0,356.0,11.85417972159013,3.0,18.565483285006216,2.0,6.157537986766087,2.3293097862600405,1.0,1.0,56.0,78.0,2.9659366200825183,
QTIM,/run/media/falconnier/Elements/BIDS_datasets_selection/QTIM/sub-1168/ses-01/anat/sub-1168_ses-01_T1w_defacemask.nii.gz,,,,,sub-1168,ses-01,256,256,256,0.9375,0.9,0.9375,0.17516136169433594,16777216,15076045,0.898602306842804,0.0,1.0,1.0,1.0,0.0,0.0,,,1.0,1.0,1.0,1.0,-2048.0,
QTIM,/run/media/falconnier/Elements/BIDS_datasets_selection/QTIM/sub-1168/ses-01/anat/sub-1168_ses-01_T1w.nii.gz,,,,,sub-1168,ses-01,256,256,256,0.9375,0.9,0.9375,10.20206356048584,16777216,13713114,0.817365288734436,0.0,341.0,11.869908322792329,3.0,19.350846027918013,2.0,6.252276753560771,2.362446297743233,1.0,1.0,58.0,81.0,3.024153636923351,
QTIM,/run/media/falconnier/Elements/BIDS_datasets_selection/QTIM/sub-1168/ses-02/anat/sub-1168_ses-02_T1w_defacemask.nii.gz,,,,,sub-1168,ses-02,240,256,256,0.9,0.9375,0.9375,0.17985820770263672,15728640,13976221,0.8885842005411784,0.0,1.0,1.0,1.0,0.0,0.0,,,1.0,1.0,1.0,1.0,-2048.0,
QTIM,/run/media/falconnier/Elements/BIDS_datasets_selection/QTIM/sub-1168/ses-02/anat/sub-1168_ses-02_T1w.nii.gz,,,,,sub-1168,ses-02,240,256,256,0.9,0.9375,0.9375,13.988739013671875,15728640,13789271,0.8766982396443684,0.0,1282.0,46.962006693464794,12.0,76.04818622917216,7.0,5.274907282331011,2.2814680127464366,1.0,3.0,234.0,322.0,1.2556438356451698,
QTIM,/run/media/falconnier/Elements/BIDS_datasets_selection/QTIM/sub-1169/ses-01/anat/sub-1169_ses-01_T1w_defacemask.nii.gz,,,,,sub-1169,ses-01,256,256,256,0.9375,0.9,0.9375,0.16466236114501953,16777216,14893148,0.8877007961273193,0.0,1.0,1.0,1.0,0.0,0.0,,,1.0,1.0,1.0,1.0,-2048.0,
QTIM,/run/media/falconnier/Elements/BIDS_datasets_selection/QTIM/sub-1169/ses-01/anat/sub-1169_ses-01_T1w.nii.gz,,,,,sub-1169,ses-01,256,256,256,0.9375,0.9,0.9375,10.37149715423584,16777216,13717482,0.8176256418228149,0.0,412.0,12.51529340443093,3.0,19.68548291358783,2.0,6.608612229816941,2.366121672284147,1.0,1.0,59.0,82.0,2.6222593435972152,
QTIM,/run/media/falconnier/Elements/BIDS_datasets_selection/QTIM/sub-1169/ses-02/anat/sub-1169_ses-02_T1w_defacemask.nii.gz,,,,,sub-1169,ses-02,240,256,256,0.9,0.9375,0.9375,0.18382740020751953,15728640,13793107,0.8769421259562175,0.0,1.0,1.0,1.0,0.0,0.0,,,1.0,1.0,1.0,1.0,-2048.0,
QTIM,/run/media/falconnier/Elements/BIDS_datasets_selection/QTIM/sub-1169/ses-02/anat/sub-1169_ses-02_T1w.nii.gz,,,,,sub-1169,ses-02,240,256,256,0.9,0.9375,0.9375,14.229595184326172,15728640,13614649,0.8655960718790691,0.0,1547.0,53.82596429772079,13.0,83.33215177247081,8.0,4.298472908016376,2.0978849666164394,1.0,3.0,253.0,342.0,1.0777991483053853,
QTIM,/run/media/falconnier/Elements/BIDS_datasets_selection/QTIM/sub-1170/ses-01/anat/sub-1170_ses-01_T1w.nii.gz,,,,,sub-1170,ses-01,256,256,256,0.9375,0.9,0.9375,9.95121955871582,16777216,13697056,0.8164081573486328,0.0,348.0,10.483800460478514,3.0,17.28416525876058,2.0,7.363089443199046,2.521433073109157,1.0,1.0,52.0,74.0,2.828202042973713,
QTIM,/run/media/falconnier/Elements/BIDS_datasets_selection/QTIM/sub-1170/ses-01/anat/sub-1170_ses-01_T1w_defacemask.nii.gz,,,,,sub-1170,ses-01,256,256,256,0.9375,0.9,0.9375,0.17471981048583984,16777216,15152331,0.9031493067741394,0.0,1.0,1.0,1.0,0.0,0.0,,,1.0,1.0,1.0,1.0,-2048.0,
QTIM,/run/media/falconnier/Elements/BIDS_datasets_selection/QTIM/sub-1170/ses-02/anat/sub-1170_ses-02_T1w_defacemask.nii.gz,,,,,sub-1170,ses-02,256,240,256,0.9375,0.9,0.9375,0.1515655517578125,15728640,14339881,0.9117050806681315,0.0,1.0,1.0,1.0,0.0,0.0,,,1.0,1.0,1.0,1.0,-2048.0,
QTIM,/run/media/falconnier/Elements/BIDS_datasets_selection/QTIM/sub-1170/ses-02/anat/sub-1170_ses-02_T1w.nii.gz,,,,,sub-1170,ses-02,256,240,256,0.9375,0.9,0.9375,14.416966438293457,15728640,14141998,0.899124018351237,0.0,1552.0,45.71420304259695,12.0,78.64226184294122,6.0,7.3453508825223555,2.59424738984383,1.0,3.0,240.0,344.0,1.0327927339041783,
QTIM,/run/media/falconnier/Elements/BIDS_datasets_selection/QTIM/sub-1171/ses-01/anat/sub-1171_ses-01_T1w.nii.gz,,,,,sub-1171,ses-01,256,256,256,0.9375,0.9,0.9375,9.664778709411621,16777216,13472226,0.8030072450637817,0.0,349.0,9.261519811202692,3.0,15.336533790407248,2.0,7.979965817683015,2.6194734051518935,1.0,1.0,46.0,69.0,2.727849715263867,
QTIM,/run/media/falconnier/Elements/BIDS_datasets_selection/QTIM/sub-1171/ses-01/anat/sub-1171_ses-01_T1w_defacemask.nii.gz,,,,,sub-1171,ses-01,256,256,256,0.9375,0.9,0.9375,0.19157981872558594,16777216,15117734,0.9010871648788452,0.0,1.0,1.0,1.0,0.0,0.0,,,1.0,1.0,1.0,1.0,-2048.0,
QTIM,/run/media/falconnier/Elements/BIDS_datasets_selection/QTIM/sub-1173/ses-01/anat/sub-1173_ses-01_T1w.nii.gz,,,,,sub-1173,ses-01,256,256,256,0.9375,0.9,0.9375,9.972609519958496,16777216,13544617,0.807322084903717,0.0,403.0,11.349314491506108,3.0,18.634239777866515,2.0,7.435823207067793,2.51240662018952,1.0,1.0,55.0,79.0,2.5449403343576638,
QTIM,/run/media/falconnier/Elements/BIDS_datasets_selection/QTIM/sub-1173/ses-01/anat/sub-1173_ses-01_T1w_defacemask.nii.gz,,,,,sub-1173,ses-01,256,256,256,0.9375,0.9,0.9375,0.17002010345458984,16777216,14943343,0.8906926512718201,0.0,1.0,1.0,1.0,0.0,0.0,,,1.0,1.0,1.0,1.0,-2048.0,
QTIM,/run/media/falconnier/Elements/BIDS_datasets_selection/QTIM/sub-1174/ses-01/anat/sub-1174_ses-01_T1w.nii.gz,,,,,sub-1174,ses-01,256,256,256,0.9375,0.9,0.9375,10.477655410766602,16777216,13864140,0.8263671398162842,0.0,404.0,11.897767549952611,3.0,18.84476316842515,2.0,7.387551317942108,2.4618734306634296,1.0,1.0,57.0,80.0,2.6540821849729186,
QTIM,/run/media/falconnier/Elements/BIDS_datasets_selection/QTIM/sub-1174/ses-01/anat/sub-1174_ses-01_T1w_defacemask.nii.gz,,,,,sub-1174,ses-01,256,256,256,0.9375,0.9,0.9375,0.1845836639404297,16777216,14961403,0.8917691111564636,0.0,1.0,1.0,1.0,0.0,0.0,,,1.0,1.0,1.0,1.0,-2048.0,
QTIM,/run/media/falconnier/Elements/BIDS_datasets_selection/QTIM/sub-1175/ses-01/anat/sub-1175_ses-01_T1w_defacemask.nii.gz,,,,,sub-1175,ses-01,256,256,256,0.9375,0.9,0.9375,0.17046642303466797,16777216,14971772,0.8923871517181396,0.0,1.0,1.0,1.0,0.0,0.0,,,1.0,1.0,1.0,1.0,-2048.0,
QTIM,/run/media/falconnier/Elements/BIDS_datasets_selection/QTIM/sub-1175/ses-01/anat/sub-1175_ses-01_T1w.nii.gz,,,,,sub-1175,ses-01,256,256,256,0.9375,0.9,0.9375,9.709738731384277,16777216,13293214,0.7923372983932495,0.0,322.0,10.52065256754311,3.0,16.80715767808228,2.0,7.201036570920602,2.424539215923283,1.0,1.0,50.0,71.0,3.0139264156249053,
QTIM,/run/media/falconnier/Elements/BIDS_datasets_selection/QTIM/sub-1175/ses-02/anat/sub-1175_ses-02_T1w_defacemask.nii.gz,,,,,sub-1175,ses-02,256,240,256,0.9375,0.9,0.9375,0.16401004791259766,15728640,14087730,0.8956737518310547,0.0,1.0,1.0,1.0,0.0,0.0,,,1.0,1.0,1.0,1.0,-2048.0,
QTIM,/run/media/falconnier/Elements/BIDS_datasets_selection/QTIM/sub-1175/ses-02/anat/sub-1175_ses-02_T1w.nii.gz,,,,,sub-1175,ses-02,256,240,256,0.9375,0.9,0.9375,14.78769588470459,15728640,13903663,0.8839710871378581,0.0,1885.0,53.277788881965854,14.0,87.18084390766518,8.0,6.908127431923672,2.4388499331921505,1.0,3.0,263.0,373.0,0.8870383841320704,
QTIM,/run/media/falconnier/Elements/BIDS_datasets_selection/QTIM/sub-1176/ses-01/anat/sub-1176_ses-01_T1w_defacemask.nii.gz,,,,,sub-1176,ses-01,256,256,256,0.9375,0.9,0.9375,0.17772483825683594,16777216,14845913,0.8848853707313538,0.0,1.0,1.0,1.0,0.0,0.0,,,1.0,1.0,1.0,1.0,-2048.0,
QTIM,/run/media/falconnier/Elements/BIDS_datasets_selection/QTIM/sub-1176/ses-01/anat/sub-1176_ses-01_T1w.nii.gz,,,,,sub-1176,ses-01,256,256,256,0.9375,0.9,0.9375,10.175006866455078,16777216,13629712,0.8123941421508789,0.0,370.0,12.085673930601027,3.0,18.743204986860054,2.0,5.80456000153738,2.2617718056768115,1.0,1.0,57.0,77.0,2.9151473126522487,
QTIM,/run/media/falconnier/Elements/BIDS_datasets_selection/QTIM/sub-1177/ses-01/anat/sub-1177_ses-01_T1w_defacemask.nii.gz,,,,,sub-1177,ses-01,256,256,256,0.9375,0.9,0.9375,0.1914968490600586,16777216,15101221,0.9001029133796692,0.0,1.0,1.0,1.0,0.0,0.0,,,1.0,1.0,1.0,1.0,-2048.0,
QTIM,/run/media/falconnier/Elements/BIDS_datasets_selection/QTIM/sub-1177/ses-01/anat/sub-1177_ses-01_T1w.nii.gz,,,,,sub-1177,ses-01,256,256,256,0.9375,0.9,0.9375,10.429511070251465,16777216,13895331,0.8282262682914734,0.0,358.0,11.654567206783343,3.0,18.779021499102576,2.0,7.11434441634659,2.450940012429756,1.0,1.0,56.0,80.0,2.9169288341891404,
QTIM,/run/media/falconnier/Elements/BIDS_datasets_selection/QTIM/sub-1178/ses-01/anat/sub-1178_ses-01_T1w.nii.gz,,,,,sub-1178,ses-01,256,256,256,0.9375,0.9,0.9375,10.4337739944458,16777216,13767539,0.8206092715263367,0.0,358.0,12.379966237974703,3.0,18.872492790447122,2.0,6.973038863928885,2.3544632222638566,1.0,1.0,56.0,78.0,3.0535502844147673,
QTIM,/run/media/falconnier/Elements/BIDS_datasets_selection/QTIM/sub-1178/ses-01/anat/sub-1178_ses-01_T1w_defacemask.nii.gz,,,,,sub-1178,ses-01,256,256,256,0.9375,0.9,0.9375,0.17972278594970703,16777216,14904462,0.8883751630783081,0.0,1.0,1.0,1.0,0.0,0.0,,,1.0,1.0,1.0,1.0,-2048.0,
QTIM,/run/media/falconnier/Elements/BIDS_datasets_selection/QTIM/sub-1178/ses-02/anat/sub-1178_ses-02_T1w_defacemask.nii.gz,,,,,sub-1178,ses-02,256,240,256,0.9375,0.9,0.9375,0.1577167510986328,15728640,14135007,0.898679542541504,0.0,1.0,1.0,1.0,0.0,0.0,,,1.0,1.0,1.0,1.0,-2048.0,
QTIM,/run/media/falconnier/Elements/BIDS_datasets_selection/QTIM/sub-1178/ses-02/anat/sub-1178_ses-02_T1w.nii.gz,,,,,sub-1178,ses-02,256,240,256,0.9375,0.9,0.9375,14.907430648803711,15728640,13958792,0.887476094563802,0.0,1683.0,53.42723030760828,15.0,84.02704137371016,9.0,7.094704043265471,2.4438100005608514,1.0,3.0,253.0,356.0,1.0103268620875638,
QTIM,/run/media/falconnier/Elements/BIDS_datasets_selection/QTIM/sub-1180/ses-01/anat/sub-1180_ses-01_T1w_defacemask.nii.gz,,,,,sub-1180,ses-01,256,256,256,0.9375,0.9,0.9375,0.1896047592163086,16777216,14732367,0.8781175017356873,0.0,1.0,1.0,1.0,0.0,0.0,,,1.0,1.0,1.0,1.0,-2048.0,
QTIM,/run/media/falconnier/Elements/BIDS_datasets_selection/QTIM/sub-1180/ses-01/anat/sub-1180_ses-01_T1w.nii.gz,,,,,sub-1180,ses-01,256,256,256,0.9375,0.9,0.9375,10.848384857177734,16777216,13858949,0.8260577321052551,0.0,337.0,14.327591507840891,4.0,20.779946301589288,2.0,5.737598488008553,2.1800496549427844,1.0,1.0,62.0,84.0,3.4813259522458058,
QTIM,/run/media/falconnier/Elements/BIDS_datasets_selection/QTIM/sub-1180/ses-02/anat/sub-1180_ses-02_T1w_defacemask.nii.gz,,,,,sub-1180,ses-02,240,256,256,0.9,0.9375,0.9375,0.18365764617919922,15728640,13796815,0.877177874247233,0.0,1.0,1.0,1.0,0.0,0.0,,,1.0,1.0,1.0,1.0,-2048.0,
QTIM,/run/media/falconnier/Elements/BIDS_datasets_selection/QTIM/sub-1180/ses-02/anat/sub-1180_ses-02_T1w.nii.gz,,,,,sub-1180,ses-02,240,256,256,0.9,0.9375,0.9375,14.722664833068848,15728640,13650148,0.8678530375162761,0.0,1124.0,59.35514735810923,18.0,84.27212136910894,11.0,3.7531939670953918,1.9974284891557388,2.0,4.0,256.0,342.0,1.5691818899675702,
QTIM,/run/media/falconnier/Elements/BIDS_datasets_selection/QTIM/sub-1181/ses-01/anat/sub-1181_ses-01_T1w.nii.gz,,,,,sub-1181,ses-01,256,256,256,0.9375,0.9,0.9375,9.510170936584473,16777216,13244390,0.7894271612167358,0.0,259.0,9.872190791723892,2.0,16.137645433266883,1.0,6.782010594415002,2.4720319614209427,1.0,1.0,48.0,70.0,3.4528348456743183,
QTIM,/run/media/falconnier/Elements/BIDS_datasets_selection/QTIM/sub-1181/ses-01/anat/sub-1181_ses-01_T1w_defacemask.nii.gz,,,,,sub-1181,ses-01,256,256,256,0.9375,0.9,0.9375,0.18281841278076172,16777216,15018343,0.8951629996299744,0.0,1.0,1.0,1.0,0.0,0.0,,,1.0,1.0,1.0,1.0,-2048.0,
QTIM,/run/media/falconnier/Elements/BIDS_datasets_selection/QTIM/sub-1182/ses-01/anat/sub-1182_ses-01_T1w_defacemask.nii.gz,,,,,sub-1182,ses-01,256,256,256,0.9375,0.9,0.9375,0.1620349884033203,16777216,14864927,0.886018693447113,0.0,1.0,1.0,1.0,0.0,0.0,,,1.0,1.0,1.0,1.0,-2048.0,
QTIM,/run/media/falconnier/Elements/BIDS_datasets_selection/QTIM/sub-1182/ses-01/anat/sub-1182_ses-01_T1w.nii.gz,,,,,sub-1182,ses-01,256,256,256,0.9375,0.9,0.9375,10.334797859191895,16777216,13748592,0.8194799423217773,0.0,359.0,11.86888984704761,3.0,17.08894345901703,2.0,6.22148048612487,2.216327320602946,1.0,1.0,52.0,70.0,3.0748701612096387,
QTIM,/run/media/falconnier/Elements/BIDS_datasets_selection/QTIM/sub-1183/ses-01/anat/sub-1183_ses-01_T1w_defacemask.nii.gz,,,,,sub-1183,ses-01,256,256,256,0.9375,0.9,0.9375,0.18242359161376953,16777216,14997218,0.8939038515090942,0.0,1.0,1.0,1.0,0.0,0.0,,,1.0,1.0,1.0,1.0,-2048.0,
QTIM,/run/media/falconnier/Elements/BIDS_datasets_selection/QTIM/sub-1183/ses-01/anat/sub-1183_ses-01_T1w.nii.gz,,,,,sub-1183,ses-01,256,256,256,0.9375,0.9,0.9375,10.441298484802246,16777216,13857293,0.8259590268135071,0.0,371.0,11.903672672577537,3.0,18.796598673632943,2.0,7.4919273839262495,2.479882159917086,1.0,1.0,56.0,80.0,2.908583922602792,
QTIM,/run/media/falconnier/Elements/BIDS_datasets_selection/QTIM/sub-1183/ses-02/anat/sub-1183_ses-02_T1w_defacemask.nii.gz,,,,,sub-1183,ses-02,256,240,256,0.9375,0.9,0.9375,0.1646900177001953,15728640,14174290,0.9011770884195963,0.0,1.0,1.0,1.0,0.0,0.0,,,1.0,1.0,1.0,1.0,-2048.0,
QTIM,/run/media/falconnier/Elements/BIDS_datasets_selection/QTIM/sub-1183/ses-02/anat/sub-1183_ses-02_T1w.nii.gz,,,,,sub-1183,ses-02,256,240,256,0.9375,0.9,0.9375,15.087512016296387,15728640,14000062,0.8900999704996745,0.0,1884.0,55.19893269044094,15.0,88.60210436709734,8.0,7.198890730020249,2.467974388930011,1.0,3.0,268.0,373.0,0.9030356106439903,
QTIM,/run/media/falconnier/Elements/BIDS_datasets_selection/QTIM/sub-1184/ses-01/anat/sub-1184_ses-01_T1w_defacemask.nii.gz,,,,,sub-1184,ses-01,256,256,256,0.9375,0.9,0.9375,0.18100833892822266,16777216,14877498,0.8867679834365845,0.0,1.0,1.0,1.0,0.0,0.0,,,1.0,1.0,1.0,1.0,-2048.0,
QTIM,/run/media/falconnier/Elements/BIDS_datasets_selection/QTIM/sub-1184/ses-01/anat/sub-1184_ses-01_T1w.nii.gz,,,,,sub-1184,ses-01,256,256,256,0.9375,0.9,0.9375,11.385968208312988,16777216,14061852,0.8381516933441162,0.0,448.0,16.871474681997793,4.0,24.96602620939216,2.0,5.878898594257592,2.1606124724659304,1.0,1.0,73.0,98.0,2.7341112020562726,
QTIM,/run/media/falconnier/Elements/BIDS_datasets_selection/QTIM/sub-1185/ses-01/anat/sub-1185_ses-01_T1w_defacemask.nii.gz,,,,,sub-1185,ses-01,256,256,256,0.9375,0.9,0.9375,0.198028564453125,16777216,15072023,0.8983625769615173,0.0,1.0,1.0,1.0,0.0,0.0,,,1.0,1.0,1.0,1.0,-2048.0,
QTIM,/run/media/falconnier/Elements/BIDS_datasets_selection/QTIM/sub-1185/ses-01/anat/sub-1185_ses-01_T1w.nii.gz,,,,,sub-1185,ses-01,256,256,256,0.9375,0.9,0.9375,10.297687530517578,16777216,13811723,0.8232428431510925,0.0,331.0,11.477794696577682,3.0,18.526503861324258,2.0,6.272011356329887,2.3874674038646457,1.0,1.0,56.0,79.0,3.1141345519289634,
QTIM,/run/media/falconnier/Elements/BIDS_datasets_selection/QTIM/sub-1185/ses-02/anat/sub-1185_ses-02_T1w_defacemask.nii.gz,,,,,sub-1185,ses-02,256,240,256,0.9375,0.9,0.9375,0.1590127944946289,15728640,14276305,0.9076630274454752,0.0,1.0,1.0,1.0,0.0,0.0,,,1.0,1.0,1.0,1.0,-2048.0,
QTIM,/run/media/falconnier/Elements/BIDS_datasets_selection/QTIM/sub-1185/ses-02/anat/sub-1185_ses-02_T1w.nii.gz,,,,,sub-1185,ses-02,256,240,256,0.9375,0.9,0.9375,14.50888442993164,15728640,14077894,0.8950483957926433,0.0,1417.0,46.64712449177412,12.0,78.87880640614497,7.0,7.11788094569356,2.5524849915823435,1.0,3.0,237.0,345.0,1.1361012500602459,
QTIM,/run/media/falconnier/Elements/BIDS_datasets_selection/QTIM/sub-1187/ses-01/anat/sub-1187_ses-01_T1w.nii.gz,,,,,sub-1187,ses-01,256,256,256,0.9375,0.9,0.9375,10.099855422973633,16777216,13518865,0.8057871460914612,0.0,338.0,11.268930638777737,3.0,17.313788658551186,2.0,6.100109228325177,2.277279298798936,1.0,1.0,53.0,72.0,3.0698350045336715,
QTIM,/run/media/falconnier/Elements/BIDS_datasets_selection/QTIM/sub-1187/ses-01/anat/sub-1187_ses-01_T1w_defacemask.nii.gz,,,,,sub-1187,ses-01,256,256,256,0.9375,0.9,0.9375,0.19883251190185547,16777216,14903104,0.8882942199707031,0.0,1.0,1.0,1.0,0.0,0.0,,,1.0,1.0,1.0,1.0,-2048.0,
QTIM,/run/media/falconnier/Elements/BIDS_datasets_selection/QTIM/sub-1187/ses-02/anat/sub-1187_ses-02_T1w_defacemask.nii.gz,,,,,sub-1187,ses-02,256,240,256,0.9375,0.9,0.9375,0.17821502685546875,15728640,14190578,0.902212651570638,0.0,1.0,1.0,1.0,0.0,0.0,,,1.0,1.0,1.0,1.0,-2048.0,
QTIM,/run/media/falconnier/Elements/BIDS_datasets_selection/QTIM/sub-1187/ses-02/anat/sub-1187_ses-02_T1w.nii.gz,,,,,sub-1187,ses-02,256,240,256,0.9375,0.9,0.9375,14.679971694946289,15728640,14002281,0.8902410507202149,0.0,1562.0,49.914687471277,13.0,81.26161036444307,7.0,5.802364492322729,2.373351449818324,1.0,3.0,248.0,349.0,1.0573147631575763,
QTIM,/run/media/falconnier/Elements/BIDS_datasets_selection/QTIM/sub-1188/ses-01/anat/sub-1188_ses-01_T1w_defacemask.nii.gz,,,,,sub-1188,ses-01,256,256,256,0.9375,0.9,0.9375,0.18264484405517578,16777216,14937102,0.8903206586837769,0.0,1.0,1.0,1.0,0.0,0.0,,,1.0,1.0,1.0,1.0,-2048.0,
QTIM,/run/media/falconnier/Elements/BIDS_datasets_selection/QTIM/sub-1188/ses-01/anat/sub-1188_ses-01_T1w.nii.gz,,,,,sub-1188,ses-01,256,256,256,0.9375,0.9,0.9375,10.921529769897461,16777216,14008169,0.8349519371986389,0.0,343.0,13.102037104206838,4.0,20.06679482847658,2.0,7.170576723110667,2.4500598953712096,1.0,1.0,60.0,86.0,3.2885107274167957,
QTIM,/run/media/falconnier/Elements/BIDS_datasets_selection/QTIM/sub-1190/ses-01/anat/sub-1190_ses-01_T1w_defacemask.nii.gz,,,,,sub-1190,ses-01,256,256,256,0.9375,0.9,0.9375,0.17967510223388672,16777216,14981610,0.8929735422134399,0.0,1.0,1.0,1.0,0.0,0.0,,,1.0,1.0,1.0,1.0,-2048.0,
QTIM,/run/media/falconnier/Elements/BIDS_datasets_selection/QTIM/sub-1190/ses-02/anat/sub-1190_ses-02_T1w_defacemask.nii.gz,,,,,sub-1190,ses-02,256,240,256,0.9375,0.9,0.9375,0.14258956909179688,15728640,14234428,0.9050005594889323,0.0,1.0,1.0,1.0,0.0,0.0,,,1.0,1.0,1.0,1.0,-2048.0,
QTIM,/run/media/falconnier/Elements/BIDS_datasets_selection/QTIM/sub-1190/ses-01/anat/sub-1190_ses-01_T1w.nii.gz,,,,,sub-1190,ses-01,256,256,256,0.9375,0.9,0.9375,10.038803100585938,16777216,13576431,0.8092183470726013,0.0,446.0,11.03986541087271,3.0,18.062694365837814,2.0,7.57960203441726,2.5342384486223786,1.0,1.0,53.0,78.0,2.320668558800619,
QTIM,/run/media/falconnier/Elements/BIDS_datasets_selection/QTIM/sub-1190/ses-02/anat/sub-1190_ses-02_T1w.nii.gz,,,,,sub-1190,ses-02,256,240,256,0.9375,0.9,0.9375,14.547123908996582,15728640,14034716,0.8923032124837239,0.0,1913.0,48.617182919839635,12.0,83.26942098320227,7.0,8.001115890212155,2.6546321872707046,1.0,3.0,244.0,363.0,0.8549429032045799,
QTIM,/run/media/falconnier/Elements/BIDS_datasets_selection/QTIM/sub-1191/ses-01/anat/sub-1191_ses-01_T1w_defacemask.nii.gz,,,,,sub-1191,ses-01,256,256,256,0.9375,0.9,0.9375,0.1801605224609375,16777216,14966600,0.8920788764953613,0.0,1.0,1.0,1.0,0.0,0.0,,,1.0,1.0,1.0,1.0,-2048.0,
QTIM,/run/media/falconnier/Elements/BIDS_datasets_selection/QTIM/sub-1191/ses-01/anat/sub-1191_ses-01_T1w.nii.gz,,,,,sub-1191,ses-01,256,256,256,0.9375,0.9,0.9375,10.977911949157715,16777216,14038912,0.8367843627929688,0.0,443.0,14.203746700599021,4.0,21.596096349179916,2.0,6.335485161013086,2.2839352093296514,1.0,1.0,65.0,88.0,2.6309864960982283,
QTIM,/run/media/falconnier/Elements/BIDS_datasets_selection/QTIM/sub-1191/ses-02/anat/sub-1191_ses-02_T1w_defacemask.nii.gz,,,,,sub-1191,ses-02,240,256,256,0.9,0.9375,0.9375,0.1807098388671875,15728640,13663168,0.8686808268229167,0.0,1.0,1.0,1.0,0.0,0.0,,,1.0,1.0,1.0,1.0,-2048.0,
QTIM,/run/media/falconnier/Elements/BIDS_datasets_selection/QTIM/sub-1191/ses-02/anat/sub-1191_ses-02_T1w.nii.gz,,,,,sub-1191,ses-02,240,256,256,0.9,0.9375,0.9375,14.365281105041504,15728640,13502192,0.8584462483723958,0.0,1639.0,56.73334974054583,15.0,83.66018481626305,9.0,4.290110788738499,2.020572563921904,1.0,3.0,255.0,338.0,1.049342041828239,
QTIM,/run/media/falconnier/Elements/BIDS_datasets_selection/QTIM/sub-1192/ses-01/anat/sub-1192_ses-01_T1w_defacemask.nii.gz,,,,,sub-1192,ses-01,256,256,256,0.9375,0.9,0.9375,0.16712188720703125,16777216,15017354,0.8951040506362915,0.0,1.0,1.0,1.0,0.0,0.0,,,1.0,1.0,1.0,1.0,-2048.0,
QTIM,/run/media/falconnier/Elements/BIDS_datasets_selection/QTIM/sub-1192/ses-01/anat/sub-1192_ses-01_T1w.nii.gz,,,,,sub-1192,ses-01,256,256,256,0.9375,0.9,0.9375,10.925052642822266,16777216,14078344,0.839134693145752,0.0,377.0,14.00634073155195,4.0,20.92527707861313,2.0,6.386849641681346,2.296548048210178,1.0,1.0,62.0,86.0,3.0891707979760747,
QTIM,/run/media/falconnier/Elements/BIDS_datasets_selection/QTIM/sub-1194/ses-01/anat/sub-1194_ses-01_T1w_defacemask.nii.gz,,,,,sub-1194,ses-01,256,256,256,0.9375,0.9,0.9375,0.18204689025878906,16777216,15004652,0.8943469524383545,0.0,1.0,1.0,1.0,0.0,0.0,,,1.0,1.0,1.0,1.0,-2048.0,
QTIM,/run/media/falconnier/Elements/BIDS_datasets_selection/QTIM/sub-1194/ses-01/anat/sub-1194_ses-01_T1w.nii.gz,,,,,sub-1194,ses-01,256,256,256,0.9375,0.9,0.9375,9.956215858459473,16777216,13579984,0.8094301223754883,0.0,293.0,10.670095782145252,3.0,16.103410503329872,2.0,5.865240664334316,2.2623580182719603,1.0,1.0,48.0,67.0,3.4128363057265085,
QTIM,/run/media/falconnier/Elements/BIDS_datasets_selection/QTIM/sub-1194/ses-02/anat/sub-1194_ses-02_T1w_defacemask.nii.gz,,,,,sub-1194,ses-02,256,240,256,0.9375,0.9,0.9375,0.16705799102783203,15728640,14332585,0.9112412134806315,0.0,1.0,1.0,1.0,0.0,0.0,,,1.0,1.0,1.0,1.0,-2048.0,
QTIM,/run/media/falconnier/Elements/BIDS_datasets_selection/QTIM/sub-1194/ses-02/anat/sub-1194_ses-02_T1w.nii.gz,,,,,sub-1194,ses-02,256,240,256,0.9375,0.9,0.9375,15.243327140808105,15728640,14158085,0.9001468022664388,0.0,1564.0,55.123282703840246,16.0,84.81382259496834,9.0,5.518849312891399,2.271537133497667,1.0,3.0,258.0,356.0,1.0936707265930308,
QTIM,/run/media/falconnier/Elements/BIDS_datasets_selection/QTIM/sub-1195/ses-01/anat/sub-1195_ses-01_T1w.nii.gz,,,,,sub-1195,ses-01,256,256,256,0.9375,0.9,0.9375,10.217421531677246,16777216,13688712,0.815910816192627,0.0,392.0,12.254662527782015,3.0,20.814698215474042,2.0,8.066482199246787,2.622852066165277,1.0,1.0,61.0,89.0,2.6344250156814235,
QTIM,/run/media/falconnier/Elements/BIDS_datasets_selection/QTIM/sub-1195/ses-01/anat/sub-1195_ses-01_T1w_defacemask.nii.gz,,,,,sub-1195,ses-01,256,256,256,0.9375,0.9,0.9375,0.17989063262939453,16777216,15002472,0.8942170143127441,0.0,1.0,1.0,1.0,0.0,0.0,,,1.0,1.0,1.0,1.0,-2048.0,
QTIM,/run/media/falconnier/Elements/BIDS_datasets_selection/QTIM/sub-1196/ses-02/anat/sub-1196_ses-02_T1w_defacemask.nii.gz,,,,,sub-1196,ses-02,240,256,256,0.9,0.9375,0.9375,0.15805530548095703,15728640,13976363,0.8885932286580404,0.0,1.0,1.0,1.0,0.0,0.0,,,1.0,1.0,1.0,1.0,-2048.0,
QTIM,/run/media/falconnier/Elements/BIDS_datasets_selection/QTIM/sub-1196/ses-01/anat/sub-1196_ses-01_T1w_defacemask.nii.gz,,,,,sub-1196,ses-01,256,256,256,0.9375,0.9,0.9375,0.18938636779785156,16777216,15091048,0.8994965553283691,0.0,1.0,1.0,1.0,0.0,0.0,,,1.0,1.0,1.0,1.0,-2048.0,
QTIM,/run/media/falconnier/Elements/BIDS_datasets_selection/QTIM/sub-1196/ses-02/anat/sub-1196_ses-02_T1w.nii.gz,,,,,sub-1196,ses-02,240,256,256,0.9,0.9375,0.9375,14.124217987060547,15728640,13785136,0.8764353434244792,0.0,1358.0,49.08869139919983,12.0,80.62248222449797,7.0,5.116510954248893,2.2732881430500034,1.0,3.0,246.0,337.0,1.196649291767451,
QTIM,/run/media/falconnier/Elements/BIDS_datasets_selection/QTIM/sub-1196/ses-01/anat/sub-1196_ses-01_T1w.nii.gz,,,,,sub-1196,ses-01,256,256,256,0.9375,0.9,0.9375,10.213643074035645,16777216,13773279,0.8209514021873474,0.0,398.0,11.79019375124834,3.0,19.835286214222386,2.0,7.1850836091527235,2.5179731206761518,1.0,1.0,59.0,84.0,2.5641759233616708,
QTIM,/run/media/falconnier/Elements/BIDS_datasets_selection/QTIM/sub-1197/ses-01/anat/sub-1197_ses-01_T1w_defacemask.nii.gz,,,,,sub-1197,ses-01,256,256,256,0.9375,0.9,0.9375,0.18529415130615234,16777216,14801689,0.8822494149208069,0.0,1.0,1.0,1.0,0.0,0.0,,,1.0,1.0,1.0,1.0,-2048.0,
QTIM,/run/media/falconnier/Elements/BIDS_datasets_selection/QTIM/sub-1197/ses-01/anat/sub-1197_ses-01_T1w.nii.gz,,,,,sub-1197,ses-01,256,256,256,0.9375,0.9,0.9375,10.733455657958984,16777216,13790927,0.8220033049583435,0.0,408.0,13.183689174774111,4.0,19.826390708532664,2.0,6.190672939684296,2.2645095092555505,1.0,1.0,60.0,82.0,2.7546215283430406,
QTIM,/run/media/falconnier/Elements/BIDS_datasets_selection/QTIM/sub-1197/ses-02/anat/sub-1197_ses-02_T1w_defacemask.nii.gz,,,,,sub-1197,ses-02,256,240,256,0.9375,0.9,0.9375,0.1742706298828125,15728640,14044369,0.8929169336954753,0.0,1.0,1.0,1.0,0.0,0.0,,,1.0,1.0,1.0,1.0,-2048.0,
QTIM,/run/media/falconnier/Elements/BIDS_datasets_selection/QTIM/sub-1197/ses-02/anat/sub-1197_ses-02_T1w.nii.gz,,,,,sub-1197,ses-02,256,240,256,0.9375,0.9,0.9375,15.021162986755371,15728640,13873359,0.8820444107055664,0.0,1450.0,58.430166479509396,16.0,90.19738581098626,9.0,4.9714200467559255,2.2096449147649824,1.0,3.0,275.0,375.0,1.1920803336912065,
QTIM,/run/media/falconnier/Elements/BIDS_datasets_selection/QTIM/sub-1198/ses-01/anat/sub-1198_ses-01_T1w_defacemask.nii.gz,,,,,sub-1198,ses-01,256,256,256,0.9375,0.9,0.9375,0.1895771026611328,16777216,14776763,0.8807637095451355,0.0,1.0,1.0,1.0,0.0,0.0,,,1.0,1.0,1.0,1.0,-2048.0,
QTIM,/run/media/falconnier/Elements/BIDS_datasets_selection/QTIM/sub-1198/ses-01/anat/sub-1198_ses-01_T1w.nii.gz,,,,,sub-1198,ses-01,256,256,256,0.9375,0.9,0.9375,9.862343788146973,16777216,13506229,0.8050339818000793,0.0,273.0,10.357159352177428,3.0,15.004360540511055,2.0,5.883788745487639,2.22007940692976,1.0,1.0,46.0,63.0,3.6906466764182886,
QTIM,/run/media/falconnier/Elements/BIDS_datasets_selection/QTIM/sub-1200/ses-01/anat/sub-1200_ses-01_T1w.nii.gz,,,,,sub-1200,ses-01,256,256,256,0.9375,0.9,0.9375,10.274579048156738,16777216,13626512,0.8122034072875977,0.0,325.0,12.017283072880279,3.0,18.32462578178816,2.0,6.9934763522256915,2.37800052697699,1.0,1.0,54.0,75.0,3.2880725173205123,
QTIM,/run/media/falconnier/Elements/BIDS_datasets_selection/QTIM/sub-1200/ses-01/anat/sub-1200_ses-01_T1w_defacemask.nii.gz,,,,,sub-1200,ses-01,256,256,256,0.9375,0.9,0.9375,0.17909717559814453,16777216,14902371,0.8882505297660828,0.0,1.0,1.0,1.0,0.0,0.0,,,1.0,1.0,1.0,1.0,-2048.0,
QTIM,/run/media/falconnier/Elements/BIDS_datasets_selection/QTIM/sub-1201/ses-01/anat/sub-1201_ses-01_T1w.nii.gz,,,,,sub-1201,ses-01,256,256,256,0.9375,0.9,0.9375,9.643970489501953,16777216,13228926,0.7885054349899292,0.0,310.0,10.460325123898947,3.0,15.60200910534363,2.0,7.487628703363365,2.401666662574331,1.0,1.0,46.0,65.0,3.2605044270001113,
QTIM,/run/media/falconnier/Elements/BIDS_datasets_selection/QTIM/sub-1201/ses-01/anat/sub-1201_ses-01_T1w_defacemask.nii.gz,,,,,sub-1201,ses-01,256,256,256,0.9375,0.9,0.9375,0.1932201385498047,16777216,14714667,0.8770624995231628,0.0,1.0,1.0,1.0,0.0,0.0,,,1.0,1.0,1.0,1.0,-2048.0,
QTIM,/run/media/falconnier/Elements/BIDS_datasets_selection/QTIM/sub-1203/ses-01/anat/sub-1203_ses-01_T1w_defacemask.nii.gz,,,,,sub-1203,ses-01,256,256,256,0.9375,0.9,0.9375,0.1697702407836914,16777216,15081076,0.898902177810669,0.0,1.0,1.0,1.0,0.0,0.0,,,1.0,1.0,1.0,1.0,-2048.0,
QTIM,/run/media/falconnier/Elements/BIDS_datasets_selection/QTIM/sub-1203/ses-01/anat/sub-1203_ses-01_T1w.nii.gz,,,,,sub-1203,ses-01,256,256,256,0.9375,0.9,0.9375,10.504490852355957,16777216,13917153,0.829526960849762,0.0,378.0,11.91629688916979,3.0,18.426512540503687,2.0,7.078151362360323,2.4422824654420956,1.0,1.0,54.0,79.0,2.8994916837380584,
QTIM,/run/media/falconnier/Elements/BIDS_datasets_selection/QTIM/sub-1205/ses-01/anat/sub-1205_ses-01_T1w_defacemask.nii.gz,,,,,sub-1205,ses-01,256,256,256,0.9375,0.9,0.9375,0.17464637756347656,16777216,14931353,0.8899779915809631,0.0,1.0,1.0,1.0,0.0,0.0,,,1.0,1.0,1.0,1.0,-2048.0,
QTIM,/run/media/falconnier/Elements/BIDS_datasets_selection/QTIM/sub-1205/ses-01/anat/sub-1205_ses-01_T1w.nii.gz,,,,,sub-1205,ses-01,256,256,256,0.9375,0.9,0.9375,10.685027122497559,16777216,13889521,0.8278799653053284,0.0,427.0,13.334185174564336,4.0,20.62820450566889,2.0,6.393301605701655,2.3318607345319204,1.0,1.0,62.0,86.80000000074506,2.6438227943479164,
QTIM,/run/media/falconnier/Elements/BIDS_datasets_selection/QTIM/sub-1206/ses-01/anat/sub-1206_ses-01_T1w.nii.gz,,,,,sub-1206,ses-01,256,256,256,0.9375,0.9,0.9375,10.310432434082031,16777216,13830723,0.824375331401825,0.0,315.0,11.15335727568255,3.0,16.11795456675081,2.0,6.753353905443404,2.2655031072053537,1.0,1.0,49.0,68.0,3.4202779818866285,
QTIM,/run/media/falconnier/Elements/BIDS_datasets_selection/QTIM/sub-1206/ses-01/anat/sub-1206_ses-01_T1w_defacemask.nii.gz,,,,,sub-1206,ses-01,256,256,256,0.9375,0.9,0.9375,0.1787128448486328,16777216,14924150,0.889548659324646,0.0,1.0,1.0,1.0,0.0,0.0,,,1.0,1.0,1.0,1.0,-2048.0,
QTIM,/run/media/falconnier/Elements/BIDS_datasets_selection/QTIM/sub-1206/ses-02/anat/sub-1206_ses-02_T1w_defacemask.nii.gz,,,,,sub-1206,ses-02,256,240,256,0.9375,0.9,0.9375,0.1537618637084961,15728640,14139469,0.8989632288614909,0.0,1.0,1.0,1.0,0.0,0.0,,,1.0,1.0,1.0,1.0,-2048.0,
QTIM,/run/media/falconnier/Elements/BIDS_datasets_selection/QTIM/sub-1206/ses-02/anat/sub-1206_ses-02_T1w.nii.gz,,,,,sub-1206,ses-02,256,240,256,0.9375,0.9,0.9375,14.905177116394043,15728640,13965511,0.8879032770792643,0.0,1513.0,52.376740815284165,16.0,79.06589474457621,9.0,5.611541800675644,2.2451223356737895,1.0,3.0,242.0,334.0,1.125482765062438,
QTIM,/run/media/falconnier/Elements/BIDS_datasets_selection/QTIM/sub-1208/ses-01/anat/sub-1208_ses-01_T1w.nii.gz,,,,,sub-1208,ses-01,256,256,256,0.9375,0.9,0.9375,10.430523872375488,16777216,13740205,0.8189800381660461,0.0,365.0,12.968342612064376,3.0,21.397778735590272,2.0,7.440777113159765,2.487026560313045,1.0,1.0,63.0,88.0,2.935833114626696,
QTIM,/run/media/falconnier/Elements/BIDS_datasets_selection/QTIM/sub-1208/ses-01/anat/sub-1208_ses-01_T1w_defacemask.nii.gz,,,,,sub-1208,ses-01,256,256,256,0.9375,0.9,0.9375,0.17093753814697266,16777216,15002403,0.8942129015922546,0.0,1.0,1.0,1.0,0.0,0.0,,,1.0,1.0,1.0,1.0,-2048.0,
QTIM,/run/media/falconnier/Elements/BIDS_datasets_selection/QTIM/sub-1209/ses-01/anat/sub-1209_ses-01_T1w.nii.gz,,,,,sub-1209,ses-01,256,256,256,0.9375,0.9,0.9375,10.363546371459961,16777216,13853333,0.8257229924201965,0.0,422.0,11.866794871674564,3.0,19.316141003547614,2.0,8.40978872062368,2.5576254195273944,1.0,1.0,57.0,82.0,2.5215628298198585,
QTIM,/run/media/falconnier/Elements/BIDS_datasets_selection/QTIM/sub-1209/ses-01/anat/sub-1209_ses-01_T1w_defacemask.nii.gz,,,,,sub-1209,ses-01,256,256,256,0.9375,0.9,0.9375,0.1797037124633789,16777216,15020457,0.8952890038490295,0.0,1.0,1.0,1.0,0.0,0.0,,,1.0,1.0,1.0,1.0,-2048.0,
QTIM,/run/media/falconnier/Elements/BIDS_datasets_selection/QTIM/sub-1210/ses-01/anat/sub-1210_ses-01_T1w_defacemask.nii.gz,,,,,sub-1210,ses-01,256,256,256,0.9375,0.9,0.9375,0.17599201202392578,16777216,15039602,0.8964301347732544,0.0,1.0,1.0,1.0,0.0,0.0,,,1.0,1.0,1.0,1.0,-2048.0,
QTIM,/run/media/falconnier/Elements/BIDS_datasets_selection/QTIM/sub-1210/ses-01/anat/sub-1210_ses-01_T1w.nii.gz,,,,,sub-1210,ses-01,256,256,256,0.9375,0.9,0.9375,10.791205406188965,16777216,14029477,0.8362219929695129,0.0,433.0,12.37454368398765,4.0,17.96049970648912,2.0,6.517633244619288,2.2497576361977845,1.0,1.0,54.0,76.0,2.596824134856957,
QTIM,/run/media/falconnier/Elements/BIDS_datasets_selection/QTIM/sub-1211/ses-01/anat/sub-1211_ses-01_T1w.nii.gz,,,,,sub-1211,ses-01,256,256,256,0.9375,0.9,0.9375,9.77032470703125,16777216,13327361,0.7943726181983948,0.0,350.0,10.549277910307975,3.0,15.974499933566621,2.0,6.008168464544816,2.2574616274734214,1.0,1.0,48.0,67.0,2.875242851691564,
QTIM,/run/media/falconnier/Elements/BIDS_datasets_selection/QTIM/sub-1211/ses-01/anat/sub-1211_ses-01_T1w_defacemask.nii.gz,,,,,sub-1211,ses-01,256,256,256,0.9375,0.9,0.9375,0.18674755096435547,16777216,14885451,0.8872420191764832,0.0,1.0,1.0,1.0,0.0,0.0,,,1.0,1.0,1.0,1.0,-2048.0,
QTIM,/run/media/falconnier/Elements/BIDS_datasets_selection/QTIM/sub-1212/ses-01/anat/sub-1212_ses-01_T1w.nii.gz,,,,,sub-1212,ses-01,256,256,256,0.9375,0.9,0.9375,10.484029769897461,16777216,13911329,0.8291798233985901,0.0,393.0,12.370543820795268,3.0,18.79990218394992,2.0,5.827872943744499,2.2439281110295486,1.0,1.0,57.0,80.0,2.7556834597923756,
QTIM,/run/media/falconnier/Elements/BIDS_datasets_selection/QTIM/sub-1212/ses-01/anat/sub-1212_ses-01_T1w_defacemask.nii.gz,,,,,sub-1212,ses-01,256,256,256,0.9375,0.9,0.9375,0.1694650650024414,16777216,14963011,0.8918649554252625,0.0,1.0,1.0,1.0,0.0,0.0,,,1.0,1.0,1.0,1.0,-2048.0,
QTIM,/run/media/falconnier/Elements/BIDS_datasets_selection/QTIM/sub-1215/ses-01/anat/sub-1215_ses-01_T1w_defacemask.nii.gz,,,,,sub-1215,ses-01,256,256,256,0.9375,0.9,0.9375,0.1861429214477539,16777216,15079870,0.8988302946090698,0.0,1.0,1.0,1.0,0.0,0.0,,,1.0,1.0,1.0,1.0,-2048.0,
QTIM,/run/media/falconnier/Elements/BIDS_datasets_selection/QTIM/sub-1215/ses-01/anat/sub-1215_ses-01_T1w.nii.gz,,,,,sub-1215,ses-01,256,256,256,0.9375,0.9,0.9375,10.531885147094727,16777216,13959719,0.8320640921592712,0.0,408.0,11.958206107157315,3.0,19.179188907389786,2.0,8.500844671185488,2.603605512293809,1.0,1.0,57.0,82.0,2.66290726980379,
QTIM,/run/media/falconnier/Elements/BIDS_datasets_selection/QTIM/sub-1215/ses-02/anat/sub-1215_ses-02_T1w_defacemask.nii.gz,,,,,sub-1215,ses-02,240,256,256,0.9,0.9375,0.9375,0.17409706115722656,15728640,13926364,0.8854143778483073,0.0,1.0,1.0,1.0,0.0,0.0,,,1.0,1.0,1.0,1.0,-2048.0,
QTIM,/run/media/falconnier/Elements/BIDS_datasets_selection/QTIM/sub-1215/ses-02/anat/sub-1215_ses-02_T1w.nii.gz,,,,,sub-1215,ses-02,240,256,256,0.9,0.9375,0.9375,13.98884105682373,15728640,13743266,0.8737733205159505,0.0,1366.0,43.695825504650784,13.0,69.54795834404258,7.0,6.104453759437391,2.3926215832649183,1.0,3.0,214.0,302.0,1.1875887108421928,
QTIM,/run/media/falconnier/Elements/BIDS_datasets_selection/QTIM/sub-1217/ses-01/anat/sub-1217_ses-01_T1w_defacemask.nii.gz,,,,,sub-1217,ses-01,256,256,256,0.9375,0.9,0.9375,0.1827993392944336,16777216,14903253,0.8883031010627747,0.0,1.0,1.0,1.0,0.0,0.0,,,1.0,1.0,1.0,1.0,-2048.0,
QTIM,/run/media/falconnier/Elements/BIDS_datasets_selection/QTIM/sub-1217/ses-01/anat/sub-1217_ses-01_T1w.nii.gz,,,,,sub-1217,ses-01,256,256,256,0.9375,0.9,0.9375,11.203113555908203,16777216,14104986,0.8407226800918579,0.0,327.0,14.783100600028954,4.0,21.411535268711148,3.0,5.3199982328465865,2.1923882037617495,1.0,1.0,64.0,89.0,3.6794659324824535,
QTIM,/run/media/falconnier/Elements/BIDS_datasets_selection/QTIM/sub-1218/ses-02/anat/sub-1218_ses-02_T1w_defacemask.nii.gz,,,,,sub-1218,ses-02,240,256,256,0.9,0.9375,0.9375,0.17665386199951172,15728640,13873060,0.882025400797526,0.0,1.0,1.0,1.0,0.0,0.0,,,1.0,1.0,1.0,1.0,-2048.0,
QTIM,/run/media/falconnier/Elements/BIDS_datasets_selection/QTIM/sub-1218/ses-01/anat/sub-1218_ses-01_T1w_defacemask.nii.gz,,,,,sub-1218,ses-01,256,256,256,0.9375,0.9,0.9375,0.18363189697265625,16777216,14975273,0.8925958275794983,0.0,1.0,1.0,1.0,0.0,0.0,,,1.0,1.0,1.0,1.0,-2048.0,
QTIM,/run/media/falconnier/Elements/BIDS_datasets_selection/QTIM/sub-1218/ses-02/anat/sub-1218_ses-02_T1w.nii.gz,,,,,sub-1218,ses-02,240,256,256,0.9,0.9375,0.9375,14.016697883605957,15728640,13689210,0.8703365325927734,0.0,1714.0,48.85868183773936,12.0,78.72629732213274,7.0,6.220260183500272,2.3179378264981763,1.0,3.0,240.0,329.0,0.9505665278591239,
QTIM,/run/media/falconnier/Elements/BIDS_datasets_selection/QTIM/sub-1218/ses-01/anat/sub-1218_ses-01_T1w.nii.gz,,,,,sub-1218,ses-01,256,256,256,0.9375,0.9,0.9375,10.15245246887207,16777216,13681169,0.8154612183570862,0.0,376.0,11.085360468831281,3.0,17.330837830579252,2.0,7.775461342700524,2.399949773881378,1.0,1.0,52.0,72.0,2.752790891583052,
QTIM,/run/media/falconnier/Elements/BIDS_datasets_selection/QTIM/sub-1219/ses-01/anat/sub-1219_ses-01_T1w.nii.gz,,,,,sub-1219,ses-01,256,256,256,0.9375,0.9,0.9375,9.908699989318848,16777216,13445687,0.8014253973960876,0.0,311.0,10.488492555270698,3.0,16.279012673464127,2.0,5.748556778807904,2.309400572543277,1.0,1.0,49.0,70.0,3.2399181705866407,
QTIM,/run/media/falconnier/Elements/BIDS_datasets_selection/QTIM/sub-1219/ses-01/anat/sub-1219_ses-01_T1w_defacemask.nii.gz,,,,,sub-1219,ses-01,256,256,256,0.9375,0.9,0.9375,0.1823577880859375,16777216,14948491,0.8909994959831238,0.0,1.0,1.0,1.0,0.0,0.0,,,1.0,1.0,1.0,1.0,-2048.0,
QTIM,/run/media/falconnier/Elements/BIDS_datasets_selection/QTIM/sub-1220/ses-01/anat/sub-1220_ses-01_T1w_defacemask.nii.gz,,,,,sub-1220,ses-01,256,256,256,0.9375,0.9,0.9375,0.17177295684814453,16777216,14937434,0.8903404474258423,0.0,1.0,1.0,1.0,0.0,0.0,,,1.0,1.0,1.0,1.0,-2048.0,
QTIM,/run/media/falconnier/Elements/BIDS_datasets_selection/QTIM/sub-1220/ses-01/anat/sub-1220_ses-01_T1w.nii.gz,,,,,sub-1220,ses-01,256,256,256,0.9375,0.9,0.9375,9.827554702758789,16777216,13399265,0.7986584305763245,0.0,305.0,10.463208243138709,3.0,16.8071595525376,2.0,6.8025790443045135,2.4340586730500493,1.0,1.0,51.0,71.0,3.1882360914205683,
QTIM,/run/media/falconnier/Elements/BIDS_datasets_selection/QTIM/sub-1224/ses-01/anat/sub-1224_ses-01_T1w_defacemask.nii.gz,,,,,sub-1224,ses-01,256,256,256,0.9375,0.9,0.9375,0.16904544830322266,16777216,14831729,0.8840399384498596,0.0,1.0,1.0,1.0,0.0,0.0,,,1.0,1.0,1.0,1.0,-2048.0,
QTIM,/run/media/falconnier/Elements/BIDS_datasets_selection/QTIM/sub-1224/ses-01/anat/sub-1224_ses-01_T1w.nii.gz,,,,,sub-1224,ses-01,256,256,256,0.9375,0.9,0.9375,10.238933563232422,16777216,13597045,0.8104470372200012,0.0,399.0,12.247726914193489,3.0,19.072716839801323,2.0,6.151976408853404,2.297952148346992,1.0,1.0,57.0,79.0,2.653445116795237,
QTIM,/run/media/falconnier/Elements/BIDS_datasets_selection/QTIM/sub-1226/ses-01/anat/sub-1226_ses-01_T1w_defacemask.nii.gz,,,,,sub-1226,ses-01,256,256,256,0.9375,0.9,0.9375,0.18021297454833984,16777216,15108734,0.9005507230758667,0.0,1.0,1.0,1.0,0.0,0.0,,,1.0,1.0,1.0,1.0,-2048.0,
QTIM,/run/media/falconnier/Elements/BIDS_datasets_selection/QTIM/sub-1226/ses-01/anat/sub-1226_ses-01_T1w.nii.gz,,,,,sub-1226,ses-01,256,256,256,0.9375,0.9,0.9375,11.183197021484375,16777216,14190390,0.8458131551742554,0.0,580.0,14.814830529675366,4.0,22.90063123651067,2.0,5.381376672384599,2.1990868938760824,1.0,1.0,69.0,94.0,1.9957810841712373,
QTIM,/run/media/falconnier/Elements/BIDS_datasets_selection/QTIM/sub-1228/ses-01/anat/sub-1228_ses-01_T1w_defacemask.nii.gz,,,,,sub-1228,ses-01,256,256,256,0.9375,0.9,0.9375,0.185791015625,16777216,15020217,0.8952746987342834,0.0,1.0,1.0,1.0,0.0,0.0,,,1.0,1.0,1.0,1.0,-2048.0,
QTIM,/run/media/falconnier/Elements/BIDS_datasets_selection/QTIM/sub-1228/ses-01/anat/sub-1228_ses-01_T1w.nii.gz,,,,,sub-1228,ses-01,256,256,256,0.9375,0.9,0.9375,9.991737365722656,16777216,13646203,0.8133770823478699,0.0,248.0,10.194217248563575,4.0,14.35435047703816,3.0,5.484084012100649,2.2727157521511017,1.0,1.0,43.0,64.0,4.5215953184443665,
QTIM,/run/media/falconnier/Elements/BIDS_datasets_selection/QTIM/sub-1231/ses-01/anat/sub-1231_ses-01_T1w.nii.gz,,,,,sub-1231,ses-01,256,256,256,0.9375,0.9,0.9375,10.151259422302246,16777216,13653476,0.8138105869293213,0.0,354.0,11.679148005972985,3.0,18.98601511309128,2.0,6.401240387696969,2.3999903290041438,1.0,1.0,57.0,80.0,2.9001776917783673,
QTIM,/run/media/falconnier/Elements/BIDS_datasets_selection/QTIM/sub-1231/ses-01/anat/sub-1231_ses-01_T1w_defacemask.nii.gz,,,,,sub-1231,ses-01,256,256,256,0.9375,0.9,0.9375,0.19300365447998047,16777216,15005227,0.8943812251091003,0.0,1.0,1.0,1.0,0.0,0.0,,,1.0,1.0,1.0,1.0,-2048.0,
QTIM,/run/media/falconnier/Elements/BIDS_datasets_selection/QTIM/sub-1232/ses-01/anat/sub-1232_ses-01_T1w_defacemask.nii.gz,,,,,sub-1232,ses-01,256,256,256,0.9375,0.9,0.9375,0.1785907745361328,16777216,14817331,0.8831817507743835,0.0,1.0,1.0,1.0,0.0,0.0,,,1.0,1.0,1.0,1.0,-2048.0,
QTIM,/run/media/falconnier/Elements/BIDS_datasets_selection/QTIM/sub-1232/ses-01/anat/sub-1232_ses-01_T1w.nii.gz,,,,,sub-1232,ses-01,256,256,256,0.9375,0.9,0.9375,10.27331829071045,16777216,13694217,0.8162389397621155,0.0,425.0,11.664188759386535,3.0,17.74383904609747,2.0,7.071362469473215,2.367351890312887,1.0,1.0,53.0,76.0,2.565516809163585,
QTIM,/run/media/falconnier/Elements/BIDS_datasets_selection/QTIM/sub-1233/ses-01/anat/sub-1233_ses-01_T1w_defacemask.nii.gz,,,,,sub-1233,ses-01,256,256,256,0.9375,0.9,0.9375,0.18578243255615234,16777216,14908589,0.8886211514472961,0.0,1.0,1.0,1.0,0.0,0.0,,,1.0,1.0,1.0,1.0,-2048.0,
QTIM,/run/media/falconnier/Elements/BIDS_datasets_selection/QTIM/sub-1233/ses-01/anat/sub-1233_ses-01_T1w.nii.gz,,,,,sub-1233,ses-01,256,256,256,0.9375,0.9,0.9375,10.681640625,16777216,13855377,0.8258448243141174,0.0,435.0,13.142267150146834,4.0,20.047706560600677,2.0,6.02015528099936,2.2845597206788812,1.0,1.0,60.0,84.0,2.5887270904556807,
QTIM,/run/media/falconnier/Elements/BIDS_datasets_selection/QTIM/sub-1234/ses-01/anat/sub-1234_ses-01_T1w_defacemask.nii.gz,,,,,sub-1234,ses-01,256,256,256,0.9375,0.9,0.9375,0.18922138214111328,16777216,14897394,0.8879538774490356,0.0,1.0,1.0,1.0,0.0,0.0,,,1.0,1.0,1.0,1.0,-2048.0,
QTIM,/run/media/falconnier/Elements/BIDS_datasets_selection/QTIM/sub-1234/ses-01/anat/sub-1234_ses-01_T1w.nii.gz,,,,,sub-1234,ses-01,256,256,256,0.9375,0.9,0.9375,10.356208801269531,16777216,13678966,0.815329909324646,0.0,350.0,12.698704785142386,3.0,18.912982459704917,2.0,5.630226840889295,2.2004262513256077,1.0,1.0,56.0,77.0,3.143488142755832,
QTIM,/run/media/falconnier/Elements/BIDS_datasets_selection/QTIM/sub-1235/ses-01/anat/sub-1235_ses-01_T1w_defacemask.nii.gz,,,,,sub-1235,ses-01,256,256,256,0.9375,0.9,0.9375,0.18767356872558594,16777216,14847115,0.8849570155143738,0.0,1.0,1.0,1.0,0.0,0.0,,,1.0,1.0,1.0,1.0,-2048.0,
QTIM,/run/media/falconnier/Elements/BIDS_datasets_selection/QTIM/sub-1235/ses-01/anat/sub-1235_ses-01_T1w.nii.gz,,,,,sub-1235,ses-01,256,256,256,0.9375,0.9,0.9375,10.754143714904785,16777216,13965810,0.8324271440505981,0.0,383.0,12.986977554470524,4.0,19.422890351767663,2.0,6.508992408694047,2.2939005456368387,1.0,1.0,59.0,81.0,2.985313230158138,
QTIM,/run/media/falconnier/Elements/BIDS_datasets_selection/QTIM/sub-1237/ses-01/anat/sub-1237_ses-01_T1w.nii.gz,,,,,sub-1237,ses-01,256,256,256,0.9375,0.9,0.9375,10.205825805664062,16777216,13735088,0.8186750411987305,0.0,321.0,11.57238177141639,3.0,18.382037747859545,2.0,6.677667653973188,2.4295921674348335,1.0,1.0,55.0,79.0,3.2722025170524347,
QTIM,/run/media/falconnier/Elements/BIDS_datasets_selection/QTIM/sub-1237/ses-01/anat/sub-1237_ses-01_T1w_defacemask.nii.gz,,,,,sub-1237,ses-01,256,256,256,0.9375,0.9,0.9375,0.18334007263183594,16777216,14904318,0.8883665800094604,0.0,1.0,1.0,1.0,0.0,0.0,,,1.0,1.0,1.0,1.0,-2048.0,
QTIM,/run/media/falconnier/Elements/BIDS_datasets_selection/QTIM/sub-1238/ses-01/anat/sub-1238_ses-01_T1w_defacemask.nii.gz,,,,,sub-1238,ses-01,256,256,256,0.9375,0.9,0.9375,0.17688274383544922,16777216,14814032,0.8829851150512695,0.0,1.0,1.0,1.0,0.0,0.0,,,1.0,1.0,1.0,1.0,-2048.0,
QTIM,/run/media/falconnier/Elements/BIDS_datasets_selection/QTIM/sub-1238/ses-01/anat/sub-1238_ses-01_T1w.nii.gz,,,,,sub-1238,ses-01,256,256,256,0.9375,0.9,0.9375,10.591592788696289,16777216,13831033,0.8243938088417053,0.0,422.0,12.379714660502943,4.0,18.43109266133296,2.0,8.244230668349022,2.450650894551434,1.0,1.0,55.0,78.0,2.6685420894023775,
QTIM,/run/media/falconnier/Elements/BIDS_datasets_selection/QTIM/sub-1238/ses-02/anat/sub-1238_ses-02_T1w_defacemask.nii.gz,,,,,sub-1238,ses-02,256,240,256,0.9375,0.9,0.9375,0.18259525299072266,15728640,14000509,0.8901283899943034,0.0,1.0,1.0,1.0,0.0,0.0,,,1.0,1.0,1.0,1.0,-2048.0,
QTIM,/run/media/falconnier/Elements/BIDS_datasets_selection/QTIM/sub-1238/ses-02/anat/sub-1238_ses-02_T1w.nii.gz,,,,,sub-1238,ses-02,256,240,256,0.9375,0.9,0.9375,15.179649353027344,15728640,13834684,0.8795855204264323,0.0,2011.0,60.695485852802996,17.0,94.13791204604959,10.0,7.005114236819523,2.392838477018602,2.0,4.0,283.0,393.0,0.8707117181277748,
QTIM,/run/media/falconnier/Elements/BIDS_datasets_selection/QTIM/sub-1240/ses-01/anat/sub-1240_ses-01_T1w_defacemask.nii.gz,,,,,sub-1240,ses-01,256,256,256,0.9375,0.9,0.9375,0.18373870849609375,16777216,14900417,0.8881340622901917,0.0,1.0,1.0,1.0,0.0,0.0,,,1.0,1.0,1.0,1.0,-2048.0,
QTIM,/run/media/falconnier/Elements/BIDS_datasets_selection/QTIM/sub-1240/ses-01/anat/sub-1240_ses-01_T1w.nii.gz,,,,,sub-1240,ses-01,256,256,256,0.9375,0.9,0.9375,9.961118698120117,16777216,13676992,0.8152122497558594,0.0,314.0,10.429356104032232,3.0,16.06022918843301,2.0,6.770677863420596,2.399453154849104,1.0,1.0,49.0,70.0,3.2673937750174082,
QTIM,/run/media/falconnier/Elements/BIDS_datasets_selection/QTIM/sub-1241/ses-01/anat/sub-1241_ses-01_T1w_defacemask.nii.gz,,,,,sub-1241,ses-01,256,256,256,0.9375,0.9,0.9375,0.17828941345214844,16777216,14871926,0.886435866355896,0.0,1.0,1.0,1.0,0.0,0.0,,,1.0,1.0,1.0,1.0,-2048.0,
QTIM,/run/media/falconnier/Elements/BIDS_datasets_selection/QTIM/sub-1241/ses-01/anat/sub-1241_ses-01_T1w.nii.gz,,,,,sub-1241,ses-01,256,256,256,0.9375,0.9,0.9375,10.893938064575195,16777216,13940373,0.8309109807014465,0.0,315.0,14.15636654772437,4.0,20.767340904634196,2.0,5.387829008099457,2.1745864814708886,1.0,1.0,62.0,86.0,3.6851005300621287,
QTIM,/run/media/falconnier/Elements/BIDS_datasets_selection/QTIM/sub-1242/ses-01/anat/sub-1242_ses-01_T1w_defacemask.nii.gz,,,,,sub-1242,ses-01,256,256,256,0.9375,0.9,0.9375,0.17341232299804688,16777216,14954385,0.8913508057594299,0.0,1.0,1.0,1.0,0.0,0.0,,,1.0,1.0,1.0,1.0,-2048.0,
QTIM,/run/media/falconnier/Elements/BIDS_datasets_selection/QTIM/sub-1242/ses-01/anat/sub-1242_ses-01_T1w.nii.gz,,,,,sub-1242,ses-01,256,256,256,0.9375,0.9,0.9375,10.412236213684082,16777216,13775337,0.8210740685462952,0.0,422.0,12.734520179070755,3.0,20.490992117398214,2.0,7.485219057376419,2.461365831324843,1.0,1.0,60.0,85.0,2.5697404449617514,
QTIM,/run/media/falconnier/Elements/BIDS_datasets_selection/QTIM/sub-1242/ses-02/anat/sub-1242_ses-02_T1w_defacemask.nii.gz,,,,,sub-1242,ses-02,256,240,256,0.9375,0.9,0.9375,0.16294288635253906,15728640,14067836,0.8944089253743489,0.0,1.0,1.0,1.0,0.0,0.0,,,1.0,1.0,1.0,1.0,-2048.0,
QTIM,/run/media/falconnier/Elements/BIDS_datasets_selection/QTIM/sub-1242/ses-02/anat/sub-1242_ses-02_T1w.nii.gz,,,,,sub-1242,ses-02,256,240,256,0.9375,0.9,0.9375,14.844761848449707,15728640,13891047,0.8831689834594727,0.0,1516.0,54.58457846985904,15.0,85.02902915094822,9.0,6.096022551930103,2.3288473109731327,1.0,3.0,255.0,356.0,1.1225485597600113,
QTIM,/run/media/falconnier/Elements/BIDS_datasets_selection/QTIM/sub-1243/ses-01/anat/sub-1243_ses-01_T1w.nii.gz,,,,,sub-1243,ses-01,256,256,256,0.9375,0.9,0.9375,9.622289657592773,16777216,13180849,0.7856398224830627,0.0,330.0,10.485373514255418,3.0,16.339861513453425,2.0,5.388005745255393,2.2198668923502805,1.0,1.0,49.0,68.0,2.938475515591248,
QTIM,/run/media/falconnier/Elements/BIDS_datasets_selection/QTIM/sub-1243/ses-01/anat/sub-1243_ses-01_T1w_defacemask.nii.gz,,,,,sub-1243,ses-01,256,256,256,0.9375,0.9,0.9375,0.1741313934326172,16777216,14943000,0.8906722068786621,0.0,1.0,1.0,1.0,0.0,0.0,,,1.0,1.0,1.0,1.0,-2048.0,
QTIM,/run/media/falconnier/Elements/BIDS_datasets_selection/QTIM/sub-1243/ses-02/anat/sub-1243_ses-02_T1w_defacemask.nii.gz,,,,,sub-1243,ses-02,256,240,256,0.9375,0.9,0.9375,0.15932369232177734,15728640,14130045,0.8983640670776367,0.0,1.0,1.0,1.0,0.0,0.0,,,1.0,1.0,1.0,1.0,-2048.0,
QTIM,/run/media/falconnier/Elements/BIDS_datasets_selection/QTIM/sub-1243/ses-02/anat/sub-1243_ses-02_T1w.nii.gz,,,,,sub-1243,ses-02,256,240,256,0.9375,0.9,0.9375,14.746356964111328,15728640,13942366,0.8864317576090495,0.0,1464.0,53.33796996865525,14.0,86.71872449414639,8.0,5.290766390442505,2.30024875821822,1.0,3.0,265.0,367.0,1.1372541019233615,
QTIM,/run/media/falconnier/Elements/BIDS_datasets_selection/QTIM/sub-1245/ses-01/anat/sub-1245_ses-01_T1w.nii.gz,,,,,sub-1245,ses-01,256,256,256,0.9375,0.9,0.9375,10.212093353271484,16777216,13606443,0.8110072016716003,0.0,438.0,11.551009033000028,3.0,18.188191230223772,2.0,8.132067701848456,2.496526354476496,1.0,1.0,54.0,77.0,2.443189474144698,
QTIM,/run/media/falconnier/Elements/BIDS_datasets_selection/QTIM/sub-1245/ses-01/anat/sub-1245_ses-01_T1w_defacemask.nii.gz,,,,,sub-1245,ses-01,256,256,256,0.9375,0.9,0.9375,0.18016815185546875,16777216,14786102,0.8813203573226929,0.0,1.0,1.0,1.0,0.0,0.0,,,1.0,1.0,1.0,1.0,-2048.0,
QTIM,/run/media/falconnier/Elements/BIDS_datasets_selection/QTIM/sub-1247/ses-01/anat/sub-1247_ses-01_T1w_defacemask.nii.gz,,,,,sub-1247,ses-01,256,256,256,0.9375,0.9,0.9375,0.170501708984375,16777216,15100933,0.9000857472419739,0.0,1.0,1.0,1.0,0.0,0.0,,,1.0,1.0,1.0,1.0,-2048.0,
QTIM,/run/media/falconnier/Elements/BIDS_datasets_selection/QTIM/sub-1247/ses-01/anat/sub-1247_ses-01_T1w.nii.gz,,,,,sub-1247,ses-01,256,256,256,0.9375,0.9,0.9375,9.986384391784668,16777216,13535862,0.8068002462387085,0.0,432.0,10.525509199192486,3.0,16.641985526965193,2.0,7.2284030997869095,2.40336830815647,1.0,1.0,50.0,70.0,2.34076060807626,
QTIM,/run/media/falconnier/Elements/BIDS_datasets_selection/QTIM/sub-1249/ses-01/anat/sub-1249_ses-01_T1w.nii.gz,,,,,sub-1249,ses-01,256,256,256,0.9375,0.9,0.9375,10.07835865020752,16777216,13554209,0.8078938126564026,0.0,467.0,11.470599944268235,3.0,18.603644883709247,2.0,8.030232340442044,2.524428527167094,1.0,1.0,55.0,79.0,2.286072196844504,
QTIM,/run/media/falconnier/Elements/BIDS_datasets_selection/QTIM/sub-1249/ses-01/anat/sub-1249_ses-01_T1w_defacemask.nii.gz,,,,,sub-1249,ses-01,256,256,256,0.9375,0.9,0.9375,0.19321060180664062,16777216,14810920,0.8827996253967285,0.0,1.0,1.0,1.0,0.0,0.0,,,1.0,1.0,1.0,1.0,-2048.0,
QTIM,/run/media/falconnier/Elements/BIDS_datasets_selection/QTIM/sub-1250/ses-01/anat/sub-1250_ses-01_T1w_defacemask.nii.gz,,,,,sub-1250,ses-01,256,256,256,0.9375,0.9,0.9375,0.17384624481201172,16777216,14962415,0.8918294310569763,0.0,1.0,1.0,1.0,0.0,0.0,,,1.0,1.0,1.0,1.0,-2048.0,
QTIM,/run/media/falconnier/Elements/BIDS_datasets_selection/QTIM/sub-1250/ses-01/anat/sub-1250_ses-01_T1w.nii.gz,,,,,sub-1250,ses-01,256,256,256,0.9375,0.9,0.9375,10.871042251586914,16777216,13986337,0.8336506485939026,0.0,334.0,13.874814685217437,4.0,20.745055885029426,3.0,6.130448803359272,2.2865958266060753,1.0,1.0,61.0,86.0,3.4609081094817835,
QTIM,/run/media/falconnier/Elements/BIDS_datasets_selection/QTIM/sub-1251/ses-01/anat/sub-1251_ses-01_T1w.nii.gz,,,,,sub-1251,ses-01,256,256,256,0.9375,0.9,0.9375,9.636369705200195,16777216,13329554,0.7945033311843872,0.0,312.0,9.837509417044261,3.0,16.022506024391188,2.0,7.355507742607331,2.484749119023586,1.0,1.0,48.0,68.0,3.023967747220579,
QTIM,/run/media/falconnier/Elements/BIDS_datasets_selection/QTIM/sub-1251/ses-01/anat/sub-1251_ses-01_T1w_defacemask.nii.gz,,,,,sub-1251,ses-01,256,256,256,0.9375,0.9,0.9375,0.17070865631103516,16777216,15078542,0.8987511396408081,0.0,1.0,1.0,1.0,0.0,0.0,,,1.0,1.0,1.0,1.0,-2048.0,
QTIM,/run/media/falconnier/Elements/BIDS_datasets_selection/QTIM/sub-1252/ses-01/anat/sub-1252_ses-01_T1w_defacemask.nii.gz,,,,,sub-1252,ses-01,256,256,256,0.9375,0.9,0.9375,0.17044448852539062,16777216,14922881,0.889473021030426,0.0,1.0,1.0,1.0,0.0,0.0,,,1.0,1.0,1.0,1.0,-2048.0,
QTIM,/run/media/falconnier/Elements/BIDS_datasets_selection/QTIM/sub-1252/ses-01/anat/sub-1252_ses-01_T1w.nii.gz,,,,,sub-1252,ses-01,256,256,256,0.9375,0.9,0.9375,9.85665512084961,16777216,13475073,0.8031769394874573,0.0,236.0,9.906105666366335,3.0,14.143300075409998,2.0,6.208998026088793,2.295470516202271,1.0,1.0,43.0,61.0,4.558161340130561,
QTIM,/run/media/falconnier/Elements/BIDS_datasets_selection/QTIM/sub-1254/ses-01/anat/sub-1254_ses-01_T1w_defacemask.nii.gz,,,,,sub-1254,ses-01,256,256,256,0.9375,0.9,0.9375,0.1844778060913086,16777216,14997467,0.8939186930656433,0.0,1.0,1.0,1.0,0.0,0.0,,,1.0,1.0,1.0,1.0,-2048.0,
QTIM,/run/media/falconnier/Elements/BIDS_datasets_selection/QTIM/sub-1254/ses-01/anat/sub-1254_ses-01_T1w.nii.gz,,,,,sub-1254,ses-01,256,256,256,0.9375,0.9,0.9375,10.994997024536133,16777216,14019151,0.8356065154075623,0.0,396.0,14.275903298281044,4.0,21.32552142802245,3.0,5.435733249166455,2.196618562500569,1.0,1.0,63.0,89.0,2.8994125432308975,
QTIM,/run/media/falconnier/Elements/BIDS_datasets_selection/QTIM/sub-1255/ses-01/anat/sub-1255_ses-01_T1w_defacemask.nii.gz,,,,,sub-1255,ses-01,256,256,256,0.9375,0.9,0.9375,0.1884174346923828,16777216,14958308,0.8915846347808838,0.0,1.0,1.0,1.0,0.0,0.0,,,1.0,1.0,1.0,1.0,-2048.0,
QTIM,/run/media/falconnier/Elements/BIDS_datasets_selection/QTIM/sub-1255/ses-01/anat/sub-1255_ses-01_T1w.nii.gz,,,,,sub-1255,ses-01,256,256,256,0.9375,0.9,0.9375,9.98652458190918,16777216,13470367,0.8028964400291443,0.0,382.0,11.44453020470786,3.0,18.039442023848466,2.0,7.392968032919697,2.42228158227024,1.0,1.0,53.0,75.0,2.7273705012225027,
QTIM,/run/media/falconnier/Elements/BIDS_datasets_selection/QTIM/sub-1255/ses-02/anat/sub-1255_ses-02_T1w_defacemask.nii.gz,,,,,sub-1255,ses-02,256,240,256,0.9375,0.9,0.9375,0.17534732818603516,15728640,14036345,0.8924067815144857,0.0,1.0,1.0,1.0,0.0,0.0,,,1.0,1.0,1.0,1.0,-2048.0,
QTIM,/run/media/falconnier/Elements/BIDS_datasets_selection/QTIM/sub-1255/ses-02/anat/sub-1255_ses-02_T1w.nii.gz,,,,,sub-1255,ses-02,256,240,256,0.9375,0.9,0.9375,14.717394828796387,15728640,13851864,0.8806777954101562,0.0,2015.0,53.56040631065971,14.0,86.12239685231512,8.0,6.908847361994283,2.4018696268087165,1.0,3.0,259.0,361.0,0.8348257362986321,
QTIM,/run/media/falconnier/Elements/BIDS_datasets_selection/QTIM/sub-1259/ses-01/anat/sub-1259_ses-01_T1w_defacemask.nii.gz,,,,,sub-1259,ses-01,256,256,256,0.9375,0.9,0.9375,0.17502880096435547,16777216,15039438,0.8964203596115112,0.0,1.0,1.0,1.0,0.0,0.0,,,1.0,1.0,1.0,1.0,-2048.0,
QTIM,/run/media/falconnier/Elements/BIDS_datasets_selection/QTIM/sub-1259/ses-01/anat/sub-1259_ses-01_T1w.nii.gz,,,,,sub-1259,ses-01,256,256,256,0.9375,0.9,0.9375,10.394381523132324,16777216,13846727,0.8253292441368103,0.0,415.0,11.694301259785075,3.0,18.519259640827133,2.0,7.674539232125328,2.489736751561585,1.0,1.0,55.0,79.0,2.585667400025239,
QTIM,/run/media/falconnier/Elements/BIDS_datasets_selection/QTIM/sub-1260/ses-01/anat/sub-1260_ses-01_T1w_defacemask.nii.gz,,,,,sub-1260,ses-01,256,256,256,0.9375,0.9,0.9375,0.1708812713623047,16777216,14882118,0.8870433568954468,0.0,1.0,1.0,1.0,0.0,0.0,,,1.0,1.0,1.0,1.0,-2048.0,
QTIM,/run/media/falconnier/Elements/BIDS_datasets_selection/QTIM/sub-1260/ses-01/anat/sub-1260_ses-01_T1w.nii.gz,,,,,sub-1260,ses-01,256,256,256,0.9375,0.9,0.9375,9.481523513793945,16777216,13078187,0.7795206904411316,0.0,256.0,9.677410943886947,3.0,14.900991996434573,2.0,7.311505103436755,2.4191028961359984,1.0,1.0,44.0,62.0,4.041956155585667,
QTIM,/run/media/falconnier/Elements/BIDS_datasets_selection/QTIM/sub-1261/ses-01/anat/sub-1261_ses-01_T1w.nii.gz,,,,,sub-1261,ses-01,256,256,256,0.9375,0.9,0.9375,10.043879508972168,16777216,13413310,0.7994955778121948,0.0,404.0,11.985902883031855,3.0,19.345982422873867,2.0,5.855993089482283,2.274337480658852,1.0,1.0,58.0,80.0,2.525106848880597,
QTIM,/run/media/falconnier/Elements/BIDS_datasets_selection/QTIM/sub-1261/ses-01/anat/sub-1261_ses-01_T1w_defacemask.nii.gz,,,,,sub-1261,ses-01,256,256,256,0.9375,0.9,0.9375,0.18211746215820312,16777216,14889679,0.8874940276145935,0.0,1.0,1.0,1.0,0.0,0.0,,,1.0,1.0,1.0,1.0,-2048.0,
QTIM,/run/media/falconnier/Elements/BIDS_datasets_selection/QTIM/sub-1262/ses-01/anat/sub-1262_ses-01_T1w_defacemask.nii.gz,,,,,sub-1262,ses-01,256,256,256,0.9375,0.9,0.9375,0.17995929718017578,16777216,15134146,0.9020653963088989,0.0,1.0,1.0,1.0,0.0,0.0,,,1.0,1.0,1.0,1.0,-2048.0,
QTIM,/run/media/falconnier/Elements/BIDS_datasets_selection/QTIM/sub-1262/ses-01/anat/sub-1262_ses-01_T1w.nii.gz,,,,,sub-1262,ses-01,256,256,256,0.9375,0.9,0.9375,10.896109580993652,16777216,14138520,0.8427214622497559,0.0,464.0,13.543659803147714,4.0,20.810187079427507,2.0,6.798881027628923,2.294688175553677,1.0,1.0,62.0,86.0,2.4597263584583335,
QTIM,/run/media/falconnier/Elements/BIDS_datasets_selection/QTIM/sub-1263/ses-01/anat/sub-1263_ses-01_T1w_defacemask.nii.gz,,,,,sub-1263,ses-01,256,256,256,0.9375,0.9,0.9375,0.18485164642333984,16777216,14954692,0.891369104385376,0.0,1.0,1.0,1.0,0.0,0.0,,,1.0,1.0,1.0,1.0,-2048.0,
QTIM,/run/media/falconnier/Elements/BIDS_datasets_selection/QTIM/sub-1263/ses-01/anat/sub-1263_ses-01_T1w.nii.gz,,,,,sub-1263,ses-01,256,256,256,0.9375,0.9,0.9375,10.629348754882812,16777216,13912481,0.8292484879493713,0.0,372.0,12.970702134292223,4.0,19.72531558546268,3.0,7.843238066649361,2.5059722631730605,1.0,1.0,57.0,85.0,3.0723432625890728,
QTIM,/run/media/falconnier/Elements/BIDS_datasets_selection/QTIM/sub-1265/ses-01/anat/sub-1265_ses-01_T1w.nii.gz,,,,,sub-1265,ses-01,256,256,256,0.9375,0.9,0.9375,9.887693405151367,16777216,13357900,0.7961928844451904,0.0,317.0,10.787298377739015,3.0,16.890529040396704,2.0,7.686642905695727,2.4320092993190725,1.0,1.0,50.0,71.0,3.1492604386681724,
QTIM,/run/media/falconnier/Elements/BIDS_datasets_selection/QTIM/sub-1265/ses-01/anat/sub-1265_ses-01_T1w_defacemask.nii.gz,,,,,sub-1265,ses-01,256,256,256,0.9375,0.9,0.9375,0.18393993377685547,16777216,14902181,0.8882392048835754,0.0,1.0,1.0,1.0,0.0,0.0,,,1.0,1.0,1.0,1.0,-2048.0,
QTIM,/run/media/falconnier/Elements/BIDS_datasets_selection/QTIM/sub-1266/ses-01/anat/sub-1266_ses-01_T1w_defacemask.nii.gz,,,,,sub-1266,ses-01,256,256,256,0.9375,0.9,0.9375,0.19548988342285156,16777216,14818687,0.883262574672699,0.0,1.0,1.0,1.0,0.0,0.0,,,1.0,1.0,1.0,1.0,-2048.0,
QTIM,/run/media/falconnier/Elements/BIDS_datasets_selection/QTIM/sub-1266/ses-01/anat/sub-1266_ses-01_T1w.nii.gz,,,,,sub-1266,ses-01,256,256,256,0.9375,0.9,0.9375,10.633073806762695,16777216,13883415,0.8275160193443298,0.0,314.0,12.844298538940167,4.0,18.793917033713186,2.0,5.851238656119779,2.2518067092447853,1.0,1.0,57.0,78.0,3.622819735938244,
QTIM,/run/media/falconnier/Elements/BIDS_datasets_selection/QTIM/sub-1266/ses-02/anat/sub-1266_ses-02_T1w_defacemask.nii.gz,,,,,sub-1266,ses-02,240,256,256,0.9,0.9375,0.9375,0.16920185089111328,15728640,13705116,0.8713478088378906,0.0,1.0,1.0,1.0,0.0,0.0,,,1.0,1.0,1.0,1.0,-2048.0,
QTIM,/run/media/falconnier/Elements/BIDS_datasets_selection/QTIM/sub-1266/ses-02/anat/sub-1266_ses-02_T1w.nii.gz,,,,,sub-1266,ses-02,240,256,256,0.9,0.9375,0.9375,14.250988006591797,15728640,13541332,0.8609347025553385,0.0,1349.0,52.6378362187708,15.0,78.53104389471414,9.0,4.731101376363798,2.1440298904534525,1.0,3.0,239.0,324.0,1.261559764331733,
QTIM,/run/media/falconnier/Elements/BIDS_datasets_selection/QTIM/sub-1267/ses-01/anat/sub-1267_ses-01_T1w.nii.gz,,,,,sub-1267,ses-01,256,256,256,0.9375,0.9,0.9375,10.22646427154541,16777216,13583769,0.8096557259559631,0.0,454.0,12.104742579176664,3.0,19.13298512214744,2.0,7.024350855535767,2.3583696318092273,1.0,1.0,57.0,79.0,2.3651299633151646,
QTIM,/run/media/falconnier/Elements/BIDS_datasets_selection/QTIM/sub-1267/ses-01/anat/sub-1267_ses-01_T1w_defacemask.nii.gz,,,,,sub-1267,ses-01,256,256,256,0.9375,0.9,0.9375,0.1876983642578125,16777216,14946410,0.8908754587173462,0.0,1.0,1.0,1.0,0.0,0.0,,,1.0,1.0,1.0,1.0,-2048.0,
QTIM,/run/media/falconnier/Elements/BIDS_datasets_selection/QTIM/sub-1267/ses-02/anat/sub-1267_ses-02_T1w_defacemask.nii.gz,,,,,sub-1267,ses-02,256,240,256,0.9375,0.9,0.9375,0.16474533081054688,15728640,14018912,0.8912984212239583,0.0,1.0,1.0,1.0,0.0,0.0,,,1.0,1.0,1.0,1.0,-2048.0,
QTIM,/run/media/falconnier/Elements/BIDS_datasets_selection/QTIM/sub-1267/ses-02/anat/sub-1267_ses-02_T1w.nii.gz,,,,,sub-1267,ses-02,256,240,256,0.9375,0.9,0.9375,14.85533618927002,15728640,13838756,0.8798444112141927,0.0,2086.0,55.42516292649426,14.0,89.75735679768611,8.0,7.198171347915819,2.4404946460267825,1.0,3.0,270.0,379.0,0.8099075298484482,
QTIM,/run/media/falconnier/Elements/BIDS_datasets_selection/QTIM/sub-1268/ses-01/anat/sub-1268_ses-01_T1w.nii.gz,,,,,sub-1268,ses-01,256,256,256,0.9375,0.9,0.9375,10.752242088317871,16777216,13844719,0.8252095580101013,0.0,394.0,12.86671502686331,4.0,18.798162712680373,2.0,5.636235466705335,2.2076402120575915,1.0,1.0,57.0,78.0,2.8527704434252796,
QTIM,/run/media/falconnier/Elements/BIDS_datasets_selection/QTIM/sub-1268/ses-01/anat/sub-1268_ses-01_T1w_defacemask.nii.gz,,,,,sub-1268,ses-01,256,256,256,0.9375,0.9,0.9375,0.17769908905029297,16777216,14792602,0.8817077875137329,0.0,1.0,1.0,1.0,0.0,0.0,,,1.0,1.0,1.0,1.0,-2048.0,
QTIM,/run/media/falconnier/Elements/BIDS_datasets_selection/QTIM/sub-1269/ses-01/anat/sub-1269_ses-01_T1w.nii.gz,,,,,sub-1269,ses-01,256,256,256,0.9375,0.9,0.9375,10.208260536193848,16777216,13764036,0.8204004764556885,0.0,382.0,11.275099033452106,3.0,18.29530332646605,2.0,7.756918484570679,2.4981267306975607,1.0,1.0,54.0,78.0,2.713989219238653,
QTIM,/run/media/falconnier/Elements/BIDS_datasets_selection/QTIM/sub-1269/ses-01/anat/sub-1269_ses-01_T1w_defacemask.nii.gz,,,,,sub-1269,ses-01,256,256,256,0.9375,0.9,0.9375,0.1758708953857422,16777216,15057860,0.8975183963775635,0.0,1.0,1.0,1.0,0.0,0.0,,,1.0,1.0,1.0,1.0,-2048.0,
QTIM,/run/media/falconnier/Elements/BIDS_datasets_selection/QTIM/sub-1269/ses-02/anat/sub-1269_ses-02_T1w_defacemask.nii.gz,,,,,sub-1269,ses-02,240,256,256,0.9,0.9375,0.9375,0.18600749969482422,15728640,13720160,0.8723042805989584,0.0,1.0,1.0,1.0,0.0,0.0,,,1.0,1.0,1.0,1.0,-2048.0,
QTIM,/run/media/falconnier/Elements/BIDS_datasets_selection/QTIM/sub-1269/ses-02/anat/sub-1269_ses-02_T1w.nii.gz,,,,,sub-1269,ses-02,240,256,256,0.9,0.9375,0.9375,14.370769500732422,15728640,13557121,0.8619385401407877,0.0,1363.0,52.114134040700826,14.0,75.51053479508523,8.0,4.6239851669078735,2.056973164397414,1.0,3.0,228.0,312.0,1.2465710378223565,
QTIM,/run/media/falconnier/Elements/BIDS_datasets_selection/QTIM/sub-1270/ses-01/anat/sub-1270_ses-01_T1w_defacemask.nii.gz,,,,,sub-1270,ses-01,256,256,256,0.9375,0.9,0.9375,0.17045879364013672,16777216,15056479,0.8974360823631287,0.0,1.0,1.0,1.0,0.0,0.0,,,1.0,1.0,1.0,1.0,-2048.0,
QTIM,/run/media/falconnier/Elements/BIDS_datasets_selection/QTIM/sub-1270/ses-01/anat/sub-1270_ses-01_T1w.nii.gz,,,,,sub-1270,ses-01,256,256,256,0.9375,0.9,0.9375,10.458498001098633,16777216,13879892,0.8273060321807861,0.0,426.0,12.10326571705313,3.0,18.895590117191464,2.0,6.844925619988574,2.3348766886298513,1.0,1.0,56.0,79.0,2.5214916104792695,
QTIM,/run/media/falconnier/Elements/BIDS_datasets_selection/QTIM/sub-1270/ses-02/anat/sub-1270_ses-02_T1w_defacemask.nii.gz,,,,,sub-1270,ses-02,240,256,256,0.9,0.9375,0.9375,0.17563533782958984,15728640,13820955,0.8787126541137695,0.0,1.0,1.0,1.0,0.0,0.0,,,1.0,1.0,1.0,1.0,-2048.0,
QTIM,/run/media/falconnier/Elements/BIDS_datasets_selection/QTIM/sub-1270/ses-02/anat/sub-1270_ses-02_T1w.nii.gz,,,,,sub-1270,ses-02,240,256,256,0.9,0.9375,0.9375,14.291101455688477,15728640,13647721,0.8676987330118815,0.0,1548.0,51.35393513686278,14.0,80.11963724844647,8.0,5.391937389735006,2.235494277215319,1.0,3.0,243.0,339.0,1.073952800139512,
QTIM,/run/media/falconnier/Elements/BIDS_datasets_selection/QTIM/sub-1271/ses-01/anat/sub-1271_ses-01_T1w_defacemask.nii.gz,,,,,sub-1271,ses-01,256,256,256,0.9375,0.9,0.9375,0.17669200897216797,16777216,14782066,0.8810797929763794,0.0,1.0,1.0,1.0,0.0,0.0,,,1.0,1.0,1.0,1.0,-2048.0,
QTIM,/run/media/falconnier/Elements/BIDS_datasets_selection/QTIM/sub-1271/ses-01/anat/sub-1271_ses-01_T1w.nii.gz,,,,,sub-1271,ses-01,256,256,256,0.9375,0.9,0.9375,10.626264572143555,16777216,13822629,0.8238928914070129,0.0,329.0,12.75535724788678,4.0,17.627284166438237,3.0,5.784960699598793,2.1454900537044526,1.0,1.0,53.0,72.0,3.5011848102672376,
QTIM,/run/media/falconnier/Elements/BIDS_datasets_selection/QTIM/sub-1271/ses-02/anat/sub-1271_ses-02_T1w_defacemask.nii.gz,,,,,sub-1271,ses-02,256,240,256,0.9375,0.9,0.9375,0.15956592559814453,15728640,14184270,0.9018115997314453,0.0,1.0,1.0,1.0,0.0,0.0,,,1.0,1.0,1.0,1.0,-2048.0,
QTIM,/run/media/falconnier/Elements/BIDS_datasets_selection/QTIM/sub-1271/ses-02/anat/sub-1271_ses-02_T1w.nii.gz,,,,,sub-1271,ses-02,256,240,256,0.9375,0.9,0.9375,15.199726104736328,15728640,14018022,0.8912418365478516,0.0,1825.0,58.60610648207001,17.0,87.61018966438306,10.0,5.402441156614742,2.2139932769944495,2.0,4.0,266.0,360.0,0.9583413247871528,
QTIM,/run/media/falconnier/Elements/BIDS_datasets_selection/QTIM/sub-1272/ses-01/anat/sub-1272_ses-01_T1w.nii.gz,,,,,sub-1272,ses-01,256,256,256,0.9375,0.9,0.9375,11.10009765625,16777216,14131337,0.8422933220863342,0.0,349.0,13.840973504488641,4.0,19.322627957065436,3.0,6.144954508190226,2.2088583665112265,1.0,1.0,58.0,80.0,3.400842590166479,
QTIM,/run/media/falconnier/Elements/BIDS_datasets_selection/QTIM/sub-1272/ses-01/anat/sub-1272_ses-01_T1w_defacemask.nii.gz,,,,,sub-1272,ses-01,256,256,256,0.9375,0.9,0.9375,0.18451976776123047,16777216,14919087,0.8892468810081482,0.0,1.0,1.0,1.0,0.0,0.0,,,1.0,1.0,1.0,1.0,-2048.0,
QTIM,/run/media/falconnier/Elements/BIDS_datasets_selection/QTIM/sub-1275/ses-01/anat/sub-1275_ses-01_T1w_defacemask.nii.gz,,,,,sub-1275,ses-01,256,256,256,0.9375,0.9,0.9375,0.18429183959960938,16777216,14843079,0.8847164511680603,0.0,1.0,1.0,1.0,0.0,0.0,,,1.0,1.0,1.0,1.0,-2048.0,
QTIM,/run/media/falconnier/Elements/BIDS_datasets_selection/QTIM/sub-1275/ses-01/anat/sub-1275_ses-01_T1w.nii.gz,,,,,sub-1275,ses-01,256,256,256,0.9375,0.9,0.9375,9.792798042297363,16777216,13277045,0.7913735508918762,0.0,322.0,11.16435923806841,3.0,17.29870224326101,2.0,6.2668277072192655,2.258752763550512,1.0,1.0,52.0,71.0,3.108147604838466,
QTIM,/run/media/falconnier/Elements/BIDS_datasets_selection/QTIM/sub-1275/ses-02/anat/sub-1275_ses-02_T1w_defacemask.nii.gz,,,,,sub-1275,ses-02,256,240,256,0.9375,0.9,0.9375,0.16722488403320312,15728640,14116939,0.8975308100382487,0.0,1.0,1.0,1.0,0.0,0.0,,,1.0,1.0,1.0,1.0,-2048.0,
QTIM,/run/media/falconnier/Elements/BIDS_datasets_selection/QTIM/sub-1275/ses-02/anat/sub-1275_ses-02_T1w.nii.gz,,,,,sub-1275,ses-02,256,240,256,0.9375,0.9,0.9375,14.865771293640137,15728640,13935130,0.8859717051188151,0.0,1679.0,55.21888041231047,14.0,88.87919122393157,8.0,5.581999011211845,2.3104537385209576,1.0,3.0,271.0,374.0,1.0050625488964398,
QTIM,/run/media/falconnier/Elements/BIDS_datasets_selection/QTIM/sub-1277/ses-01/anat/sub-1277_ses-01_T1w_defacemask.nii.gz,,,,,sub-1277,ses-01,256,256,256,0.9375,0.9,0.9375,0.1798410415649414,16777216,15021202,0.8953334093093872,0.0,1.0,1.0,1.0,0.0,0.0,,,1.0,1.0,1.0,1.0,-2048.0,
QTIM,/run/media/falconnier/Elements/BIDS_datasets_selection/QTIM/sub-1277/ses-01/anat/sub-1277_ses-01_T1w.nii.gz,,,,,sub-1277,ses-01,256,256,256,0.9375,0.9,0.9375,10.313108444213867,16777216,13875237,0.8270285725593567,0.0,367.0,11.365467343008268,3.0,16.649252895615383,2.0,6.245520805108166,2.294147970592677,1.0,1.0,50.0,70.0,2.976047311980179,
QTIM,/run/media/falconnier/Elements/BIDS_datasets_selection/QTIM/sub-1278/ses-01/anat/sub-1278_ses-01_T1w_defacemask.nii.gz,,,,,sub-1278,ses-01,256,256,256,0.9375,0.9,0.9375,0.17708587646484375,16777216,15082295,0.8989748358726501,0.0,1.0,1.0,1.0,0.0,0.0,,,1.0,1.0,1.0,1.0,-2048.0,
QTIM,/run/media/falconnier/Elements/BIDS_datasets_selection/QTIM/sub-1278/ses-01/anat/sub-1278_ses-01_T1w.nii.gz,,,,,sub-1278,ses-01,256,256,256,0.9375,0.9,0.9375,9.77147388458252,16777216,13446673,0.8014841675758362,0.0,349.0,9.864852740897321,3.0,15.620627068623,2.0,7.4556197583201165,2.5020022586960047,1.0,1.0,46.0,67.0,2.7917814882668215,
QTIM,/run/media/falconnier/Elements/BIDS_datasets_selection/QTIM/sub-1278/ses-02/anat/sub-1278_ses-02_T1w_defacemask.nii.gz,,,,,sub-1278,ses-02,256,240,256,0.9375,0.9,0.9375,0.14795970916748047,15728640,14297734,0.9090254465738933,0.0,1.0,1.0,1.0,0.0,0.0,,,1.0,1.0,1.0,1.0,-2048.0,
QTIM,/run/media/falconnier/Elements/BIDS_datasets_selection/QTIM/sub-1278/ses-02/anat/sub-1278_ses-02_T1w.nii.gz,,,,,sub-1278,ses-02,256,240,256,0.9375,0.9,0.9375,14.607640266418457,15728640,14101656,0.8965591430664063,0.0,2006.0,49.23291675814529,13.0,85.41327409018592,7.0,8.537858142387137,2.7209784582996646,1.0,3.0,249.0,375.0,0.8153965371471504,
QTIM,/run/media/falconnier/Elements/BIDS_datasets_selection/QTIM/sub-1279/ses-01/anat/sub-1279_ses-01_T1w_defacemask.nii.gz,,,,,sub-1279,ses-01,256,256,256,0.9375,0.9,0.9375,0.1974477767944336,16777216,14751789,0.8792751431465149,0.0,1.0,1.0,1.0,0.0,0.0,,,1.0,1.0,1.0,1.0,-2048.0,
QTIM,/run/media/falconnier/Elements/BIDS_datasets_selection/QTIM/sub-1279/ses-01/anat/sub-1279_ses-01_T1w.nii.gz,,,,,sub-1279,ses-01,256,256,256,0.9375,0.9,0.9375,10.762717247009277,16777216,13717632,0.8176345825195312,0.0,545.0,14.993088384350886,4.0,23.193457053416484,2.0,5.04673342809825,2.1273375154734517,1.0,1.0,70.0,93.0,2.0620791572666413,
QTIM,/run/media/falconnier/Elements/BIDS_datasets_selection/QTIM/sub-1279/ses-02/anat/sub-1279_ses-02_T1w_defacemask.nii.gz,,,,,sub-1279,ses-02,256,240,256,0.9375,0.9,0.9375,0.17214393615722656,15728640,13977911,0.8886916478474934,0.0,1.0,1.0,1.0,0.0,0.0,,,1.0,1.0,1.0,1.0,-2048.0,
QTIM,/run/media/falconnier/Elements/BIDS_datasets_selection/QTIM/sub-1279/ses-02/anat/sub-1279_ses-02_T1w.nii.gz,,,,,sub-1279,ses-02,256,240,256,0.9375,0.9,0.9375,15.078784942626953,15728640,13808762,0.8779374440511067,0.0,1720.0,59.88132448078981,16.0,90.88791336544138,10.0,5.051120902457509,2.1835035723122105,2.0,4.0,277.0,376.0,1.0117098209635467,
QTIM,/run/media/falconnier/Elements/BIDS_datasets_selection/QTIM/sub-1280/ses-01/anat/sub-1280_ses-01_T1w_defacemask.nii.gz,,,,,sub-1280,ses-01,256,256,256,0.9375,0.9,0.9375,0.17719459533691406,16777216,14913103,0.8888902068138123,0.0,1.0,1.0,1.0,0.0,0.0,,,1.0,1.0,1.0,1.0,-2048.0,
QTIM,/run/media/falconnier/Elements/BIDS_datasets_selection/QTIM/sub-1280/ses-01/anat/sub-1280_ses-01_T1w.nii.gz,,,,,sub-1280,ses-01,256,256,256,0.9375,0.9,0.9375,11.10906982421875,16777216,14063575,0.8382543921470642,0.0,329.0,14.862224434398792,4.0,22.0808968727103,3.0,6.150969634354544,2.3240471703258114,1.0,1.0,65.0,97.0,3.6447040307626426,
QTIM,/run/media/falconnier/Elements/BIDS_datasets_selection/QTIM/sub-1281/ses-01/anat/sub-1281_ses-01_T1w.nii.gz,,,,,sub-1281,ses-01,256,256,256,0.9375,0.9,0.9375,10.490437507629395,16777216,13666111,0.8145636916160583,0.0,499.0,13.948383852582493,3.0,21.98364847781513,2.0,4.669849252155603,2.090834738424893,1.0,1.0,66.0,87.0,2.26194637640726,
QTIM,/run/media/falconnier/Elements/BIDS_datasets_selection/QTIM/sub-1281/ses-01/anat/sub-1281_ses-01_T1w_defacemask.nii.gz,,,,,sub-1281,ses-01,256,256,256,0.9375,0.9,0.9375,0.1918468475341797,16777216,14879508,0.886887788772583,0.0,1.0,1.0,1.0,0.0,0.0,,,1.0,1.0,1.0,1.0,-2048.0,
QTIM,/run/media/falconnier/Elements/BIDS_datasets_selection/QTIM/sub-1282/ses-01/anat/sub-1282_ses-01_T1w.nii.gz,,,,,sub-1282,ses-01,256,256,256,0.9375,0.9,0.9375,10.428627014160156,16777216,13682100,0.8155167102813721,0.0,431.0,12.077822995008077,3.0,18.102762342252134,2.0,7.184098999059923,2.320666428582928,1.0,1.0,54.0,75.0,2.5309955965878363,
QTIM,/run/media/falconnier/Elements/BIDS_datasets_selection/QTIM/sub-1282/ses-01/anat/sub-1282_ses-01_T1w_defacemask.nii.gz,,,,,sub-1282,ses-01,256,256,256,0.9375,0.9,0.9375,0.18172073364257812,16777216,14832245,0.8840706944465637,0.0,1.0,1.0,1.0,0.0,0.0,,,1.0,1.0,1.0,1.0,-2048.0,
QTIM,/run/media/falconnier/Elements/BIDS_datasets_selection/QTIM/sub-1284/ses-01/anat/sub-1284_ses-01_T1w_defacemask.nii.gz,,,,,sub-1284,ses-01,256,256,256,0.9375,0.9,0.9375,0.17958545684814453,16777216,14959335,0.8916458487510681,0.0,1.0,1.0,1.0,0.0,0.0,,,1.0,1.0,1.0,1.0,-2048.0,
QTIM,/run/media/falconnier/Elements/BIDS_datasets_selection/QTIM/sub-1284/ses-01/anat/sub-1284_ses-01_T1w.nii.gz,,,,,sub-1284,ses-01,256,256,256,0.9375,0.9,0.9375,10.588980674743652,16777216,13893161,0.8280969262123108,0.0,454.0,12.825614415610673,4.0,19.793297830357194,2.0,7.621175979115476,2.431906342491969,1.0,1.0,58.0,83.0,2.4876756554108304,
QTIM,/run/media/falconnier/Elements/BIDS_datasets_selection/QTIM/sub-1285/ses-01/anat/sub-1285_ses-01_T1w.nii.gz,,,,,sub-1285,ses-01,256,256,256,0.9375,0.9,0.9375,10.35715389251709,16777216,13797215,0.8223780989646912,0.0,350.0,11.684650199333706,3.0,18.478745952895782,2.0,6.826856202278572,2.4040164517046905,1.0,1.0,56.0,78.0,2.9978024215374113,
QTIM,/run/media/falconnier/Elements/BIDS_datasets_selection/QTIM/sub-1285/ses-01/anat/sub-1285_ses-01_T1w_defacemask.nii.gz,,,,,sub-1285,ses-01,256,256,256,0.9375,0.9,0.9375,0.16977596282958984,16777216,15090416,0.8994588851928711,0.0,1.0,1.0,1.0,0.0,0.0,,,1.0,1.0,1.0,1.0,-2048.0,
QTIM,/run/media/falconnier/Elements/BIDS_datasets_selection/QTIM/sub-1285/ses-02/anat/sub-1285_ses-02_T1w_defacemask.nii.gz,,,,,sub-1285,ses-02,256,240,256,0.9375,0.9,0.9375,0.15861892700195312,15728640,14247092,0.9058057149251302,0.0,1.0,1.0,1.0,0.0,0.0,,,1.0,1.0,1.0,1.0,-2048.0,
QTIM,/run/media/falconnier/Elements/BIDS_datasets_selection/QTIM/sub-1285/ses-02/anat/sub-1285_ses-02_T1w.nii.gz,,,,,sub-1285,ses-02,256,240,256,0.9375,0.9,0.9375,14.442803382873535,15728640,14047481,0.8931147893269856,0.0,1475.0,45.284519623126734,12.0,75.80324729228936,7.0,6.9302953311545,2.5214151758435848,1.0,3.0,231.0,331.0,1.0902724595561635,
QTIM,/run/media/falconnier/Elements/BIDS_datasets_selection/QTIM/sub-1286/ses-01/anat/sub-1286_ses-01_T1w.nii.gz,,,,,sub-1286,ses-01,256,256,256,0.9375,0.9,0.9375,10.418485641479492,16777216,13867440,0.826563835144043,0.0,343.0,12.153093289028112,3.0,18.706788290860466,2.0,5.751830108851987,2.3118006939122386,1.0,1.0,57.0,79.0,3.165584225311071,
QTIM,/run/media/falconnier/Elements/BIDS_datasets_selection/QTIM/sub-1286/ses-01/anat/sub-1286_ses-01_T1w_defacemask.nii.gz,,,,,sub-1286,ses-01,256,256,256,0.9375,0.9,0.9375,0.16402912139892578,16777216,15024347,0.8955208659172058,0.0,1.0,1.0,1.0,0.0,0.0,,,1.0,1.0,1.0,1.0,-2048.0,
QTIM,/run/media/falconnier/Elements/BIDS_datasets_selection/QTIM/sub-1286/ses-02/anat/sub-1286_ses-02_T1w_defacemask.nii.gz,,,,,sub-1286,ses-02,240,256,256,0.9,0.9375,0.9375,0.18521404266357422,15728640,13610075,0.8653052647908529,0.0,1.0,1.0,1.0,0.0,0.0,,,1.0,1.0,1.0,1.0,-2048.0,
QTIM,/run/media/falconnier/Elements/BIDS_datasets_selection/QTIM/sub-1286/ses-02/anat/sub-1286_ses-02_T1w.nii.gz,,,,,sub-1286,ses-02,240,256,256,0.9,0.9375,0.9375,14.330394744873047,15728640,13450261,0.8551445643107096,0.0,1162.0,53.77163781431453,15.0,77.78959561202501,9.0,3.6132485419927702,1.9749409289496116,1.0,3.0,237.0,317.0,1.466585406335528,
QTIM,/run/media/falconnier/Elements/BIDS_datasets_selection/QTIM/sub-1289/ses-01/anat/sub-1289_ses-01_T1w.nii.gz,,,,,sub-1289,ses-01,256,256,256,0.9375,0.9,0.9375,10.13907241821289,16777216,13658941,0.8141363263130188,0.0,382.0,11.038317465460903,3.0,17.725292581801817,2.0,8.424417883267285,2.573134437738835,1.0,1.0,52.0,75.0,2.72520772957875,
QTIM,/run/media/falconnier/Elements/BIDS_datasets_selection/QTIM/sub-1289/ses-01/anat/sub-1289_ses-01_T1w_defacemask.nii.gz,,,,,sub-1289,ses-01,256,256,256,0.9375,0.9,0.9375,0.1777629852294922,16777216,15065828,0.8979933261871338,0.0,1.0,1.0,1.0,0.0,0.0,,,1.0,1.0,1.0,1.0,-2048.0,
QTIM,/run/media/falconnier/Elements/BIDS_datasets_selection/QTIM/sub-1289/ses-02/anat/sub-1289_ses-02_T1w_defacemask.nii.gz,,,,,sub-1289,ses-02,256,240,256,0.9375,0.9,0.9375,0.1686382293701172,15728640,14197506,0.9026531219482422,0.0,1.0,1.0,1.0,0.0,0.0,,,1.0,1.0,1.0,1.0,-2048.0,
QTIM,/run/media/falconnier/Elements/BIDS_datasets_selection/QTIM/sub-1289/ses-02/anat/sub-1289_ses-02_T1w.nii.gz,,,,,sub-1289,ses-02,256,240,256,0.9375,0.9,0.9375,14.941315650939941,15728640,14012753,0.8909068425496419,0.0,1687.0,51.92339314051993,14.0,82.32186741048703,8.0,6.841321873313435,2.4111367141256514,1.0,3.0,248.0,347.0,0.9923720287410062,
QTIM,/run/media/falconnier/Elements/BIDS_datasets_selection/QTIM/sub-1290/ses-01/anat/sub-1290_ses-01_T1w_defacemask.nii.gz,,,,,sub-1290,ses-01,256,256,256,0.9375,0.9,0.9375,0.18628406524658203,16777216,15084675,0.8991166949272156,0.0,1.0,1.0,1.0,0.0,0.0,,,1.0,1.0,1.0,1.0,-2048.0,
QTIM,/run/media/falconnier/Elements/BIDS_datasets_selection/QTIM/sub-1290/ses-01/anat/sub-1290_ses-01_T1w.nii.gz,,,,,sub-1290,ses-01,256,256,256,0.9375,0.9,0.9375,10.338482856750488,16777216,13915418,0.8294235467910767,0.0,421.0,10.899278627490744,3.0,17.68282380418646,2.0,8.833008917968682,2.64040320721843,1.0,1.0,52.0,77.0,2.4745395841447713,
QTIM,/run/media/falconnier/Elements/BIDS_datasets_selection/QTIM/sub-1293/ses-01/anat/sub-1293_ses-01_T1w_defacemask.nii.gz,,,,,sub-1293,ses-01,256,256,256,0.9375,0.9,0.9375,0.17827892303466797,16777216,14936193,0.890266478061676,0.0,1.0,1.0,1.0,0.0,0.0,,,1.0,1.0,1.0,1.0,-2048.0,
QTIM,/run/media/falconnier/Elements/BIDS_datasets_selection/QTIM/sub-1294/ses-01/anat/sub-1294_ses-01_T1w_defacemask.nii.gz,,,,,sub-1294,ses-01,192,256,256,0.9375,0.9,0.9375,0.1434612274169922,12582912,11181160,0.8885987599690756,0.0,1.0,1.0,1.0,0.0,0.0,,,1.0,1.0,1.0,1.0,-2048.0,
QTIM,/run/media/falconnier/Elements/BIDS_datasets_selection/QTIM/sub-1293/ses-01/anat/sub-1293_ses-01_T1w.nii.gz,,,,,sub-1293,ses-01,256,256,256,0.9375,0.9,0.9375,9.716535568237305,16777216,13298820,0.7926714420318604,0.0,346.0,10.191068004529725,3.0,16.15642287749604,2.0,8.158411359598377,2.5269286057340508,1.0,1.0,48.0,68.0,2.8620354167205315,
QTIM,/run/media/falconnier/Elements/BIDS_datasets_selection/QTIM/sub-1294/ses-01/anat/sub-1294_ses-01_T1w.nii.gz,,,,,sub-1294,ses-01,192,256,256,0.9375,0.9,0.9375,8.460526466369629,12582912,10570826,0.8400937716166178,0.0,478.0,17.06762735475922,5.0,22.98274029562278,4.0,3.7903765736445134,1.8334512080994194,1.0,1.0,68.0,89.0,2.6678150144047423,
QTIM,/run/media/falconnier/Elements/BIDS_datasets_selection/QTIM/sub-1295/ses-01/anat/sub-1295_ses-01_T1w_defacemask.nii.gz,,,,,sub-1295,ses-01,256,256,256,0.9375,0.9,0.9375,0.1754465103149414,16777216,14934368,0.8901576995849609,0.0,1.0,1.0,1.0,0.0,0.0,,,1.0,1.0,1.0,1.0,-2048.0,
QTIM,/run/media/falconnier/Elements/BIDS_datasets_selection/QTIM/sub-1295/ses-01/anat/sub-1295_ses-01_T1w.nii.gz,,,,,sub-1295,ses-01,256,256,256,0.9375,0.9,0.9375,9.605293273925781,16777216,13264834,0.7906457185745239,0.0,489.0,10.43936026640062,3.0,17.413379449572336,2.0,7.284242435389356,2.480889771610605,1.0,1.0,52.0,75.0,2.075301385398397,
QTIM,/run/media/falconnier/Elements/BIDS_datasets_selection/QTIM/sub-1295/ses-02/anat/sub-1295_ses-02_T1w_defacemask.nii.gz,,,,,sub-1295,ses-02,256,240,256,0.9375,0.9,0.9375,0.16622161865234375,15728640,14102044,0.8965838114420573,0.0,1.0,1.0,1.0,0.0,0.0,,,1.0,1.0,1.0,1.0,-2048.0,
QTIM,/run/media/falconnier/Elements/BIDS_datasets_selection/QTIM/sub-1296/ses-01/anat/sub-1296_ses-01_T1w_defacemask.nii.gz,,,,,sub-1296,ses-01,256,256,256,0.9375,0.9,0.9375,0.15485763549804688,16777216,15142556,0.90256667137146,0.0,1.0,1.0,1.0,0.0,0.0,,,1.0,1.0,1.0,1.0,-2048.0,
QTIM,/run/media/falconnier/Elements/BIDS_datasets_selection/QTIM/sub-1295/ses-02/anat/sub-1295_ses-02_T1w.nii.gz,,,,,sub-1295,ses-02,256,240,256,0.9375,0.9,0.9375,14.392203330993652,15728640,13902060,0.8838691711425781,0.0,1567.0,47.105774899547264,12.0,78.02803725045588,7.0,7.016141181404727,2.487621911968533,1.0,3.0,234.0,335.0,1.031505414042781,
QTIM,/run/media/falconnier/Elements/BIDS_datasets_selection/QTIM/sub-1296/ses-01/anat/sub-1296_ses-01_T1w.nii.gz,,,,,sub-1296,ses-01,256,256,256,0.9375,0.9,0.9375,10.35973834991455,16777216,13867900,0.8265912532806396,0.0,418.0,11.897924271158574,3.0,19.447767515858846,2.0,7.944191522873693,2.5306356555744194,1.0,1.0,58.0,83.0,2.519432322891783,
