dataset,path,error,tesla,manufacturer,model,subject,session,dim_x,dim_y,dim_z,voxel_x_mm,voxel_y_mm,voxel_z_mm,file_size_mb,n_voxels,n_nonzero,nonzero_frac,min,max,mean,median,std,mad,kurtosis,skewness,p01,p05,p95,p99,entropy,efc
RocklandSample2,/run/media/falconnier/Elements/BIDS_datasets_selection/RocklandSample2/sub-A00010893/ses-MRI1/anat/sub-A00010893_ses-MRI1_T1w.nii.gz,,,,,sub-A00010893,ses-MRI1,176.0,256.0,256.0,0.9999993443489075,1.0,0.9999999403953552,10.887925148010254,11534336.0,10264183.0,0.8898807005448774,0.0,1430.0,174.09124515804132,33.0,222.48921388756781,28.0,-0.10166122660069465,1.1297953462466115,2.0,4.0,624.0,744.0,1.4559677155216155,
RocklandSample2,/run/media/falconnier/Elements/BIDS_datasets_selection/RocklandSample2/sub-A00008326/ses-MRI1/anat/sub-A00008326_ses-MRI1_T1w.nii.gz,,,,,sub-A00008326,ses-MRI1,176.0,256.0,256.0,1.0,1.0,1.0,10.58796501159668,11534336.0,10258196.0,0.8893616416237571,0.0,2386.0,173.46140851666317,27.0,240.26772176118266,23.0,1.2825031153279483,1.4232169860966288,1.0,3.0,654.0,920.0,0.8581061060451249,
RocklandSample2,/run/media/falconnier/Elements/BIDS_datasets_selection/RocklandSample2/sub-A00022695/ses-MRI1/anat/sub-A00022695_ses-MRI1_T1w.nii.gz,,,,,sub-A00022695,ses-MRI1,176.0,256.0,256.0,1.0000016689300537,1.0,1.0,10.652667999267578,11534336.0,10151411.0,0.8801036314530806,0.0,1615.0,175.42888747189923,27.0,241.06219715821626,21.0,0.8499511469663692,1.3675592437566402,3.0,4.0,680.0,853.0,1.27050349607397,
RocklandSample2,/run/media/falconnier/Elements/BIDS_datasets_selection/RocklandSample2/sub-A00015238/ses-MRI1/anat/sub-A00015238_ses-MRI1_T1w.nii.gz,,,,,sub-A00015238,ses-MRI1,176.0,256.0,256.0,1.0,1.0,1.0,11.021446228027344,11534336.0,10219663.0,0.886020920493386,0.0,1875.0,232.21475610301437,74.0,269.3117521135537,71.0,-0.0691353035019624,0.9623673089150704,1.0,3.0,726.0,969.0,1.156347392438172,
RocklandSample2,/run/media/falconnier/Elements/BIDS_datasets_selection/RocklandSample2/sub-A00018181/ses-MRI1/anat/sub-A00018181_ses-MRI1_T1w.nii.gz,,,,,sub-A00018181,ses-MRI1,176.0,256.0,256.0,1.000006079673767,1.0,1.0,10.603286743164062,11534336.0,10128957.0,0.8781569220803,0.0,1315.0,137.94842183652275,86.0,144.04365461603385,81.0,0.2695630277224472,0.952483289613649,1.0,3.0,397.0,542.0,1.571239664833036,
RocklandSample2,/run/media/falconnier/Elements/BIDS_datasets_selection/RocklandSample2/sub-A00017133/ses-MRI1/anat/sub-A00017133_ses-MRI1_T1w.nii.gz,,,,,sub-A00017133,ses-MRI1,176.0,256.0,256.0,0.9999973177909851,1.0,1.0,10.803069114685059,11534336.0,10222290.0,0.8862486752596769,0.0,1581.0,175.90004666273407,38.0,213.15144237990927,35.0,-0.013412250336978015,1.05919519771208,2.0,4.0,586.0,760.0,1.3153803234309525,
RocklandSample2,/run/media/falconnier/Elements/BIDS_datasets_selection/RocklandSample2/sub-A00027470/ses-MRI1/anat/sub-A00027470_ses-MRI1_T1w.nii.gz,,,,,sub-A00027470,ses-MRI1,176.0,256.0,256.0,1.0,1.0,1.0,10.022589683532715,11534336.0,10189811.0,0.8834328217939897,0.0,1306.0,133.6403421025179,23.0,186.36662345151348,18.0,0.9264985674047721,1.3994287320605971,2.0,4.0,531.0,658.0,1.4951073173480462,
RocklandSample2,/run/media/falconnier/Elements/BIDS_datasets_selection/RocklandSample2/sub-A00028794/ses-MRI1/anat/sub-A00028794_ses-MRI1_T1w.nii.gz,,,,,sub-A00028794,ses-MRI1,176.0,256.0,256.0,1.0,1.0,1.0,9.870640754699707,11534336.0,10191223.0,0.8835552388971503,0.0,1700.0,125.87693292551836,23.0,166.32317947086642,20.0,0.8851941423564833,1.2689916404522956,1.0,2.0,448.0,579.0,1.1351117726343867,
RocklandSample2,/run/media/falconnier/Elements/BIDS_datasets_selection/RocklandSample2/sub-A00032347/ses-MRI1/anat/sub-A00032347_ses-MRI1_T1w.nii.gz,,,,,sub-A00032347,ses-MRI1,176.0,256.0,256.0,1.0,1.0,1.0,10.538599014282227,11534336.0,10299599.0,0.892951185053045,0.0,1328.0,171.58859776968015,26.0,244.14438326984887,19.0,0.7037413757452926,1.3922105808893945,2.0,4.0,708.0,858.0,1.5235519890668578,
RocklandSample2,/run/media/falconnier/Elements/BIDS_datasets_selection/RocklandSample2/sub-A00030989/ses-MRI1/anat/sub-A00030989_ses-MRI1_T1w.nii.gz,,,,,sub-A00030989,ses-MRI1,176.0,256.0,256.0,0.999999463558197,0.9999999403953552,1.0,10.418293952941895,11534336.0,10146303.0,0.8796607797796075,0.0,1661.0,160.36120998949076,26.0,222.64052202882561,20.0,0.608923460150582,1.3563493842676848,2.0,4.0,642.0,776.0,1.2218332374205385,
RocklandSample2,/run/media/falconnier/Elements/BIDS_datasets_selection/RocklandSample2/sub-A00031452/ses-MRI1/anat/sub-A00031452_ses-MRI1_T1w.nii.gz,,,,,sub-A00031452,ses-MRI1,176.0,256.0,256.0,1.0,1.0,1.0,10.748786926269531,11534336.0,10211679.0,0.8853287263350054,0.0,1126.0,154.57152677830942,43.0,183.74943105739905,39.0,-0.055659317327095614,1.045982214236568,2.0,4.0,510.0,634.0,1.835295759922327,
RocklandSample2,/run/media/falconnier/Elements/BIDS_datasets_selection/RocklandSample2/sub-A00032875/ses-MRI1/anat/sub-A00032875_ses-MRI1_T1w.nii.gz,,,,,sub-A00032875,ses-MRI1,176.0,256.0,256.0,1.0,1.0,1.0,9.974212646484375,11534336.0,10209523.0,0.8851418061689897,0.0,1562.0,135.23304751847857,22.0,188.11256775126643,18.0,1.032155984188039,1.3844770563812154,1.0,2.0,524.0,675.0,1.2443532549441814,
RocklandSample2,/run/media/falconnier/Elements/BIDS_datasets_selection/RocklandSample2/sub-A00031452/ses-MRI2/anat/sub-A00031452_ses-MRI2_T1w.nii.gz,,,,,sub-A00031452,ses-MRI2,176.0,256.0,256.0,1.0,1.0,1.0,10.87905502319336,11534336.0,10118821.0,0.8772781545465643,0.0,1839.0,178.69574409904078,58.0,206.72534303296854,55.0,-0.00890762490126873,0.9995263032452625,1.0,3.0,565.0,719.0,1.1515280063285578,
RocklandSample2,/run/media/falconnier/Elements/BIDS_datasets_selection/RocklandSample2/sub-A00032888/ses-MRI1/anat/sub-A00032888_ses-MRI1_T1w.nii.gz,,,,,sub-A00032888,ses-MRI1,176.0,256.0,256.0,1.0,1.0,1.0,10.81333065032959,11534336.0,10117824.0,0.8771917169744318,0.0,2100.0,206.67680916370952,34.0,261.86452183539456,30.0,0.268756792539496,1.1430541991998213,2.0,4.0,723.0,901.0,1.007553762151551,
RocklandSample2,/run/media/falconnier/Elements/BIDS_datasets_selection/RocklandSample2/sub-A00035440/ses-MRI1/anat/sub-A00035440_ses-MRI1_T1w.nii.gz,,,,,sub-A00035440,ses-MRI1,176.0,256.0,256.0,1.0000001192092896,1.0,0.9999999403953552,10.495119094848633,11534336.0,10139418.0,0.8790638663552024,0.0,1569.0,176.74271264879306,26.0,243.04397588238587,21.0,0.8647165788374669,1.3607305829028846,2.0,3.0,683.0,844.0,1.3031141930298695,
RocklandSample2,/run/media/falconnier/Elements/BIDS_datasets_selection/RocklandSample2/sub-A00033998/ses-MRI1/anat/sub-A00033998_ses-MRI1_T1w.nii.gz,,,,,sub-A00033998,ses-MRI1,176.0,256.0,256.0,0.9999949336051941,0.9999999403953552,1.0,10.745667457580566,11534336.0,10080723.0,0.8739751469005238,0.0,1493.0,195.40504594759722,48.0,232.54511459135466,45.0,0.2088622424096198,1.0558535934226245,2.0,3.0,637.0,806.0,1.420501059097724,
RocklandSample2,/run/media/falconnier/Elements/BIDS_datasets_selection/RocklandSample2/sub-A00035377/ses-MRI1/anat/sub-A00035377_ses-MRI1_T1w.nii.gz,,,,,sub-A00035377,ses-MRI1,176.0,256.0,256.0,0.9999995231628418,1.0,1.0,10.358389854431152,11534336.0,10081424.0,0.8740359219637784,0.0,1211.0,158.76318256230468,40.0,192.75303178040872,36.0,0.0726172169411381,1.0756052369591218,2.0,3.0,531.0,667.0,1.6955582473742565,
RocklandSample2,/run/media/falconnier/Elements/BIDS_datasets_selection/RocklandSample2/sub-A00035827/ses-MRI1/anat/sub-A00035827_ses-MRI1_T1w.nii.gz,,,,,sub-A00035827,ses-MRI1,176.0,256.0,256.0,1.000000238418579,1.0,1.0,10.447745323181152,11534336.0,10064707.0,0.8725865970958363,0.0,1876.0,183.77447450780235,34.0,225.23740564926746,31.0,-0.051700774580408115,1.0117442927639728,2.0,3.0,593.0,757.0,1.091525773016211,
RocklandSample2,/run/media/falconnier/Elements/BIDS_datasets_selection/RocklandSample2/sub-A00035699/ses-MRI1/anat/sub-A00035699_ses-MRI1_T1w.nii.gz,,,,,sub-A00035699,ses-MRI1,176.0,256.0,256.0,1.0,1.0,1.0,10.81950855255127,11534336.0,10176001.0,0.8822355270385742,0.0,1402.0,185.84973999118122,33.0,248.63138483181345,27.0,0.5016508390335828,1.2871231790534552,2.0,4.0,692.0,876.0,1.497200849167866,
RocklandSample2,/run/media/falconnier/Elements/BIDS_datasets_selection/RocklandSample2/sub-A00037111/ses-MRI1/anat/sub-A00037111_ses-MRI1_T1w.nii.gz,,,,,sub-A00037111,ses-MRI1,176.0,256.0,256.0,0.9999967813491821,1.0000001192092896,1.0000001192092896,10.991584777832031,11534336.0,10113778.0,0.8768409382213246,0.0,1860.0,190.86467895577695,43.0,243.9958806924391,39.0,0.23673400749565854,1.2079618361989701,2.0,4.0,691.0,830.0,1.1550783058729162,
RocklandSample2,/run/media/falconnier/Elements/BIDS_datasets_selection/RocklandSample2/sub-A00037122/ses-MRI1/anat/sub-A00037122_ses-MRI1_T1w.nii.gz,,,,,sub-A00037122,ses-MRI1,104.0,256.0,256.0,1.0000035762786865,1.0,1.0000001192092896,6.837080955505371,6815744.0,6098570.0,0.894776857816256,0.0,1367.0,216.56680221756903,88.0,238.92279965534695,82.0,-0.5390280334635733,0.8287102981560988,3.0,5.0,648.0,790.0,1.5923107013793945,
RocklandSample2,/run/media/falconnier/Elements/BIDS_datasets_selection/RocklandSample2/sub-A00037190/ses-MRI2/anat/sub-A00037190_ses-MRI2_T1w.nii.gz,,,,,sub-A00037190,ses-MRI2,176.0,256.0,256.0,1.0,1.0,1.0,10.220634460449219,11534336.0,10300929.0,0.8930664929476652,0.0,1334.0,127.1285474348964,25.0,175.21935514897098,20.0,0.730864052607513,1.3778813692245604,1.0,3.0,498.0,619.0,1.472618748347498,
RocklandSample2,/run/media/falconnier/Elements/BIDS_datasets_selection/RocklandSample2/sub-A00038189/ses-MRI1/anat/sub-A00038189_ses-MRI1_T1w.nii.gz,,,,,sub-A00038189,ses-MRI1,176.0,256.0,256.0,0.9999978542327881,1.0,1.0,10.17073917388916,11534336.0,10096321.0,0.8753274570811879,0.0,897.0,119.08419918502987,35.0,143.33686855618245,31.0,0.13400380163381875,1.131885933398161,2.0,3.0,405.0,505.0,2.222065533917598,
RocklandSample2,/run/media/falconnier/Elements/BIDS_datasets_selection/RocklandSample2/sub-A00037457/ses-MRI1/anat/sub-A00037457_ses-MRI1_T1w.nii.gz,,,,,sub-A00037457,ses-MRI1,176.0,256.0,256.0,1.0,1.0,1.0,11.075611114501953,11534336.0,10194528.0,0.8838417746803977,0.0,1567.0,215.30955390970527,35.0,281.06977352119844,30.0,0.21100905628044675,1.2058969181417416,2.0,4.0,799.0,958.0,1.3703675075179527,
RocklandSample2,/run/media/falconnier/Elements/BIDS_datasets_selection/RocklandSample2/sub-A00037122/ses-MRI2/anat/sub-A00037122_ses-MRI2_T1w.nii.gz,,,,,sub-A00037122,ses-MRI2,176.0,256.0,256.0,1.0,1.0,1.0,10.529407501220703,11534336.0,10072271.0,0.8732423782348633,0.0,1320.0,179.01273178610862,35.0,218.13822398679105,31.0,-0.1441360647039276,1.0138203725909638,2.0,4.0,591.0,726.0,1.5622917112646102,
RocklandSample2,/run/media/falconnier/Elements/BIDS_datasets_selection/RocklandSample2/sub-A00038414/ses-MRI1/anat/sub-A00038414_ses-MRI1_T1w.nii.gz,,,,,sub-A00038414,ses-MRI1,176.0,256.0,256.0,0.9999995827674866,1.0,1.0,10.216230392456055,11534336.0,10262572.0,0.8897410306063566,0.0,970.0,111.98016939613188,25.0,147.13912826365365,21.0,0.9418983692322347,1.4013495680536887,2.0,4.0,437.0,535.0,2.015122794891696,
RocklandSample2,/run/media/falconnier/Elements/BIDS_datasets_selection/RocklandSample2/sub-A00038616/ses-MRI1/anat/sub-A00038616_ses-MRI1_T1w.nii.gz,,,,,sub-A00038616,ses-MRI1,176.0,256.0,256.0,1.0,1.0,1.0,11.157268524169922,11534336.0,10256419.0,0.889207579872825,0.0,1680.0,200.58639024010233,44.0,243.41572485840413,39.0,-0.24330366587691854,1.0387575811095748,3.0,5.0,685.0,814.0,1.2804814310113015,
RocklandSample2,/run/media/falconnier/Elements/BIDS_datasets_selection/RocklandSample2/sub-A00038661/ses-MRI1/anat/sub-A00038661_ses-MRI1_T1w.nii.gz,,,,,sub-A00038661,ses-MRI1,176.0,256.0,256.0,1.0,1.0,1.0,11.661575317382812,11534336.0,10247897.0,0.8884687423706055,0.0,3099.0,233.89029407692135,101.0,258.4738749975055,95.0,0.5342457393707538,1.0027573674316679,2.0,5.0,701.0,929.0,0.7240510648282096,
RocklandSample2,/run/media/falconnier/Elements/BIDS_datasets_selection/RocklandSample2/sub-A00038957/ses-MRI1/anat/sub-A00038957_ses-MRI1_T1w.nii.gz,,,,,sub-A00038957,ses-MRI1,176.0,256.0,256.0,1.000004768371582,1.0,1.0,10.543522834777832,11534336.0,10083157.0,0.874186169017445,0.0,1060.0,143.8570876165074,55.0,163.319701884713,51.0,-0.40127341502551106,0.9392775955803386,2.0,4.0,458.0,549.0,1.9383892075354918,
RocklandSample2,/run/media/falconnier/Elements/BIDS_datasets_selection/RocklandSample2/sub-A00039593/ses-MRI1/anat/sub-A00039593_ses-MRI1_T1w.nii.gz,,,,,sub-A00039593,ses-MRI1,176.0,256.0,256.0,1.0,1.0,1.0,10.358762741088867,11534336.0,10226994.0,0.8866565010764382,0.0,1018.0,135.96581869511218,26.0,185.00102513027286,21.0,1.043848185797411,1.4345773223489928,2.0,4.0,545.0,668.0,1.9659538481183387,
RocklandSample2,/run/media/falconnier/Elements/BIDS_datasets_selection/RocklandSample2/sub-A00039353/ses-MRI1/anat/sub-A00039353_ses-MRI1_T1w.nii.gz,,,,,sub-A00039353,ses-MRI1,176.0,256.0,256.0,1.0000016689300537,1.0,1.0,10.140203475952148,11534336.0,10075173.0,0.8734939748590643,0.0,1216.0,154.5909972960266,22.0,221.558018826534,17.0,0.8046555025031408,1.409192596304192,2.0,3.0,625.0,775.0,1.6316395120050453,
RocklandSample2,/run/media/falconnier/Elements/BIDS_datasets_selection/RocklandSample2/sub-A00039560/ses-MRI1/anat/sub-A00039560_ses-MRI1_T1w.nii.gz,,,,,sub-A00039560,ses-MRI1,176.0,256.0,256.0,1.0000001192092896,1.0,1.0,10.524404525756836,11534336.0,10330543.0,0.895633957602761,0.0,1447.0,139.47513697973088,41.0,165.07392942330617,38.0,0.21247892341377295,1.076307533013357,2.0,3.0,448.0,609.0,1.3945468863339945,
RocklandSample2,/run/media/falconnier/Elements/BIDS_datasets_selection/RocklandSample2/sub-A00039391/ses-MRI1/anat/sub-A00039391_ses-MRI1_T1w.nii.gz,,,,,sub-A00039391,ses-MRI1,176.0,256.0,256.0,1.0000015497207642,0.9999999403953552,1.0,10.61550521850586,11534336.0,10210471.0,0.8852239955555309,0.0,1252.0,147.2759822734916,55.0,168.11772980107247,51.0,0.06647056252945616,1.0182278029446683,2.0,3.0,460.0,614.0,1.648923995069943,
RocklandSample2,/run/media/falconnier/Elements/BIDS_datasets_selection/RocklandSample2/sub-A00039635/ses-MRI2/anat/sub-A00039635_ses-MRI2_T1w.nii.gz,,,,,sub-A00039635,ses-MRI2,176.0,256.0,256.0,1.0,1.0,1.0,10.541452407836914,11534336.0,10216267.0,0.8857264952226118,0.0,1367.0,144.7754046561234,53.0,164.69864538907538,50.0,-0.2528235374951304,0.94249376950084,2.0,3.0,457.0,568.0,1.48938001724233,
RocklandSample2,/run/media/falconnier/Elements/BIDS_datasets_selection/RocklandSample2/sub-A00039846/ses-MRI1/anat/sub-A00039846_ses-MRI1_T1w.nii.gz,,,,,sub-A00039846,ses-MRI1,176.0,256.0,256.0,1.000005841255188,1.0000001192092896,1.0,10.759479522705078,11534336.0,10089351.0,0.8747231743552468,0.0,1726.0,186.55281979980674,31.0,249.83584596749375,26.0,0.641393487565499,1.3077773936141879,2.0,4.0,703.0,857.0,1.214680148107225,
RocklandSample2,/run/media/falconnier/Elements/BIDS_datasets_selection/RocklandSample2/sub-A00039943/ses-MRI1/anat/sub-A00039943_ses-MRI1_T1w.nii.gz,,,,,sub-A00039943,ses-MRI1,176.0,256.0,256.0,1.0,1.0,1.0,10.725468635559082,11534336.0,10123615.0,0.8776937831531871,0.0,1715.0,175.3922395310371,59.0,200.5926763697199,55.0,-0.2833047267723532,0.9429555750224841,2.0,4.0,567.0,680.0,1.2263200810370731,
RocklandSample2,/run/media/falconnier/Elements/BIDS_datasets_selection/RocklandSample2/sub-A00039975/ses-MRI1/anat/sub-A00039975_ses-MRI1_T1w.nii.gz,,,,,sub-A00039975,ses-MRI1,176.0,256.0,256.0,1.0,1.0,1.0,10.196438789367676,11534336.0,10091269.0,0.874889460476962,0.0,1482.0,127.60114124398032,32.0,162.44701340544515,28.0,0.9000122366824432,1.296799428286176,2.0,3.0,452.0,579.0,1.3480884566441362,
RocklandSample2,/run/media/falconnier/Elements/BIDS_datasets_selection/RocklandSample2/sub-A00039895/ses-MRI1/anat/sub-A00039895_ses-MRI1_T1w.nii.gz,,,,,sub-A00039895,ses-MRI1,176.0,256.0,256.0,1.0,1.0,1.0,10.572668075561523,11534336.0,10304319.0,0.8933603980324485,0.0,1704.0,147.2751690820131,37.0,179.83818784616253,34.0,0.2626598779995435,1.1063972003854732,1.0,2.0,493.0,630.0,1.1936050052787208,
RocklandSample2,/run/media/falconnier/Elements/BIDS_datasets_selection/RocklandSample2/sub-A00040286/ses-MRI1/anat/sub-A00040286_ses-MRI1_T1w.nii.gz,,,,,sub-A00040286,ses-MRI1,176.0,256.0,256.0,0.9999979734420776,1.0,1.0,10.3783540725708,11534336.0,10126363.0,0.8779320283369585,0.0,1193.0,153.8013621474956,30.0,199.70828940497938,25.0,0.36564772073126894,1.232644364734008,3.0,4.0,563.0,697.0,1.7040626188041024,
RocklandSample2,/run/media/falconnier/Elements/BIDS_datasets_selection/RocklandSample2/sub-A00040111/ses-MRI2/anat/sub-A00040111_ses-MRI2_T1w.nii.gz,,,,,sub-A00040111,ses-MRI2,176.0,256.0,256.0,1.0000066757202148,0.9999999403953552,1.0,10.948391914367676,11534336.0,10232312.0,0.887117559259588,0.0,1931.0,201.3459505535015,35.0,263.89280394585086,30.0,0.38407343694149576,1.2452005693179444,2.0,5.0,757.0,898.0,1.1032681716940438,
RocklandSample2,/run/media/falconnier/Elements/BIDS_datasets_selection/RocklandSample2/sub-A00040301/ses-MRI1/anat/sub-A00040301_ses-MRI1_T1w.nii.gz,,,,,sub-A00040301,ses-MRI1,176.0,256.0,256.0,1.0000050067901611,0.9999999403953552,1.0,10.608322143554688,11534336.0,10234631.0,0.8873186111450195,0.0,1486.0,161.31918952427304,67.0,180.05304104574688,64.0,-0.37346909229299063,0.8786423540712404,1.0,3.0,498.0,614.0,1.3894908433654574,
RocklandSample2,/run/media/falconnier/Elements/BIDS_datasets_selection/RocklandSample2/sub-A00040581/ses-MRI1/anat/sub-A00040581_ses-MRI1_T1w.nii.gz,,,,,sub-A00040581,ses-MRI1,176.0,256.0,256.0,1.0,1.0,1.0,11.020780563354492,11534336.0,10122197.0,0.8775708458640359,0.0,1513.0,206.12136624094552,34.0,271.000815863909,28.0,0.30858643550206954,1.220879851640871,2.0,4.0,765.0,941.0,1.4075958905684147,
RocklandSample2,/run/media/falconnier/Elements/BIDS_datasets_selection/RocklandSample2/sub-A00040594/ses-MRI1/anat/sub-A00040594_ses-MRI1_T1w.nii.gz,,,,,sub-A00040594,ses-MRI1,176.0,256.0,256.0,1.0,1.0,1.0,10.66365909576416,11534336.0,10078316.0,0.873766465620561,0.0,1144.0,164.2404762859192,48.0,189.45306867445288,45.0,-0.16136375728907382,0.9753054681345279,2.0,3.0,524.0,641.0,1.8314945785392238,
RocklandSample2,/run/media/falconnier/Elements/BIDS_datasets_selection/RocklandSample2/sub-A00040342/ses-MRI1/anat/sub-A00040342_ses-MRI1_T1w.nii.gz,,,,,sub-A00040342,ses-MRI1,176.0,256.0,256.0,1.0,1.0,1.0,11.215680122375488,11534336.0,10479879.0,0.9085810401222922,0.0,1421.0,174.60519086145936,111.0,178.81294586276042,104.0,-0.4023387115359416,0.824060079853821,3.0,4.0,511.0,613.0,1.513150987085746,
RocklandSample2,/run/media/falconnier/Elements/BIDS_datasets_selection/RocklandSample2/sub-A00040891/ses-MRI1/anat/sub-A00040891_ses-MRI1_T1w.nii.gz,,,,,sub-A00040891,ses-MRI1,176.0,256.0,256.0,1.0,0.9765625,0.9765625,9.978903770446777,11534336.0,9496669.0,0.8233390287919478,0.0,1319.0,148.72194397846235,19.0,195.0041507970961,18.0,1.2486643059486795,1.341749247442262,1.0,1.0,525.0,791.0,1.450202076934941,
RocklandSample2,/run/media/falconnier/Elements/BIDS_datasets_selection/RocklandSample2/sub-A00040604/ses-MRI1/anat/sub-A00040604_ses-MRI1_T1w.nii.gz,,,,,sub-A00040604,ses-MRI1,176.0,256.0,256.0,0.9999973177909851,0.9999999403953552,0.9999999403953552,10.386857032775879,11534336.0,10042909.0,0.8706967613913796,0.0,1557.0,176.8383279187335,31.0,237.37940542768095,26.0,0.10838835031845884,1.215133848970354,2.0,4.0,672.0,796.0,1.324250929602658,
RocklandSample2,/run/media/falconnier/Elements/BIDS_datasets_selection/RocklandSample2/sub-A00040640/ses-MRI1/anat/sub-A00040640_ses-MRI1_T1w.nii.gz,,,,,sub-A00040640,ses-MRI1,176.0,256.0,256.0,0.9999982118606567,0.9999999403953552,1.0,10.667214393615723,11534336.0,10274303.0,0.8907580809159712,0.0,1675.0,168.90875926084718,30.0,229.47983681721362,25.0,0.31205268422850985,1.281898977459563,2.0,3.0,660.0,788.0,1.2301869506140786,
RocklandSample2,/run/media/falconnier/Elements/BIDS_datasets_selection/RocklandSample2/sub-A00040944/ses-MRI1/anat/sub-A00040944_ses-MRI1_T1w.nii.gz,,,,,sub-A00040944,ses-MRI1,176.0,256.0,256.0,1.0000005960464478,1.0,1.0,10.138713836669922,11534336.0,10138180.0,0.8789565346457742,0.0,1267.0,138.46475146426675,25.0,178.85403579462752,21.0,0.08825150889639044,1.1556749806406899,2.0,3.0,498.0,605.0,1.5640797856667645,
RocklandSample2,/run/media/falconnier/Elements/BIDS_datasets_selection/RocklandSample2/sub-A00040990/ses-MRI1/anat/sub-A00040990_ses-MRI1_T1w.nii.gz,,,,,sub-A00040990,ses-MRI1,176.0,256.0,256.0,1.0,1.0,1.0,10.492119789123535,11534336.0,10212650.0,0.8854129097678445,0.0,1920.0,160.0527505593553,28.0,212.10755541139935,24.0,0.6120647096833536,1.2710366396970207,1.0,3.0,592.0,752.0,1.0592053881696195,
RocklandSample2,/run/media/falconnier/Elements/BIDS_datasets_selection/RocklandSample2/sub-A00041064/ses-MRI1/anat/sub-A00041064_ses-MRI1_T1w.nii.gz,,,,,sub-A00041064,ses-MRI1,176.0,256.0,256.0,0.9999990463256836,1.0,0.9999999403953552,10.37729549407959,11534336.0,10040074.0,0.8704509735107422,0.0,1869.0,156.68423758629666,30.0,214.213634218358,24.0,0.9358156381877625,1.408294833839376,2.0,4.0,626.0,746.0,1.0979252804968376,
RocklandSample2,/run/media/falconnier/Elements/BIDS_datasets_selection/RocklandSample2/sub-A00043521/ses-MRI1/anat/sub-A00043521_ses-MRI1_T1w.nii.gz,,,,,sub-A00043521,ses-MRI1,176.0,256.0,256.0,1.0,1.0,1.0,10.610795974731445,11534336.0,10123689.0,0.8777001987804066,0.0,1514.0,199.8175688723745,29.0,263.84186368706895,24.0,0.3441255707538917,1.2096025197742488,2.0,4.0,728.0,919.0,1.376379484135216,
RocklandSample2,/run/media/falconnier/Elements/BIDS_datasets_selection/RocklandSample2/sub-A00041503/ses-MRI1/anat/sub-A00041503_ses-MRI1_T1w.nii.gz,,,,,sub-A00041503,ses-MRI1,176.0,256.0,256.0,1.0,0.9765625,0.9765625,9.759397506713867,11534336.0,9587609.0,0.8312233144586737,0.0,1071.0,127.1758228772158,17.0,157.2011145323538,16.0,-0.17323329169301038,0.9768044555907399,1.0,1.0,424.0,514.0,1.7222242732001967,
RocklandSample2,/run/media/falconnier/Elements/BIDS_datasets_selection/RocklandSample2/sub-A00043325/ses-MRI1/anat/sub-A00043325_ses-MRI1_T1w.nii.gz,,,,,sub-A00043325,ses-MRI1,176.0,256.0,256.0,1.0,1.0,1.0,10.900590896606445,11534336.0,10212316.0,0.8853839527476918,0.0,1093.0,159.27535761721435,63.0,179.49923014349943,58.0,0.029320627166514512,1.0167012111804146,2.0,4.0,510.0,634.0,1.9322743500231387,
RocklandSample2,/run/media/falconnier/Elements/BIDS_datasets_selection/RocklandSample2/sub-A00043634/ses-MRI1/anat/sub-A00043634_ses-MRI1_T1w.nii.gz,,,,,sub-A00043634,ses-MRI1,176.0,256.0,256.0,1.0,1.0,1.0,10.288307189941406,11534336.0,10222038.0,0.8862268274480646,0.0,1627.0,134.21607618754695,31.0,168.85818922068938,28.0,0.2981297224960149,1.1696055998637744,1.0,3.0,469.0,580.0,1.2297750778270793,
RocklandSample2,/run/media/falconnier/Elements/BIDS_datasets_selection/RocklandSample2/sub-A00043739/ses-MRI1/anat/sub-A00043739_ses-MRI1_T1w.nii.gz,,,,,sub-A00043739,ses-MRI1,176.0,256.0,256.0,1.0,1.0,1.0,10.435992240905762,11534336.0,10223947.0,0.8863923332907937,0.0,1251.0,154.4625691036935,26.0,212.25164665760278,21.0,0.6244575157872965,1.3430594801795126,2.0,4.0,602.0,738.0,1.6122595314438048,
RocklandSample2,/run/media/falconnier/Elements/BIDS_datasets_selection/RocklandSample2/sub-A00043762/ses-MRI1/anat/sub-A00043762_ses-MRI1_T1w.nii.gz,,,,,sub-A00043762,ses-MRI1,176.0,256.0,256.0,1.0,1.0,1.0,10.921398162841797,11534336.0,10270494.0,0.8904278495094993,0.0,1559.0,194.85073337270828,34.0,255.86080628238304,30.0,0.5998910284103345,1.2636318769037302,2.0,3.0,710.0,904.0,1.3527298420342957,
RocklandSample2,/run/media/falconnier/Elements/BIDS_datasets_selection/RocklandSample2/sub-A00045919/ses-MRI1/anat/sub-A00045919_ses-MRI1_T1w.nii.gz,,,,,sub-A00045919,ses-MRI1,176.0,256.0,256.0,1.0,1.0,1.0,10.160988807678223,11534336.0,10304206.0,0.8933506011962891,0.0,1428.0,126.41536194055126,27.0,160.16440545501254,24.0,0.31594265868356475,1.1821914552670332,1.0,3.0,447.0,573.0,1.3762207371112316,
RocklandSample2,/run/media/falconnier/Elements/BIDS_datasets_selection/RocklandSample2/sub-A00045854/ses-MRI2/anat/sub-A00045854_ses-MRI2_T1w.nii.gz,,,,,sub-A00045854,ses-MRI2,176.0,256.0,256.0,1.0,1.0,1.0,10.73208236694336,11534336.0,10310738.0,0.8939169103449042,0.0,1371.0,169.53658254142428,26.0,249.23398528290824,18.0,1.1436797109090842,1.516244975155953,3.0,5.0,718.0,897.0,1.4759038728997678,
RocklandSample2,/run/media/falconnier/Elements/BIDS_datasets_selection/RocklandSample2/sub-A00046753/ses-MRI1/anat/sub-A00046753_ses-MRI1_T1w.nii.gz,,,,,sub-A00046753,ses-MRI1,176.0,256.0,256.0,1.0,1.0,1.0,10.665687561035156,11534336.0,10166196.0,0.8813854564319957,0.0,2122.0,184.07560979544365,33.0,230.65698348674854,29.0,-0.04730925576872158,1.0775825388847275,1.0,3.0,632.0,767.0,0.9819346424092672,
RocklandSample2,/run/media/falconnier/Elements/BIDS_datasets_selection/RocklandSample2/sub-A00045854/ses-MRI1/anat/sub-A00045854_ses-MRI1_T1w.nii.gz,,,,,sub-A00045854,ses-MRI1,176.0,256.0,256.0,1.0000007152557373,1.0,1.0,10.174803733825684,11534336.0,10061027.0,0.8722675496881659,0.0,1424.0,165.56272764201904,23.0,239.64681302956632,18.0,0.7211139648007769,1.3976907767378348,2.0,3.0,675.0,832.0,1.4004051233868389,
RocklandSample2,/run/media/falconnier/Elements/BIDS_datasets_selection/RocklandSample2/sub-A00048030/ses-MRI1/anat/sub-A00048030_ses-MRI1_T1w.nii.gz,,,,,sub-A00048030,ses-MRI1,176.0,256.0,256.0,1.0,1.0,1.0,10.097827911376953,11534336.0,10275960.0,0.890901738947088,0.0,1270.0,149.2514893012429,21.0,228.0297270853112,14.0,1.1471129078319038,1.5513691576017976,3.0,4.0,671.0,819.0,1.530795726369123,
RocklandSample2,/run/media/falconnier/Elements/BIDS_datasets_selection/RocklandSample2/sub-A00048030/ses-MRI2/anat/sub-A00048030_ses-MRI2_T1w.nii.gz,,,,,sub-A00048030,ses-MRI2,176.0,256.0,256.0,1.0,1.0,1.0,10.583353996276855,11534336.0,10391562.0,0.9009241624311968,0.0,1381.0,140.24070972198405,28.0,209.44201107059624,18.0,1.5267152711388388,1.6478369447969508,3.0,6.0,631.0,778.0,1.4389391134774594,
RocklandSample2,/run/media/falconnier/Elements/BIDS_datasets_selection/RocklandSample2/sub-A00050016/ses-MRI1/anat/sub-A00050016_ses-MRI1_T1w.nii.gz,,,,,sub-A00050016,ses-MRI1,176.0,256.0,256.0,1.0000017881393433,1.0,0.9999999403953552,10.556467056274414,11534336.0,9974474.0,0.8647636066783558,0.0,1477.0,184.8741797311818,32.0,242.4450198341584,28.0,0.3893761820851105,1.234517123365627,2.0,3.0,683.0,829.0,1.4164921489157936,
RocklandSample2,/run/media/falconnier/Elements/BIDS_datasets_selection/RocklandSample2/sub-A00050721/ses-MRI1/anat/sub-A00050721_ses-MRI1_T1w.nii.gz,,,,,sub-A00050721,ses-MRI1,176.0,256.0,256.0,1.0000065565109253,0.9999999403953552,1.0,10.254229545593262,11534336.0,10090741.0,0.8748436841097745,0.0,1430.0,155.262833125932,24.0,218.7295496492244,19.0,0.8448060758559977,1.4111151465090421,2.0,4.0,632.0,762.0,1.4030490361190475,
RocklandSample2,/run/media/falconnier/Elements/BIDS_datasets_selection/RocklandSample2/sub-A00050837/ses-MRI1/anat/sub-A00050837_ses-MRI1_T1w.nii.gz,,,,,sub-A00050837,ses-MRI1,176.0,256.0,256.0,0.9999997019767761,1.0,0.9999999403953552,10.562106132507324,11534336.0,10154659.0,0.8803852254694159,0.0,2167.0,174.76949999010307,33.0,222.24955781077986,30.0,0.0586867902100936,1.130520752827796,1.0,3.0,615.0,750.0,0.9587823237199404,
RocklandSample2,/run/media/falconnier/Elements/BIDS_datasets_selection/RocklandSample2/sub-A00051456/ses-MRI1/anat/sub-A00051456_ses-MRI1_run-01_T1w.nii.gz,,,,,sub-A00051456,ses-MRI1,176.0,256.0,256.0,1.0,1.0,1.0,11.070550918579102,11534336.0,10259521.0,0.8894765160300515,0.0,2018.0,183.94666710073503,38.0,243.91546190547382,33.0,0.9228470553673809,1.3568748000344204,2.0,4.0,674.0,913.0,1.0530803770088941,
RocklandSample2,/run/media/falconnier/Elements/BIDS_datasets_selection/RocklandSample2/sub-A00050848/ses-MRI1/anat/sub-A00050848_ses-MRI1_T1w.nii.gz,,,,,sub-A00050848,ses-MRI1,176.0,256.0,256.0,0.9999958276748657,1.0,0.9999999403953552,10.77029800415039,11534336.0,10141329.0,0.8792295455932617,0.0,1409.0,200.285126337978,33.0,251.59849389548972,28.0,-0.36645278171401374,1.0320210161806898,3.0,5.0,705.0,824.0,1.4967242480256024,
RocklandSample2,/run/media/falconnier/Elements/BIDS_datasets_selection/RocklandSample2/sub-A00051456/ses-MRI1/anat/sub-A00051456_ses-MRI1_run-02_T1w.nii.gz,,,,,sub-A00051456,ses-MRI1,176.0,256.0,256.0,1.0,1.0,1.0,11.070549964904785,11534336.0,10259521.0,0.8894765160300515,0.0,2018.0,183.94666710073503,38.0,243.91546190547382,33.0,0.9228470553673809,1.3568748000344204,2.0,4.0,674.0,913.0,1.0530803770088941,
RocklandSample2,/run/media/falconnier/Elements/BIDS_datasets_selection/RocklandSample2/sub-A00051539/ses-MRI1/anat/sub-A00051539_ses-MRI1_T1w.nii.gz,,,,,sub-A00051539,ses-MRI1,176.0,256.0,256.0,1.0,1.0,1.0,10.038220405578613,11534336.0,10241802.0,0.8879403201016512,0.0,908.0,123.77668861397633,27.0,152.93904654945771,24.0,-0.12878075201487071,1.0580436038575538,1.0,2.0,423.0,525.0,2.1377691534530436,
RocklandSample2,/run/media/falconnier/Elements/BIDS_datasets_selection/RocklandSample2/sub-A00051609/ses-MRI1/anat/sub-A00051609_ses-MRI1_T1w.nii.gz,,,,,sub-A00051609,ses-MRI1,176.0,256.0,256.0,1.0,1.0,1.0,10.572137832641602,11534336.0,10294019.0,0.8924674120816317,0.0,1202.0,149.64390176470434,27.0,203.76629733983197,21.0,0.7486142951764578,1.3671243626222471,2.0,4.0,592.0,713.0,1.676364313429949,
RocklandSample2,/run/media/falconnier/Elements/BIDS_datasets_selection/RocklandSample2/sub-A00052237/ses-MRI1/anat/sub-A00052237_ses-MRI1_T1w.nii.gz,,,,,sub-A00052237,ses-MRI1,176.0,256.0,256.0,1.0,1.0,1.0,10.693549156188965,11534336.0,10292784.0,0.8923603404651989,0.0,1887.0,183.42314372865494,30.0,245.50603311702355,26.0,0.39060513760125515,1.2411855896301989,1.0,3.0,675.0,842.0,1.0978389152795596,
RocklandSample2,/run/media/falconnier/Elements/BIDS_datasets_selection/RocklandSample2/sub-A00052181/ses-MRI1/anat/sub-A00052181_ses-MRI1_T1w.nii.gz,,,,,sub-A00052181,ses-MRI1,176.0,256.0,256.0,1.0,1.0,1.0,10.590173721313477,11534336.0,10071930.0,0.8732128143310547,0.0,1469.0,183.42218105169516,27.0,250.11605621281052,20.0,0.20743063556515517,1.2421998200629016,3.0,5.0,704.0,836.0,1.3938659998005756,
RocklandSample2,/run/media/falconnier/Elements/BIDS_datasets_selection/RocklandSample2/sub-A00051774/ses-MRI1/anat/sub-A00051774_ses-MRI1_T1w.nii.gz,,,,,sub-A00051774,ses-MRI1,176.0,256.0,256.0,1.0000022649765015,1.0,1.0,11.312026977539062,11534336.0,10270774.0,0.8904521248557351,0.0,1255.0,168.15447579705287,87.0,179.97955126797766,78.0,-0.16819721715116653,0.9733593690701439,3.0,5.0,523.0,617.0,1.7348565264746756,
RocklandSample2,/run/media/falconnier/Elements/BIDS_datasets_selection/RocklandSample2/sub-A00052319/ses-MRI1/anat/sub-A00052319_ses-MRI1_T1w.nii.gz,,,,,sub-A00052319,ses-MRI1,176.0,256.0,256.0,0.9999963045120239,1.0,1.0,10.532668113708496,11534336.0,10398048.0,0.9014864834872159,0.0,1233.0,143.8577461846685,26.0,213.16582148250157,18.0,1.332394667992621,1.5933316295834488,2.0,4.0,634.0,780.0,1.6154757346488915,
RocklandSample2,/run/media/falconnier/Elements/BIDS_datasets_selection/RocklandSample2/sub-A00052319/ses-MRI2/anat/sub-A00052319_ses-MRI2_T1w.nii.gz,,,,,sub-A00052319,ses-MRI2,176.0,256.0,256.0,1.0,1.0,1.0,10.25583553314209,11534336.0,10295603.0,0.8926047411831942,0.0,1265.0,140.33400093224262,23.0,209.2724244937876,16.0,1.240674018734567,1.558895322173282,2.0,4.0,615.0,754.0,1.5514915865099945,
RocklandSample2,/run/media/falconnier/Elements/BIDS_datasets_selection/RocklandSample2/sub-A00052560/ses-MRI1/anat/sub-A00052560_ses-MRI1_T1w.nii.gz,,,,,sub-A00052560,ses-MRI1,176.0,256.0,256.0,1.0,1.0,1.0,11.175267219543457,11534336.0,10431957.0,0.9044263146140359,0.0,995.0,150.8174649301181,94.0,153.43762350168402,87.0,-0.4665827132895748,0.8203893699124211,3.0,4.0,446.0,526.0,2.1260917914138924,
RocklandSample2,/run/media/falconnier/Elements/BIDS_datasets_selection/RocklandSample2/sub-A00052578/ses-MRI1/anat/sub-A00052578_ses-MRI1_T1w.nii.gz,,,,,sub-A00052578,ses-MRI1,176.0,256.0,256.0,1.0,1.0,1.0,10.294095993041992,11534336.0,10019071.0,0.8686300624500621,0.0,1340.0,176.12220823667184,26.0,230.0525279598322,22.0,0.049024009799754964,1.1407736739455758,2.0,4.0,639.0,768.0,1.5196782270423477,
RocklandSample2,/run/media/falconnier/Elements/BIDS_datasets_selection/RocklandSample2/sub-A00053577/ses-MRI1/anat/sub-A00053577_ses-MRI1_T1w.nii.gz,,,,,sub-A00053577,ses-MRI1,79.0,256.0,256.0,1.0,1.0,1.0,4.613991737365723,5177344.0,4562015.0,0.8811496782906448,0.0,1300.0,140.17390385608115,28.0,175.97969646836495,25.0,-0.010755070935916766,1.0762293422747455,1.0,3.0,479.0,595.0,1.5128173488167767,
RocklandSample2,/run/media/falconnier/Elements/BIDS_datasets_selection/RocklandSample2/sub-A00053369/ses-MRI1/anat/sub-A00053369_ses-MRI1_T1w.nii.gz,,,,,sub-A00053369,ses-MRI1,176.0,256.0,256.0,1.0,1.0,1.0,10.56714153289795,11534336.0,10237479.0,0.8875655260953036,0.0,1528.0,156.2421687995648,28.0,212.79512855209265,23.0,0.6271722526262917,1.3256452698258645,2.0,3.0,592.0,756.0,1.3299583514102433,
RocklandSample2,/run/media/falconnier/Elements/BIDS_datasets_selection/RocklandSample2/sub-A00052590/ses-MRI1/anat/sub-A00052590_ses-MRI1_T1w.nii.gz,,,,,sub-A00052590,ses-MRI1,176.0,256.0,256.0,0.9999963045120239,1.0,1.0,11.127793312072754,11534336.0,10237817.0,0.8875948299061168,0.0,2122.0,211.34191576192464,41.0,263.6096219244017,37.0,0.2189399127933238,1.1335318749230405,2.0,4.0,726.0,884.0,1.0178554326729599,
RocklandSample2,/run/media/falconnier/Elements/BIDS_datasets_selection/RocklandSample2/sub-A00053546/ses-MRI1/anat/sub-A00053546_ses-MRI1_T1w.nii.gz,,,,,sub-A00053546,ses-MRI1,176.0,256.0,256.0,1.0,1.0,1.0,11.156073570251465,11534336.0,10294490.0,0.892508246681907,0.0,1445.0,215.14220471339522,68.0,244.7410122817182,64.0,-0.453315012789159,0.8700547615739702,2.0,4.0,670.0,808.0,1.495021124518348,
RocklandSample2,/run/media/falconnier/Elements/BIDS_datasets_selection/RocklandSample2/sub-A00053577/ses-MRI2/anat/sub-A00053577_ses-MRI2_T1w.nii.gz,,,,,sub-A00053577,ses-MRI2,176.0,256.0,256.0,1.0,1.0,1.0,10.335648536682129,11534336.0,10134000.0,0.8785941384055398,0.0,1558.0,147.99372893230708,59.0,164.45868455704974,56.0,-0.17750004447425827,0.8972608770972226,2.0,3.0,450.0,565.0,1.3048895135161396,
RocklandSample2,/run/media/falconnier/Elements/BIDS_datasets_selection/RocklandSample2/sub-A00053901/ses-MRI1/anat/sub-A00053901_ses-MRI1_T1w.nii.gz,,,,,sub-A00053901,ses-MRI1,176.0,256.0,256.0,1.0,1.0,0.9999999403953552,9.951478958129883,11534336.0,10065528.0,0.8726577758789062,0.0,1279.0,132.90909120713786,25.0,166.86907148707496,22.0,0.08432999341269243,1.0916828344317882,1.0,3.0,451.0,569.0,1.5300708639438656,
RocklandSample2,/run/media/falconnier/Elements/BIDS_datasets_selection/RocklandSample2/sub-A00053874/ses-MRI1/anat/sub-A00053874_ses-MRI1_T1w.nii.gz,,,,,sub-A00053874,ses-MRI1,176.0,256.0,256.0,1.0,1.0,1.0,10.4431734085083,11534336.0,10471929.0,0.9078917936845259,0.0,1113.0,116.2952345265137,24.0,162.1925264866988,18.0,1.2726023680840512,1.5352885952344446,3.0,5.0,489.0,599.0,1.7526558288694367,
RocklandSample2,/run/media/falconnier/Elements/BIDS_datasets_selection/RocklandSample2/sub-A00054019/ses-MRI1/anat/sub-A00054019_ses-MRI1_T1w.nii.gz,,,,,sub-A00054019,ses-MRI1,176.0,256.0,256.0,0.9999990463256836,0.9999999403953552,1.0,10.675114631652832,11534336.0,10053316.0,0.8715990239923651,0.0,1471.0,184.64232169763687,31.0,244.15278810594472,26.0,0.5673525920034148,1.2912155690734604,3.0,5.0,704.0,836.0,1.4229440097827808,
RocklandSample2,/run/media/falconnier/Elements/BIDS_datasets_selection/RocklandSample2/sub-A00054376/ses-MRI1/anat/sub-A00054376_ses-MRI1_T1w.nii.gz,,,,,sub-A00054376,ses-MRI1,176.0,256.0,256.0,1.0000008344650269,1.0,1.0,10.825529098510742,11534336.0,10215079.0,0.88562349839644,0.0,2138.0,189.90183913408794,31.0,259.1879905029916,24.0,0.6656122350383913,1.3599846674064844,3.0,5.0,760.0,915.0,0.9809214084065914,
RocklandSample2,/run/media/falconnier/Elements/BIDS_datasets_selection/RocklandSample2/sub-A00054656/ses-MRI1/anat/sub-A00054656_ses-MRI1_T1w.nii.gz,,,,,sub-A00054656,ses-MRI1,176.0,256.0,256.0,1.0,1.0,1.0,10.864916801452637,11534336.0,9946728.0,0.8623580932617188,0.0,2159.0,214.55558501247847,46.0,259.7367810377029,43.0,0.2190474917399654,1.0726391298881097,1.0,3.0,690.0,928.0,0.9978358965653737,
RocklandSample2,/run/media/falconnier/Elements/BIDS_datasets_selection/RocklandSample2/sub-A00054857/ses-MRI1/anat/sub-A00054857_ses-MRI1_T1w.nii.gz,,,,,sub-A00054857,ses-MRI1,176.0,256.0,256.0,1.0,1.0,1.0,10.277998924255371,11534336.0,10293179.0,0.8923945860429243,0.0,1319.0,135.37051361877607,23.0,181.29343503999084,18.0,0.43523342261766995,1.2661875187626799,2.0,4.0,515.0,622.0,1.4873852195415125,
RocklandSample2,/run/media/falconnier/Elements/BIDS_datasets_selection/RocklandSample2/sub-A00054915/ses-MRI1/anat/sub-A00054915_ses-MRI1_T1w.nii.gz,,,,,sub-A00054915,ses-MRI1,176.0,256.0,256.0,1.0,1.0,1.0,10.360050201416016,11534336.0,10112108.0,0.876696153120561,0.0,1539.0,137.6074898527587,39.0,158.61715490408636,37.0,0.42273400068105715,1.0309334890043058,1.0,2.0,423.0,557.0,1.3078766988482298,
RocklandSample2,/run/media/falconnier/Elements/BIDS_datasets_selection/RocklandSample2/sub-A00054895/ses-MRI1/anat/sub-A00054895_ses-MRI1_T1w.nii.gz,,,,,sub-A00054895,ses-MRI1,176.0,256.0,256.0,1.0000009536743164,1.0,1.0,10.360647201538086,11534336.0,10073861.0,0.8733802275224165,0.0,1390.0,158.22381001683465,31.0,205.0787050707659,26.0,0.4349993011240678,1.226584492109247,2.0,4.0,565.0,720.0,1.4683016800740414,
RocklandSample2,/run/media/falconnier/Elements/BIDS_datasets_selection/RocklandSample2/sub-A00054917/ses-MRI1/anat/sub-A00054917_ses-MRI1_T1w.nii.gz,,,,,sub-A00054917,ses-MRI1,102.0,256.0,256.0,0.9999955892562866,1.0,1.0,6.534733772277832,6684672.0,5870214.0,0.8781603644875919,0.0,1495.0,180.59256630167147,51.0,221.37874625516795,43.0,0.5511055024812648,1.2602006600642734,3.0,6.0,644.0,772.0,1.4527665598792294,
RocklandSample2,/run/media/falconnier/Elements/BIDS_datasets_selection/RocklandSample2/sub-A00054919/ses-MRI1/anat/sub-A00054919_ses-MRI1_T1w.nii.gz,,,,,sub-A00054919,ses-MRI1,176.0,256.0,256.0,1.0,1.0,1.0,10.037541389465332,11534336.0,10158114.0,0.8806847659024325,0.0,1014.0,120.03759428177317,25.0,152.6710135618096,21.0,0.24900799909124682,1.1859852165125278,2.0,3.0,428.0,532.0,1.9259603834407848,
RocklandSample2,/run/media/falconnier/Elements/BIDS_datasets_selection/RocklandSample2/sub-A00055332/ses-MRI1/anat/sub-A00055332_ses-MRI1_T1w.nii.gz,,,,,sub-A00055332,ses-MRI1,176.0,256.0,256.0,0.9999995827674866,1.0,1.0,10.399259567260742,11534336.0,10145071.0,0.87955396825617,0.0,1363.0,152.50371692815162,29.0,197.77187299374333,26.0,0.3982163643696195,1.226579504358231,1.0,3.0,551.0,674.0,1.4930995472647672,
RocklandSample2,/run/media/falconnier/Elements/BIDS_datasets_selection/RocklandSample2/sub-A00055352/ses-MRI1/anat/sub-A00055352_ses-MRI1_T1w.nii.gz,,,,,sub-A00055352,ses-MRI1,176.0,256.0,256.0,1.000004529953003,1.0,1.0,9.870647430419922,11534336.0,10231108.0,0.8870131752707742,0.0,808.0,107.42407401036134,26.0,138.60414255019603,23.0,0.5692155751379557,1.2753093259070303,1.0,3.0,392.0,493.0,2.3781938397620848,
RocklandSample2,/run/media/falconnier/Elements/BIDS_datasets_selection/RocklandSample2/sub-A00055751/ses-MRI1/anat/sub-A00055751_ses-MRI1_T1w.nii.gz,,,,,sub-A00055751,ses-MRI1,176.0,256.0,256.0,1.0,1.0,1.0,10.372570037841797,11534336.0,9948794.0,0.8625372106378729,0.0,1709.0,205.14718457332617,27.0,278.90782267200484,22.0,0.2397662725216292,1.209030210223707,2.0,4.0,772.0,918.0,1.208111926407448,
RocklandSample2,/run/media/falconnier/Elements/BIDS_datasets_selection/RocklandSample2/sub-A00055832/ses-MRI1/anat/sub-A00055832_ses-MRI1_T1w.nii.gz,,,,,sub-A00055832,ses-MRI1,176.0,256.0,256.0,1.0,1.0,1.0,10.494385719299316,11534336.0,10274375.0,0.8907643231478605,0.0,1792.0,168.51667210900905,25.0,224.73508223119754,20.0,-0.012963840674260041,1.1682953501590674,2.0,4.0,630.0,759.0,1.1311148217573856,
RocklandSample2,/run/media/falconnier/Elements/BIDS_datasets_selection/RocklandSample2/sub-A00055542/ses-MRI1/anat/sub-A00055542_ses-MRI1_T1w.nii.gz,,,,,sub-A00055542,ses-MRI1,176.0,256.0,256.0,1.0,1.0,1.0,10.176119804382324,11534336.0,10197029.0,0.8840586055408824,0.0,1547.0,146.7574117912188,24.0,204.77013205610137,19.0,0.6223125722818903,1.3413891633519688,2.0,4.0,578.0,699.0,1.2778795486195784,
RocklandSample2,/run/media/falconnier/Elements/BIDS_datasets_selection/RocklandSample2/sub-A00055908/ses-MRI1/anat/sub-A00055908_ses-MRI1_T1w.nii.gz,,,,,sub-A00055908,ses-MRI1,176.0,256.0,256.0,1.0,1.0,1.0,10.564462661743164,11534336.0,10139137.0,0.8790395043113015,0.0,1548.0,176.35266699720106,32.0,216.5525069313618,27.0,-0.3276209751815835,1.0081014256510445,3.0,5.0,604.0,724.0,1.3334097879980544,
RocklandSample2,/run/media/falconnier/Elements/BIDS_datasets_selection/RocklandSample2/sub-A00056295/ses-MRI1/anat/sub-A00056295_ses-MRI1_T1w.nii.gz,,,,,sub-A00056295,ses-MRI1,176.0,256.0,256.0,1.0,1.0,1.0,10.60483169555664,11534336.0,10138827.0,0.8790126280351118,0.0,1699.0,161.62472532572062,36.0,198.9248041438435,32.0,-0.17313095622965102,1.0690880427103273,2.0,4.0,554.0,673.0,1.2220065207352337,
RocklandSample2,/run/media/falconnier/Elements/BIDS_datasets_selection/RocklandSample2/sub-A00056299/ses-MRI1/anat/sub-A00056299_ses-MRI1_T1w.nii.gz,,,,,sub-A00056299,ses-MRI1,176.0,256.0,256.0,0.9999968409538269,1.0,1.0,10.629225730895996,11534336.0,10192567.0,0.883671760559082,0.0,1955.0,168.77486485985327,30.0,225.63589524899558,26.0,0.7051111766715961,1.3012979458280651,1.0,3.0,626.0,787.0,1.052719117573472,
RocklandSample2,/run/media/falconnier/Elements/BIDS_datasets_selection/RocklandSample2/sub-A00056452/ses-MRI1/anat/sub-A00056452_ses-MRI1_T1w.nii.gz,,,,,sub-A00056452,ses-MRI1,176.0,256.0,256.0,0.9999946355819702,1.0000001192092896,1.0000001192092896,10.200663566589355,11534336.0,10167565.0,0.8815041455355558,0.0,1501.0,152.00848020150352,23.0,223.96352741765108,17.0,1.0412968459434948,1.484271739294547,2.0,3.0,650.0,784.0,1.3167258834512432,
RocklandSample2,/run/media/falconnier/Elements/BIDS_datasets_selection/RocklandSample2/sub-A00057862/ses-MRI1/anat/sub-A00057862_ses-MRI1_T1w.nii.gz,,,,,sub-A00057862,ses-MRI1,176.0,256.0,256.0,1.0,1.0,1.0,10.082287788391113,11534336.0,10080316.0,0.8739398609508168,0.0,1536.0,149.41700111385396,28.0,191.63954677629982,24.0,0.007527137618994928,1.1264071274234224,2.0,3.0,536.0,655.0,1.306015338764614,
RocklandSample2,/run/media/falconnier/Elements/BIDS_datasets_selection/RocklandSample2/sub-A00057445/ses-MRI1/anat/sub-A00057445_ses-MRI1_T1w.nii.gz,,,,,sub-A00057445,ses-MRI1,176.0,256.0,256.0,1.0,1.0,1.0,10.398194313049316,11534336.0,10163593.0,0.881159782409668,0.0,1136.0,152.06829641840244,26.0,211.5925600180155,21.0,0.7836718231960575,1.4020570308775568,2.0,3.0,616.0,751.0,1.7767271630544603,
RocklandSample2,/run/media/falconnier/Elements/BIDS_datasets_selection/RocklandSample2/sub-A00058385/ses-MRI1/anat/sub-A00058385_ses-MRI1_T1w.nii.gz,,,,,sub-A00058385,ses-MRI1,176.0,256.0,256.0,1.0000007152557373,1.0,1.0,10.813637733459473,11534336.0,10040521.0,0.8704897273670543,0.0,1556.0,211.46562802866504,48.0,247.34912456063557,45.0,-0.39772308266325673,0.9083813284304122,2.0,3.0,666.0,803.0,1.3735717289614249,
RocklandSample2,/run/media/falconnier/Elements/BIDS_datasets_selection/RocklandSample2/sub-A00058503/ses-MRI1/anat/sub-A00058503_ses-MRI1_T1w.nii.gz,,,,,sub-A00058503,ses-MRI1,176.0,256.0,256.0,1.0,1.0,1.0,10.163722038269043,11534336.0,10195545.0,0.8839299462058328,0.0,1223.0,144.5394095166075,24.0,208.80196564123392,18.0,0.9245811610667465,1.4762170046537797,2.0,4.0,623.0,741.0,1.6212664594395303,
RocklandSample2,/run/media/falconnier/Elements/BIDS_datasets_selection/RocklandSample2/sub-A00058503/ses-MRI2/anat/sub-A00058503_ses-MRI2_T1w.nii.gz,,,,,sub-A00058503,ses-MRI2,176.0,256.0,256.0,1.0,1.0,1.0,10.768196105957031,11534336.0,10197146.0,0.8840687491677024,0.0,1841.0,193.1048804243854,28.0,282.5916308386495,21.0,1.0319864230879539,1.4997527386301945,3.0,5.0,842.0,1000.0,1.1282932901161813,
RocklandSample2,/run/media/falconnier/Elements/BIDS_datasets_selection/RocklandSample2/sub-A00058621/ses-MRI1/anat/sub-A00058621_ses-MRI1_T1w.nii.gz,,,,,sub-A00058621,ses-MRI1,176.0,256.0,256.0,1.0,1.0,1.0,9.770801544189453,11534336.0,10229456.0,0.8868699507279829,0.0,1281.0,112.81028600152344,25.0,139.23271279263335,23.0,0.6375902518640091,1.1503063369399718,1.0,2.0,375.0,498.0,1.4911521143439588,
RocklandSample2,/run/media/falconnier/Elements/BIDS_datasets_selection/RocklandSample2/sub-A00058570/ses-MRI1/anat/sub-A00058570_ses-MRI1_T1w.nii.gz,,,,,sub-A00058570,ses-MRI1,176.0,256.0,256.0,0.9999989867210388,1.0000001192092896,1.0,10.87489128112793,11534336.0,10226814.0,0.8866408954967152,0.0,1856.0,199.19805435006444,27.0,279.86185013557827,19.0,0.5134746861438884,1.3426565405600481,3.0,6.0,804.0,968.0,1.118422138598358,
RocklandSample2,/run/media/falconnier/Elements/BIDS_datasets_selection/RocklandSample2/sub-A00058952/ses-MRI1/anat/sub-A00058952_ses-MRI1_T1w.nii.gz,,,,,sub-A00058952,ses-MRI1,176.0,256.0,256.0,0.9999999403953552,1.0,1.0,10.799620628356934,11534336.0,10186170.0,0.8831171555952593,0.0,1461.0,183.06470979769628,32.0,245.095490824723,26.0,0.31237637886225267,1.267397253072344,2.0,5.0,701.0,848.0,1.4304798158927678,
RocklandSample2,/run/media/falconnier/Elements/BIDS_datasets_selection/RocklandSample2/sub-A00059344/ses-MRI1/anat/sub-A00059344_ses-MRI1_T1w.nii.gz,,,,,sub-A00059344,ses-MRI1,176.0,256.0,256.0,1.0,1.0,1.0,11.83525562286377,11534336.0,10306063.0,0.8935115987604315,0.0,1232.0,205.58636377441124,141.0,200.8941744457768,130.0,-0.48101967914594423,0.7555935080638037,3.0,5.0,575.0,698.0,1.8254734163247097,
RocklandSample2,/run/media/falconnier/Elements/BIDS_datasets_selection/RocklandSample2/sub-A00059428/ses-MRI1/anat/sub-A00059428_ses-MRI1_T1w.nii.gz,,,,,sub-A00059428,ses-MRI1,176.0,256.0,256.0,0.9999978542327881,1.0,1.0,10.711249351501465,11534336.0,10099330.0,0.8755883303555575,0.0,1538.0,188.13970322783788,30.0,250.59991805569078,25.0,0.5483271750415688,1.2751963279674612,2.0,4.0,696.0,858.0,1.3571941472173874,
RocklandSample2,/run/media/falconnier/Elements/BIDS_datasets_selection/RocklandSample2/sub-A00059734/ses-MRI1/anat/sub-A00059734_ses-MRI1_T1w.nii.gz,,,,,sub-A00059734,ses-MRI1,176.0,256.0,256.0,1.0000017881393433,1.0,0.9999999403953552,11.41403865814209,11534336.0,10192062.0,0.8836279782381925,0.0,1572.0,194.79720649266065,53.0,239.30933029068828,45.0,0.42641741114229514,1.2193313512851887,3.0,6.0,684.0,835.0,1.3951677477570847,
RocklandSample2,/run/media/falconnier/Elements/BIDS_datasets_selection/RocklandSample2/sub-A00059845/ses-MRI1/anat/sub-A00059845_ses-MRI1_T1w.nii.gz,,,,,sub-A00059845,ses-MRI1,176.0,256.0,256.0,1.0,1.0,1.0,11.356027603149414,11534336.0,10298315.0,0.892839865251021,0.0,1885.0,192.3821771814127,82.0,211.99563958606262,76.0,-0.0005321550449592927,0.9651933955569129,2.0,4.0,582.0,754.0,1.160501822747616,
RocklandSample2,/run/media/falconnier/Elements/BIDS_datasets_selection/RocklandSample2/sub-A00060005/ses-MRI1/anat/sub-A00060005_ses-MRI1_T1w.nii.gz,,,,,sub-A00060005,ses-MRI1,176.0,256.0,256.0,1.0,1.0,1.0,10.894572257995605,11534336.0,10389615.0,0.9007553620771929,0.0,1790.0,196.7778557723265,29.0,276.2243178846949,22.0,0.5977187187220254,1.3552635110434013,2.0,4.0,807.0,956.0,1.1611788068052453,
RocklandSample2,/run/media/falconnier/Elements/BIDS_datasets_selection/RocklandSample2/sub-A00060080/ses-MRI1/anat/sub-A00060080_ses-MRI1_T1w.nii.gz,,,,,sub-A00060080,ses-MRI1,176.0,256.0,256.0,1.0,0.9765625,0.9765625,9.477007865905762,11534336.0,9216546.0,0.7990530187433417,0.0,980.0,118.93150373252627,82.0,127.5788404095283,80.0,0.554498106282657,1.028764904611839,1.0,1.0,365.0,491.0,1.9571084639891312,
RocklandSample2,/run/media/falconnier/Elements/BIDS_datasets_selection/RocklandSample2/sub-A00060307/ses-MRI1/anat/sub-A00060307_ses-MRI1_T1w.nii.gz,,,,,sub-A00060307,ses-MRI1,167.0,256.0,256.0,1.0,1.0,1.0,10.597762107849121,10944512.0,9793530.0,0.8948347811213511,0.0,1242.0,170.7788233660386,49.0,219.71193588638968,43.0,0.7265517878852741,1.3525609655322934,2.0,4.0,653.0,796.0,1.7274673387624064,
RocklandSample2,/run/media/falconnier/Elements/BIDS_datasets_selection/RocklandSample2/sub-A00060480/ses-MRI1/anat/sub-A00060480_ses-MRI1_T1w.nii.gz,,,,,sub-A00060480,ses-MRI1,176.0,256.0,256.0,1.0,1.0,1.0,11.057170867919922,11534336.0,10180342.0,0.8826118816028942,0.0,1649.0,217.25572323601702,102.0,238.92246625981042,98.0,-0.16145412767745926,0.8781213668954324,1.0,3.0,636.0,878.0,1.3141952182522816,
RocklandSample2,/run/media/falconnier/Elements/BIDS_datasets_selection/RocklandSample2/sub-A00060264/ses-MRI1/anat/sub-A00060264_ses-MRI1_T1w.nii.gz,,,,,sub-A00060264,ses-MRI1,176.0,256.0,256.0,0.9999980330467224,1.0,0.9999999403953552,10.566864967346191,11534336.0,10072899.0,0.8732968243685636,0.0,1052.0,152.63711936355165,40.0,186.5911752373296,36.0,-0.049722931028918005,1.0908654583302684,1.0,3.0,523.0,639.0,1.9590921877608678,
RocklandSample2,/run/media/falconnier/Elements/BIDS_datasets_selection/RocklandSample2/sub-A00060503/ses-MRI1/anat/sub-A00060503_ses-MRI1_T1w.nii.gz,,,,,sub-A00060503,ses-MRI1,176.0,256.0,256.0,1.0,1.0,1.0,10.384820938110352,11534336.0,9995660.0,0.8666003834117543,0.0,1722.0,188.19392206217498,29.0,249.75122372725946,24.0,0.06215581615644128,1.1864825803663375,2.0,4.0,708.0,855.0,1.2027999677348462,
RocklandSample2,/run/media/falconnier/Elements/BIDS_datasets_selection/RocklandSample2/sub-A00060575/ses-MRI1/anat/sub-A00060575_ses-MRI1_T1w.nii.gz,,,,,sub-A00060575,ses-MRI1,176.0,256.0,256.0,1.0,1.0,1.0,10.12654972076416,11534336.0,10056274.0,0.8718554756858132,0.0,2132.0,131.8627699483924,24.0,176.69495080775047,20.0,1.5609649964335004,1.4356115848200668,1.0,3.0,488.0,647.0,0.9290114798316278,
RocklandSample2,/run/media/falconnier/Elements/BIDS_datasets_selection/RocklandSample2/sub-A00060603/ses-MRI1/anat/sub-A00060603_ses-MRI1_T1w.nii.gz,,,,,sub-A00060603,ses-MRI1,176.0,256.0,256.0,1.0,1.0,1.0,11.055586814880371,11534336.0,10177598.0,0.8823739832097833,0.0,1452.0,222.27579533009654,38.0,272.071011500833,33.0,-0.396861042955043,0.9926089331096442,3.0,5.0,760.0,898.0,1.4828765444346792,
RocklandSample2,/run/media/falconnier/Elements/BIDS_datasets_selection/RocklandSample2/sub-A00060923/ses-MRI1/anat/sub-A00060923_ses-MRI1_T1w.nii.gz,,,,,sub-A00060923,ses-MRI1,176.0,256.0,256.0,1.0000015497207642,1.0,1.0,10.237518310546875,11534336.0,10081120.0,0.8740095658735796,0.0,1298.0,134.1298026409764,34.0,164.8219309151388,30.0,0.28064186079635123,1.1582570997992607,2.0,4.0,462.0,590.0,1.5471826086457583,
RocklandSample2,/run/media/falconnier/Elements/BIDS_datasets_selection/RocklandSample2/sub-A00060632/ses-MRI1/anat/sub-A00060632_ses-MRI1_T1w.nii.gz,,,,,sub-A00060632,ses-MRI1,176.0,256.0,256.0,1.0000017881393433,1.0,1.0000001192092896,11.487936019897461,11534336.0,10195270.0,0.8839061043479226,0.0,1511.0,227.5777840116054,82.0,256.0265284135616,75.0,-0.587804989972978,0.8682878273211397,3.0,6.0,709.0,830.0,1.4626980183619747,
RocklandSample2,/run/media/falconnier/Elements/BIDS_datasets_selection/RocklandSample2/sub-A00061204/ses-MRI1/anat/sub-A00061204_ses-MRI1_T1w.nii.gz,,,,,sub-A00061204,ses-MRI1,176.0,256.0,256.0,1.0,1.0,1.0,10.61524486541748,11534336.0,9979669.0,0.865214001048695,0.0,1939.0,223.8576860615317,32.0,281.7480619809142,29.0,0.2283240241406861,1.084590529775951,2.0,3.0,740.0,983.0,1.0840776428419507,
RocklandSample2,/run/media/falconnier/Elements/BIDS_datasets_selection/RocklandSample2/sub-A00061387/ses-MRI1/anat/sub-A00061387_ses-MRI1_T1w.nii.gz,,,,,sub-A00061387,ses-MRI1,176.0,256.0,256.0,0.9999986290931702,1.0,1.0,11.179402351379395,11534336.0,10263560.0,0.8898266878995028,0.0,1510.0,174.7945578337341,81.0,195.02123618290906,75.0,-0.15430675748463907,0.985151840268856,3.0,4.0,553.0,679.0,1.4274756188260245,
RocklandSample2,/run/media/falconnier/Elements/BIDS_datasets_selection/RocklandSample2/sub-A00061281/ses-MRI1/anat/sub-A00061281_ses-MRI1_T1w.nii.gz,,,,,sub-A00061281,ses-MRI1,176.0,256.0,256.0,1.0,1.0,1.0,10.99662971496582,11534336.0,10071185.0,0.8731482245705344,0.0,1212.0,173.2514396270151,52.0,204.19925274360176,46.0,-0.05174912028240719,1.0763630758802116,3.0,5.0,578.0,703.0,1.763583866374635,
RocklandSample2,/run/media/falconnier/Elements/BIDS_datasets_selection/RocklandSample2/sub-A00061600/ses-MRI1/anat/sub-A00061600_ses-MRI1_T1w.nii.gz,,,,,sub-A00061600,ses-MRI1,176.0,256.0,256.0,1.0000007152557373,1.0,0.9999999403953552,11.15056324005127,11534336.0,10317513.0,0.8945042870261453,0.0,1726.0,179.84320329908962,55.0,209.99844974430678,50.0,0.21741133125528433,1.0661060922869658,2.0,5.0,573.0,763.0,1.2350803686429817,
RocklandSample2,/run/media/falconnier/Elements/BIDS_datasets_selection/RocklandSample2/sub-A00061647/ses-MRI1/anat/sub-A00061647_ses-MRI1_T1w.nii.gz,,,,,sub-A00061647,ses-MRI1,176.0,256.0,256.0,0.9999952912330627,1.0,1.0,10.668859481811523,11534336.0,10316236.0,0.894393574107777,0.0,1286.0,161.5063460161245,26.0,218.9686720214434,21.0,0.5770550648080426,1.3237921933713352,2.0,4.0,622.0,771.0,1.5785482248084135,
RocklandSample2,"/run/media/falconnier/Elements/BIDS_datasets_selection/RocklandSample2/sub-A00062282/ses-MRI1/anat/sub-A00062282_ses-MRI1_T1w.nii,gz","Cannot work out file type of ""/run/media/falconnier/Elements/BIDS_datasets_selection/RocklandSample2/sub-A00062282/ses-MRI1/anat/sub-A00062282_ses-MRI1_T1w.nii,gz""",,,,,,,,,,,,,,,,,,,,,,,,,,,,,
RocklandSample2,/run/media/falconnier/Elements/BIDS_datasets_selection/RocklandSample2/sub-A00061711/ses-MRI1/anat/sub-A00061711_ses-MRI1_T1w.nii.gz,,,,,sub-A00061711,ses-MRI1,176.0,256.0,256.0,1.0,1.0,1.0,11.012508392333984,11534336.0,10262041.0,0.8896949941461737,0.0,1419.0,195.33875035190368,43.0,234.98529939269588,39.0,-0.05849687590279595,1.0370870985725125,3.0,5.0,643.0,813.0,1.5000004202923332,
RocklandSample2,/run/media/falconnier/Elements/BIDS_datasets_selection/RocklandSample2/sub-A00061727/ses-MRI1/anat/sub-A00061727_ses-MRI1_T1w.nii.gz,,,,,sub-A00061727,ses-MRI1,176.0,256.0,256.0,1.0,1.0,1.0,10.681866645812988,11534336.0,10131013.0,0.8783351724798029,0.0,1201.0,186.9324356804201,33.0,245.33106551085902,28.0,0.03583108184066841,1.178275249445164,2.0,4.0,707.0,825.0,1.7432538155046384,
RocklandSample2,/run/media/falconnier/Elements/BIDS_datasets_selection/RocklandSample2/sub-A00062085/ses-MRI1/anat/sub-A00062085_ses-MRI1_T1w.nii.gz,,,,,sub-A00062085,ses-MRI1,176.0,256.0,256.0,1.0,0.9765625,0.9765625,10.174224853515625,11534336.0,9827593.0,0.8520293669267134,0.0,1188.0,146.9894602879871,23.0,181.8532992599619,22.0,0.553851239834624,1.1163340690079973,1.0,1.0,470.0,697.0,1.6134972519402029,
RocklandSample2,/run/media/falconnier/Elements/BIDS_datasets_selection/RocklandSample2/sub-A00061962/ses-MRI1/anat/sub-A00061962_ses-MRI1_T1w.nii.gz,,,,,sub-A00061962,ses-MRI1,176.0,256.0,256.0,1.0000059604644775,1.0,1.0,11.06912612915039,11534336.0,10257596.0,0.8893096230246804,0.0,1462.0,163.8855580781306,39.0,206.9030698535348,34.0,0.5605146765565312,1.275969239988295,2.0,4.0,600.0,733.0,1.4446987663905348,
RocklandSample2,/run/media/falconnier/Elements/BIDS_datasets_selection/RocklandSample2/sub-A00062266/ses-MRI1/anat/sub-A00062266_ses-MRI1_T1w.nii.gz,,,,,sub-A00062266,ses-MRI1,176.0,256.0,256.0,0.9999982714653015,0.9999999403953552,0.9999999403953552,10.284255981445312,11534336.0,10175991.0,0.882234660061923,0.0,1097.0,128.25529945928608,75.0,138.0018194932178,71.0,0.0683647681260462,0.9235459487414269,1.0,2.0,378.0,490.0,1.8254707001641863,
RocklandSample2,/run/media/falconnier/Elements/BIDS_datasets_selection/RocklandSample2/sub-A00062285/ses-MRI1/anat/sub-A00062285_ses-MRI1_T1w.nii.gz,,,,,sub-A00062285,ses-MRI1,176.0,256.0,256.0,1.0,1.0,1.0,10.8900785446167,11534336.0,10285489.0,0.8917278809980913,0.0,1784.0,158.7547792817629,41.0,194.25804169125382,37.0,0.4856030580747004,1.1620131192061296,2.0,3.0,532.0,685.0,1.168639674901587,
RocklandSample2,/run/media/falconnier/Elements/BIDS_datasets_selection/RocklandSample2/sub-A00062353/ses-MRI1/anat/sub-A00062353_ses-MRI1_T1w.nii.gz,,,,,sub-A00062353,ses-MRI1,176.0,256.0,256.0,1.0,1.0,1.0,10.58156967163086,11534336.0,10292227.0,0.8923120498657227,0.0,1587.0,163.09830593514891,29.0,214.2250006472635,24.0,0.4749620426332051,1.2557015021489264,2.0,4.0,607.0,741.0,1.2930289050507213,
RocklandSample2,/run/media/falconnier/Elements/BIDS_datasets_selection/RocklandSample2/sub-A00062369/ses-MRI1/anat/sub-A00062369_ses-MRI1_T1w.nii.gz,,,,,sub-A00062369,ses-MRI1,176.0,256.0,256.0,1.0,1.0,1.0,10.131601333618164,11534336.0,10171573.0,0.8818516297773882,0.0,1396.0,137.15191514626105,27.0,173.94530329425194,24.0,0.17063987838568506,1.1365925785034459,2.0,3.0,477.0,592.0,1.415316676931761,
RocklandSample2,/run/media/falconnier/Elements/BIDS_datasets_selection/RocklandSample2/sub-A00062917/ses-MRI1/anat/sub-A00062917_ses-MRI1_T1w.nii.gz,,,,,sub-A00062917,ses-MRI1,176.0,256.0,256.0,1.0,1.0,1.0,10.496003150939941,11534336.0,10203808.0,0.8846463290127841,0.0,2495.0,178.7073218155418,26.0,248.40134894136398,21.0,0.3774030918089064,1.289475263822657,2.0,4.0,707.0,845.0,0.8164375749423977,
RocklandSample2,/run/media/falconnier/Elements/BIDS_datasets_selection/RocklandSample2/sub-A00062928/ses-MRI1/anat/sub-A00062928_ses-MRI1_T1w.nii.gz,,,,,sub-A00062928,ses-MRI1,176.0,256.0,256.0,1.0,1.0,1.0,10.679261207580566,11534336.0,9964701.0,0.8639163103970614,0.0,2246.0,188.95718687394634,42.0,235.61717026252103,38.0,0.8746382309152305,1.2346890342218726,2.0,3.0,631.0,881.0,0.9477334232857955,
RocklandSample2,/run/media/falconnier/Elements/BIDS_datasets_selection/RocklandSample2/sub-A00062937/ses-MRI1/anat/sub-A00062937_ses-MRI1_T1w.nii.gz,,,,,sub-A00062937,ses-MRI1,176.0,256.0,256.0,1.0,1.0,1.0,10.682202339172363,11534336.0,10202610.0,0.8845424652099609,0.0,1442.0,172.6193398551939,29.0,240.779673541021,23.0,0.6917028968531018,1.3619908004831693,2.0,4.0,671.0,828.0,1.4227093517858262,
RocklandSample2,/run/media/falconnier/Elements/BIDS_datasets_selection/RocklandSample2/sub-A00062942/ses-MRI1/anat/sub-A00062942_ses-MRI1_T1w.nii.gz,,,,,sub-A00062942,ses-MRI1,176.0,256.0,256.0,0.9999985098838806,1.0,1.0000001192092896,10.807205200195312,11534336.0,10152147.0,0.8801674409346147,0.0,2209.0,170.49224415288708,33.0,227.23215582312383,27.0,0.6323029611181381,1.3186235291210653,2.0,4.0,644.0,782.0,0.9450854175832102,
RocklandSample2,/run/media/falconnier/Elements/BIDS_datasets_selection/RocklandSample2/sub-A00063110/ses-MRI1/anat/sub-A00063110_ses-MRI1_T1w.nii.gz,,,,,sub-A00063110,ses-MRI1,176.0,256.0,256.0,1.0,1.0,1.0,10.91419506072998,11534336.0,10014432.0,0.8682278719815341,0.0,1828.0,180.8564480741394,75.0,202.792729790158,70.0,-0.016376807450340536,0.9658932629413917,2.0,4.0,556.0,726.0,1.1650232648365972,
RocklandSample2,/run/media/falconnier/Elements/BIDS_datasets_selection/RocklandSample2/sub-A00063481/ses-MRI1/anat/sub-A00063481_ses-MRI1_T1w.nii.gz,,,,,sub-A00063481,ses-MRI1,176.0,256.0,256.0,0.9999964833259583,1.0,1.0,10.535603523254395,11534336.0,10142690.0,0.8793475411155007,0.0,1426.0,159.76172297487156,24.0,228.21325791847318,17.0,0.7089577464231911,1.4005155840845418,3.0,5.0,654.0,794.0,1.3985428696328355,
RocklandSample2,/run/media/falconnier/Elements/BIDS_datasets_selection/RocklandSample2/sub-A00064418/ses-MRI1/anat/sub-A00064418_ses-MRI1_T1w.nii.gz,,,,,sub-A00064418,ses-MRI1,176.0,256.0,256.0,0.9999995231628418,1.0,1.0,10.5480318069458,11534336.0,9936217.0,0.86144681410356,0.0,2169.0,203.5770761649026,30.0,269.5637302743236,24.0,0.2063732563502323,1.199116162661251,3.0,5.0,758.0,909.0,0.967736796099378,
RocklandSample2,/run/media/falconnier/Elements/BIDS_datasets_selection/RocklandSample2/sub-A00064865/ses-MRI1/anat/sub-A00064865_ses-MRI1_T1w.nii.gz,,,,,sub-A00064865,ses-MRI1,176.0,256.0,256.0,0.9999994039535522,1.0,1.0,11.001888275146484,11534336.0,10304131.0,0.8933440988714044,0.0,1639.0,154.94522061103456,34.0,205.008086582622,26.0,0.869569275933936,1.3975934052145838,3.0,6.0,591.0,748.0,1.2680103397633053,
RocklandSample2,/run/media/falconnier/Elements/BIDS_datasets_selection/RocklandSample2/sub-A00064537/ses-MRI1/anat/sub-A00064537_ses-MRI1_T1w.nii.gz,,,,,sub-A00064537,ses-MRI1,176.0,256.0,256.0,1.0,1.0,1.0,10.394475936889648,11534336.0,10159742.0,0.8808259097012606,0.0,939.0,124.26562357587427,36.0,152.0445809987121,32.0,0.09154323630006367,1.1539435994899356,2.0,4.0,433.0,527.0,2.1384995740926818,
RocklandSample2,/run/media/falconnier/Elements/BIDS_datasets_selection/RocklandSample2/sub-A00065379/ses-MRI1/anat/sub-A00065379_ses-MRI1_T1w.nii.gz,,,,,sub-A00065379,ses-MRI1,176.0,256.0,256.0,0.9999990463256836,0.9999999403953552,1.0,11.50362491607666,11534336.0,10287294.0,0.891884370283647,0.0,1381.0,216.8320683748321,122.0,228.1628112619698,117.0,-0.49037587374849556,0.7876326820282327,2.0,4.0,625.0,792.0,1.5974515465562444,
RocklandSample2,/run/media/falconnier/Elements/BIDS_datasets_selection/RocklandSample2/sub-A00065486/ses-MRI1/anat/sub-A00065486_ses-MRI1_T1w.nii.gz,,,,,sub-A00065486,ses-MRI1,176.0,256.0,256.0,1.0,1.0,1.0,10.576338768005371,11534336.0,9937356.0,0.8615455627441406,0.0,2054.0,187.48562444577814,35.0,227.8264384445686,30.0,-0.5044000535519535,0.9565882619470585,3.0,5.0,624.0,740.0,1.0188818780126876,
RocklandSample2,/run/media/falconnier/Elements/BIDS_datasets_selection/RocklandSample2/sub-A00065992/ses-MRI1/anat/sub-A00065992_ses-MRI1_T1w.nii.gz,,,,,sub-A00065992,ses-MRI1,176.0,256.0,256.0,1.0,1.0,1.0,10.904561996459961,11534336.0,10189925.0,0.8834427053278143,0.0,1819.0,210.76189706989993,31.0,279.7228591036839,25.0,0.3059333693590762,1.2286574285604357,3.0,5.0,795.0,961.0,1.1627047196520452,
RocklandSample2,/run/media/falconnier/Elements/BIDS_datasets_selection/RocklandSample2/sub-A00065995/ses-MRI1/anat/sub-A00065995_ses-MRI1_T1w.nii.gz,,,,,sub-A00065995,ses-MRI1,176.0,256.0,256.0,1.0,1.0,1.0,11.516263008117676,11534336.0,10258807.0,0.8894146138971503,0.0,2071.0,230.814655641733,86.0,260.08721132925393,80.0,-0.07617876755082076,0.9788097827831752,3.0,6.0,717.0,944.0,1.0813829488899522,
RocklandSample2,/run/media/falconnier/Elements/BIDS_datasets_selection/RocklandSample2/sub-A00066800/ses-MRI1/anat/sub-A00066800_ses-MRI1_T1w.nii.gz,,,,,sub-A00066800,ses-MRI1,176.0,256.0,256.0,1.0000016689300537,1.0,1.0,10.220073699951172,11534336.0,10109458.0,0.8764664043079723,0.0,1683.0,169.38954353438137,23.0,244.76460741101565,18.0,0.80754685715715,1.4148951340800524,2.0,4.0,710.0,831.0,1.1893409001906314,
RocklandSample2,/run/media/falconnier/Elements/BIDS_datasets_selection/RocklandSample2/sub-A00066013/ses-MRI1/anat/sub-A00066013_ses-MRI1_T1w.nii.gz,,,,,sub-A00066013,ses-MRI1,176.0,256.0,256.0,1.0000038146972656,1.0,1.0,10.894438743591309,11534336.0,10282855.0,0.8914995193481445,0.0,1653.0,171.97943761727652,58.0,200.1041966515932,55.0,-0.0052909686799935685,1.0210005406356162,2.0,3.0,551.0,720.0,1.272700534713741,
RocklandSample2,/run/media/falconnier/Elements/BIDS_datasets_selection/RocklandSample2/sub-A00066860/ses-MRI1/anat/sub-A00066860_ses-MRI1_T1w.nii.gz,,,,,sub-A00066860,ses-MRI1,176.0,256.0,256.0,0.9999991655349731,1.0,1.0,10.280339241027832,11534336.0,10088213.0,0.8746245124123313,0.0,1577.0,166.85611931468932,24.0,237.0766672609425,18.0,0.826804005273039,1.405710533049305,2.0,4.0,684.0,839.0,1.2760403165365086,
RocklandSample2,/run/media/falconnier/Elements/BIDS_datasets_selection/RocklandSample2/sub-A00066865/ses-MRI1/anat/sub-A00066865_ses-MRI1_T1w.nii.gz,,,,,sub-A00066865,ses-MRI1,176.0,256.0,256.0,0.999998927116394,1.0,1.0,10.254134178161621,11534336.0,10224126.0,0.8864078521728516,0.0,1307.0,139.6194371039637,23.0,203.08133516388543,17.0,1.111554171745599,1.511920216871392,3.0,4.0,594.0,738.0,1.510967259201751,
RocklandSample2,/run/media/falconnier/Elements/BIDS_datasets_selection/RocklandSample2/sub-A00067174/ses-MRI1/anat/sub-A00067174_ses-MRI1_T1w.nii.gz,,,,,sub-A00067174,ses-MRI1,176.0,256.0,256.0,1.000001311302185,1.0,1.0,11.337101936340332,11534336.0,10029200.0,0.8695082231001421,0.0,1302.0,188.0206951701033,80.0,207.8384420201272,72.0,-0.07108831826632,1.0026343010660383,3.0,6.0,593.0,722.0,1.6902725691386433,
RocklandSample2,/run/media/falconnier/Elements/BIDS_datasets_selection/RocklandSample2/sub-A00068742/ses-MRI1/anat/sub-A00068742_ses-MRI1_T1w.nii.gz,,,,,sub-A00068742,ses-MRI1,176.0,256.0,256.0,0.9999997615814209,1.0,1.0,11.05668830871582,11534336.0,10277091.0,0.8909997940063477,0.0,1165.0,161.73016878025115,73.0,182.87240980563723,67.0,0.16620635923665406,1.0640077509972417,3.0,5.0,525.0,653.0,1.8194701638552215,
RocklandSample2,/run/media/falconnier/Elements/BIDS_datasets_selection/RocklandSample2/sub-A00073294/ses-MRI1/anat/sub-A00073294_ses-MRI1_T1w.nii.gz,,,,,sub-A00073294,ses-MRI1,176.0,256.0,256.0,0.9999991655349731,0.9999999403953552,1.0,10.58326530456543,11534336.0,10081792.0,0.8740678267045454,0.0,1829.0,191.0928255611701,37.0,230.35237860327922,34.0,-0.5243807030562069,0.9426498656890873,2.0,4.0,640.0,757.0,1.1484420735469252,
RocklandSample2,/run/media/falconnier/Elements/BIDS_datasets_selection/RocklandSample2/sub-A00073005/ses-MRI1/anat/sub-A00073005_ses-MRI1_T1w.nii.gz,,,,,sub-A00073005,ses-MRI1,176.0,256.0,256.0,1.0,1.0,1.0,10.130023956298828,11534336.0,10227575.0,0.8867068724198774,0.0,1442.0,134.65646714885983,23.0,189.4204787676293,18.0,0.858142060689862,1.406194473472868,2.0,3.0,538.0,669.0,1.3565560158937182,
RocklandSample2,/run/media/falconnier/Elements/BIDS_datasets_selection/RocklandSample2/sub-A00073623/ses-MRI1/anat/sub-A00073623_ses-MRI1_T1w.nii.gz,,,,,sub-A00073623,ses-MRI1,176.0,256.0,256.0,0.9999995231628418,1.0,1.0,10.828239440917969,11534336.0,10159531.0,0.8808076164939187,0.0,1425.0,171.20018896541583,75.0,187.72314308901184,70.0,-0.3446679385429241,0.8705850245770583,2.0,4.0,521.0,639.0,1.4788247975240811,
RocklandSample2,/run/media/falconnier/Elements/BIDS_datasets_selection/RocklandSample2/sub-A00073539/ses-MRI1/anat/sub-A00073539_ses-MRI1_T1w.nii.gz,,,,,sub-A00073539,ses-MRI1,176.0,256.0,256.0,1.0000008344650269,0.9999998807907104,1.0,10.745874404907227,11534336.0,10170079.0,0.8817221034656871,0.0,1986.0,195.35909927543335,29.0,285.7630830166516,22.0,1.3457052107227687,1.5444352999297561,2.0,4.0,849.0,1034.0,1.0447826483150486,
RocklandSample2,/run/media/falconnier/Elements/BIDS_datasets_selection/RocklandSample2/sub-A00073545/ses-MRI1/anat/sub-A00073545_ses-MRI1_T1w.nii.gz,,,,,sub-A00073545,ses-MRI1,176.0,256.0,256.0,1.0,1.0,1.0,10.501867294311523,11534336.0,9989068.0,0.8660288724032316,0.0,2376.0,190.24053204963667,38.0,229.96256842565046,35.0,-0.011215511605270567,1.0098707881895086,2.0,3.0,621.0,782.0,0.8755036832875028,
RocklandSample2,/run/media/falconnier/Elements/BIDS_datasets_selection/RocklandSample2/sub-A00073677/ses-MRI1/anat/sub-A00073677_ses-MRI1_T1w.nii.gz,,,,,sub-A00073677,ses-MRI1,176.0,256.0,256.0,1.0000046491622925,1.0,0.9999999403953552,10.321393013000488,11534336.0,10439117.0,0.9050470698963512,0.0,805.0,110.40508129183723,27.0,139.89218134749953,23.0,0.3448318982277656,1.2294971383875182,2.0,3.0,397.0,495.0,2.4206052830505715,
RocklandSample2,/run/media/falconnier/Elements/BIDS_datasets_selection/RocklandSample2/sub-A00074000/ses-MRI1/anat/sub-A00074000_ses-MRI1_T1w.nii.gz,,,,,sub-A00074000,ses-MRI1,176.0,256.0,256.0,1.0,1.0,1.0,10.871598243713379,11534336.0,10214780.0,0.8855975757945668,0.0,1402.0,166.17738561182912,44.0,197.2071669491907,39.0,-0.19729782981514132,1.0258450831382255,2.0,4.0,555.0,660.0,1.5007872429571703,
RocklandSample2,/run/media/falconnier/Elements/BIDS_datasets_selection/RocklandSample2/sub-A00074047/ses-MRI1/anat/sub-A00074047_ses-MRI1_T1w.nii.gz,,,,,sub-A00074047,ses-MRI1,176.0,256.0,256.0,1.0,1.0,1.0,11.047650337219238,11534336.0,10276820.0,0.890976298939098,0.0,1258.0,151.50698289937938,74.0,160.76075914119454,68.0,-0.32890652379529506,0.8748922788350241,2.0,4.0,448.0,561.0,1.6816523540350135,
RocklandSample2,/run/media/falconnier/Elements/BIDS_datasets_selection/RocklandSample2/sub-A00074113/ses-MRI1/anat/sub-A00074113_ses-MRI1_T1w.nii.gz,,,,,sub-A00074113,ses-MRI1,176.0,256.0,256.0,1.0000005960464478,1.0,1.0000001192092896,10.027414321899414,11534336.0,10141216.0,0.8792197487571023,0.0,1176.0,124.81072614960573,22.0,196.04620582452606,13.0,2.248482146844082,1.834735233811997,3.0,6.0,618.0,745.0,1.6285734882696519,
RocklandSample2,/run/media/falconnier/Elements/BIDS_datasets_selection/RocklandSample2/sub-A00074641/ses-MRI1/anat/sub-A00074641_ses-MRI1_T1w.nii.gz,,,,,sub-A00074641,ses-MRI1,176.0,256.0,256.0,1.0,1.0,1.0,10.152026176452637,11534336.0,10260824.0,0.889589483087713,0.0,1372.0,124.68248826799875,30.0,157.52825759170977,27.0,0.4835342908279303,1.2131729299601426,1.0,2.0,439.0,550.0,1.4384181306755381,
RocklandSample2,/run/media/falconnier/Elements/BIDS_datasets_selection/RocklandSample2/sub-A00074607/ses-MRI1/anat/sub-A00074607_ses-MRI1_T1w.nii.gz,,,,,sub-A00074607,ses-MRI1,176.0,256.0,256.0,1.0000041723251343,0.9999999403953552,1.0,10.490057945251465,11534336.0,10170337.0,0.8817444714632902,0.0,1357.0,129.42562650578836,67.0,139.3241281433728,63.0,-0.2474762360091045,0.9129682021513194,2.0,3.0,399.0,470.0,1.507667520864642,
RocklandSample2,/run/media/falconnier/Elements/BIDS_datasets_selection/RocklandSample2/sub-A00074429/ses-MRI1/anat/sub-A00074429_ses-MRI1_T1w.nii.gz,,,,,sub-A00074429,ses-MRI1,176.0,256.0,256.0,0.9999991059303284,1.0,1.0,10.706522941589355,11534336.0,10035425.0,0.8700479160655629,0.0,1511.0,189.1194622051383,40.0,232.5191089276048,36.0,0.09863467291259997,1.0841103002578423,2.0,3.0,632.0,788.0,1.399036458695758,
RocklandSample2,/run/media/falconnier/Elements/BIDS_datasets_selection/RocklandSample2/sub-A00074657/ses-MRI1/anat/sub-A00074657_ses-MRI1_T1w.nii.gz,,,,,sub-A00074657,ses-MRI1,176.0,256.0,256.0,1.0,1.0,1.0,11.106432914733887,11534336.0,10305768.0,0.8934860229492188,0.0,1592.0,215.89632747409024,32.0,287.75904728354527,26.0,0.42424556069004504,1.2686278708135041,2.0,5.0,838.0,990.0,1.3389759933551675,
RocklandSample2,/run/media/falconnier/Elements/BIDS_datasets_selection/RocklandSample2/sub-A00074641/ses-MRI2/anat/sub-A00074641_ses-MRI2_T1w.nii.gz,,,,,sub-A00074641,ses-MRI2,176.0,256.0,256.0,1.0,1.0,1.0,10.259281158447266,11534336.0,10261398.0,0.8896392475474965,0.0,1045.0,126.77200367825125,30.0,158.67179624143608,27.0,0.12556351703758883,1.146777267678255,1.0,2.0,444.0,547.0,1.8946105304263354,
RocklandSample2,/run/media/falconnier/Elements/BIDS_datasets_selection/RocklandSample2/sub-A00074768/ses-MRI1/anat/sub-A00074768_ses-MRI1_T1w.nii.gz,,,,,sub-A00074768,ses-MRI1,176.0,256.0,256.0,0.9999983906745911,1.0,1.0,11.033631324768066,11534336.0,10036987.0,0.8701833378184926,0.0,1603.0,171.52352972062232,73.0,190.29984355151964,68.0,-0.21455651766520978,0.9696272398239448,2.0,4.0,537.0,664.0,1.3457628444429535,
RocklandSample2,/run/media/falconnier/Elements/BIDS_datasets_selection/RocklandSample2/sub-A00074793/ses-MRI1/anat/sub-A00074793_ses-MRI1_T1w.nii.gz,,,,,sub-A00074793,ses-MRI1,176.0,256.0,256.0,1.000001072883606,0.9999999403953552,1.0,11.535310745239258,11534336.0,10274913.0,0.8908109664916992,0.0,1662.0,225.71815235807836,76.0,260.4790994967557,71.0,-0.18613996535001798,0.9784746618053377,2.0,5.0,728.0,868.0,1.3336473947328031,
RocklandSample2,/run/media/falconnier/Elements/BIDS_datasets_selection/RocklandSample2/sub-A00074795/ses-MRI1/anat/sub-A00074795_ses-MRI1_T1w.nii.gz,,,,,sub-A00074795,ses-MRI1,176.0,256.0,256.0,1.0000015497207642,1.0,1.0,10.08420181274414,11534336.0,10030748.0,0.8696424310857599,0.0,2029.0,148.64896934904556,23.0,203.75077098061885,20.0,1.1486170639555997,1.3875945917029135,1.0,2.0,557.0,747.0,0.9817636646761172,
RocklandSample2,/run/media/falconnier/Elements/BIDS_datasets_selection/RocklandSample2/sub-A00074794/ses-MRI1/anat/sub-A00074794_ses-MRI1_T1w.nii.gz,,,,,sub-A00074794,ses-MRI1,176.0,256.0,256.0,1.0,1.0,1.0,11.510936737060547,11534336.0,10278195.0,0.8910955082286488,0.0,1396.0,221.85223193371988,64.0,256.6463056911868,60.0,-0.24178425508842638,0.9633570922042323,2.0,4.0,699.0,914.0,1.5772902155853432,
RocklandSample2,/run/media/falconnier/Elements/BIDS_datasets_selection/RocklandSample2/sub-A00074808/ses-MRI1/anat/sub-A00074808_ses-MRI1_T1w.nii.gz,,,,,sub-A00074808,ses-MRI1,176.0,256.0,256.0,1.0,1.0,1.0,10.401702880859375,11534336.0,10219607.0,0.8860160654241388,0.0,1921.0,145.8001511212711,29.0,193.94857656923506,25.0,1.359657988484047,1.3964900882307159,1.0,3.0,534.0,719.0,1.0538209129456209,
RocklandSample2,/run/media/falconnier/Elements/BIDS_datasets_selection/RocklandSample2/sub-A00074800/ses-MRI1/anat/sub-A00074800_ses-MRI1_T1w.nii.gz,,,,,sub-A00074800,ses-MRI1,176.0,256.0,256.0,1.0,1.0,1.0,10.028581619262695,11534336.0,10110018.0,0.8765149550004439,0.0,1269.0,144.10853403030538,22.0,210.5587480268033,16.0,0.8223514850065117,1.4413641324171393,2.0,4.0,606.0,740.0,1.5417462162022675,
RocklandSample2,/run/media/falconnier/Elements/BIDS_datasets_selection/RocklandSample2/sub-A00074962/ses-MRI1/anat/sub-A00074962_ses-MRI1_T1w.nii.gz,,,,,sub-A00074962,ses-MRI1,176.0,256.0,256.0,0.9999992847442627,1.0,0.9999999403953552,10.505775451660156,11534336.0,10231844.0,0.8870769847523082,0.0,1276.0,151.60203664168452,29.0,201.81982079532492,24.0,0.4828279670277875,1.2914811604724588,2.0,4.0,575.0,701.0,1.5963437561388607,
RocklandSample2,/run/media/falconnier/Elements/BIDS_datasets_selection/RocklandSample2/sub-A00074977/ses-MRI1/anat/sub-A00074977_ses-MRI1_T1w.nii.gz,,,,,sub-A00074977,ses-MRI1,176.0,256.0,256.0,1.0,1.0,1.0,10.212346076965332,11534336.0,10111472.0,0.8766410134055398,0.0,1119.0,144.30907586946788,25.0,200.82146128447243,19.0,0.7715595246578886,1.4074110531634767,3.0,4.0,591.0,711.0,1.7832570584945264,
RocklandSample2,/run/media/falconnier/Elements/BIDS_datasets_selection/RocklandSample2/sub-A00075229/ses-MRI1/anat/sub-A00075229_ses-MRI1_T1w.nii.gz,,,,,sub-A00075229,ses-MRI1,176.0,256.0,256.0,1.0,1.0,1.0,11.134037971496582,11534336.0,10200762.0,0.8843822479248047,0.0,1181.0,174.92165604883243,65.0,197.7565125081363,59.0,-0.11104602912009831,0.991175994451177,3.0,5.0,552.0,687.0,1.8111964715558273,
RocklandSample2,/run/media/falconnier/Elements/BIDS_datasets_selection/RocklandSample2/sub-A00075292/ses-MRI1/anat/sub-A00075292_ses-MRI1_T1w.nii.gz,,,,,sub-A00075292,ses-MRI1,176.0,256.0,256.0,0.9999972581863403,1.0,1.0,10.329986572265625,11534336.0,10217747.0,0.8858548077670011,0.0,2275.0,155.88030423928092,25.0,223.30669496560697,17.0,0.8196478057442769,1.4335980543449607,3.0,5.0,649.0,791.0,0.8799049386469141,
RocklandSample2,/run/media/falconnier/Elements/BIDS_datasets_selection/RocklandSample2/sub-A00075296/ses-MRI1/anat/sub-A00075296_ses-MRI1_T1w.nii.gz,,,,,sub-A00075296,ses-MRI1,176.0,256.0,256.0,0.9999969005584717,1.0,0.9999999403953552,10.745546340942383,11534336.0,10354279.0,0.8976918133822355,0.0,1383.0,169.06704445572694,28.0,235.65832728776255,21.0,0.4167836251770458,1.3303849070358247,3.0,5.0,674.0,812.0,1.4725075507869767,
RocklandSample2,/run/media/falconnier/Elements/BIDS_datasets_selection/RocklandSample2/sub-A00075361/ses-MRI1/anat/sub-A00075361_ses-MRI1_T1w.nii.gz,,,,,sub-A00075361,ses-MRI1,176.0,256.0,256.0,0.9999991655349731,0.9999999403953552,1.0,10.382499694824219,11534336.0,10088013.0,0.8746071728793058,0.0,1656.0,167.81240636783477,27.0,225.38146435581615,22.0,0.41962166192348205,1.255787619049885,2.0,4.0,633.0,771.0,1.230263082972146,
RocklandSample2,/run/media/falconnier/Elements/BIDS_datasets_selection/RocklandSample2/sub-A00075649/ses-MRI1/anat/sub-A00075649_ses-MRI1_T1w.nii.gz,,,,,sub-A00075649,ses-MRI1,176.0,256.0,256.0,1.0,1.0,1.0,11.237274169921875,11534336.0,10182751.0,0.8828207362781871,0.0,1868.0,222.4989541627798,42.0,274.9595880116498,36.0,-0.16830893638999234,1.0708304121763879,3.0,5.0,783.0,935.0,1.1662167231810594,
RocklandSample2,/run/media/falconnier/Elements/BIDS_datasets_selection/RocklandSample2/sub-A00075407/ses-MRI1/anat/sub-A00075407_ses-MRI1_T1w.nii.gz,,,,,sub-A00075407,ses-MRI1,176.0,256.0,256.0,1.0,1.0,1.0,10.840621948242188,11534336.0,10048531.0,0.8711841756647284,0.0,1456.0,171.60964941044617,61.0,203.70251022377485,57.0,0.33550861121050657,1.1423227289551625,1.0,3.0,575.0,722.0,1.4640695653262867,
RocklandSample2,/run/media/falconnier/Elements/BIDS_datasets_selection/RocklandSample2/sub-A00075657/ses-MRI1/anat/sub-A00075657_ses-MRI1_T1w.nii.gz,,,,,sub-A00075657,ses-MRI1,118.0,256.0,256.0,0.9999984502792358,1.0,1.0,7.429492950439453,7733248.0,6835302.0,0.8838850118346133,0.0,1301.0,210.4267379846567,42.0,253.27415393170253,38.0,-0.2417630186849622,1.0232001152476369,2.0,4.0,724.0,838.0,1.6571053844007506,
RocklandSample2,/run/media/falconnier/Elements/BIDS_datasets_selection/RocklandSample2/sub-A00075657/ses-MRI2/anat/sub-A00075657_ses-MRI2_T1w.nii.gz,,,,,sub-A00075657,ses-MRI2,176.0,256.0,256.0,1.000002384185791,1.0,1.0,10.38832950592041,11534336.0,9992227.0,0.8663027503273704,0.0,1313.0,186.70697403091424,29.0,246.55580852129953,25.0,0.15027102067913622,1.1944314954943764,2.0,3.0,706.0,833.0,1.578626209478557,
RocklandSample2,/run/media/falconnier/Elements/BIDS_datasets_selection/RocklandSample2/sub-A00075660/ses-MRI1/anat/sub-A00075660_ses-MRI1_T1w.nii.gz,,,,,sub-A00075660,ses-MRI1,176.0,256.0,256.0,0.9999985694885254,0.9999999403953552,1.0,11.016711235046387,11534336.0,10215407.0,0.8856519352306019,0.0,1508.0,203.82573949329674,32.0,275.93476107890933,26.0,0.36869090213469313,1.2700223557293866,2.0,4.0,788.0,944.0,1.39907043843498,
RocklandSample2,/run/media/falconnier/Elements/BIDS_datasets_selection/RocklandSample2/sub-A00075735/ses-MRI1/anat/sub-A00075735_ses-MRI1_T1w.nii.gz,,,,,sub-A00075735,ses-MRI1,176.0,256.0,256.0,1.0,1.0,1.0,10.871509552001953,11534336.0,10263770.0,0.8898448944091797,0.0,1347.0,184.25049976762924,31.0,245.1575042562842,26.0,0.3108359143161916,1.2538813659436832,2.0,4.0,705.0,838.0,1.5529574470067478,
RocklandSample2,/run/media/falconnier/Elements/BIDS_datasets_selection/RocklandSample2/sub-A00076381/ses-MRI1/anat/sub-A00076381_ses-MRI1_T1w.nii.gz,,,,,sub-A00076381,ses-MRI1,176.0,256.0,256.0,1.0,1.0,1.0,10.75998592376709,11534336.0,10035513.0,0.8700555454600941,0.0,1423.0,201.45125326428254,38.0,240.52133480030753,34.0,-0.2669769883888291,0.9591787953916163,2.0,4.0,650.0,804.0,1.4785019966573885,
RocklandSample2,/run/media/falconnier/Elements/BIDS_datasets_selection/RocklandSample2/sub-A00075898/ses-MRI1/anat/sub-A00075898_ses-MRI1_T1w.nii.gz,,,,,sub-A00075898,ses-MRI1,176.0,256.0,256.0,0.9999982118606567,1.0,1.0,10.5246000289917,11534336.0,10219846.0,0.8860367861661044,0.0,2266.0,165.41460067010794,33.0,209.52574170706848,30.0,0.4855012131070975,1.188221413746043,2.0,3.0,572.0,757.0,0.9092355670629177,
RocklandSample2,/run/media/falconnier/Elements/BIDS_datasets_selection/RocklandSample2/sub-A00075895/ses-MRI1/anat/sub-A00075895_ses-MRI1_T1w.nii.gz,,,,,sub-A00075895,ses-MRI1,176.0,256.0,256.0,1.0,1.0,1.0,11.155715942382812,11534336.0,10200741.0,0.884380427273837,0.0,1605.0,215.94279582238192,42.0,266.7749997950557,38.0,-0.014936436774047657,1.0898128394495086,2.0,4.0,746.0,915.0,1.3478409154107442,
RocklandSample2,/run/media/falconnier/Elements/BIDS_datasets_selection/RocklandSample2/sub-A00076586/ses-MRI1/anat/sub-A00076586_ses-MRI1_T1w.nii.gz,,,,,sub-A00076586,ses-MRI1,176.0,256.0,256.0,0.9999982118606567,1.0,1.0,10.358904838562012,11534336.0,10250393.0,0.8886851397427645,0.0,1300.0,152.65981109212106,26.0,205.07757005540128,21.0,0.6669030812422845,1.3171640686745782,2.0,4.0,588.0,712.0,1.5482455321512716,
RocklandSample2,/run/media/falconnier/Elements/BIDS_datasets_selection/RocklandSample2/sub-A00077099/ses-MRI1/anat/sub-A00077099_ses-MRI1_T1w.nii.gz,,,,,sub-A00077099,ses-MRI1,176.0,256.0,256.0,1.0,1.0,1.0,10.780293464660645,11534336.0,10223571.0,0.8863597349687056,0.0,1720.0,180.33589858181648,41.0,214.81288082228465,38.0,0.05636206981899683,1.0264509960165236,2.0,4.0,577.0,752.0,1.2120462038271713,
RocklandSample2,/run/media/falconnier/Elements/BIDS_datasets_selection/RocklandSample2/sub-A00077088/ses-MRI1/anat/sub-A00077088_ses-MRI1_T1w.nii.gz,,,,,sub-A00077088,ses-MRI1,176.0,256.0,256.0,1.0000039339065552,0.9999999403953552,1.0,10.719934463500977,11534336.0,10166454.0,0.8814078244295988,0.0,1475.0,168.4163536273316,42.0,205.81074513547642,38.0,0.08969309543139303,1.1106450460232684,2.0,4.0,572.0,720.0,1.4214842319863237,
RocklandSample2,/run/media/falconnier/Elements/BIDS_datasets_selection/RocklandSample2/sub-A00077134/ses-MRI1/anat/sub-A00077134_ses-MRI1_T1w.nii.gz,,,,,sub-A00077134,ses-MRI1,176.0,256.0,256.0,1.0000048875808716,0.9999999403953552,1.0,10.998034477233887,11534336.0,10093033.0,0.8750423951582476,0.0,1448.0,196.37816343214175,43.0,244.41199538788277,38.0,0.290431229267206,1.1941847981343907,3.0,5.0,711.0,833.0,1.4879482159929405,
RocklandSample2,/run/media/falconnier/Elements/BIDS_datasets_selection/RocklandSample2/sub-A00077199/ses-MRI1/anat/sub-A00077199_ses-MRI1_T1w.nii.gz,,,,,sub-A00077199,ses-MRI1,176.0,256.0,256.0,1.0,1.0,1.0,9.986953735351562,11534336.0,10075939.0,0.8735603852705522,0.0,1773.0,160.94451425321253,22.0,229.07322431791133,17.0,0.38931061543850864,1.3041410567732834,1.0,3.0,643.0,785.0,1.1148710108941966,
RocklandSample2,/run/media/falconnier/Elements/BIDS_datasets_selection/RocklandSample2/sub-A00077204/ses-MRI1/anat/sub-A00077204_ses-MRI1_T1w.nii.gz,,,,,sub-A00077204,ses-MRI1,176.0,256.0,256.0,0.9999986886978149,0.9999999403953552,1.0,10.711140632629395,11534336.0,10219453.0,0.8860027139837091,0.0,1707.0,177.06017729128948,58.0,206.2301843454878,55.0,0.06880764638948245,1.0091178906486282,1.0,3.0,569.0,723.0,1.2207583894692966,
RocklandSample2,/run/media/falconnier/Elements/BIDS_datasets_selection/RocklandSample2/sub-A00077213/ses-MRI1/anat/sub-A00077213_ses-MRI1_T1w.nii.gz,,,,,sub-A00077213,ses-MRI1,176.0,256.0,256.0,1.0,1.0,1.0,10.463282585144043,11534336.0,10156522.0,0.880546743219549,0.0,1389.0,143.57815559302682,29.0,204.5025714238801,24.0,1.4013958536968678,1.5555563284117293,2.0,4.0,614.0,740.0,1.4599879127686408,
RocklandSample2,/run/media/falconnier/Elements/BIDS_datasets_selection/RocklandSample2/sub-A00077304/ses-MRI1/anat/sub-A00077304_ses-MRI1_T1w.nii.gz,,,,,sub-A00077304,ses-MRI1,176.0,256.0,256.0,1.0,1.0,1.0,10.286157608032227,11534336.0,10081208.0,0.8740171952681108,0.0,2080.0,140.18605022334626,43.0,171.85134058289023,39.0,0.8029086606684706,1.2241609537013243,1.0,3.0,473.0,621.0,0.9841032369478172,
RocklandSample2,/run/media/falconnier/Elements/BIDS_datasets_selection/RocklandSample2/sub-A00077236/ses-MRI1/anat/sub-A00077236_ses-MRI1_T1w.nii.gz,,,,,sub-A00077236,ses-MRI1,176.0,256.0,256.0,1.0,1.0,1.0,10.50930404663086,11534336.0,10136034.0,0.8787704814564098,0.0,1531.0,177.6257292546572,27.0,240.62642381400266,22.0,0.5120664346598898,1.2846258308397114,3.0,4.0,677.0,817.0,1.3370750971502794,
RocklandSample2,/run/media/falconnier/Elements/BIDS_datasets_selection/RocklandSample2/sub-A00077412/ses-MRI1/anat/sub-A00077412_ses-MRI1_T1w.nii.gz,,,,,sub-A00077412,ses-MRI1,176.0,256.0,256.0,1.0,1.0,1.0,10.32234001159668,11534336.0,10249736.0,0.8886281793767755,0.0,2248.0,156.79350551077607,24.0,227.1458581966972,17.0,0.8818340782487497,1.4550765609656253,2.0,4.0,665.0,809.0,0.8873006124277225,
RocklandSample2,/run/media/falconnier/Elements/BIDS_datasets_selection/RocklandSample2/sub-A00077507/ses-MRI1/anat/sub-A00077507_ses-MRI1_T1w.nii.gz,,,,,sub-A00077507,ses-MRI1,176.0,256.0,256.0,0.9999955892562866,1.0,1.0,10.662215232849121,11534336.0,10346205.0,0.8969918164339933,0.0,1815.0,148.4525231232128,28.0,208.36466113275594,22.0,1.7818544010572843,1.5708096902121325,2.0,4.0,602.0,765.0,1.1214431249043801,
RocklandSample2,/run/media/falconnier/Elements/BIDS_datasets_selection/RocklandSample2/sub-A00077733/ses-MRI1/anat/sub-A00077733_ses-MRI1_T1w.nii.gz,,,,,sub-A00077733,ses-MRI1,176.0,256.0,256.0,1.0,1.0,1.0,10.375601768493652,11534336.0,10118656.0,0.8772638494318182,0.0,1345.0,159.5372063246344,26.0,228.4219690152653,20.0,1.0421370228131508,1.4640614980931017,2.0,4.0,660.0,810.0,1.504812263026787,
RocklandSample2,/run/media/falconnier/Elements/BIDS_datasets_selection/RocklandSample2/sub-A00077622/ses-MRI1/anat/sub-A00077622_ses-MRI1_T1w.nii.gz,,,,,sub-A00077622,ses-MRI1,176.0,256.0,256.0,1.0,1.0,1.0,11.073870658874512,11534336.0,10292708.0,0.8923537514426492,0.0,1401.0,177.16633863508028,39.0,220.2223299018633,34.0,0.479329186614875,1.2108929367864596,2.0,5.0,617.0,778.0,1.5149704455867254,
RocklandSample2,/run/media/falconnier/Elements/BIDS_datasets_selection/RocklandSample2/sub-A00079328/ses-MRI1/anat/sub-A00079328_ses-MRI1_T1w.nii.gz,,,,,sub-A00079328,ses-MRI1,176.0,256.0,256.0,0.9999983906745911,1.0,1.0,11.611754417419434,11534336.0,10174195.0,0.8820789510553534,0.0,2551.0,198.02621770076158,109.0,206.87000655250668,100.0,0.07564259560193376,0.9172329301066198,3.0,5.0,583.0,725.0,0.8751418317632661,
RocklandSample2,/run/media/falconnier/Elements/BIDS_datasets_selection/RocklandSample2/sub-A00078238/ses-MRI1/anat/sub-A00078238_ses-MRI1_T1w.nii.gz,,,,,sub-A00078238,ses-MRI1,176.0,256.0,256.0,1.0,1.0,1.0,10.473554611206055,11534336.0,10237439.0,0.8875620581886985,0.0,1362.0,130.17101630593353,30.0,177.27894149847364,23.0,0.7618583103749934,1.4033437681549894,2.0,5.0,511.0,635.0,1.471389320063491,
RocklandSample2,/run/media/falconnier/Elements/BIDS_datasets_selection/RocklandSample2/sub-A00079353/ses-MRI1/anat/sub-A00079353_ses-MRI1_T1w.nii.gz,,,,,sub-A00079353,ses-MRI1,176.0,256.0,256.0,0.9999985694885254,1.0,1.0,10.832096099853516,11534336.0,10130643.0,0.8783030943437056,0.0,1430.0,186.21388000741908,35.0,231.44405080496867,31.0,0.15630769408228629,1.1296062306389234,2.0,4.0,648.0,783.0,1.4751825043093467,
RocklandSample2,/run/media/falconnier/Elements/BIDS_datasets_selection/RocklandSample2/sub-A00079403/ses-MRI1/anat/sub-A00079403_ses-MRI1_T1w.nii.gz,,,,,sub-A00079403,ses-MRI1,176.0,256.0,256.0,1.0,1.0,1.0,10.994621276855469,11534336.0,10358104.0,0.8980234319513495,0.0,1453.0,188.8213532129046,32.0,248.6052244854955,27.0,0.09800358608150583,1.1816561257687748,2.0,3.0,692.0,833.0,1.4384815059329181,
RocklandSample2,/run/media/falconnier/Elements/BIDS_datasets_selection/RocklandSample2/sub-A00079724/ses-MRI1/anat/sub-A00079724_ses-MRI1_T1w.nii.gz,,,,,sub-A00079724,ses-MRI1,176.0,256.0,256.0,0.9999973177909851,1.0,1.0,11.151500701904297,11534336.0,10120023.0,0.877382365140048,0.0,1745.0,212.90755337216132,51.0,259.4075590808743,46.0,0.401845856846637,1.1533251847368353,2.0,5.0,732.0,871.0,1.251401312514776,
RocklandSample2,/run/media/falconnier/Elements/BIDS_datasets_selection/RocklandSample2/sub-A00080811/ses-MRI1/anat/sub-A00080811_ses-MRI1_T1w.nii.gz,,,,,sub-A00080811,ses-MRI1,49.0,256.0,256.0,1.0,1.0,1.0,2.591653823852539,3211264.0,2725404.0,0.848701321348852,0.0,1494.0,128.46845752042634,16.0,200.29738669371187,12.0,1.3240872127816488,1.5804034128164584,2.0,3.0,587.0,716.0,1.254035686455808,
RocklandSample2,/run/media/falconnier/Elements/BIDS_datasets_selection/RocklandSample2/sub-A00079776/ses-MRI1/anat/sub-A00079776_ses-MRI1_T1w.nii.gz,,,,,sub-A00079776,ses-MRI1,176.0,256.0,256.0,1.0,1.0,1.0,11.294448852539062,11534336.0,10324257.0,0.8950889760797675,0.0,1685.0,233.81525963563286,60.0,268.40127343195013,56.0,-0.6654902086256649,0.8446725258463764,3.0,5.0,740.0,859.0,1.2973239901107554,
RocklandSample2,/run/media/falconnier/Elements/BIDS_datasets_selection/RocklandSample2/sub-A00079977/ses-MRI1/anat/sub-A00079977_ses-MRI1_T1w.nii.gz,,,,,sub-A00079977,ses-MRI1,176.0,256.0,256.0,0.9999986886978149,1.0000001192092896,1.0,10.119447708129883,11534336.0,10128279.0,0.8780981410633434,0.0,1329.0,146.18489794761774,21.0,215.41555945278827,15.0,0.9611359343590236,1.4791202729113238,2.0,4.0,628.0,755.0,1.471225777848615,
RocklandSample2,/run/media/falconnier/Elements/BIDS_datasets_selection/RocklandSample2/sub-A00079818/ses-MRI1/anat/sub-A00079818_ses-MRI1_T1w.nii.gz,,,,,sub-A00079818,ses-MRI1,176.0,256.0,256.0,1.0000052452087402,0.9999999403953552,1.0,10.838644981384277,11534336.0,10175951.0,0.8822311921553179,0.0,1408.0,190.16344555904408,33.0,248.08007334691675,27.0,0.2378273946776277,1.2245752409685573,3.0,5.0,716.0,863.0,1.497555978342645,
RocklandSample2,/run/media/falconnier/Elements/BIDS_datasets_selection/RocklandSample2/sub-A00080052/ses-MRI1/anat/sub-A00080052_ses-MRI1_T1w.nii.gz,,,,,sub-A00080052,ses-MRI1,176.0,256.0,256.0,1.0,1.0,1.0,11.170098304748535,11534336.0,10209023.0,0.8850984573364258,0.0,1770.0,221.12490774092683,55.0,259.99834067586175,51.0,-0.31965271624248137,0.9437642210772583,2.0,4.0,705.0,840.0,1.228295365213685,
RocklandSample2,/run/media/falconnier/Elements/BIDS_datasets_selection/RocklandSample2/sub-A00080819/ses-MRI1/anat/sub-A00080819_ses-MRI1_T1w.nii.gz,,,,,sub-A00080819,ses-MRI1,176.0,256.0,256.0,0.9999964237213135,1.0,1.0,11.03670883178711,11534336.0,10027404.0,0.8693525140935724,0.0,1562.0,208.54027144014543,48.0,254.63779811480595,43.0,0.06315649265383172,1.1167221361483926,2.0,5.0,733.0,862.0,1.396891006753215,
RocklandSample2,/run/media/falconnier/Elements/BIDS_datasets_selection/RocklandSample2/sub-A00080932/ses-MRI1/anat/sub-A00080932_ses-MRI1_T1w.nii.gz,,,,,sub-A00080932,ses-MRI1,176.0,256.0,256.0,0.9999958872795105,1.0,1.0,11.45319652557373,11534336.0,10358662.0,0.8980718092484907,0.0,1889.0,181.36929267505784,71.0,201.48100152028235,65.0,0.1761485537393428,1.0202600703964557,2.0,5.0,561.0,710.0,1.153357324217823,
RocklandSample2,/run/media/falconnier/Elements/BIDS_datasets_selection/RocklandSample2/sub-A00081090/ses-MRI1/anat/sub-A00081090_ses-MRI1_T1w.nii.gz,,,,,sub-A00081090,ses-MRI1,176.0,256.0,256.0,1.0,1.0,1.0,10.865303039550781,11534336.0,10445847.0,0.9056305451826616,0.0,1012.0,149.19537391271382,71.0,169.32365332232126,65.0,0.061274878615782846,1.0612940045337225,2.0,4.0,489.0,604.0,2.0672413689053295,
RocklandSample2,/run/media/falconnier/Elements/BIDS_datasets_selection/RocklandSample2/sub-A00081112/ses-MRI1/anat/sub-A00081112_ses-MRI1_T1w.nii.gz,,,,,sub-A00081112,ses-MRI1,176.0,256.0,256.0,1.0,1.0,1.0,10.436055183410645,11534336.0,10291137.0,0.8922175494107333,0.0,1875.0,154.00340671783886,37.0,186.8579711317691,34.0,0.6359859542996782,1.1481658043129404,1.0,2.0,504.0,684.0,1.0872323598233742,
RocklandSample2,/run/media/falconnier/Elements/BIDS_datasets_selection/RocklandSample2/sub-A00081103/ses-MRI1/anat/sub-A00081103_ses-MRI1_T1w.nii.gz,,,,,sub-A00081103,ses-MRI1,176.0,256.0,256.0,0.9999925494194031,1.0,0.9999999403953552,12.362685203552246,11534336.0,10246739.0,0.8883683464743874,0.0,2053.0,252.2890384931245,114.0,273.8605925539459,104.0,0.6813205602951982,1.1338310870021162,3.0,6.0,758.0,1048.0,1.1401197607354436,
RocklandSample2,/run/media/falconnier/Elements/BIDS_datasets_selection/RocklandSample2/sub-A00081142/ses-MRI1/anat/sub-A00081142_ses-MRI1_T1w.nii.gz,,,,,sub-A00081142,ses-MRI1,176.0,256.0,256.0,0.9999942779541016,0.9999999403953552,1.0,11.617406845092773,11534336.0,10363554.0,0.8984959342262961,0.0,1669.0,210.1079875687433,86.0,237.30435707446554,80.0,0.036378271925763705,1.013740755356188,2.0,4.0,670.0,813.0,1.3267695165423339,
RocklandSample2,/run/media/falconnier/Elements/BIDS_datasets_selection/RocklandSample2/sub-A00081243/ses-MRI1/anat/sub-A00081243_ses-MRI1_T1w.nii.gz,,,,,sub-A00081243,ses-MRI1,176.0,256.0,256.0,1.0,1.0,1.0,10.53413200378418,11534336.0,10181677.0,0.8827276229858398,0.0,1456.0,177.78031565919838,27.0,252.99441408796838,20.0,0.8522405445739558,1.4168649550620656,2.0,4.0,729.0,885.0,1.4030903768383507,
RocklandSample2,/run/media/falconnier/Elements/BIDS_datasets_selection/RocklandSample2/sub-A00081725/ses-MRI1/anat/sub-A00081725_ses-MRI1_T1w.nii.gz,,,,,sub-A00081725,ses-MRI1,176.0,256.0,256.0,1.000001311302185,1.0,1.0,10.561054229736328,11534336.0,10321326.0,0.8948348652232777,0.0,1456.0,155.80024368961895,24.0,214.00347977536086,18.0,0.6564786251113826,1.3402202354098178,3.0,5.0,603.0,745.0,1.3734410826029897,
RocklandSample2,/run/media/falconnier/Elements/BIDS_datasets_selection/RocklandSample2/sub-A00081963/ses-MRI1/anat/sub-A00081963_ses-MRI1_T1w.nii.gz,,,,,sub-A00081963,ses-MRI1,176.0,256.0,256.0,1.0,1.0,1.0,11.386626243591309,11534336.0,10147317.0,0.8797486912120472,0.0,1345.0,213.0311146286255,82.0,234.87608562250512,76.0,-0.39719527058100024,0.878894785366062,3.0,5.0,645.0,792.0,1.6411987175290408,
RocklandSample2,/run/media/falconnier/Elements/BIDS_datasets_selection/RocklandSample2/sub-A00082216/ses-MRI1/anat/sub-A00082216_ses-MRI1_T1w.nii.gz,,,,,sub-A00082216,ses-MRI1,176.0,256.0,256.0,1.0,1.0,1.0,10.128558158874512,11534336.0,10019216.0,0.8686426336115057,0.0,1746.0,160.1671061887477,25.0,217.94141828472968,20.0,0.2812424721672615,1.2506634254192155,2.0,4.0,616.0,742.0,1.1514729844754943,
RocklandSample2,/run/media/falconnier/Elements/BIDS_datasets_selection/RocklandSample2/sub-A00082215/ses-MRI1/anat/sub-A00082215_ses-MRI1_T1w.nii.gz,,,,,sub-A00082215,ses-MRI1,176.0,256.0,256.0,1.0,1.0,1.0,10.724870681762695,11534336.0,10292836.0,0.8923648487437855,0.0,1246.0,166.26690117281572,31.0,209.2675023419742,26.0,0.019928292761430377,1.124409758651042,3.0,5.0,594.0,709.0,1.650422599654544,
RocklandSample2,/run/media/falconnier/Elements/BIDS_datasets_selection/RocklandSample2/sub-A00082513/ses-MRI1/anat/sub-A00082513_ses-MRI1_T1w.nii.gz,,,,,sub-A00082513,ses-MRI1,176.0,256.0,256.0,1.0,1.0,1.0,9.897522926330566,11534336.0,9889593.0,0.8574046221646395,0.0,1393.0,153.06604872414871,23.0,211.50554664398538,18.0,0.4871801094896009,1.318061804055859,2.0,4.0,607.0,733.0,1.4280690992092853,
RocklandSample2,/run/media/falconnier/Elements/BIDS_datasets_selection/RocklandSample2/sub-A00082524/ses-MRI1/anat/sub-A00082524_ses-MRI1_T1w.nii.gz,,,,,sub-A00082524,ses-MRI1,176.0,256.0,256.0,1.0000016689300537,1.0,1.0,9.86788272857666,11534336.0,10112866.0,0.876761869950728,0.0,1689.0,130.39076716728968,22.0,179.939980782908,18.0,1.305888773926406,1.4246137929275526,2.0,3.0,490.0,679.0,1.1511364155267796,
RocklandSample2,/run/media/falconnier/Elements/BIDS_datasets_selection/RocklandSample2/sub-A00082532/ses-MRI1/anat/sub-A00082532_ses-MRI1_T1w.nii.gz,,,,,sub-A00082532,ses-MRI1,176.0,256.0,256.0,1.0,1.0,1.0,10.831003189086914,11534336.0,10181933.0,0.8827498175881126,0.0,1550.0,184.53447916029305,68.0,209.1333972335267,64.0,-0.24226128103982614,0.9166173157849433,2.0,3.0,569.0,727.0,1.359411273066094,
RocklandSample2,/run/media/falconnier/Elements/BIDS_datasets_selection/RocklandSample2/sub-A00082563/ses-MRI1/anat/sub-A00082563_ses-MRI1_run-01_T1w.nii.gz,,,,,sub-A00082563,ses-MRI1,176.0,256.0,256.0,0.999994695186615,0.9999999403953552,1.0,10.652772903442383,11534336.0,10172877.0,0.8819646835327148,0.0,1383.0,183.99857139725566,26.0,260.5803514674843,20.0,0.6454860715915736,1.3739018934264386,2.0,4.0,749.0,900.0,1.4800668596564084,
RocklandSample2,/run/media/falconnier/Elements/BIDS_datasets_selection/RocklandSample2/sub-A00082563/ses-MRI1/anat/sub-A00082563_ses-MRI1_run-02_T1w.nii.gz,,,,,sub-A00082563,ses-MRI1,176.0,256.0,256.0,0.9999985098838806,1.0,1.0000001192092896,10.807172775268555,11534336.0,10152147.0,0.8801674409346147,0.0,2209.0,170.49224415288708,33.0,227.23215582312383,27.0,0.6323029611181381,1.3186235291210653,2.0,4.0,644.0,782.0,0.9450854175832102,
RocklandSample2,/run/media/falconnier/Elements/BIDS_datasets_selection/RocklandSample2/sub-A00082666/ses-MRI1/anat/sub-A00082666_ses-MRI1_T1w.nii.gz,,,,,sub-A00082666,ses-MRI1,176.0,256.0,256.0,1.0,1.0,1.0,10.472689628601074,11534336.0,10235164.0,0.8873648210005327,0.0,1260.0,159.93111561280307,26.0,220.35351837646138,20.0,0.4677632105573726,1.323344488388719,2.0,4.0,640.0,763.0,1.602375232448803,
RocklandSample2,/run/media/falconnier/Elements/BIDS_datasets_selection/RocklandSample2/sub-A00082734/ses-MRI1/anat/sub-A00082734_ses-MRI1_T1w.nii.gz,,,,,sub-A00082734,ses-MRI1,176.0,256.0,256.0,1.0,1.0,1.0,10.885324478149414,11534336.0,10175246.0,0.8821700703014027,0.0,1484.0,191.86563047222643,31.0,248.63426545253375,27.0,0.38273344833954015,1.2171389900702205,2.0,4.0,692.0,879.0,1.415244494242149,
RocklandSample2,/run/media/falconnier/Elements/BIDS_datasets_selection/RocklandSample2/sub-A00082781/ses-MRI1/anat/sub-A00082781_ses-MRI1_T1w.nii.gz,,,,,sub-A00082781,ses-MRI1,176.0,256.0,256.0,1.0,1.0,1.0,10.699164390563965,11534336.0,10248905.0,0.8885561336170543,0.0,2300.0,172.63476859235206,30.0,232.80266070248,25.0,0.7175255899815367,1.3304855527820223,2.0,4.0,668.0,802.0,0.9017885872277486,
RocklandSample2,/run/media/falconnier/Elements/BIDS_datasets_selection/RocklandSample2/sub-A00082804/ses-MRI1/anat/sub-A00082804_ses-MRI1_T1w.nii.gz,,,,,sub-A00082804,ses-MRI1,176.0,256.0,256.0,0.9999985694885254,0.9999999403953552,1.0,10.633050918579102,11534336.0,9998137.0,0.8668151335282759,0.0,1596.0,195.83475251439344,34.0,242.81008847274734,30.0,-0.010860102346404332,1.0624304921088028,2.0,4.0,658.0,809.0,1.3161268075325703,
RocklandSample2,/run/media/falconnier/Elements/BIDS_datasets_selection/RocklandSample2/sub-A00082942/ses-MRI1/anat/sub-A00082942_ses-MRI1_T1w.nii.gz,,,,,sub-A00082942,ses-MRI1,176.0,256.0,256.0,1.0,1.0,1.0,11.217501640319824,11534336.0,10428253.0,0.9041051864624023,0.0,1212.0,156.32279567824065,58.0,178.8295424627296,52.0,0.21325312226925108,1.1001892496603032,3.0,5.0,514.0,634.0,1.7530590541818465,
RocklandSample2,/run/media/falconnier/Elements/BIDS_datasets_selection/RocklandSample2/sub-A00082969/ses-MRI1/anat/sub-A00082969_ses-MRI1_T1w.nii.gz,,,,,sub-A00082969,ses-MRI1,176.0,256.0,256.0,0.9999997019767761,1.0,1.0,11.174903869628906,11534336.0,10340258.0,0.896476225419478,0.0,1424.0,189.30843224608128,36.0,242.5246086286706,31.0,0.5904183165506085,1.2590605445545726,2.0,4.0,691.0,858.0,1.492251523604262,
RocklandSample2,/run/media/falconnier/Elements/BIDS_datasets_selection/RocklandSample2/sub-A00083080/ses-MRI1/anat/sub-A00083080_ses-MRI1_T1w.nii.gz,,,,,sub-A00083080,ses-MRI1,176.0,256.0,256.0,1.0000003576278687,1.0,1.0,10.205748558044434,11534336.0,10135466.0,0.8787212371826172,0.0,1693.0,141.30369141389255,27.0,185.53154146580195,21.0,0.33620006212069153,1.2621816807085562,3.0,5.0,536.0,651.0,1.1869975457036397,
RocklandSample2,/run/media/falconnier/Elements/BIDS_datasets_selection/RocklandSample2/sub-A00083138/ses-MRI1/anat/sub-A00083138_ses-MRI1_T1w.nii.gz,,,,,sub-A00083138,ses-MRI1,176.0,256.0,256.0,1.0,1.0,1.0,10.668035507202148,11534336.0,10113130.0,0.8767847581343218,0.0,1333.0,187.26241321925062,42.0,222.39564320680273,38.0,-0.09425140853305347,0.9991378326842922,2.0,4.0,609.0,777.0,1.5731026207991194,
RocklandSample2,/run/media/falconnier/Elements/BIDS_datasets_selection/RocklandSample2/sub-A00083631/ses-MRI1/anat/sub-A00083631_ses-MRI1_T1w.nii.gz,,,,,sub-A00083631,ses-MRI1,176.0,256.0,256.0,1.000004768371582,1.0,1.0,10.861252784729004,11534336.0,10237215.0,0.8875426379117098,0.0,1375.0,184.9040355213796,32.0,240.8290638998914,27.0,0.5110298613327844,1.2819692661423387,3.0,5.0,707.0,837.0,1.5291463617590144,
RocklandSample2,/run/media/falconnier/Elements/BIDS_datasets_selection/RocklandSample2/sub-A00083847/ses-MRI1/anat/sub-A00083847_ses-MRI1_T1w.nii.gz,,,,,sub-A00083847,ses-MRI1,176.0,256.0,256.0,1.0,1.0,1.0,10.340476036071777,11534336.0,10343032.0,0.8967167247425426,0.0,2107.0,130.62251774914745,26.0,172.11918054972978,22.0,2.3111500705369314,1.503104750798891,2.0,3.0,482.0,649.0,0.9440997246199473,
RocklandSample2,/run/media/falconnier/Elements/BIDS_datasets_selection/RocklandSample2/sub-A00083731/ses-MRI1/anat/sub-A00083731_ses-MRI1_T1w.nii.gz,,,,,sub-A00083731,ses-MRI1,176.0,256.0,256.0,1.0000040531158447,1.0,1.0,10.75963020324707,11534336.0,10197653.0,0.8841127048839222,0.0,2279.0,196.9101900211745,29.0,268.2393362794646,23.0,0.44829647529191696,1.2905942273424538,2.0,4.0,760.0,930.0,0.9177408734083993,
RocklandSample2,/run/media/falconnier/Elements/BIDS_datasets_selection/RocklandSample2/sub-A00084628/ses-MRI1/anat/sub-A00084628_ses-MRI1_T1w.nii.gz,,,,,sub-A00084628,ses-MRI1,176.0,256.0,256.0,1.0,1.0,1.0,10.805976867675781,11534336.0,10148127.0,0.8798189163208008,0.0,1479.0,210.64399814862387,40.0,253.0757982298528,38.0,-0.2115505292045743,0.9796066987838613,1.0,3.0,683.0,901.0,1.434854643565306,
RocklandSample2,/run/media/falconnier/Elements/BIDS_datasets_selection/RocklandSample2/sub-A00083982/ses-MRI1/anat/sub-A00083982_ses-MRI1_T1w.nii.gz,,,,,sub-A00083982,ses-MRI1,176.0,256.0,256.0,1.0,1.0,1.0,10.779541969299316,11534336.0,10280417.0,0.8912881504405629,0.0,1656.0,193.66948967147928,28.0,273.51317265248184,22.0,0.7400652854263052,1.3842997040694254,2.0,4.0,796.0,953.0,1.2512525071071676,
RocklandSample2,/run/media/falconnier/Elements/BIDS_datasets_selection/RocklandSample2/sub-A00084956/ses-MRI1/anat/sub-A00084956_ses-MRI1_T1w.nii.gz,,,,,sub-A00084956,ses-MRI1,88.0,256.0,256.0,1.0000029802322388,1.0,0.9999999403953552,5.470232963562012,5767168.0,5045475.0,0.8748618039217863,0.0,1358.0,199.0854361581417,37.0,252.6085337265892,33.0,-0.08370861190820778,1.103378625060531,2.0,4.0,698.0,834.0,1.5628262021709833,
RocklandSample2,/run/media/falconnier/Elements/BIDS_datasets_selection/RocklandSample2/sub-A00084901/ses-MRI1/anat/sub-A00084901_ses-MRI1_T1w.nii.gz,,,,,sub-A00084901,ses-MRI1,176.0,256.0,256.0,1.0000048875808716,1.0,1.0,10.908417701721191,11534336.0,10279709.0,0.8912267684936523,0.0,1743.0,179.85870893816158,35.0,225.6535541444552,31.0,0.8629605307821278,1.2640124947851399,2.0,4.0,626.0,848.0,1.2091584799005786,
RocklandSample2,/run/media/falconnier/Elements/BIDS_datasets_selection/RocklandSample2/sub-A00084956/ses-MRI2/anat/sub-A00084956_ses-MRI2_T1w.nii.gz,,,,,sub-A00084956,ses-MRI2,176.0,256.0,256.0,1.0,1.0,1.0,10.28192138671875,11534336.0,10079128.0,0.8738368641246449,0.0,1354.0,157.88378637517056,27.0,207.73450201557552,23.0,0.1365130678644828,1.1770287334588942,2.0,3.0,575.0,703.0,1.4869130919467919,
RocklandSample2,/run/media/falconnier/Elements/BIDS_datasets_selection/RocklandSample2/sub-A00085066/ses-MRI1/anat/sub-A00085066_ses-MRI1_T1w.nii.gz,,,,,sub-A00085066,ses-MRI1,176.0,256.0,256.0,1.0,1.0,1.0,10.646087646484375,11534336.0,10261377.0,0.8896374268965288,0.0,1275.0,146.58401898692543,41.0,175.36985484438765,38.0,0.21802760619504058,1.0999474486149368,1.0,3.0,486.0,620.0,1.6100233320941053,
RocklandSample2,/run/media/falconnier/Elements/BIDS_datasets_selection/RocklandSample2/sub-A00085297/ses-MRI1/anat/sub-A00085297_ses-MRI1_T1w.nii.gz,,,,,sub-A00085297,ses-MRI1,176.0,256.0,256.0,1.0,1.0,1.0,10.9077730178833,11534336.0,10284104.0,0.8916078047318892,0.0,1307.0,182.94222559398466,32.0,238.64356721632134,27.0,0.19980029564855073,1.198337283546575,2.0,4.0,674.0,805.0,1.5964986830569035,
RocklandSample2,/run/media/falconnier/Elements/BIDS_datasets_selection/RocklandSample2/sub-A00085298/ses-MRI1/anat/sub-A00085298_ses-MRI1_T1w.nii.gz,,,,,sub-A00085298,ses-MRI1,176.0,256.0,256.0,1.0000004768371582,1.0,1.0,10.398743629455566,11534336.0,10071248.0,0.8731536865234375,0.0,1681.0,176.3509385331391,28.0,227.6022332988682,24.0,0.02244823136236862,1.1281426237363041,2.0,3.0,631.0,762.0,1.221220178399494,
RocklandSample2,/run/media/falconnier/Elements/BIDS_datasets_selection/RocklandSample2/sub-A00085665/ses-MRI1/anat/sub-A00085665_ses-MRI1_T1w.nii.gz,,,,,sub-A00085665,ses-MRI1,176.0,256.0,256.0,0.999998927116394,1.0,1.0,11.293763160705566,11534336.0,10183494.0,0.8828851526433771,0.0,1909.0,216.90991932631374,46.0,266.5775981104782,42.0,0.4980423175302744,1.1751719462308798,2.0,4.0,733.0,904.0,1.1457844632933987,
RocklandSample2,/run/media/falconnier/Elements/BIDS_datasets_selection/RocklandSample2/sub-A00085391/ses-MRI1/anat/sub-A00085391_ses-MRI1_T1w.nii.gz,,,,,sub-A00085391,ses-MRI1,176.0,256.0,256.0,1.0000020265579224,1.0,1.0,11.152779579162598,11534336.0,10229367.0,0.8868622346357866,0.0,1337.0,185.24021955610743,52.0,222.0810913314695,46.0,0.2939111803045966,1.1444667223883198,4.0,6.0,629.0,770.0,1.6070914382548107,
RocklandSample2,/run/media/falconnier/Elements/BIDS_datasets_selection/RocklandSample2/sub-A00085796/ses-MRI1/anat/sub-A00085796_ses-MRI1_T1w.nii.gz,,,,,sub-A00085796,ses-MRI1,176.0,256.0,256.0,1.0,1.0,1.0,10.4079008102417,11534336.0,10214751.0,0.8855950615622781,0.0,1137.0,134.11848149798269,33.0,162.44088085799442,29.0,-0.14815739588933985,1.0450074509468796,2.0,3.0,454.0,551.0,1.7606026277049662,
RocklandSample2,/run/media/falconnier/Elements/BIDS_datasets_selection/RocklandSample2/sub-A00085795/ses-MRI1/anat/sub-A00085795_ses-MRI1_T1w.nii.gz,,,,,sub-A00085795,ses-MRI1,176.0,256.0,256.0,1.0000017881393433,1.0,1.0,10.699873924255371,11534336.0,10172812.0,0.8819590481844816,0.0,1847.0,178.34749506822695,32.0,238.3180090634033,26.0,0.34174286791168784,1.2711059375375529,2.0,5.0,686.0,839.0,1.1304190877842366,
RocklandSample2,/run/media/falconnier/Elements/BIDS_datasets_selection/RocklandSample2/sub-A00085907/ses-MRI1/anat/sub-A00085907_ses-MRI1_T1w.nii.gz,,,,,sub-A00085907,ses-MRI1,176.0,256.0,256.0,1.0,1.0,1.0,10.72476577758789,11534336.0,10165313.0,0.8813089023936879,0.0,1714.0,179.93367011915913,35.0,223.52706449034406,31.0,-0.02277026207176025,1.0865064436215652,2.0,4.0,617.0,755.0,1.2182164424015158,
RocklandSample2,/run/media/falconnier/Elements/BIDS_datasets_selection/RocklandSample2/sub-A00085951/ses-MRI2/anat/sub-A00085951_ses-MRI2_T1w.nii.gz,,,,,sub-A00085951,ses-MRI2,176.0,256.0,256.0,0.9999992251396179,1.0,1.0,11.797736167907715,11534336.0,10142205.0,0.8793054927479137,0.0,1859.0,256.95276658280915,126.0,280.7854562087453,119.0,0.012864782213816373,0.9430762574248974,3.0,5.0,758.0,1010.0,1.2273796564099422,
RocklandSample2,/run/media/falconnier/Elements/BIDS_datasets_selection/RocklandSample2/sub-A00086169/ses-MRI2/anat/sub-A00086169_ses-MRI2_T1w.nii.gz,,,,,sub-A00086169,ses-MRI2,176.0,256.0,256.0,1.0,1.0,1.0,10.380887031555176,11534336.0,10096325.0,0.8753278038718484,0.0,1622.0,150.6568718816005,36.0,178.2507359399936,33.0,0.08249207440166817,1.0095506945096206,1.0,3.0,480.0,620.0,1.2449050437785605,
RocklandSample2,/run/media/falconnier/Elements/BIDS_datasets_selection/RocklandSample2/sub-A00086169/ses-MRI1/anat/sub-A00086169_ses-MRI1_T1w.nii.gz,,,,,sub-A00086169,ses-MRI1,176.0,256.0,256.0,1.0,1.0,1.0,10.759989738464355,11534336.0,10302778.0,0.8932267969304865,0.0,1572.0,162.390473520831,38.0,193.60293933450524,35.0,-0.22779031606911548,0.9989360207622505,1.0,3.0,534.0,664.0,1.3149060404750728,
RocklandSample2,/run/media/falconnier/Elements/BIDS_datasets_selection/RocklandSample2/sub-A00086244/ses-MRI1/anat/sub-A00086244_ses-MRI1_T1w.nii.gz,,,,,sub-A00086244,ses-MRI1,176.0,256.0,256.0,1.0,1.0,1.0,10.459427833557129,11534336.0,10282081.0,0.8914324153553356,0.0,1689.0,150.8819881889668,26.0,213.06918621692915,20.0,1.2766158947644106,1.4991483083651118,1.0,3.0,622.0,784.0,1.1926432437259191,
RocklandSample2,/run/media/falconnier/Elements/BIDS_datasets_selection/RocklandSample2/sub-A00086259/ses-MRI1/anat/sub-A00086259_ses-MRI1_T1w.nii.gz,,,,,sub-A00086259,ses-MRI1,176.0,256.0,256.0,1.0,1.0,1.0,10.861685752868652,11534336.0,10312001.0,0.8940264094959606,0.0,1234.0,180.90036453642702,46.0,209.37585406729028,43.0,-0.38069380000137487,0.9144918932840688,2.0,3.0,577.0,693.0,1.6984544728071955,
RocklandSample2,/run/media/falconnier/Elements/BIDS_datasets_selection/RocklandSample2/sub-A00086551/ses-MRI1/anat/sub-A00086551_ses-MRI1_T1w.nii.gz,,,,,sub-A00086551,ses-MRI1,176.0,256.0,256.0,0.9999976754188538,1.0,1.0,10.46242618560791,11534336.0,10123921.0,0.8777203126387163,0.0,1767.0,173.47414731900813,26.0,230.89236899686648,22.0,0.08058715348947754,1.1738305515289895,2.0,4.0,636.0,771.0,1.1513027101594133,
RocklandSample2,/run/media/falconnier/Elements/BIDS_datasets_selection/RocklandSample2/sub-A00087118/ses-MRI1/anat/sub-A00087118_ses-MRI1_T1w.nii.gz,,,,,sub-A00087118,ses-MRI1,176.0,256.0,256.0,0.9999991059303284,1.0,1.0,10.693936347961426,11534336.0,10321488.0,0.8948489102450284,0.0,1514.0,158.2735839057314,38.0,188.17908149347062,36.0,0.2215199888597148,1.0616744726683685,1.0,3.0,510.0,670.0,1.359214562561864,
RocklandSample2,/run/media/falconnier/Elements/BIDS_datasets_selection/RocklandSample2/sub-A00088322/ses-MRI1/anat/sub-A00088322_ses-MRI1_T1w.nii.gz,,,,,sub-A00088322,ses-MRI1,176.0,256.0,256.0,1.000001311302185,1.0,1.0,10.348470687866211,11534336.0,10155891.0,0.8804920369928534,0.0,1086.0,154.04240307423544,28.0,201.68433225068597,25.0,0.23800588188036054,1.2028608392584597,1.0,3.0,559.0,722.0,1.8576651023914872,
RocklandSample2,/run/media/falconnier/Elements/BIDS_datasets_selection/RocklandSample2/sub-A00087985/ses-MRI1/anat/sub-A00087985_ses-MRI1_T1w.nii.gz,,,,,sub-A00087985,ses-MRI1,176.0,256.0,256.0,1.0,1.0,1.0,10.828879356384277,11534336.0,10240169.0,0.8877987428144976,0.0,2081.0,197.11662131748022,37.0,244.64092739057088,34.0,0.09533174130395139,1.0813766798266298,1.0,3.0,659.0,876.0,1.0110866583152607,
RocklandSample2,/run/media/falconnier/Elements/BIDS_datasets_selection/RocklandSample2/sub-A00088405/ses-MRI1/anat/sub-A00088405_ses-MRI1_T1w.nii.gz,,,,,sub-A00088405,ses-MRI1,176.0,256.0,256.0,1.0,1.0,1.0,10.311847686767578,11534336.0,9871668.0,0.855850566517223,0.0,1399.0,194.59108126407816,33.0,234.82373837658756,30.0,-0.5061438023755152,0.9085794441693266,2.0,3.0,632.0,755.0,1.477907679649733,
RocklandSample2,/run/media/falconnier/Elements/BIDS_datasets_selection/RocklandSample2/sub-A00088408/ses-MRI1/anat/sub-A00088408_ses-MRI1_T1w.nii.gz,,,,,sub-A00088408,ses-MRI1,176.0,256.0,256.0,1.0,1.0,1.0,10.941498756408691,11534336.0,10183469.0,0.8828829852017489,0.0,1529.0,193.60335736280044,36.0,244.92499706769877,32.0,-0.03065182332330263,1.1164765093948625,2.0,4.0,676.0,825.0,1.389739464877484,
RocklandSample2,/run/media/falconnier/Elements/BIDS_datasets_selection/RocklandSample2/sub-A00089219/ses-MRI1/anat/sub-A00089219_ses-MRI1_T1w.nii.gz,,,,,sub-A00089219,ses-MRI1,176.0,256.0,256.0,1.0,1.0,1.0,10.308530807495117,11534336.0,10167714.0,0.8815170634876598,0.0,1534.0,167.64894331213486,27.0,219.6513583788152,24.0,0.2598164017744611,1.1754679953018223,1.0,2.0,595.0,790.0,1.3238598057286155,
RocklandSample2,/run/media/falconnier/Elements/BIDS_datasets_selection/RocklandSample2/sub-A00092535/ses-MRI1/anat/sub-A00092535_ses-MRI1_T1w.nii.gz,,,,,sub-A00092535,ses-MRI1,176.0,256.0,256.0,0.9999999403953552,0.9999999403953552,1.0,11.475988388061523,11534336.0,10408520.0,0.9023943814364347,0.0,1687.0,209.66830702155542,43.0,260.2807667405705,37.0,0.28284388109186054,1.1769988221044487,3.0,5.0,741.0,901.0,1.2907309791835715,
RocklandSample2,/run/media/falconnier/Elements/BIDS_datasets_selection/RocklandSample2/sub-A00089410/ses-MRI1/anat/sub-A00089410_ses-MRI1_T1w.nii.gz,,,,,sub-A00089410,ses-MRI1,176.0,256.0,256.0,1.000003695487976,1.0,1.0,10.56755542755127,11534336.0,10238119.0,0.8876210126009855,0.0,1505.0,170.85219872908294,27.0,246.24998578610308,19.0,1.209090134726564,1.5239867103134506,3.0,5.0,722.0,909.0,1.3568857222136725,
RocklandSample2,/run/media/falconnier/Elements/BIDS_datasets_selection/RocklandSample2/sub-A00098102/ses-MRI1/anat/sub-A00098102_ses-MRI1_T1w.nii.gz,,,,,sub-A00098102,ses-MRI1,176.0,256.0,256.0,1.000000238418579,1.0,1.0,10.157560348510742,11534336.0,10393804.0,0.9011185385964133,0.0,1835.0,126.73906781386295,29.0,163.5619854462914,25.0,1.5853067691442853,1.3751189222764169,2.0,3.0,446.0,602.0,1.07430181620519,
