path,subject,session,metric,value,group,z_sigma,iqr,mad,percentile,threshold_rule
/run/media/falconnier/Elements/BIDS_datasets_selection/CORR/BMB_1/sub-0003008/ses-1/anat/sub-0003008_ses-1_run-1_T1w.nii.gz,sub-0003008,ses-1,file_size_mb,6.991131782531738,"('BMB_1', nan, nan)",False,False,True,False,False
/run/media/falconnier/Elements/BIDS_datasets_selection/CORR/BMB_1/sub-0003015/ses-1/anat/sub-0003015_ses-1_run-1_T1w.nii.gz,sub-0003015,ses-1,file_size_mb,6.944974899291992,"('BMB_1', nan, nan)",False,False,True,False,False
/run/media/falconnier/Elements/BIDS_datasets_selection/CORR/BMB_1/sub-0003021/ses-1/anat/sub-0003021_ses-1_run-1_T1w.nii.gz,sub-0003021,ses-1,file_size_mb,7.217617988586426,"('BMB_1', nan, nan)",False,False,True,False,False
/run/media/falconnier/Elements/BIDS_datasets_selection/CORR/BMB_1/sub-0003034/ses-1/anat/sub-0003034_ses-1_run-1_T1w.nii.gz,sub-0003034,ses-1,file_size_mb,6.75936222076416,"('BMB_1', nan, nan)",False,False,True,True,False
/run/media/falconnier/Elements/BIDS_datasets_selection/CORR/BMB_1/sub-0003050/ses-1/anat/sub-0003050_ses-1_run-1_T1w.nii.gz,sub-0003050,ses-1,file_size_mb,7.208584785461426,"('BMB_1', nan, nan)",False,False,True,False,False
/run/media/falconnier/Elements/BIDS_datasets_selection/CORR/BMB_1/sub-0003051/ses-1/anat/sub-0003051_ses-1_run-1_T1w.nii.gz,sub-0003051,ses-1,file_size_mb,10.189805030822754,"('BMB_1', nan, nan)",False,False,False,True,False
/run/media/falconnier/Elements/BIDS_datasets_selection/CORR/BMB_1/sub-0003010/ses-1/anat/sub-0003010_ses-1_run-1_T1w.nii.gz,sub-0003010,ses-1,max,1676.0,"('BMB_1', nan, nan)",False,True,True,False,False
/run/media/falconnier/Elements/BIDS_datasets_selection/CORR/BMB_1/sub-0003015/ses-1/anat/sub-0003015_ses-1_run-1_T1w.nii.gz,sub-0003015,ses-1,max,877.0,"('BMB_1', nan, nan)",False,False,False,True,False
/run/media/falconnier/Elements/BIDS_datasets_selection/CORR/BMB_1/sub-0003055/ses-1/anat/sub-0003055_ses-1_run-1_T1w.nii.gz,sub-0003055,ses-1,max,1570.0,"('BMB_1', nan, nan)",False,True,True,False,False
/run/media/falconnier/Elements/BIDS_datasets_selection/CORR/BMB_1/sub-0003062/ses-1/anat/sub-0003062_ses-1_run-1_T1w.nii.gz,sub-0003062,ses-1,max,1712.0,"('BMB_1', nan, nan)",False,True,True,True,False
/run/media/falconnier/Elements/BIDS_datasets_selection/CORR/BMB_1/sub-0003016/ses-1/anat/sub-0003016_ses-1_run-1_T1w.nii.gz,sub-0003016,ses-1,median,32.0,"('BMB_1', nan, nan)",False,True,True,True,False
/run/media/falconnier/Elements/BIDS_datasets_selection/CORR/BMB_1/sub-0003034/ses-1/anat/sub-0003034_ses-1_run-1_T1w.nii.gz,sub-0003034,ses-1,median,6.0,"('BMB_1', nan, nan)",False,False,False,True,False
/run/media/falconnier/Elements/BIDS_datasets_selection/CORR/BMB_1/sub-0003016/ses-1/anat/sub-0003016_ses-1_run-1_T1w.nii.gz,sub-0003016,ses-1,mean,125.45000500964818,"('BMB_1', nan, nan)",False,False,False,True,False
/run/media/falconnier/Elements/BIDS_datasets_selection/CORR/BMB_1/sub-0003050/ses-1/anat/sub-0003050_ses-1_run-1_T1w.nii.gz,sub-0003050,ses-1,mean,71.85121180534426,"('BMB_1', nan, nan)",False,False,False,True,False
/run/media/falconnier/Elements/BIDS_datasets_selection/CORR/BMB_1/sub-0003034/ses-1/anat/sub-0003034_ses-1_run-1_T1w.nii.gz,sub-0003034,ses-1,std,176.5956508177414,"('BMB_1', nan, nan)",False,True,True,True,False
/run/media/falconnier/Elements/BIDS_datasets_selection/CORR/BMB_1/sub-0003049/ses-1/anat/sub-0003049_ses-1_run-1_T1w.nii.gz,sub-0003049,ses-1,std,112.56912408655776,"('BMB_1', nan, nan)",False,False,False,True,False
/run/media/falconnier/Elements/BIDS_datasets_selection/CORR/BMB_1/sub-0003062/ses-1/anat/sub-0003062_ses-1_run-1_T1w.nii.gz,sub-0003062,ses-1,std,166.44655367871349,"('BMB_1', nan, nan)",False,True,False,False,False
/run/media/falconnier/Elements/BIDS_datasets_selection/CORR/BMB_1/sub-0003016/ses-1/anat/sub-0003016_ses-1_run-1_T1w.nii.gz,sub-0003016,ses-1,mad,29.0,"('BMB_1', nan, nan)",False,True,True,True,False
/run/media/falconnier/Elements/BIDS_datasets_selection/CORR/BMB_1/sub-0003034/ses-1/anat/sub-0003034_ses-1_run-1_T1w.nii.gz,sub-0003034,ses-1,mad,4.0,"('BMB_1', nan, nan)",False,False,False,True,False
/run/media/falconnier/Elements/BIDS_datasets_selection/CORR/BMB_1/sub-0003010/ses-1/anat/sub-0003010_ses-1_run-1_T1w.nii.gz,sub-0003010,ses-1,entropy,1.0650282523267889,"('BMB_1', nan, nan)",False,True,True,False,False
/run/media/falconnier/Elements/BIDS_datasets_selection/CORR/BMB_1/sub-0003015/ses-1/anat/sub-0003015_ses-1_run-1_T1w.nii.gz,sub-0003015,ses-1,entropy,1.9769376102979328,"('BMB_1', nan, nan)",False,False,False,True,False
/run/media/falconnier/Elements/BIDS_datasets_selection/CORR/BMB_1/sub-0003034/ses-1/anat/sub-0003034_ses-1_run-1_T1w.nii.gz,sub-0003034,ses-1,entropy,1.1543064224684585,"('BMB_1', nan, nan)",False,True,True,False,False
/run/media/falconnier/Elements/BIDS_datasets_selection/CORR/BMB_1/sub-0003055/ses-1/anat/sub-0003055_ses-1_run-1_T1w.nii.gz,sub-0003055,ses-1,entropy,1.1618354351190563,"('BMB_1', nan, nan)",False,True,True,False,False
/run/media/falconnier/Elements/BIDS_datasets_selection/CORR/BMB_1/sub-0003062/ses-1/anat/sub-0003062_ses-1_run-1_T1w.nii.gz,sub-0003062,ses-1,entropy,1.034706252337175,"('BMB_1', nan, nan)",False,True,True,True,False
/run/media/falconnier/Elements/BIDS_datasets_selection/CORR/BMB_1/sub-0003014/ses-1/anat/sub-0003014_ses-1_run-1_T1w.nii.gz,sub-0003014,ses-1,efc,0.5315,"('BMB_1', nan, nan)",False,False,False,True,False
/run/media/falconnier/Elements/BIDS_datasets_selection/CORR/BMB_1/sub-0003034/ses-1/anat/sub-0003034_ses-1_run-1_T1w.nii.gz,sub-0003034,ses-1,efc,0.3782,"('BMB_1', nan, nan)",False,False,False,True,False
/run/media/falconnier/Elements/BIDS_datasets_selection/CORR/BMB_1/sub-0003006/ses-1/anat/sub-0003006_ses-1_run-1_T1w.nii.gz,sub-0003006,ses-1,nonzero_frac,0.6909010627053,"('BMB_1', nan, nan)",False,False,True,False,False
/run/media/falconnier/Elements/BIDS_datasets_selection/CORR/BMB_1/sub-0003008/ses-1/anat/sub-0003008_ses-1_run-1_T1w.nii.gz,sub-0003008,ses-1,nonzero_frac,0.620684190229936,"('BMB_1', nan, nan)",False,False,True,False,False
/run/media/falconnier/Elements/BIDS_datasets_selection/CORR/BMB_1/sub-0003012/ses-1/anat/sub-0003012_ses-1_run-1_T1w.nii.gz,sub-0003012,ses-1,nonzero_frac,0.6992281133478339,"('BMB_1', nan, nan)",False,False,True,False,False
/run/media/falconnier/Elements/BIDS_datasets_selection/CORR/BMB_1/sub-0003015/ses-1/anat/sub-0003015_ses-1_run-1_T1w.nii.gz,sub-0003015,ses-1,nonzero_frac,0.6117593591863458,"('BMB_1', nan, nan)",False,False,True,True,False
/run/media/falconnier/Elements/BIDS_datasets_selection/CORR/BMB_1/sub-0003016/ses-1/anat/sub-0003016_ses-1_run-1_T1w.nii.gz,sub-0003016,ses-1,nonzero_frac,0.6342699744484641,"('BMB_1', nan, nan)",False,False,True,False,False
/run/media/falconnier/Elements/BIDS_datasets_selection/CORR/BMB_1/sub-0003021/ses-1/anat/sub-0003021_ses-1_run-1_T1w.nii.gz,sub-0003021,ses-1,nonzero_frac,0.6344626166603782,"('BMB_1', nan, nan)",False,False,True,False,False
/run/media/falconnier/Elements/BIDS_datasets_selection/CORR/BMB_1/sub-0003024/ses-1/anat/sub-0003024_ses-1_run-1_T1w.nii.gz,sub-0003024,ses-1,nonzero_frac,0.617383436723189,"('BMB_1', nan, nan)",False,False,True,False,False
/run/media/falconnier/Elements/BIDS_datasets_selection/CORR/BMB_1/sub-0003034/ses-1/anat/sub-0003034_ses-1_run-1_T1w.nii.gz,sub-0003034,ses-1,nonzero_frac,0.6301368872324625,"('BMB_1', nan, nan)",False,False,True,False,False
/run/media/falconnier/Elements/BIDS_datasets_selection/CORR/BMB_1/sub-0003036/ses-1/anat/sub-0003036_ses-1_run-1_T1w.nii.gz,sub-0003036,ses-1,nonzero_frac,0.8475261168046431,"('BMB_1', nan, nan)",False,False,False,True,False
/run/media/falconnier/Elements/BIDS_datasets_selection/CORR/BMB_1/sub-0003044/ses-1/anat/sub-0003044_ses-1_run-1_T1w.nii.gz,sub-0003044,ses-1,nonzero_frac,0.6966580477627841,"('BMB_1', nan, nan)",False,False,True,False,False
/run/media/falconnier/Elements/BIDS_datasets_selection/CORR/BMB_1/sub-0003049/ses-1/anat/sub-0003049_ses-1_run-1_T1w.nii.gz,sub-0003049,ses-1,nonzero_frac,0.6804176677357067,"('BMB_1', nan, nan)",False,False,True,False,False
/run/media/falconnier/Elements/BIDS_datasets_selection/CORR/BMB_1/sub-0003050/ses-1/anat/sub-0003050_ses-1_run-1_T1w.nii.gz,sub-0003050,ses-1,nonzero_frac,0.6624815680763938,"('BMB_1', nan, nan)",False,False,True,False,False
/run/media/falconnier/Elements/BIDS_datasets_selection/CORR/BMB_1/sub-0003056/ses-1/anat/sub-0003056_ses-1_run-1_T1w.nii.gz,sub-0003056,ses-1,nonzero_frac,0.6260198102678571,"('BMB_1', nan, nan)",False,False,True,False,False
/run/media/falconnier/Elements/BIDS_datasets_selection/CORR/BMB_1/sub-0003006/ses-1/anat/sub-0003006_ses-1_run-1_T1w.nii.gz,sub-0003006,ses-1,n_nonzero,7969085.0,"('BMB_1', nan, nan)",False,False,True,False,False
/run/media/falconnier/Elements/BIDS_datasets_selection/CORR/BMB_1/sub-0003008/ses-1/anat/sub-0003008_ses-1_run-1_T1w.nii.gz,sub-0003008,ses-1,n_nonzero,7159180.0,"('BMB_1', nan, nan)",False,False,True,False,False
/run/media/falconnier/Elements/BIDS_datasets_selection/CORR/BMB_1/sub-0003012/ses-1/anat/sub-0003012_ses-1_run-1_T1w.nii.gz,sub-0003012,ses-1,n_nonzero,8065132.0,"('BMB_1', nan, nan)",False,False,True,False,False
/run/media/falconnier/Elements/BIDS_datasets_selection/CORR/BMB_1/sub-0003015/ses-1/anat/sub-0003015_ses-1_run-1_T1w.nii.gz,sub-0003015,ses-1,n_nonzero,7056238.0,"('BMB_1', nan, nan)",False,False,True,True,False
/run/media/falconnier/Elements/BIDS_datasets_selection/CORR/BMB_1/sub-0003016/ses-1/anat/sub-0003016_ses-1_run-1_T1w.nii.gz,sub-0003016,ses-1,n_nonzero,7315883.0,"('BMB_1', nan, nan)",False,False,True,False,False
/run/media/falconnier/Elements/BIDS_datasets_selection/CORR/BMB_1/sub-0003021/ses-1/anat/sub-0003021_ses-1_run-1_T1w.nii.gz,sub-0003021,ses-1,n_nonzero,7318105.0,"('BMB_1', nan, nan)",False,False,True,False,False
/run/media/falconnier/Elements/BIDS_datasets_selection/CORR/BMB_1/sub-0003024/ses-1/anat/sub-0003024_ses-1_run-1_T1w.nii.gz,sub-0003024,ses-1,n_nonzero,7121108.0,"('BMB_1', nan, nan)",False,False,True,False,False
/run/media/falconnier/Elements/BIDS_datasets_selection/CORR/BMB_1/sub-0003034/ses-1/anat/sub-0003034_ses-1_run-1_T1w.nii.gz,sub-0003034,ses-1,n_nonzero,7928957.0,"('BMB_1', nan, nan)",False,False,True,False,False
/run/media/falconnier/Elements/BIDS_datasets_selection/CORR/BMB_1/sub-0003036/ses-1/anat/sub-0003036_ses-1_run-1_T1w.nii.gz,sub-0003036,ses-1,n_nonzero,9775651.0,"('BMB_1', nan, nan)",False,False,False,True,False
/run/media/falconnier/Elements/BIDS_datasets_selection/CORR/BMB_1/sub-0003044/ses-1/anat/sub-0003044_ses-1_run-1_T1w.nii.gz,sub-0003044,ses-1,n_nonzero,8035488.0,"('BMB_1', nan, nan)",False,False,True,False,False
/run/media/falconnier/Elements/BIDS_datasets_selection/CORR/BMB_1/sub-0003049/ses-1/anat/sub-0003049_ses-1_run-1_T1w.nii.gz,sub-0003049,ses-1,n_nonzero,7848166.0,"('BMB_1', nan, nan)",False,False,True,False,False
/run/media/falconnier/Elements/BIDS_datasets_selection/CORR/BMB_1/sub-0003050/ses-1/anat/sub-0003050_ses-1_run-1_T1w.nii.gz,sub-0003050,ses-1,n_nonzero,7641285.0,"('BMB_1', nan, nan)",False,False,True,False,False
/run/media/falconnier/Elements/BIDS_datasets_selection/CORR/BMB_1/sub-0003056/ses-1/anat/sub-0003056_ses-1_run-1_T1w.nii.gz,sub-0003056,ses-1,n_nonzero,7179696.0,"('BMB_1', nan, nan)",False,False,True,False,False
/run/media/falconnier/Elements/BIDS_datasets_selection/CORR/BMB_1/sub-0003016/ses-1/anat/sub-0003016_ses-1_run-1_T1w.nii.gz,sub-0003016,ses-1,kurtosis,0.271296905300479,"('BMB_1', nan, nan)",False,False,False,True,False
/run/media/falconnier/Elements/BIDS_datasets_selection/CORR/BMB_1/sub-0003055/ses-1/anat/sub-0003055_ses-1_run-1_T1w.nii.gz,sub-0003055,ses-1,kurtosis,7.602102175100855,"('BMB_1', nan, nan)",False,True,True,True,False
/run/media/falconnier/Elements/BIDS_datasets_selection/CORR/BMB_1/sub-0003016/ses-1/anat/sub-0003016_ses-1_run-1_T1w.nii.gz,sub-0003016,ses-1,skewness,1.008734968274094,"('BMB_1', nan, nan)",False,False,False,True,False
/run/media/falconnier/Elements/BIDS_datasets_selection/CORR/BMB_1/sub-0003055/ses-1/anat/sub-0003055_ses-1_run-1_T1w.nii.gz,sub-0003055,ses-1,skewness,2.280334561096484,"('BMB_1', nan, nan)",False,False,False,True,False
/run/media/falconnier/Elements/BIDS_datasets_selection/CORR/BNU_1/sub-0025877/ses-1/anat/sub-0025877_ses-1_run-1_T1w.nii.gz,sub-0025877,ses-1,file_size_mb,6.184990882873535,"('BNU_1', nan, nan)",False,False,False,True,False
/run/media/falconnier/Elements/BIDS_datasets_selection/CORR/BNU_1/sub-0025877/ses-2/anat/sub-0025877_ses-2_run-1_T1w.nii.gz,sub-0025877,ses-2,file_size_mb,6.141277313232422,"('BNU_1', nan, nan)",False,False,False,True,False
/run/media/falconnier/Elements/BIDS_datasets_selection/CORR/BNU_1/sub-0025882/ses-2/anat/sub-0025882_ses-2_run-1_T1w.nii.gz,sub-0025882,ses-2,file_size_mb,4.209268569946289,"('BNU_1', nan, nan)",False,False,False,True,False
/run/media/falconnier/Elements/BIDS_datasets_selection/CORR/BNU_1/sub-0025913/ses-2/anat/sub-0025913_ses-2_run-1_T1w.nii.gz,sub-0025913,ses-2,file_size_mb,3.033864974975586,"('BNU_1', nan, nan)",False,True,True,True,True
/run/media/falconnier/Elements/BIDS_datasets_selection/CORR/BNU_1/sub-0025876/ses-1/anat/sub-0025876_ses-1_run-1_T1w.nii.gz,sub-0025876,ses-1,max,687.0,"('BNU_1', nan, nan)",False,False,False,True,False
/run/media/falconnier/Elements/BIDS_datasets_selection/CORR/BNU_1/sub-0025876/ses-2/anat/sub-0025876_ses-2_run-1_T1w.nii.gz,sub-0025876,ses-2,max,675.0,"('BNU_1', nan, nan)",False,False,False,True,False
/run/media/falconnier/Elements/BIDS_datasets_selection/CORR/BNU_1/sub-0025905/ses-1/anat/sub-0025905_ses-1_run-1_T1w.nii.gz,sub-0025905,ses-1,max,1280.0,"('BNU_1', nan, nan)",False,False,False,True,False
/run/media/falconnier/Elements/BIDS_datasets_selection/CORR/BNU_1/sub-0025912/ses-2/anat/sub-0025912_ses-2_run-1_T1w.nii.gz,sub-0025912,ses-2,max,1344.0,"('BNU_1', nan, nan)",False,False,False,True,False
/run/media/falconnier/Elements/BIDS_datasets_selection/CORR/BNU_1/sub-0025880/ses-1/anat/sub-0025880_ses-1_run-1_T1w.nii.gz,sub-0025880,ses-1,median,81.0,"('BNU_1', nan, nan)",False,False,False,True,False
/run/media/falconnier/Elements/BIDS_datasets_selection/CORR/BNU_1/sub-0025881/ses-2/anat/sub-0025881_ses-2_run-1_T1w.nii.gz,sub-0025881,ses-2,median,37.0,"('BNU_1', nan, nan)",False,False,False,True,False
/run/media/falconnier/Elements/BIDS_datasets_selection/CORR/BNU_1/sub-0025883/ses-1/anat/sub-0025883_ses-1_run-1_T1w.nii.gz,sub-0025883,ses-1,median,79.0,"('BNU_1', nan, nan)",False,False,False,True,False
/run/media/falconnier/Elements/BIDS_datasets_selection/CORR/BNU_1/sub-0025896/ses-1/anat/sub-0025896_ses-1_run-1_T1w.nii.gz,sub-0025896,ses-1,median,35.0,"('BNU_1', nan, nan)",False,False,False,True,False
/run/media/falconnier/Elements/BIDS_datasets_selection/CORR/BNU_1/sub-0025868/ses-2/anat/sub-0025868_ses-2_run-1_T1w.nii.gz,sub-0025868,ses-2,mean,101.02684691157368,"('BNU_1', nan, nan)",False,False,False,True,False
/run/media/falconnier/Elements/BIDS_datasets_selection/CORR/BNU_1/sub-0025902/ses-2/anat/sub-0025902_ses-2_run-1_T1w.nii.gz,sub-0025902,ses-2,mean,135.2077314589002,"('BNU_1', nan, nan)",False,False,False,True,False
/run/media/falconnier/Elements/BIDS_datasets_selection/CORR/BNU_1/sub-0025904/ses-1/anat/sub-0025904_ses-1_run-1_T1w.nii.gz,sub-0025904,ses-1,mean,97.28104772646904,"('BNU_1', nan, nan)",False,False,False,True,False
/run/media/falconnier/Elements/BIDS_datasets_selection/CORR/BNU_1/sub-0025913/ses-2/anat/sub-0025913_ses-2_run-1_T1w.nii.gz,sub-0025913,ses-2,mean,135.78103353680018,"('BNU_1', nan, nan)",False,False,False,True,False
/run/media/falconnier/Elements/BIDS_datasets_selection/CORR/BNU_1/sub-0025876/ses-2/anat/sub-0025876_ses-2_run-1_T1w.nii.gz,sub-0025876,ses-2,std,104.13767172865046,"('BNU_1', nan, nan)",False,False,False,True,False
/run/media/falconnier/Elements/BIDS_datasets_selection/CORR/BNU_1/sub-0025898/ses-1/anat/sub-0025898_ses-1_run-1_T1w.nii.gz,sub-0025898,ses-1,std,146.1188407992278,"('BNU_1', nan, nan)",False,False,False,True,False
/run/media/falconnier/Elements/BIDS_datasets_selection/CORR/BNU_1/sub-0025902/ses-2/anat/sub-0025902_ses-2_run-1_T1w.nii.gz,sub-0025902,ses-2,std,147.37076232567463,"('BNU_1', nan, nan)",False,False,False,True,False
/run/media/falconnier/Elements/BIDS_datasets_selection/CORR/BNU_1/sub-0025904/ses-1/anat/sub-0025904_ses-1_run-1_T1w.nii.gz,sub-0025904,ses-1,std,103.6220499460926,"('BNU_1', nan, nan)",False,False,False,True,False
/run/media/falconnier/Elements/BIDS_datasets_selection/CORR/BNU_1/sub-0025880/ses-1/anat/sub-0025880_ses-1_run-1_T1w.nii.gz,sub-0025880,ses-1,mad,77.0,"('BNU_1', nan, nan)",False,False,False,True,False
/run/media/falconnier/Elements/BIDS_datasets_selection/CORR/BNU_1/sub-0025881/ses-2/anat/sub-0025881_ses-2_run-1_T1w.nii.gz,sub-0025881,ses-2,mad,35.0,"('BNU_1', nan, nan)",False,False,False,True,False
/run/media/falconnier/Elements/BIDS_datasets_selection/CORR/BNU_1/sub-0025896/ses-1/anat/sub-0025896_ses-1_run-1_T1w.nii.gz,sub-0025896,ses-1,mad,33.0,"('BNU_1', nan, nan)",False,False,False,True,False
/run/media/falconnier/Elements/BIDS_datasets_selection/CORR/BNU_1/sub-0025876/ses-1/anat/sub-0025876_ses-1_run-1_T1w.nii.gz,sub-0025876,ses-1,entropy,2.808865518352319,"('BNU_1', nan, nan)",False,False,False,True,False
/run/media/falconnier/Elements/BIDS_datasets_selection/CORR/BNU_1/sub-0025876/ses-2/anat/sub-0025876_ses-2_run-1_T1w.nii.gz,sub-0025876,ses-2,entropy,2.86432768803885,"('BNU_1', nan, nan)",False,False,True,True,False
/run/media/falconnier/Elements/BIDS_datasets_selection/CORR/BNU_1/sub-0025877/ses-1/anat/sub-0025877_ses-1_run-1_T1w.nii.gz,sub-0025877,ses-1,entropy,1.5065879893683487,"('BNU_1', nan, nan)",False,False,False,True,False
/run/media/falconnier/Elements/BIDS_datasets_selection/CORR/BNU_1/sub-0025912/ses-2/anat/sub-0025912_ses-2_run-1_T1w.nii.gz,sub-0025912,ses-2,entropy,1.4658416420196672,"('BNU_1', nan, nan)",False,False,False,True,False
/run/media/falconnier/Elements/BIDS_datasets_selection/CORR/BNU_1/sub-0025876/ses-1/anat/sub-0025876_ses-1_run-1_T1w.nii.gz,sub-0025876,ses-1,efc,0.4253,"('BNU_1', nan, nan)",False,False,False,True,False
/run/media/falconnier/Elements/BIDS_datasets_selection/CORR/BNU_1/sub-0025878/ses-1/anat/sub-0025878_ses-1_run-1_T1w.nii.gz,sub-0025878,ses-1,efc,0.4247,"('BNU_1', nan, nan)",False,False,False,True,False
/run/media/falconnier/Elements/BIDS_datasets_selection/CORR/BNU_1/sub-0025901/ses-1/anat/sub-0025901_ses-1_run-1_T1w.nii.gz,sub-0025901,ses-1,efc,0.3393,"('BNU_1', nan, nan)",False,False,False,True,False
/run/media/falconnier/Elements/BIDS_datasets_selection/CORR/BNU_1/sub-0025901/ses-2/anat/sub-0025901_ses-2_run-1_T1w.nii.gz,sub-0025901,ses-2,efc,0.3393,"('BNU_1', nan, nan)",False,False,False,True,False
/run/media/falconnier/Elements/BIDS_datasets_selection/CORR/BNU_1/sub-0025877/ses-1/anat/sub-0025877_ses-1_run-1_T1w.nii.gz,sub-0025877,ses-1,nonzero_frac,0.4659530851576063,"('BNU_1', nan, nan)",False,False,False,True,False
/run/media/falconnier/Elements/BIDS_datasets_selection/CORR/BNU_1/sub-0025877/ses-2/anat/sub-0025877_ses-2_run-1_T1w.nii.gz,sub-0025877,ses-2,nonzero_frac,0.4611326853434245,"('BNU_1', nan, nan)",False,False,False,True,False
/run/media/falconnier/Elements/BIDS_datasets_selection/CORR/BNU_1/sub-0025882/ses-1/anat/sub-0025882_ses-1_run-1_T1w.nii.gz,sub-0025882,ses-1,nonzero_frac,0.3096187379625108,"('BNU_1', nan, nan)",False,False,False,True,False
/run/media/falconnier/Elements/BIDS_datasets_selection/CORR/BNU_1/sub-0025882/ses-2/anat/sub-0025882_ses-2_run-1_T1w.nii.gz,sub-0025882,ses-2,nonzero_frac,0.3080317179361979,"('BNU_1', nan, nan)",False,False,False,True,False
/run/media/falconnier/Elements/BIDS_datasets_selection/CORR/BNU_1/sub-0025877/ses-1/anat/sub-0025877_ses-1_run-1_T1w.nii.gz,sub-0025877,ses-1,n_nonzero,4397285.0,"('BNU_1', nan, nan)",False,False,False,True,False
/run/media/falconnier/Elements/BIDS_datasets_selection/CORR/BNU_1/sub-0025877/ses-2/anat/sub-0025877_ses-2_run-1_T1w.nii.gz,sub-0025877,ses-2,n_nonzero,4351794.0,"('BNU_1', nan, nan)",False,False,False,True,False
/run/media/falconnier/Elements/BIDS_datasets_selection/CORR/BNU_1/sub-0025882/ses-2/anat/sub-0025882_ses-2_run-1_T1w.nii.gz,sub-0025882,ses-2,n_nonzero,2906952.0,"('BNU_1', nan, nan)",False,False,False,True,False
/run/media/falconnier/Elements/BIDS_datasets_selection/CORR/BNU_1/sub-0025913/ses-2/anat/sub-0025913_ses-2_run-1_T1w.nii.gz,sub-0025913,ses-2,n_nonzero,1987688.0,"('BNU_1', nan, nan)",False,True,True,True,False
/run/media/falconnier/Elements/BIDS_datasets_selection/CORR/BNU_1/sub-0025877/ses-2/anat/sub-0025877_ses-2_run-1_T1w.nii.gz,sub-0025877,ses-2,kurtosis,-0.2809832163911774,"('BNU_1', nan, nan)",False,False,False,True,False
/run/media/falconnier/Elements/BIDS_datasets_selection/CORR/BNU_1/sub-0025896/ses-2/anat/sub-0025896_ses-2_run-1_T1w.nii.gz,sub-0025896,ses-2,kurtosis,-0.2780871263796776,"('BNU_1', nan, nan)",False,False,False,True,False
/run/media/falconnier/Elements/BIDS_datasets_selection/CORR/BNU_1/sub-0025906/ses-2/anat/sub-0025906_ses-2_run-1_T1w.nii.gz,sub-0025906,ses-2,kurtosis,-0.6562881444551492,"('BNU_1', nan, nan)",False,False,False,True,False
/run/media/falconnier/Elements/BIDS_datasets_selection/CORR/BNU_1/sub-0025913/ses-2/anat/sub-0025913_ses-2_run-1_T1w.nii.gz,sub-0025913,ses-2,kurtosis,-0.647435892474435,"('BNU_1', nan, nan)",False,False,False,True,False
/run/media/falconnier/Elements/BIDS_datasets_selection/CORR/BNU_1/sub-0025875/ses-1/anat/sub-0025875_ses-1_run-1_T1w.nii.gz,sub-0025875,ses-1,skewness,0.9552710157835912,"('BNU_1', nan, nan)",False,False,False,True,False
/run/media/falconnier/Elements/BIDS_datasets_selection/CORR/BNU_1/sub-0025875/ses-2/anat/sub-0025875_ses-2_run-1_T1w.nii.gz,sub-0025875,ses-2,skewness,0.9445313037049968,"('BNU_1', nan, nan)",False,False,False,True,False
/run/media/falconnier/Elements/BIDS_datasets_selection/CORR/BNU_1/sub-0025876/ses-2/anat/sub-0025876_ses-2_run-1_T1w.nii.gz,sub-0025876,ses-2,skewness,0.7287438346545191,"('BNU_1', nan, nan)",False,False,False,True,False
/run/media/falconnier/Elements/BIDS_datasets_selection/CORR/BNU_1/sub-0025880/ses-2/anat/sub-0025880_ses-2_run-1_T1w.nii.gz,sub-0025880,ses-2,skewness,0.7492831041133953,"('BNU_1', nan, nan)",False,False,False,True,False
/run/media/falconnier/Elements/BIDS_datasets_selection/CORR/BNU_2/sub-0025922/ses-1/anat/sub-0025922_ses-1_run-1_T1w.nii.gz,sub-0025922,ses-1,file_size_mb,4.602252960205078,"('BNU_2', nan, nan)",False,False,False,True,False
/run/media/falconnier/Elements/BIDS_datasets_selection/CORR/BNU_2/sub-0025932/ses-1/anat/sub-0025932_ses-1_run-1_T1w.nii.gz,sub-0025932,ses-1,file_size_mb,8.688329696655273,"('BNU_2', nan, nan)",False,False,False,True,False
/run/media/falconnier/Elements/BIDS_datasets_selection/CORR/BNU_2/sub-0025944/ses-1/anat/sub-0025944_ses-1_run-1_T1w.nii.gz,sub-0025944,ses-1,file_size_mb,4.58638858795166,"('BNU_2', nan, nan)",False,False,False,True,False
/run/media/falconnier/Elements/BIDS_datasets_selection/CORR/BNU_2/sub-0025966/ses-2/anat/sub-0025966_ses-2_run-1_T1w.nii.gz,sub-0025966,ses-2,file_size_mb,8.124156951904297,"('BNU_2', nan, nan)",False,False,False,True,False
/run/media/falconnier/Elements/BIDS_datasets_selection/CORR/BNU_2/sub-0025925/ses-1/anat/sub-0025925_ses-1_run-1_T1w.nii.gz,sub-0025925,ses-1,max,698.0,"('BNU_2', nan, nan)",False,False,False,True,False
/run/media/falconnier/Elements/BIDS_datasets_selection/CORR/BNU_2/sub-0025930/ses-1/anat/sub-0025930_ses-1_run-1_T1w.nii.gz,sub-0025930,ses-1,max,1423.0,"('BNU_2', nan, nan)",False,False,False,True,False
/run/media/falconnier/Elements/BIDS_datasets_selection/CORR/BNU_2/sub-0025935/ses-1/anat/sub-0025935_ses-1_run-1_T1w.nii.gz,sub-0025935,ses-1,max,1428.0,"('BNU_2', nan, nan)",False,False,False,True,False
/run/media/falconnier/Elements/BIDS_datasets_selection/CORR/BNU_2/sub-0025973/ses-2/anat/sub-0025973_ses-2_run-1_T1w.nii.gz,sub-0025973,ses-2,max,715.0,"('BNU_2', nan, nan)",False,False,False,True,False
/run/media/falconnier/Elements/BIDS_datasets_selection/CORR/BNU_2/sub-0025940/ses-1/anat/sub-0025940_ses-1_run-1_T1w.nii.gz,sub-0025940,ses-1,median,117.0,"('BNU_2', nan, nan)",False,False,False,True,False
/run/media/falconnier/Elements/BIDS_datasets_selection/CORR/BNU_2/sub-0025954/ses-1/anat/sub-0025954_ses-1_run-1_T1w.nii.gz,sub-0025954,ses-1,median,36.0,"('BNU_2', nan, nan)",False,False,False,True,False
/run/media/falconnier/Elements/BIDS_datasets_selection/CORR/BNU_2/sub-0025954/ses-2/anat/sub-0025954_ses-2_run-1_T1w.nii.gz,sub-0025954,ses-2,median,36.0,"('BNU_2', nan, nan)",False,False,False,True,False
/run/media/falconnier/Elements/BIDS_datasets_selection/CORR/BNU_2/sub-0025968/ses-1/anat/sub-0025968_ses-1_run-1_T1w.nii.gz,sub-0025968,ses-1,median,113.0,"('BNU_2', nan, nan)",False,False,False,True,False
/run/media/falconnier/Elements/BIDS_datasets_selection/CORR/BNU_2/sub-0025932/ses-1/anat/sub-0025932_ses-1_run-1_T1w.nii.gz,sub-0025932,ses-1,mean,97.40442892339786,"('BNU_2', nan, nan)",False,False,False,True,False
/run/media/falconnier/Elements/BIDS_datasets_selection/CORR/BNU_2/sub-0025967/ses-1/anat/sub-0025967_ses-1_run-1_T1w.nii.gz,sub-0025967,ses-1,mean,141.79340552186727,"('BNU_2', nan, nan)",False,False,False,True,False
/run/media/falconnier/Elements/BIDS_datasets_selection/CORR/BNU_2/sub-0025970/ses-1/anat/sub-0025970_ses-1_run-1_T1w.nii.gz,sub-0025970,ses-1,mean,101.39901621025422,"('BNU_2', nan, nan)",False,False,False,True,False
/run/media/falconnier/Elements/BIDS_datasets_selection/CORR/BNU_2/sub-0025979/ses-2/anat/sub-0025979_ses-2_run-1_T1w.nii.gz,sub-0025979,ses-2,mean,134.11694286643925,"('BNU_2', nan, nan)",False,False,False,True,False
/run/media/falconnier/Elements/BIDS_datasets_selection/CORR/BNU_2/sub-0025923/ses-2/anat/sub-0025923_ses-2_run-1_T1w.nii.gz,sub-0025923,ses-2,std,145.8838928421242,"('BNU_2', nan, nan)",False,False,False,True,False
/run/media/falconnier/Elements/BIDS_datasets_selection/CORR/BNU_2/sub-0025927/ses-1/anat/sub-0025927_ses-1_run-1_T1w.nii.gz,sub-0025927,ses-1,std,102.8671763763983,"('BNU_2', nan, nan)",False,False,False,True,False
/run/media/falconnier/Elements/BIDS_datasets_selection/CORR/BNU_2/sub-0025949/ses-1/anat/sub-0025949_ses-1_run-1_T1w.nii.gz,sub-0025949,ses-1,std,147.2483640962737,"('BNU_2', nan, nan)",False,False,False,True,False
/run/media/falconnier/Elements/BIDS_datasets_selection/CORR/BNU_2/sub-0025969/ses-2/anat/sub-0025969_ses-2_run-1_T1w.nii.gz,sub-0025969,ses-2,std,99.2035356979411,"('BNU_2', nan, nan)",False,False,False,True,False
/run/media/falconnier/Elements/BIDS_datasets_selection/CORR/BNU_2/sub-0025940/ses-1/anat/sub-0025940_ses-1_run-1_T1w.nii.gz,sub-0025940,ses-1,mad,105.0,"('BNU_2', nan, nan)",False,False,False,True,False
/run/media/falconnier/Elements/BIDS_datasets_selection/CORR/BNU_2/sub-0025954/ses-1/anat/sub-0025954_ses-1_run-1_T1w.nii.gz,sub-0025954,ses-1,mad,34.0,"('BNU_2', nan, nan)",False,False,False,True,False
/run/media/falconnier/Elements/BIDS_datasets_selection/CORR/BNU_2/sub-0025954/ses-2/anat/sub-0025954_ses-2_run-1_T1w.nii.gz,sub-0025954,ses-2,mad,33.0,"('BNU_2', nan, nan)",False,False,False,True,False
/run/media/falconnier/Elements/BIDS_datasets_selection/CORR/BNU_2/sub-0025925/ses-1/anat/sub-0025925_ses-1_run-1_T1w.nii.gz,sub-0025925,ses-1,entropy,2.778406891851295,"('BNU_2', nan, nan)",False,False,False,True,False
/run/media/falconnier/Elements/BIDS_datasets_selection/CORR/BNU_2/sub-0025930/ses-1/anat/sub-0025930_ses-1_run-1_T1w.nii.gz,sub-0025930,ses-1,entropy,1.4011760958201718,"('BNU_2', nan, nan)",False,False,False,True,False
/run/media/falconnier/Elements/BIDS_datasets_selection/CORR/BNU_2/sub-0025935/ses-1/anat/sub-0025935_ses-1_run-1_T1w.nii.gz,sub-0025935,ses-1,entropy,1.3961440875412914,"('BNU_2', nan, nan)",False,False,False,True,False
/run/media/falconnier/Elements/BIDS_datasets_selection/CORR/BNU_2/sub-0025973/ses-2/anat/sub-0025973_ses-2_run-1_T1w.nii.gz,sub-0025973,ses-2,entropy,2.730050934829148,"('BNU_2', nan, nan)",False,False,False,True,False
/run/media/falconnier/Elements/BIDS_datasets_selection/CORR/BNU_2/sub-0025932/ses-1/anat/sub-0025932_ses-1_run-1_T1w.nii.gz,sub-0025932,ses-1,efc,0.5627,"('BNU_2', nan, nan)",True,True,True,True,False
/run/media/falconnier/Elements/BIDS_datasets_selection/CORR/BNU_2/sub-0025944/ses-1/anat/sub-0025944_ses-1_run-1_T1w.nii.gz,sub-0025944,ses-1,efc,0.3793,"('BNU_2', nan, nan)",False,False,False,True,False
/run/media/falconnier/Elements/BIDS_datasets_selection/CORR/BNU_2/sub-0025944/ses-2/anat/sub-0025944_ses-2_run-1_T1w.nii.gz,sub-0025944,ses-2,efc,0.3803,"('BNU_2', nan, nan)",False,False,False,True,False
/run/media/falconnier/Elements/BIDS_datasets_selection/CORR/BNU_2/sub-0025968/ses-2/anat/sub-0025968_ses-2_run-1_T1w.nii.gz,sub-0025968,ses-2,efc,0.4565,"('BNU_2', nan, nan)",False,False,False,True,False
/run/media/falconnier/Elements/BIDS_datasets_selection/CORR/BNU_2/sub-0025932/ses-1/anat/sub-0025932_ses-1_run-1_T1w.nii.gz,sub-0025932,ses-1,nonzero_frac,0.7427182197570801,"('BNU_2', nan, nan)",True,True,True,True,False
/run/media/falconnier/Elements/BIDS_datasets_selection/CORR/BNU_2/sub-0025944/ses-1/anat/sub-0025944_ses-1_run-1_T1w.nii.gz,sub-0025944,ses-1,nonzero_frac,0.3738970756530761,"('BNU_2', nan, nan)",False,False,False,True,False
/run/media/falconnier/Elements/BIDS_datasets_selection/CORR/BNU_2/sub-0025944/ses-2/anat/sub-0025944_ses-2_run-1_T1w.nii.gz,sub-0025944,ses-2,nonzero_frac,0.378941535949707,"('BNU_2', nan, nan)",False,False,False,True,False
/run/media/falconnier/Elements/BIDS_datasets_selection/CORR/BNU_2/sub-0025979/ses-2/anat/sub-0025979_ses-2_run-1_T1w.nii.gz,sub-0025979,ses-2,nonzero_frac,0.4859479557384144,"('BNU_2', nan, nan)",False,False,False,True,False
/run/media/falconnier/Elements/BIDS_datasets_selection/CORR/BNU_2/sub-0025932/ses-1/anat/sub-0025932_ses-1_run-1_T1w.nii.gz,sub-0025932,ses-1,n_nonzero,6230372.0,"('BNU_2', nan, nan)",False,False,False,True,False
/run/media/falconnier/Elements/BIDS_datasets_selection/CORR/BNU_2/sub-0025944/ses-1/anat/sub-0025944_ses-1_run-1_T1w.nii.gz,sub-0025944,ses-1,n_nonzero,3136476.0,"('BNU_2', nan, nan)",False,False,False,True,False
/run/media/falconnier/Elements/BIDS_datasets_selection/CORR/BNU_2/sub-0025971/ses-1/anat/sub-0025971_ses-1_run-1_T1w.nii.gz,sub-0025971,ses-1,n_nonzero,3215477.0,"('BNU_2', nan, nan)",False,False,False,True,False
/run/media/falconnier/Elements/BIDS_datasets_selection/CORR/BNU_2/sub-0025979/ses-2/anat/sub-0025979_ses-2_run-1_T1w.nii.gz,sub-0025979,ses-2,n_nonzero,5605087.0,"('BNU_2', nan, nan)",False,False,False,True,False
/run/media/falconnier/Elements/BIDS_datasets_selection/CORR/BNU_2/sub-0025932/ses-1/anat/sub-0025932_ses-1_run-1_T1w.nii.gz,sub-0025932,ses-1,kurtosis,0.4278214566956673,"('BNU_2', nan, nan)",True,True,True,True,False
/run/media/falconnier/Elements/BIDS_datasets_selection/CORR/BNU_2/sub-0025935/ses-1/anat/sub-0025935_ses-1_run-1_T1w.nii.gz,sub-0025935,ses-1,kurtosis,-0.2021323591444925,"('BNU_2', nan, nan)",False,False,False,True,False
/run/media/falconnier/Elements/BIDS_datasets_selection/CORR/BNU_2/sub-0025948/ses-1/anat/sub-0025948_ses-1_run-1_T1w.nii.gz,sub-0025948,ses-1,kurtosis,-0.7057250478273476,"('BNU_2', nan, nan)",False,False,False,True,False
/run/media/falconnier/Elements/BIDS_datasets_selection/CORR/BNU_2/sub-0025948/ses-2/anat/sub-0025948_ses-2_run-1_T1w.nii.gz,sub-0025948,ses-2,kurtosis,-0.7013474485877822,"('BNU_2', nan, nan)",False,False,False,True,False
/run/media/falconnier/Elements/BIDS_datasets_selection/CORR/BNU_2/sub-0025932/ses-1/anat/sub-0025932_ses-1_run-1_T1w.nii.gz,sub-0025932,ses-1,skewness,1.022192421247296,"('BNU_2', nan, nan)",False,False,False,True,False
/run/media/falconnier/Elements/BIDS_datasets_selection/CORR/BNU_2/sub-0025940/ses-1/anat/sub-0025940_ses-1_run-1_T1w.nii.gz,sub-0025940,ses-1,skewness,0.6177609755678425,"('BNU_2', nan, nan)",False,False,False,True,False
/run/media/falconnier/Elements/BIDS_datasets_selection/CORR/BNU_2/sub-0025954/ses-1/anat/sub-0025954_ses-1_run-1_T1w.nii.gz,sub-0025954,ses-1,skewness,0.935149747951384,"('BNU_2', nan, nan)",False,False,False,True,False
/run/media/falconnier/Elements/BIDS_datasets_selection/CORR/BNU_2/sub-0025969/ses-1/anat/sub-0025969_ses-1_run-1_T1w.nii.gz,sub-0025969,ses-1,skewness,0.6434100801436666,"('BNU_2', nan, nan)",False,False,False,True,False
/run/media/falconnier/Elements/BIDS_datasets_selection/CORR/BNU_3/sub-0027056/ses-1/anat/sub-0027056_ses-1_run-1_T1w.nii.gz,sub-0027056,ses-1,file_size_mb,5.524661064147949,"('BNU_3', nan, nan)",False,False,True,False,False
/run/media/falconnier/Elements/BIDS_datasets_selection/CORR/BNU_3/sub-0027059/ses-1/anat/sub-0027059_ses-1_run-1_T1w.nii.gz,sub-0027059,ses-1,file_size_mb,5.664525985717773,"('BNU_3', nan, nan)",False,False,True,False,False
/run/media/falconnier/Elements/BIDS_datasets_selection/CORR/BNU_3/sub-0027061/ses-1/anat/sub-0027061_ses-1_run-1_T1w.nii.gz,sub-0027061,ses-1,file_size_mb,6.025932312011719,"('BNU_3', nan, nan)",False,False,True,False,False
/run/media/falconnier/Elements/BIDS_datasets_selection/CORR/BNU_3/sub-0027063/ses-1/anat/sub-0027063_ses-1_run-1_T1w.nii.gz,sub-0027063,ses-1,file_size_mb,6.20266056060791,"('BNU_3', nan, nan)",False,False,True,False,False
/run/media/falconnier/Elements/BIDS_datasets_selection/CORR/BNU_3/sub-0027065/ses-1/anat/sub-0027065_ses-1_run-1_T1w.nii.gz,sub-0027065,ses-1,file_size_mb,5.641773223876953,"('BNU_3', nan, nan)",False,False,True,False,False
/run/media/falconnier/Elements/BIDS_datasets_selection/CORR/BNU_3/sub-0027064/ses-1/anat/sub-0027064_ses-1_run-1_T1w.nii.gz,sub-0027064,ses-1,file_size_mb,8.794459342956543,"('BNU_3', nan, nan)",False,False,False,True,False
/run/media/falconnier/Elements/BIDS_datasets_selection/CORR/BNU_3/sub-0027071/ses-1/anat/sub-0027071_ses-1_run-1_T1w.nii.gz,sub-0027071,ses-1,file_size_mb,5.538321495056152,"('BNU_3', nan, nan)",False,False,True,False,False
/run/media/falconnier/Elements/BIDS_datasets_selection/CORR/BNU_3/sub-0027079/ses-1/anat/sub-0027079_ses-1_run-1_T1w.nii.gz,sub-0027079,ses-1,file_size_mb,5.404709815979004,"('BNU_3', nan, nan)",False,False,True,False,False
/run/media/falconnier/Elements/BIDS_datasets_selection/CORR/BNU_3/sub-0027082/ses-1/anat/sub-0027082_ses-1_run-1_T1w.nii.gz,sub-0027082,ses-1,file_size_mb,5.533329963684082,"('BNU_3', nan, nan)",False,False,True,False,False
/run/media/falconnier/Elements/BIDS_datasets_selection/CORR/BNU_3/sub-0027085/ses-1/anat/sub-0027085_ses-1_run-1_T1w.nii.gz,sub-0027085,ses-1,file_size_mb,5.549449920654297,"('BNU_3', nan, nan)",False,False,True,False,False
/run/media/falconnier/Elements/BIDS_datasets_selection/CORR/BNU_3/sub-0027086/ses-1/anat/sub-0027086_ses-1_run-1_T1w.nii.gz,sub-0027086,ses-1,file_size_mb,5.734070777893066,"('BNU_3', nan, nan)",False,False,True,False,False
/run/media/falconnier/Elements/BIDS_datasets_selection/CORR/BNU_3/sub-0027089/ses-1/anat/sub-0027089_ses-1_run-1_T1w.nii.gz,sub-0027089,ses-1,file_size_mb,5.728058815002441,"('BNU_3', nan, nan)",False,False,True,False,False
/run/media/falconnier/Elements/BIDS_datasets_selection/CORR/BNU_3/sub-0027091/ses-1/anat/sub-0027091_ses-1_run-1_T1w.nii.gz,sub-0027091,ses-1,file_size_mb,5.476493835449219,"('BNU_3', nan, nan)",False,False,True,False,False
/run/media/falconnier/Elements/BIDS_datasets_selection/CORR/BNU_3/sub-0027090/ses-1/anat/sub-0027090_ses-1_run-1_T1w.nii.gz,sub-0027090,ses-1,file_size_mb,4.996440887451172,"('BNU_3', nan, nan)",False,False,True,True,False
/run/media/falconnier/Elements/BIDS_datasets_selection/CORR/BNU_3/sub-0027094/ses-1/anat/sub-0027094_ses-1_run-1_T1w.nii.gz,sub-0027094,ses-1,file_size_mb,5.456145286560059,"('BNU_3', nan, nan)",False,False,True,False,False
/run/media/falconnier/Elements/BIDS_datasets_selection/CORR/BNU_3/sub-0027098/ses-1/anat/sub-0027098_ses-1_run-1_T1w.nii.gz,sub-0027098,ses-1,file_size_mb,5.677081108093262,"('BNU_3', nan, nan)",False,False,True,False,False
/run/media/falconnier/Elements/BIDS_datasets_selection/CORR/BNU_3/sub-0027099/ses-1/anat/sub-0027099_ses-1_run-1_T1w.nii.gz,sub-0027099,ses-1,file_size_mb,5.713107109069824,"('BNU_3', nan, nan)",False,False,True,False,False
/run/media/falconnier/Elements/BIDS_datasets_selection/CORR/BNU_3/sub-0027064/ses-1/anat/sub-0027064_ses-1_run-1_T1w.nii.gz,sub-0027064,ses-1,max,1488.0,"('BNU_3', nan, nan)",False,False,False,True,False
/run/media/falconnier/Elements/BIDS_datasets_selection/CORR/BNU_3/sub-0027094/ses-1/anat/sub-0027094_ses-1_run-1_T1w.nii.gz,sub-0027094,ses-1,max,727.0,"('BNU_3', nan, nan)",False,False,False,True,False
/run/media/falconnier/Elements/BIDS_datasets_selection/CORR/BNU_3/sub-0027067/ses-1/anat/sub-0027067_ses-1_run-1_T1w.nii.gz,sub-0027067,ses-1,median,12.0,"('BNU_3', nan, nan)",False,False,False,True,False
/run/media/falconnier/Elements/BIDS_datasets_selection/CORR/BNU_3/sub-0027063/ses-1/anat/sub-0027063_ses-1_run-1_T1w.nii.gz,sub-0027063,ses-1,mean,93.28938965228932,"('BNU_3', nan, nan)",False,False,False,True,False
/run/media/falconnier/Elements/BIDS_datasets_selection/CORR/BNU_3/sub-0027077/ses-1/anat/sub-0027077_ses-1_run-1_T1w.nii.gz,sub-0027077,ses-1,mean,61.977189306321314,"('BNU_3', nan, nan)",False,False,False,True,False
/run/media/falconnier/Elements/BIDS_datasets_selection/CORR/BNU_3/sub-0027065/ses-1/anat/sub-0027065_ses-1_run-1_T1w.nii.gz,sub-0027065,ses-1,std,133.4038705602459,"('BNU_3', nan, nan)",False,False,False,True,False
/run/media/falconnier/Elements/BIDS_datasets_selection/CORR/BNU_3/sub-0027077/ses-1/anat/sub-0027077_ses-1_run-1_T1w.nii.gz,sub-0027077,ses-1,std,94.4119437074062,"('BNU_3', nan, nan)",False,False,False,True,False
/run/media/falconnier/Elements/BIDS_datasets_selection/CORR/BNU_3/sub-0027067/ses-1/anat/sub-0027067_ses-1_run-1_T1w.nii.gz,sub-0027067,ses-1,mad,10.0,"('BNU_3', nan, nan)",False,True,False,True,False
/run/media/falconnier/Elements/BIDS_datasets_selection/CORR/BNU_3/sub-0027064/ses-1/anat/sub-0027064_ses-1_run-1_T1w.nii.gz,sub-0027064,ses-1,entropy,1.140667162054759,"('BNU_3', nan, nan)",False,False,False,True,False
/run/media/falconnier/Elements/BIDS_datasets_selection/CORR/BNU_3/sub-0027094/ses-1/anat/sub-0027094_ses-1_run-1_T1w.nii.gz,sub-0027094,ses-1,entropy,2.316473937426549,"('BNU_3', nan, nan)",False,False,False,True,False
/run/media/falconnier/Elements/BIDS_datasets_selection/CORR/BNU_3/sub-0027067/ses-1/anat/sub-0027067_ses-1_run-1_T1w.nii.gz,sub-0027067,ses-1,efc,0.516,"('BNU_3', nan, nan)",False,False,False,True,False
/run/media/falconnier/Elements/BIDS_datasets_selection/CORR/BNU_3/sub-0027090/ses-1/anat/sub-0027090_ses-1_run-1_T1w.nii.gz,sub-0027090,ses-1,efc,0.3784,"('BNU_3', nan, nan)",False,False,False,True,False
/run/media/falconnier/Elements/BIDS_datasets_selection/CORR/BNU_3/sub-0027056/ses-1/anat/sub-0027056_ses-1_run-1_T1w.nii.gz,sub-0027056,ses-1,nonzero_frac,0.6857602596282959,"('BNU_3', nan, nan)",False,False,True,False,False
/run/media/falconnier/Elements/BIDS_datasets_selection/CORR/BNU_3/sub-0027059/ses-1/anat/sub-0027059_ses-1_run-1_T1w.nii.gz,sub-0027059,ses-1,nonzero_frac,0.7205427885055542,"('BNU_3', nan, nan)",False,False,True,False,False
/run/media/falconnier/Elements/BIDS_datasets_selection/CORR/BNU_3/sub-0027061/ses-1/anat/sub-0027061_ses-1_run-1_T1w.nii.gz,sub-0027061,ses-1,nonzero_frac,0.7607923746109009,"('BNU_3', nan, nan)",False,False,True,False,False
/run/media/falconnier/Elements/BIDS_datasets_selection/CORR/BNU_3/sub-0027063/ses-1/anat/sub-0027063_ses-1_run-1_T1w.nii.gz,sub-0027063,ses-1,nonzero_frac,0.7570946216583252,"('BNU_3', nan, nan)",False,False,True,False,False
/run/media/falconnier/Elements/BIDS_datasets_selection/CORR/BNU_3/sub-0027065/ses-1/anat/sub-0027065_ses-1_run-1_T1w.nii.gz,sub-0027065,ses-1,nonzero_frac,0.7012630701065063,"('BNU_3', nan, nan)",False,False,True,False,False
/run/media/falconnier/Elements/BIDS_datasets_selection/CORR/BNU_3/sub-0027064/ses-1/anat/sub-0027064_ses-1_run-1_T1w.nii.gz,sub-0027064,ses-1,nonzero_frac,0.8961511850357056,"('BNU_3', nan, nan)",False,False,False,True,False
/run/media/falconnier/Elements/BIDS_datasets_selection/CORR/BNU_3/sub-0027071/ses-1/anat/sub-0027071_ses-1_run-1_T1w.nii.gz,sub-0027071,ses-1,nonzero_frac,0.6916606426239014,"('BNU_3', nan, nan)",False,False,True,False,False
/run/media/falconnier/Elements/BIDS_datasets_selection/CORR/BNU_3/sub-0027079/ses-1/anat/sub-0027079_ses-1_run-1_T1w.nii.gz,sub-0027079,ses-1,nonzero_frac,0.6937381029129028,"('BNU_3', nan, nan)",False,False,True,False,False
/run/media/falconnier/Elements/BIDS_datasets_selection/CORR/BNU_3/sub-0027082/ses-1/anat/sub-0027082_ses-1_run-1_T1w.nii.gz,sub-0027082,ses-1,nonzero_frac,0.7147226333618164,"('BNU_3', nan, nan)",False,False,True,False,False
/run/media/falconnier/Elements/BIDS_datasets_selection/CORR/BNU_3/sub-0027085/ses-1/anat/sub-0027085_ses-1_run-1_T1w.nii.gz,sub-0027085,ses-1,nonzero_frac,0.6991637945175171,"('BNU_3', nan, nan)",False,False,True,False,False
/run/media/falconnier/Elements/BIDS_datasets_selection/CORR/BNU_3/sub-0027086/ses-1/anat/sub-0027086_ses-1_run-1_T1w.nii.gz,sub-0027086,ses-1,nonzero_frac,0.7310982942581177,"('BNU_3', nan, nan)",False,False,True,False,False
/run/media/falconnier/Elements/BIDS_datasets_selection/CORR/BNU_3/sub-0027089/ses-1/anat/sub-0027089_ses-1_run-1_T1w.nii.gz,sub-0027089,ses-1,nonzero_frac,0.7224971055984497,"('BNU_3', nan, nan)",False,False,True,False,False
/run/media/falconnier/Elements/BIDS_datasets_selection/CORR/BNU_3/sub-0027091/ses-1/anat/sub-0027091_ses-1_run-1_T1w.nii.gz,sub-0027091,ses-1,nonzero_frac,0.6683632135391235,"('BNU_3', nan, nan)",False,False,True,True,False
/run/media/falconnier/Elements/BIDS_datasets_selection/CORR/BNU_3/sub-0027090/ses-1/anat/sub-0027090_ses-1_run-1_T1w.nii.gz,sub-0027090,ses-1,nonzero_frac,0.6737281084060669,"('BNU_3', nan, nan)",False,False,True,False,False
/run/media/falconnier/Elements/BIDS_datasets_selection/CORR/BNU_3/sub-0027094/ses-1/anat/sub-0027094_ses-1_run-1_T1w.nii.gz,sub-0027094,ses-1,nonzero_frac,0.6835547685623169,"('BNU_3', nan, nan)",False,False,True,False,False
/run/media/falconnier/Elements/BIDS_datasets_selection/CORR/BNU_3/sub-0027098/ses-1/anat/sub-0027098_ses-1_run-1_T1w.nii.gz,sub-0027098,ses-1,nonzero_frac,0.7388406991958618,"('BNU_3', nan, nan)",False,False,True,False,False
/run/media/falconnier/Elements/BIDS_datasets_selection/CORR/BNU_3/sub-0027099/ses-1/anat/sub-0027099_ses-1_run-1_T1w.nii.gz,sub-0027099,ses-1,nonzero_frac,0.7006528377532959,"('BNU_3', nan, nan)",False,False,True,False,False
/run/media/falconnier/Elements/BIDS_datasets_selection/CORR/BNU_3/sub-0027056/ses-1/anat/sub-0027056_ses-1_run-1_T1w.nii.gz,sub-0027056,ses-1,n_nonzero,5752574.0,"('BNU_3', nan, nan)",False,False,True,False,False
/run/media/falconnier/Elements/BIDS_datasets_selection/CORR/BNU_3/sub-0027059/ses-1/anat/sub-0027059_ses-1_run-1_T1w.nii.gz,sub-0027059,ses-1,n_nonzero,6044351.0,"('BNU_3', nan, nan)",False,False,True,False,False
/run/media/falconnier/Elements/BIDS_datasets_selection/CORR/BNU_3/sub-0027061/ses-1/anat/sub-0027061_ses-1_run-1_T1w.nii.gz,sub-0027061,ses-1,n_nonzero,6381989.0,"('BNU_3', nan, nan)",False,False,True,False,False
/run/media/falconnier/Elements/BIDS_datasets_selection/CORR/BNU_3/sub-0027063/ses-1/anat/sub-0027063_ses-1_run-1_T1w.nii.gz,sub-0027063,ses-1,n_nonzero,6350970.0,"('BNU_3', nan, nan)",False,False,True,False,False
/run/media/falconnier/Elements/BIDS_datasets_selection/CORR/BNU_3/sub-0027065/ses-1/anat/sub-0027065_ses-1_run-1_T1w.nii.gz,sub-0027065,ses-1,n_nonzero,5882621.0,"('BNU_3', nan, nan)",False,False,True,False,False
/run/media/falconnier/Elements/BIDS_datasets_selection/CORR/BNU_3/sub-0027064/ses-1/anat/sub-0027064_ses-1_run-1_T1w.nii.gz,sub-0027064,ses-1,n_nonzero,7517461.0,"('BNU_3', nan, nan)",False,False,False,True,False
/run/media/falconnier/Elements/BIDS_datasets_selection/CORR/BNU_3/sub-0027071/ses-1/anat/sub-0027071_ses-1_run-1_T1w.nii.gz,sub-0027071,ses-1,n_nonzero,5802070.0,"('BNU_3', nan, nan)",False,False,True,False,False
/run/media/falconnier/Elements/BIDS_datasets_selection/CORR/BNU_3/sub-0027079/ses-1/anat/sub-0027079_ses-1_run-1_T1w.nii.gz,sub-0027079,ses-1,n_nonzero,5819497.0,"('BNU_3', nan, nan)",False,False,True,False,False
/run/media/falconnier/Elements/BIDS_datasets_selection/CORR/BNU_3/sub-0027082/ses-1/anat/sub-0027082_ses-1_run-1_T1w.nii.gz,sub-0027082,ses-1,n_nonzero,5995528.0,"('BNU_3', nan, nan)",False,False,True,False,False
/run/media/falconnier/Elements/BIDS_datasets_selection/CORR/BNU_3/sub-0027085/ses-1/anat/sub-0027085_ses-1_run-1_T1w.nii.gz,sub-0027085,ses-1,n_nonzero,5865011.0,"('BNU_3', nan, nan)",False,False,True,False,False
/run/media/falconnier/Elements/BIDS_datasets_selection/CORR/BNU_3/sub-0027086/ses-1/anat/sub-0027086_ses-1_run-1_T1w.nii.gz,sub-0027086,ses-1,n_nonzero,6132897.0,"('BNU_3', nan, nan)",False,False,True,False,False
/run/media/falconnier/Elements/BIDS_datasets_selection/CORR/BNU_3/sub-0027089/ses-1/anat/sub-0027089_ses-1_run-1_T1w.nii.gz,sub-0027089,ses-1,n_nonzero,6060745.0,"('BNU_3', nan, nan)",False,False,True,False,False
/run/media/falconnier/Elements/BIDS_datasets_selection/CORR/BNU_3/sub-0027091/ses-1/anat/sub-0027091_ses-1_run-1_T1w.nii.gz,sub-0027091,ses-1,n_nonzero,5606637.0,"('BNU_3', nan, nan)",False,False,True,True,False
/run/media/falconnier/Elements/BIDS_datasets_selection/CORR/BNU_3/sub-0027090/ses-1/anat/sub-0027090_ses-1_run-1_T1w.nii.gz,sub-0027090,ses-1,n_nonzero,5651641.0,"('BNU_3', nan, nan)",False,False,True,False,False
/run/media/falconnier/Elements/BIDS_datasets_selection/CORR/BNU_3/sub-0027094/ses-1/anat/sub-0027094_ses-1_run-1_T1w.nii.gz,sub-0027094,ses-1,n_nonzero,5734073.0,"('BNU_3', nan, nan)",False,False,True,False,False
/run/media/falconnier/Elements/BIDS_datasets_selection/CORR/BNU_3/sub-0027098/ses-1/anat/sub-0027098_ses-1_run-1_T1w.nii.gz,sub-0027098,ses-1,n_nonzero,6197845.0,"('BNU_3', nan, nan)",False,False,True,False,False
/run/media/falconnier/Elements/BIDS_datasets_selection/CORR/BNU_3/sub-0027099/ses-1/anat/sub-0027099_ses-1_run-1_T1w.nii.gz,sub-0027099,ses-1,n_nonzero,5877502.0,"('BNU_3', nan, nan)",False,False,True,False,False
/run/media/falconnier/Elements/BIDS_datasets_selection/CORR/BNU_3/sub-0027087/ses-1/anat/sub-0027087_ses-1_run-1_T1w.nii.gz,sub-0027087,ses-1,kurtosis,2.8022299779024014,"('BNU_3', nan, nan)",False,False,False,True,False
/run/media/falconnier/Elements/BIDS_datasets_selection/CORR/BNU_3/sub-0027091/ses-1/anat/sub-0027091_ses-1_run-1_T1w.nii.gz,sub-0027091,ses-1,kurtosis,0.427465047522332,"('BNU_3', nan, nan)",False,False,False,True,False
/run/media/falconnier/Elements/BIDS_datasets_selection/CORR/BNU_3/sub-0027078/ses-1/anat/sub-0027078_ses-1_run-1_T1w.nii.gz,sub-0027078,ses-1,skewness,1.938774820199916,"('BNU_3', nan, nan)",False,False,False,True,False
/run/media/falconnier/Elements/BIDS_datasets_selection/CORR/BNU_3/sub-0027091/ses-1/anat/sub-0027091_ses-1_run-1_T1w.nii.gz,sub-0027091,ses-1,skewness,1.2405572380606125,"('BNU_3', nan, nan)",False,False,False,True,False
/run/media/falconnier/Elements/BIDS_datasets_selection/CORR/DC_1/sub-0027309/ses-3/anat/sub-0027309_ses-3_run-1_T1w.nii.gz,sub-0027309,ses-3,file_size_mb,3.9279651641845694,"('DC_1', nan, nan)",False,False,False,True,True
/run/media/falconnier/Elements/BIDS_datasets_selection/CORR/DC_1/sub-0027309/ses-4/anat/sub-0027309_ses-4_run-1_T1w.nii.gz,sub-0027309,ses-4,file_size_mb,3.997129440307617,"('DC_1', nan, nan)",False,False,False,False,True
/run/media/falconnier/Elements/BIDS_datasets_selection/CORR/DC_1/sub-0027318/ses-2/anat/sub-0027318_ses-2_run-1_T1w.nii.gz,sub-0027318,ses-2,file_size_mb,5.886394500732422,"('DC_1', nan, nan)",False,False,False,True,False
/run/media/falconnier/Elements/BIDS_datasets_selection/CORR/DC_1/sub-0027318/ses-3/anat/sub-0027318_ses-3_run-1_T1w.nii.gz,sub-0027318,ses-3,file_size_mb,6.018886566162109,"('DC_1', nan, nan)",False,False,False,True,False
/run/media/falconnier/Elements/BIDS_datasets_selection/CORR/DC_1/sub-0027338/ses-1/anat/sub-0027338_ses-1_run-1_T1w.nii.gz,sub-0027338,ses-1,file_size_mb,2.446035385131836,"('DC_1', nan, nan)",True,True,True,True,True
/run/media/falconnier/Elements/BIDS_datasets_selection/CORR/DC_1/sub-0027342/ses-1/anat/sub-0027342_ses-1_run-1_T1w.nii.gz,sub-0027342,ses-1,file_size_mb,5.856719017028809,"('DC_1', nan, nan)",False,False,False,True,False
/run/media/falconnier/Elements/BIDS_datasets_selection/CORR/DC_1/sub-0027428/ses-2/anat/sub-0027428_ses-2_run-1_T1w.nii.gz,sub-0027428,ses-2,file_size_mb,3.723574638366699,"('DC_1', nan, nan)",False,False,False,True,True
/run/media/falconnier/Elements/BIDS_datasets_selection/CORR/DC_1/sub-0027319/ses-1/anat/sub-0027319_ses-1_run-1_T1w.nii.gz,sub-0027319,ses-1,max,622.0,"('DC_1', nan, nan)",False,True,True,True,False
/run/media/falconnier/Elements/BIDS_datasets_selection/CORR/DC_1/sub-0027331/ses-2/anat/sub-0027331_ses-2_run-1_T1w.nii.gz,sub-0027331,ses-2,max,313.0,"('DC_1', nan, nan)",False,False,False,True,False
/run/media/falconnier/Elements/BIDS_datasets_selection/CORR/DC_1/sub-0027355/ses-2/anat/sub-0027355_ses-2_run-1_T1w.nii.gz,sub-0027355,ses-2,max,557.0,"('DC_1', nan, nan)",False,False,False,True,False
/run/media/falconnier/Elements/BIDS_datasets_selection/CORR/DC_1/sub-0027375/ses-1/anat/sub-0027375_ses-1_run-1_T1w.nii.gz,sub-0027375,ses-1,max,335.0,"('DC_1', nan, nan)",False,False,False,True,False
/run/media/falconnier/Elements/BIDS_datasets_selection/CORR/DC_1/sub-0027389/ses-2/anat/sub-0027389_ses-2_run-1_T1w.nii.gz,sub-0027389,ses-2,max,619.0,"('DC_1', nan, nan)",False,True,True,True,False
/run/media/falconnier/Elements/BIDS_datasets_selection/CORR/DC_1/sub-0027423/ses-2/anat/sub-0027423_ses-2_run-1_T1w.nii.gz,sub-0027423,ses-2,max,326.0,"('DC_1', nan, nan)",False,False,False,True,False
/run/media/falconnier/Elements/BIDS_datasets_selection/CORR/DC_1/sub-0027332/ses-1/anat/sub-0027332_ses-1_run-1_T1w.nii.gz,sub-0027332,ses-1,median,28.0,"('DC_1', nan, nan)",False,False,False,True,False
/run/media/falconnier/Elements/BIDS_datasets_selection/CORR/DC_1/sub-0027375/ses-1/anat/sub-0027375_ses-1_run-1_T1w.nii.gz,sub-0027375,ses-1,median,30.0,"('DC_1', nan, nan)",False,False,False,True,False
/run/media/falconnier/Elements/BIDS_datasets_selection/CORR/DC_1/sub-0027382/ses-2/anat/sub-0027382_ses-2_run-1_T1w.nii.gz,sub-0027382,ses-2,median,46.0,"('DC_1', nan, nan)",False,False,False,True,False
/run/media/falconnier/Elements/BIDS_datasets_selection/CORR/DC_1/sub-0027319/ses-1/anat/sub-0027319_ses-1_run-1_T1w.nii.gz,sub-0027319,ses-1,mean,52.75128337590648,"('DC_1', nan, nan)",False,False,False,True,False
/run/media/falconnier/Elements/BIDS_datasets_selection/CORR/DC_1/sub-0027332/ses-2/anat/sub-0027332_ses-2_run-1_T1w.nii.gz,sub-0027332,ses-2,mean,33.425787610875986,"('DC_1', nan, nan)",False,False,False,True,False
/run/media/falconnier/Elements/BIDS_datasets_selection/CORR/DC_1/sub-0027332/ses-1/anat/sub-0027332_ses-1_run-1_T1w.nii.gz,sub-0027332,ses-1,mean,30.78746000371955,"('DC_1', nan, nan)",False,False,False,True,False
/run/media/falconnier/Elements/BIDS_datasets_selection/CORR/DC_1/sub-0027375/ses-1/anat/sub-0027375_ses-1_run-1_T1w.nii.gz,sub-0027375,ses-1,mean,33.04513682531878,"('DC_1', nan, nan)",False,False,False,True,False
/run/media/falconnier/Elements/BIDS_datasets_selection/CORR/DC_1/sub-0027382/ses-2/anat/sub-0027382_ses-2_run-1_T1w.nii.gz,sub-0027382,ses-2,mean,51.434626727501936,"('DC_1', nan, nan)",False,False,False,True,False
/run/media/falconnier/Elements/BIDS_datasets_selection/CORR/DC_1/sub-0027389/ses-2/anat/sub-0027389_ses-2_run-1_T1w.nii.gz,sub-0027389,ses-2,mean,51.93048298689755,"('DC_1', nan, nan)",False,False,False,True,False
/run/media/falconnier/Elements/BIDS_datasets_selection/CORR/DC_1/sub-0027319/ses-1/anat/sub-0027319_ses-1_run-1_T1w.nii.gz,sub-0027319,ses-1,std,48.70066100240738,"('DC_1', nan, nan)",False,True,True,True,False
/run/media/falconnier/Elements/BIDS_datasets_selection/CORR/DC_1/sub-0027332/ses-1/anat/sub-0027332_ses-1_run-1_T1w.nii.gz,sub-0027332,ses-1,std,24.475716985052145,"('DC_1', nan, nan)",False,False,False,True,False
/run/media/falconnier/Elements/BIDS_datasets_selection/CORR/DC_1/sub-0027375/ses-1/anat/sub-0027375_ses-1_run-1_T1w.nii.gz,sub-0027375,ses-1,std,26.15027457061987,"('DC_1', nan, nan)",False,False,False,True,False
/run/media/falconnier/Elements/BIDS_datasets_selection/CORR/DC_1/sub-0027382/ses-2/anat/sub-0027382_ses-2_run-1_T1w.nii.gz,sub-0027382,ses-2,std,42.59121883051769,"('DC_1', nan, nan)",False,False,False,True,False
/run/media/falconnier/Elements/BIDS_datasets_selection/CORR/DC_1/sub-0027389/ses-2/anat/sub-0027389_ses-2_run-1_T1w.nii.gz,sub-0027389,ses-2,std,45.781286866077735,"('DC_1', nan, nan)",False,True,True,True,False
/run/media/falconnier/Elements/BIDS_datasets_selection/CORR/DC_1/sub-0027428/ses-2/anat/sub-0027428_ses-2_run-1_T1w.nii.gz,sub-0027428,ses-2,std,26.166930444769733,"('DC_1', nan, nan)",False,False,False,True,False
/run/media/falconnier/Elements/BIDS_datasets_selection/CORR/DC_1/sub-0027319/ses-1/anat/sub-0027319_ses-1_run-1_T1w.nii.gz,sub-0027319,ses-1,mad,38.0,"('DC_1', nan, nan)",False,False,False,True,False
/run/media/falconnier/Elements/BIDS_datasets_selection/CORR/DC_1/sub-0027332/ses-1/anat/sub-0027332_ses-1_run-1_T1w.nii.gz,sub-0027332,ses-1,mad,19.0,"('DC_1', nan, nan)",False,False,False,True,False
/run/media/falconnier/Elements/BIDS_datasets_selection/CORR/DC_1/sub-0027319/ses-1/anat/sub-0027319_ses-1_run-1_T1w.nii.gz,sub-0027319,ses-1,entropy,2.8117166408495646,"('DC_1', nan, nan)",False,False,False,True,False
/run/media/falconnier/Elements/BIDS_datasets_selection/CORR/DC_1/sub-0027331/ses-2/anat/sub-0027331_ses-2_run-1_T1w.nii.gz,sub-0027331,ses-2,entropy,5.314148556394029,"('DC_1', nan, nan)",False,True,True,True,False
/run/media/falconnier/Elements/BIDS_datasets_selection/CORR/DC_1/sub-0027355/ses-2/anat/sub-0027355_ses-2_run-1_T1w.nii.gz,sub-0027355,ses-2,entropy,3.024960648525543,"('DC_1', nan, nan)",False,False,False,True,False
/run/media/falconnier/Elements/BIDS_datasets_selection/CORR/DC_1/sub-0027389/ses-2/anat/sub-0027389_ses-2_run-1_T1w.nii.gz,sub-0027389,ses-2,entropy,2.856325004133451,"('DC_1', nan, nan)",False,False,False,True,False
/run/media/falconnier/Elements/BIDS_datasets_selection/CORR/DC_1/sub-0027423/ses-1/anat/sub-0027423_ses-1_run-1_T1w.nii.gz,sub-0027423,ses-1,entropy,4.898189117526783,"('DC_1', nan, nan)",False,False,False,True,False
/run/media/falconnier/Elements/BIDS_datasets_selection/CORR/DC_1/sub-0027423/ses-2/anat/sub-0027423_ses-2_run-1_T1w.nii.gz,sub-0027423,ses-2,entropy,5.0704368728295295,"('DC_1', nan, nan)",False,False,False,True,False
/run/media/falconnier/Elements/BIDS_datasets_selection/CORR/DC_1/sub-0027309/ses-3/anat/sub-0027309_ses-3_run-1_T1w.nii.gz,sub-0027309,ses-3,efc,0.3156,"('DC_1', nan, nan)",False,False,False,True,False
/run/media/falconnier/Elements/BIDS_datasets_selection/CORR/DC_1/sub-0027309/ses-4/anat/sub-0027309_ses-4_run-1_T1w.nii.gz,sub-0027309,ses-4,efc,0.3157,"('DC_1', nan, nan)",False,False,False,True,False
/run/media/falconnier/Elements/BIDS_datasets_selection/CORR/DC_1/sub-0027318/ses-3/anat/sub-0027318_ses-3_run-1_T1w.nii.gz,sub-0027318,ses-3,efc,0.4081,"('DC_1', nan, nan)",False,False,False,True,False
/run/media/falconnier/Elements/BIDS_datasets_selection/CORR/DC_1/sub-0027338/ses-1/anat/sub-0027338_ses-1_run-1_T1w.nii.gz,sub-0027338,ses-1,efc,0.2418,"('DC_1', nan, nan)",True,True,True,True,False
/run/media/falconnier/Elements/BIDS_datasets_selection/CORR/DC_1/sub-0027342/ses-1/anat/sub-0027342_ses-1_run-1_T1w.nii.gz,sub-0027342,ses-1,efc,0.4012,"('DC_1', nan, nan)",False,False,False,True,False
/run/media/falconnier/Elements/BIDS_datasets_selection/CORR/DC_1/sub-0027342/ses-2/anat/sub-0027342_ses-2_run-1_T1w.nii.gz,sub-0027342,ses-2,efc,0.4041,"('DC_1', nan, nan)",False,False,False,True,False
/run/media/falconnier/Elements/BIDS_datasets_selection/CORR/DC_1/sub-0027309/ses-3/anat/sub-0027309_ses-3_run-1_T1w.nii.gz,sub-0027309,ses-3,nonzero_frac,0.2083389282226562,"('DC_1', nan, nan)",False,False,False,True,False
/run/media/falconnier/Elements/BIDS_datasets_selection/CORR/DC_1/sub-0027309/ses-4/anat/sub-0027309_ses-4_run-1_T1w.nii.gz,sub-0027309,ses-4,nonzero_frac,0.2075590653852983,"('DC_1', nan, nan)",False,False,False,True,False
/run/media/falconnier/Elements/BIDS_datasets_selection/CORR/DC_1/sub-0027318/ses-2/anat/sub-0027318_ses-2_run-1_T1w.nii.gz,sub-0027318,ses-2,nonzero_frac,0.3185731367631392,"('DC_1', nan, nan)",False,False,False,True,False
/run/media/falconnier/Elements/BIDS_datasets_selection/CORR/DC_1/sub-0027318/ses-3/anat/sub-0027318_ses-3_run-1_T1w.nii.gz,sub-0027318,ses-3,nonzero_frac,0.3277280634099787,"('DC_1', nan, nan)",False,False,False,True,False
/run/media/falconnier/Elements/BIDS_datasets_selection/CORR/DC_1/sub-0027321/ses-1/anat/sub-0027321_ses-1_run-1_T1w.nii.gz,sub-0027321,ses-1,nonzero_frac,0.3190279180353338,"('DC_1', nan, nan)",False,False,False,True,False
/run/media/falconnier/Elements/BIDS_datasets_selection/CORR/DC_1/sub-0027338/ses-1/anat/sub-0027338_ses-1_run-1_T1w.nii.gz,sub-0027338,ses-1,nonzero_frac,0.12984487360174,"('DC_1', nan, nan)",False,True,True,True,False
/run/media/falconnier/Elements/BIDS_datasets_selection/CORR/DC_1/sub-0027309/ses-3/anat/sub-0027309_ses-3_run-1_T1w.nii.gz,sub-0027309,ses-3,n_nonzero,3003814.0,"('DC_1', nan, nan)",False,False,False,True,False
/run/media/falconnier/Elements/BIDS_datasets_selection/CORR/DC_1/sub-0027309/ses-4/anat/sub-0027309_ses-4_run-1_T1w.nii.gz,sub-0027309,ses-4,n_nonzero,2992570.0,"('DC_1', nan, nan)",False,False,False,True,False
/run/media/falconnier/Elements/BIDS_datasets_selection/CORR/DC_1/sub-0027318/ses-2/anat/sub-0027318_ses-2_run-1_T1w.nii.gz,sub-0027318,ses-2,n_nonzero,4593162.0,"('DC_1', nan, nan)",False,False,False,True,False
/run/media/falconnier/Elements/BIDS_datasets_selection/CORR/DC_1/sub-0027318/ses-3/anat/sub-0027318_ses-3_run-1_T1w.nii.gz,sub-0027318,ses-3,n_nonzero,4725157.0,"('DC_1', nan, nan)",False,False,False,True,False
/run/media/falconnier/Elements/BIDS_datasets_selection/CORR/DC_1/sub-0027321/ses-1/anat/sub-0027321_ses-1_run-1_T1w.nii.gz,sub-0027321,ses-1,n_nonzero,4599719.0,"('DC_1', nan, nan)",False,False,False,True,False
/run/media/falconnier/Elements/BIDS_datasets_selection/CORR/DC_1/sub-0027338/ses-1/anat/sub-0027338_ses-1_run-1_T1w.nii.gz,sub-0027338,ses-1,n_nonzero,1872093.0,"('DC_1', nan, nan)",False,True,True,True,False
/run/media/falconnier/Elements/BIDS_datasets_selection/CORR/DC_1/sub-0027309/ses-3/anat/sub-0027309_ses-3_run-1_T1w.nii.gz,sub-0027309,ses-3,kurtosis,-0.5846919324641386,"('DC_1', nan, nan)",False,False,False,True,False
/run/media/falconnier/Elements/BIDS_datasets_selection/CORR/DC_1/sub-0027309/ses-4/anat/sub-0027309_ses-4_run-1_T1w.nii.gz,sub-0027309,ses-4,kurtosis,-0.5647285349162274,"('DC_1', nan, nan)",False,False,False,True,False
/run/media/falconnier/Elements/BIDS_datasets_selection/CORR/DC_1/sub-0027382/ses-1/anat/sub-0027382_ses-1_run-1_T1w.nii.gz,sub-0027382,ses-1,kurtosis,-0.6901093149220423,"('DC_1', nan, nan)",False,False,False,True,False
/run/media/falconnier/Elements/BIDS_datasets_selection/CORR/DC_1/sub-0027400/ses-1/anat/sub-0027400_ses-1_run-1_T1w.nii.gz,sub-0027400,ses-1,kurtosis,1.4502018889851094,"('DC_1', nan, nan)",False,False,False,True,False
/run/media/falconnier/Elements/BIDS_datasets_selection/CORR/DC_1/sub-0027408/ses-2/anat/sub-0027408_ses-2_run-1_T1w.nii.gz,sub-0027408,ses-2,kurtosis,1.6521119590377582,"('DC_1', nan, nan)",False,False,False,True,False
/run/media/falconnier/Elements/BIDS_datasets_selection/CORR/DC_1/sub-0027408/ses-1/anat/sub-0027408_ses-1_run-1_T1w.nii.gz,sub-0027408,ses-1,kurtosis,1.887272774435864,"('DC_1', nan, nan)",False,False,False,True,False
/run/media/falconnier/Elements/BIDS_datasets_selection/CORR/DC_1/sub-0027307/ses-2/anat/sub-0027307_ses-2_run-1_T1w.nii.gz,sub-0027307,ses-2,skewness,0.5155550173568484,"('DC_1', nan, nan)",False,False,False,True,False
/run/media/falconnier/Elements/BIDS_datasets_selection/CORR/DC_1/sub-0027319/ses-3/anat/sub-0027319_ses-3_run-1_T1w.nii.gz,sub-0027319,ses-3,skewness,0.9254316401993434,"('DC_1', nan, nan)",False,False,False,True,False
/run/media/falconnier/Elements/BIDS_datasets_selection/CORR/DC_1/sub-0027321/ses-1/anat/sub-0027321_ses-1_run-1_T1w.nii.gz,sub-0027321,ses-1,skewness,0.9259371082175576,"('DC_1', nan, nan)",False,False,False,True,False
/run/media/falconnier/Elements/BIDS_datasets_selection/CORR/DC_1/sub-0027329/ses-1/anat/sub-0027329_ses-1_run-1_T1w.nii.gz,sub-0027329,ses-1,skewness,0.5181907011625856,"('DC_1', nan, nan)",False,False,False,True,False
/run/media/falconnier/Elements/BIDS_datasets_selection/CORR/DC_1/sub-0027359/ses-1/anat/sub-0027359_ses-1_run-1_T1w.nii.gz,sub-0027359,ses-1,skewness,0.5223192285825962,"('DC_1', nan, nan)",False,False,False,True,False
/run/media/falconnier/Elements/BIDS_datasets_selection/CORR/DC_1/sub-0027408/ses-1/anat/sub-0027408_ses-1_run-1_T1w.nii.gz,sub-0027408,ses-1,skewness,0.9329188181440216,"('DC_1', nan, nan)",False,False,False,True,False
/run/media/falconnier/Elements/BIDS_datasets_selection/CORR/HNU_1/sub-0025430/ses-1/anat/sub-0025430_ses-1_run-1_T1w.nii.gz,sub-0025430,ses-1,file_size_mb,4.866615295410156,"('HNU_1', nan, nan)",False,False,False,True,False
/run/media/falconnier/Elements/BIDS_datasets_selection/CORR/HNU_1/sub-0025430/ses-2/anat/sub-0025430_ses-2_run-1_T1w.nii.gz,sub-0025430,ses-2,file_size_mb,5.357151985168457,"('HNU_1', nan, nan)",False,False,False,True,False
/run/media/falconnier/Elements/BIDS_datasets_selection/CORR/HNU_1/sub-0025430/ses-3/anat/sub-0025430_ses-3_run-1_T1w.nii.gz,sub-0025430,ses-3,file_size_mb,5.237645149230957,"('HNU_1', nan, nan)",False,False,False,True,False
/run/media/falconnier/Elements/BIDS_datasets_selection/CORR/HNU_1/sub-0025443/ses-3/anat/sub-0025443_ses-3_run-1_T1w.nii.gz,sub-0025443,ses-3,file_size_mb,7.717219352722168,"('HNU_1', nan, nan)",False,False,False,True,False
/run/media/falconnier/Elements/BIDS_datasets_selection/CORR/HNU_1/sub-0025443/ses-7/anat/sub-0025443_ses-7_run-1_T1w.nii.gz,sub-0025443,ses-7,file_size_mb,7.739490509033203,"('HNU_1', nan, nan)",False,False,False,True,False
/run/media/falconnier/Elements/BIDS_datasets_selection/CORR/HNU_1/sub-0025443/ses-6/anat/sub-0025443_ses-6_run-1_T1w.nii.gz,sub-0025443,ses-6,file_size_mb,7.957812309265137,"('HNU_1', nan, nan)",False,False,False,True,False
/run/media/falconnier/Elements/BIDS_datasets_selection/CORR/HNU_1/sub-0025427/ses-10/anat/sub-0025427_ses-10_run-1_T1w.nii.gz,sub-0025427,ses-10,max,3151.547119140625,"('HNU_1', nan, nan)",False,False,True,False,False
/run/media/falconnier/Elements/BIDS_datasets_selection/CORR/HNU_1/sub-0025428/ses-2/anat/sub-0025428_ses-2_run-1_T1w.nii.gz,sub-0025428,ses-2,max,3163.0,"('HNU_1', nan, nan)",False,False,True,False,False
/run/media/falconnier/Elements/BIDS_datasets_selection/CORR/HNU_1/sub-0025442/ses-8/anat/sub-0025442_ses-8_run-1_T1w.nii.gz,sub-0025442,ses-8,max,1498.0,"('HNU_1', nan, nan)",False,False,False,True,False
/run/media/falconnier/Elements/BIDS_datasets_selection/CORR/HNU_1/sub-0025443/ses-1/anat/sub-0025443_ses-1_run-1_T1w.nii.gz,sub-0025443,ses-1,max,3341.0,"('HNU_1', nan, nan)",False,False,True,False,False
/run/media/falconnier/Elements/BIDS_datasets_selection/CORR/HNU_1/sub-0025443/ses-10/anat/sub-0025443_ses-10_run-1_T1w.nii.gz,sub-0025443,ses-10,max,4003.0,"('HNU_1', nan, nan)",False,True,True,True,False
/run/media/falconnier/Elements/BIDS_datasets_selection/CORR/HNU_1/sub-0025443/ses-3/anat/sub-0025443_ses-3_run-1_T1w.nii.gz,sub-0025443,ses-3,max,3223.0,"('HNU_1', nan, nan)",False,False,True,False,False
/run/media/falconnier/Elements/BIDS_datasets_selection/CORR/HNU_1/sub-0025443/ses-5/anat/sub-0025443_ses-5_run-1_T1w.nii.gz,sub-0025443,ses-5,max,3370.0,"('HNU_1', nan, nan)",False,False,True,False,False
/run/media/falconnier/Elements/BIDS_datasets_selection/CORR/HNU_1/sub-0025443/ses-7/anat/sub-0025443_ses-7_run-1_T1w.nii.gz,sub-0025443,ses-7,max,4243.0,"('HNU_1', nan, nan)",False,True,True,True,False
/run/media/falconnier/Elements/BIDS_datasets_selection/CORR/HNU_1/sub-0025443/ses-8/anat/sub-0025443_ses-8_run-1_T1w.nii.gz,sub-0025443,ses-8,max,3103.556640625,"('HNU_1', nan, nan)",False,False,True,False,False
/run/media/falconnier/Elements/BIDS_datasets_selection/CORR/HNU_1/sub-0025443/ses-9/anat/sub-0025443_ses-9_run-1_T1w.nii.gz,sub-0025443,ses-9,max,3754.0,"('HNU_1', nan, nan)",False,True,True,True,False
/run/media/falconnier/Elements/BIDS_datasets_selection/CORR/HNU_1/sub-0025448/ses-2/anat/sub-0025448_ses-2_run-1_T1w.nii.gz,sub-0025448,ses-2,max,1502.0,"('HNU_1', nan, nan)",False,False,False,True,False
/run/media/falconnier/Elements/BIDS_datasets_selection/CORR/HNU_1/sub-0025448/ses-5/anat/sub-0025448_ses-5_run-1_T1w.nii.gz,sub-0025448,ses-5,max,1504.0,"('HNU_1', nan, nan)",False,False,False,True,False
/run/media/falconnier/Elements/BIDS_datasets_selection/CORR/HNU_1/sub-0025449/ses-1/anat/sub-0025449_ses-1_run-1_T1w.nii.gz,sub-0025449,ses-1,max,3354.0,"('HNU_1', nan, nan)",False,False,True,False,False
/run/media/falconnier/Elements/BIDS_datasets_selection/CORR/HNU_1/sub-0025449/ses-10/anat/sub-0025449_ses-10_run-1_T1w.nii.gz,sub-0025449,ses-10,max,3662.0,"('HNU_1', nan, nan)",False,True,True,False,False
/run/media/falconnier/Elements/BIDS_datasets_selection/CORR/HNU_1/sub-0025430/ses-3/anat/sub-0025430_ses-3_run-1_T1w.nii.gz,sub-0025430,ses-3,median,245.0,"('HNU_1', nan, nan)",False,False,False,True,False
/run/media/falconnier/Elements/BIDS_datasets_selection/CORR/HNU_1/sub-0025437/ses-2/anat/sub-0025437_ses-2_run-1_T1w.nii.gz,sub-0025437,ses-2,median,247.0,"('HNU_1', nan, nan)",False,False,False,True,False
/run/media/falconnier/Elements/BIDS_datasets_selection/CORR/HNU_1/sub-0025454/ses-2/anat/sub-0025454_ses-2_run-1_T1w.nii.gz,sub-0025454,ses-2,median,160.0,"('HNU_1', nan, nan)",False,False,False,True,False
/run/media/falconnier/Elements/BIDS_datasets_selection/CORR/HNU_1/sub-0025454/ses-8/anat/sub-0025454_ses-8_run-1_T1w.nii.gz,sub-0025454,ses-8,median,155.0,"('HNU_1', nan, nan)",False,False,False,True,False
/run/media/falconnier/Elements/BIDS_datasets_selection/CORR/HNU_1/sub-0025427/ses-5/anat/sub-0025427_ses-5_run-1_T1w.nii.gz,sub-0025427,ses-5,mean,273.00715448406754,"('HNU_1', nan, nan)",False,False,False,True,False
/run/media/falconnier/Elements/BIDS_datasets_selection/CORR/HNU_1/sub-0025430/ses-3/anat/sub-0025430_ses-3_run-1_T1w.nii.gz,sub-0025430,ses-3,mean,278.84083033071823,"('HNU_1', nan, nan)",False,False,False,True,False
/run/media/falconnier/Elements/BIDS_datasets_selection/CORR/HNU_1/sub-0025438/ses-5/anat/sub-0025438_ses-5_run-1_T1w.nii.gz,sub-0025438,ses-5,mean,275.950836497187,"('HNU_1', nan, nan)",False,False,False,True,False
/run/media/falconnier/Elements/BIDS_datasets_selection/CORR/HNU_1/sub-0025454/ses-1/anat/sub-0025454_ses-1_run-1_T1w.nii.gz,sub-0025454,ses-1,mean,192.84019254355584,"('HNU_1', nan, nan)",False,False,False,True,False
/run/media/falconnier/Elements/BIDS_datasets_selection/CORR/HNU_1/sub-0025454/ses-2/anat/sub-0025454_ses-2_run-1_T1w.nii.gz,sub-0025454,ses-2,mean,191.3206241228867,"('HNU_1', nan, nan)",False,False,False,True,False
/run/media/falconnier/Elements/BIDS_datasets_selection/CORR/HNU_1/sub-0025454/ses-8/anat/sub-0025454_ses-8_run-1_T1w.nii.gz,sub-0025454,ses-8,mean,193.73300359415032,"('HNU_1', nan, nan)",False,False,False,True,False
/run/media/falconnier/Elements/BIDS_datasets_selection/CORR/HNU_1/sub-0025438/ses-5/anat/sub-0025438_ses-5_run-1_T1w.nii.gz,sub-0025438,ses-5,std,276.0433560723034,"('HNU_1', nan, nan)",False,False,False,True,False
/run/media/falconnier/Elements/BIDS_datasets_selection/CORR/HNU_1/sub-0025438/ses-9/anat/sub-0025438_ses-9_run-1_T1w.nii.gz,sub-0025438,ses-9,std,278.0810799397016,"('HNU_1', nan, nan)",False,False,False,True,False
/run/media/falconnier/Elements/BIDS_datasets_selection/CORR/HNU_1/sub-0025441/ses-5/anat/sub-0025441_ses-5_run-1_T1w.nii.gz,sub-0025441,ses-5,std,273.6504502334844,"('HNU_1', nan, nan)",False,False,False,True,False
/run/media/falconnier/Elements/BIDS_datasets_selection/CORR/HNU_1/sub-0025454/ses-1/anat/sub-0025454_ses-1_run-1_T1w.nii.gz,sub-0025454,ses-1,std,180.4347655753864,"('HNU_1', nan, nan)",False,False,False,True,False
/run/media/falconnier/Elements/BIDS_datasets_selection/CORR/HNU_1/sub-0025454/ses-2/anat/sub-0025454_ses-2_run-1_T1w.nii.gz,sub-0025454,ses-2,std,179.3343698151894,"('HNU_1', nan, nan)",False,False,False,True,False
/run/media/falconnier/Elements/BIDS_datasets_selection/CORR/HNU_1/sub-0025455/ses-4/anat/sub-0025455_ses-4_run-1_T1w.nii.gz,sub-0025455,ses-4,std,176.42580109433365,"('HNU_1', nan, nan)",False,False,False,True,False
/run/media/falconnier/Elements/BIDS_datasets_selection/CORR/HNU_1/sub-0025427/ses-5/anat/sub-0025427_ses-5_run-1_T1w.nii.gz,sub-0025427,ses-5,mad,191.0,"('HNU_1', nan, nan)",False,False,False,True,False
/run/media/falconnier/Elements/BIDS_datasets_selection/CORR/HNU_1/sub-0025441/ses-5/anat/sub-0025441_ses-5_run-1_T1w.nii.gz,sub-0025441,ses-5,mad,190.0,"('HNU_1', nan, nan)",False,False,False,True,False
/run/media/falconnier/Elements/BIDS_datasets_selection/CORR/HNU_1/sub-0025454/ses-2/anat/sub-0025454_ses-2_run-1_T1w.nii.gz,sub-0025454,ses-2,mad,138.0,"('HNU_1', nan, nan)",False,False,False,True,False
/run/media/falconnier/Elements/BIDS_datasets_selection/CORR/HNU_1/sub-0025454/ses-8/anat/sub-0025454_ses-8_run-1_T1w.nii.gz,sub-0025454,ses-8,mad,135.0,"('HNU_1', nan, nan)",False,False,False,True,False
/run/media/falconnier/Elements/BIDS_datasets_selection/CORR/HNU_1/sub-0025442/ses-8/anat/sub-0025442_ses-8_run-1_T1w.nii.gz,sub-0025442,ses-8,entropy,1.5401736352819282,"('HNU_1', nan, nan)",False,False,False,True,False
/run/media/falconnier/Elements/BIDS_datasets_selection/CORR/HNU_1/sub-0025443/ses-10/anat/sub-0025443_ses-10_run-1_T1w.nii.gz,sub-0025443,ses-10,entropy,0.5885599947119606,"('HNU_1', nan, nan)",False,False,False,True,False
/run/media/falconnier/Elements/BIDS_datasets_selection/CORR/HNU_1/sub-0025443/ses-7/anat/sub-0025443_ses-7_run-1_T1w.nii.gz,sub-0025443,ses-7,entropy,0.5610090986989968,"('HNU_1', nan, nan)",False,False,False,True,False
/run/media/falconnier/Elements/BIDS_datasets_selection/CORR/HNU_1/sub-0025443/ses-9/anat/sub-0025443_ses-9_run-1_T1w.nii.gz,sub-0025443,ses-9,entropy,0.6265075789877712,"('HNU_1', nan, nan)",False,False,False,True,False
/run/media/falconnier/Elements/BIDS_datasets_selection/CORR/HNU_1/sub-0025448/ses-2/anat/sub-0025448_ses-2_run-1_T1w.nii.gz,sub-0025448,ses-2,entropy,1.5322596028415594,"('HNU_1', nan, nan)",False,False,False,True,False
/run/media/falconnier/Elements/BIDS_datasets_selection/CORR/HNU_1/sub-0025448/ses-5/anat/sub-0025448_ses-5_run-1_T1w.nii.gz,sub-0025448,ses-5,entropy,1.5254380167311754,"('HNU_1', nan, nan)",False,False,False,True,False
/run/media/falconnier/Elements/BIDS_datasets_selection/CORR/HNU_1/sub-0025430/ses-1/anat/sub-0025430_ses-1_run-1_T1w.nii.gz,sub-0025430,ses-1,efc,0.3325,"('HNU_1', nan, nan)",False,False,False,True,False
/run/media/falconnier/Elements/BIDS_datasets_selection/CORR/HNU_1/sub-0025430/ses-2/anat/sub-0025430_ses-2_run-1_T1w.nii.gz,sub-0025430,ses-2,efc,0.3492,"('HNU_1', nan, nan)",False,False,False,True,False
/run/media/falconnier/Elements/BIDS_datasets_selection/CORR/HNU_1/sub-0025430/ses-3/anat/sub-0025430_ses-3_run-1_T1w.nii.gz,sub-0025430,ses-3,efc,0.3498,"('HNU_1', nan, nan)",False,False,False,True,False
/run/media/falconnier/Elements/BIDS_datasets_selection/CORR/HNU_1/sub-0025447/ses-1/anat/sub-0025447_ses-1_run-1_T1w.nii.gz,sub-0025447,ses-1,efc,0.4338,"('HNU_1', nan, nan)",False,False,False,True,False
/run/media/falconnier/Elements/BIDS_datasets_selection/CORR/HNU_1/sub-0025449/ses-6/anat/sub-0025449_ses-6_run-1_T1w.nii.gz,sub-0025449,ses-6,efc,0.4358,"('HNU_1', nan, nan)",False,False,False,True,False
/run/media/falconnier/Elements/BIDS_datasets_selection/CORR/HNU_1/sub-0025449/ses-9/anat/sub-0025449_ses-9_run-1_T1w.nii.gz,sub-0025449,ses-9,efc,0.4351,"('HNU_1', nan, nan)",False,False,False,True,False
/run/media/falconnier/Elements/BIDS_datasets_selection/CORR/HNU_1/sub-0025430/ses-1/anat/sub-0025430_ses-1_run-1_T1w.nii.gz,sub-0025430,ses-1,nonzero_frac,0.2400779724121093,"('HNU_1', nan, nan)",False,False,False,True,False
/run/media/falconnier/Elements/BIDS_datasets_selection/CORR/HNU_1/sub-0025430/ses-2/anat/sub-0025430_ses-2_run-1_T1w.nii.gz,sub-0025430,ses-2,nonzero_frac,0.2652776891534978,"('HNU_1', nan, nan)",False,False,False,True,False
/run/media/falconnier/Elements/BIDS_datasets_selection/CORR/HNU_1/sub-0025430/ses-3/anat/sub-0025430_ses-3_run-1_T1w.nii.gz,sub-0025430,ses-3,nonzero_frac,0.255843075838956,"('HNU_1', nan, nan)",False,False,False,True,False
/run/media/falconnier/Elements/BIDS_datasets_selection/CORR/HNU_1/sub-0025443/ses-3/anat/sub-0025443_ses-3_run-1_T1w.nii.gz,sub-0025443,ses-3,nonzero_frac,0.3942001516168767,"('HNU_1', nan, nan)",False,False,False,True,False
/run/media/falconnier/Elements/BIDS_datasets_selection/CORR/HNU_1/sub-0025443/ses-7/anat/sub-0025443_ses-7_run-1_T1w.nii.gz,sub-0025443,ses-7,nonzero_frac,0.3902956355701793,"('HNU_1', nan, nan)",False,False,False,True,False
/run/media/falconnier/Elements/BIDS_datasets_selection/CORR/HNU_1/sub-0025443/ses-6/anat/sub-0025443_ses-6_run-1_T1w.nii.gz,sub-0025443,ses-6,nonzero_frac,0.4102706909179687,"('HNU_1', nan, nan)",False,False,False,True,False
/run/media/falconnier/Elements/BIDS_datasets_selection/CORR/HNU_1/sub-0025430/ses-1/anat/sub-0025430_ses-1_run-1_T1w.nii.gz,sub-0025430,ses-1,n_nonzero,2769140.0,"('HNU_1', nan, nan)",False,False,False,True,False
/run/media/falconnier/Elements/BIDS_datasets_selection/CORR/HNU_1/sub-0025430/ses-2/anat/sub-0025430_ses-2_run-1_T1w.nii.gz,sub-0025430,ses-2,n_nonzero,3059802.0,"('HNU_1', nan, nan)",False,False,False,True,False
/run/media/falconnier/Elements/BIDS_datasets_selection/CORR/HNU_1/sub-0025430/ses-3/anat/sub-0025430_ses-3_run-1_T1w.nii.gz,sub-0025430,ses-3,n_nonzero,2950980.0,"('HNU_1', nan, nan)",False,False,False,True,False
/run/media/falconnier/Elements/BIDS_datasets_selection/CORR/HNU_1/sub-0025443/ses-3/anat/sub-0025443_ses-3_run-1_T1w.nii.gz,sub-0025443,ses-3,n_nonzero,4546837.0,"('HNU_1', nan, nan)",False,False,False,True,False
/run/media/falconnier/Elements/BIDS_datasets_selection/CORR/HNU_1/sub-0025443/ses-7/anat/sub-0025443_ses-7_run-1_T1w.nii.gz,sub-0025443,ses-7,n_nonzero,4501801.0,"('HNU_1', nan, nan)",False,False,False,True,False
/run/media/falconnier/Elements/BIDS_datasets_selection/CORR/HNU_1/sub-0025443/ses-6/anat/sub-0025443_ses-6_run-1_T1w.nii.gz,sub-0025443,ses-6,n_nonzero,4732200.0,"('HNU_1', nan, nan)",False,False,False,True,False
/run/media/falconnier/Elements/BIDS_datasets_selection/CORR/HNU_1/sub-0025428/ses-2/anat/sub-0025428_ses-2_run-1_T1w.nii.gz,sub-0025428,ses-2,kurtosis,4.523294869080668,"('HNU_1', nan, nan)",False,False,False,True,False
/run/media/falconnier/Elements/BIDS_datasets_selection/CORR/HNU_1/sub-0025443/ses-10/anat/sub-0025443_ses-10_run-1_T1w.nii.gz,sub-0025443,ses-10,kurtosis,4.864224307700517,"('HNU_1', nan, nan)",False,False,False,True,False
/run/media/falconnier/Elements/BIDS_datasets_selection/CORR/HNU_1/sub-0025446/ses-1/anat/sub-0025446_ses-1_run-1_T1w.nii.gz,sub-0025446,ses-1,kurtosis,0.2932352174399675,"('HNU_1', nan, nan)",False,False,False,True,False
/run/media/falconnier/Elements/BIDS_datasets_selection/CORR/HNU_1/sub-0025446/ses-8/anat/sub-0025446_ses-8_run-1_T1w.nii.gz,sub-0025446,ses-8,kurtosis,0.270863002141462,"('HNU_1', nan, nan)",False,False,False,True,False
/run/media/falconnier/Elements/BIDS_datasets_selection/CORR/HNU_1/sub-0025446/ses-6/anat/sub-0025446_ses-6_run-1_T1w.nii.gz,sub-0025446,ses-6,kurtosis,0.2689926215258924,"('HNU_1', nan, nan)",False,False,False,True,False
/run/media/falconnier/Elements/BIDS_datasets_selection/CORR/HNU_1/sub-0025449/ses-10/anat/sub-0025449_ses-10_run-1_T1w.nii.gz,sub-0025449,ses-10,kurtosis,4.420258823257718,"('HNU_1', nan, nan)",False,False,False,True,False
/run/media/falconnier/Elements/BIDS_datasets_selection/CORR/HNU_1/sub-0025428/ses-2/anat/sub-0025428_ses-2_run-1_T1w.nii.gz,sub-0025428,ses-2,skewness,1.6846148445042537,"('HNU_1', nan, nan)",False,False,False,True,False
/run/media/falconnier/Elements/BIDS_datasets_selection/CORR/HNU_1/sub-0025428/ses-10/anat/sub-0025428_ses-10_run-1_T1w.nii.gz,sub-0025428,ses-10,skewness,1.6682015946000883,"('HNU_1', nan, nan)",False,False,False,True,False
/run/media/falconnier/Elements/BIDS_datasets_selection/CORR/HNU_1/sub-0025438/ses-10/anat/sub-0025438_ses-10_run-1_T1w.nii.gz,sub-0025438,ses-10,skewness,1.6529310538106698,"('HNU_1', nan, nan)",False,False,False,True,False
/run/media/falconnier/Elements/BIDS_datasets_selection/CORR/HNU_1/sub-0025446/ses-7/anat/sub-0025446_ses-7_run-1_T1w.nii.gz,sub-0025446,ses-7,skewness,0.7314185960840087,"('HNU_1', nan, nan)",False,False,False,True,False
/run/media/falconnier/Elements/BIDS_datasets_selection/CORR/HNU_1/sub-0025447/ses-10/anat/sub-0025447_ses-10_run-1_T1w.nii.gz,sub-0025447,ses-10,skewness,0.7480880458318414,"('HNU_1', nan, nan)",False,False,False,True,False
/run/media/falconnier/Elements/BIDS_datasets_selection/CORR/HNU_1/sub-0025447/ses-7/anat/sub-0025447_ses-7_run-1_T1w.nii.gz,sub-0025447,ses-7,skewness,0.7459419991267602,"('HNU_1', nan, nan)",False,False,False,True,False
/run/media/falconnier/Elements/BIDS_datasets_selection/CORR/IACAS/sub-0025466/ses-3/anat/sub-0025466_ses-3_run-1_T1w.nii.gz,sub-0025466,ses-3,file_size_mb,7.48176097869873,"('IACAS', nan, nan)",False,False,False,True,False
/run/media/falconnier/Elements/BIDS_datasets_selection/CORR/IACAS/sub-0025484/ses-1/anat/sub-0025484_ses-1_run-1_T1w.nii.gz,sub-0025484,ses-1,file_size_mb,10.382719039916992,"('IACAS', nan, nan)",False,False,False,True,False
/run/media/falconnier/Elements/BIDS_datasets_selection/CORR/IACAS/sub-0025461/ses-2/anat/sub-0025461_ses-2_run-1_T1w.nii.gz,sub-0025461,ses-2,max,13226.0,"('IACAS', nan, nan)",False,True,True,True,False
/run/media/falconnier/Elements/BIDS_datasets_selection/CORR/IACAS/sub-0025470/ses-2/anat/sub-0025470_ses-2_run-1_T1w.nii.gz,sub-0025470,ses-2,max,5486.0,"('IACAS', nan, nan)",False,False,False,True,False
/run/media/falconnier/Elements/BIDS_datasets_selection/CORR/IACAS/sub-0025480/ses-2/anat/sub-0025480_ses-2_run-1_T1w.nii.gz,sub-0025480,ses-2,median,2016.0,"('IACAS', nan, nan)",False,False,False,True,False
/run/media/falconnier/Elements/BIDS_datasets_selection/CORR/IACAS/sub-0025481/ses-1/anat/sub-0025481_ses-1_run-1_T1w.nii.gz,sub-0025481,ses-1,median,753.0,"('IACAS', nan, nan)",False,False,False,True,False
/run/media/falconnier/Elements/BIDS_datasets_selection/CORR/IACAS/sub-0025470/ses-2/anat/sub-0025470_ses-2_run-1_T1w.nii.gz,sub-0025470,ses-2,mean,1160.0284333957434,"('IACAS', nan, nan)",False,False,False,True,False
/run/media/falconnier/Elements/BIDS_datasets_selection/CORR/IACAS/sub-0025483/ses-1/anat/sub-0025483_ses-1_run-1_T1w.nii.gz,sub-0025483,ses-1,mean,1794.8349109978703,"('IACAS', nan, nan)",False,False,False,True,False
/run/media/falconnier/Elements/BIDS_datasets_selection/CORR/IACAS/sub-0025466/ses-1/anat/sub-0025466_ses-1_run-1_T1w.nii.gz,sub-0025466,ses-1,std,1062.5352491456629,"('IACAS', nan, nan)",False,False,False,True,False
/run/media/falconnier/Elements/BIDS_datasets_selection/CORR/IACAS/sub-0025474/ses-2/anat/sub-0025474_ses-2_run-1_T1w.nii.gz,sub-0025474,ses-2,std,1642.8232905577115,"('IACAS', nan, nan)",False,False,False,True,False
/run/media/falconnier/Elements/BIDS_datasets_selection/CORR/IACAS/sub-0025481/ses-1/anat/sub-0025481_ses-1_run-1_T1w.nii.gz,sub-0025481,ses-1,mad,748.0,"('IACAS', nan, nan)",False,False,False,True,False
/run/media/falconnier/Elements/BIDS_datasets_selection/CORR/IACAS/sub-0025483/ses-1/anat/sub-0025483_ses-1_run-1_T1w.nii.gz,sub-0025483,ses-1,mad,1627.0,"('IACAS', nan, nan)",False,False,False,True,False
/run/media/falconnier/Elements/BIDS_datasets_selection/CORR/IACAS/sub-0025461/ses-2/anat/sub-0025461_ses-2_run-1_T1w.nii.gz,sub-0025461,ses-2,entropy,0.2157086555955738,"('IACAS', nan, nan)",False,False,False,True,False
/run/media/falconnier/Elements/BIDS_datasets_selection/CORR/IACAS/sub-0025470/ses-2/anat/sub-0025470_ses-2_run-1_T1w.nii.gz,sub-0025470,ses-2,entropy,0.5039720854954524,"('IACAS', nan, nan)",False,False,False,True,False
/run/media/falconnier/Elements/BIDS_datasets_selection/CORR/IACAS/sub-0025458/ses-2/anat/sub-0025458_ses-2_run-1_T1w.nii.gz,sub-0025458,ses-2,efc,0.3676,"('IACAS', nan, nan)",False,False,False,True,False
/run/media/falconnier/Elements/BIDS_datasets_selection/CORR/IACAS/sub-0025458/ses-3/anat/sub-0025458_ses-3_run-1_T1w.nii.gz,sub-0025458,ses-3,efc,0.6467,"('IACAS', nan, nan)",False,True,True,False,False
/run/media/falconnier/Elements/BIDS_datasets_selection/CORR/IACAS/sub-0025463/ses-3/anat/sub-0025463_ses-3_run-1_T1w.nii.gz,sub-0025463,ses-3,efc,0.6654,"('IACAS', nan, nan)",False,True,True,True,False
/run/media/falconnier/Elements/BIDS_datasets_selection/CORR/IACAS/sub-0025465/ses-3/anat/sub-0025465_ses-3_run-1_T1w.nii.gz,sub-0025465,ses-3,efc,0.6376,"('IACAS', nan, nan)",False,True,True,False,False
/run/media/falconnier/Elements/BIDS_datasets_selection/CORR/IACAS/sub-0025466/ses-3/anat/sub-0025466_ses-3_run-1_T1w.nii.gz,sub-0025466,ses-3,efc,0.6334,"('IACAS', nan, nan)",False,True,True,False,False
/run/media/falconnier/Elements/BIDS_datasets_selection/CORR/IACAS/sub-0025458/ses-2/anat/sub-0025458_ses-2_run-1_T1w.nii.gz,sub-0025458,ses-2,nonzero_frac,0.3205372424835854,"('IACAS', nan, nan)",False,False,False,True,False
/run/media/falconnier/Elements/BIDS_datasets_selection/CORR/IACAS/sub-0025458/ses-3/anat/sub-0025458_ses-3_run-1_T1w.nii.gz,sub-0025458,ses-3,nonzero_frac,0.8116099685586411,"('IACAS', nan, nan)",False,True,True,False,False
/run/media/falconnier/Elements/BIDS_datasets_selection/CORR/IACAS/sub-0025463/ses-3/anat/sub-0025463_ses-3_run-1_T1w.nii.gz,sub-0025463,ses-3,nonzero_frac,0.8289825970548862,"('IACAS', nan, nan)",False,True,True,True,False
/run/media/falconnier/Elements/BIDS_datasets_selection/CORR/IACAS/sub-0025465/ses-3/anat/sub-0025465_ses-3_run-1_T1w.nii.gz,sub-0025465,ses-3,nonzero_frac,0.7755165044863244,"('IACAS', nan, nan)",False,True,True,False,False
/run/media/falconnier/Elements/BIDS_datasets_selection/CORR/IACAS/sub-0025466/ses-3/anat/sub-0025466_ses-3_run-1_T1w.nii.gz,sub-0025466,ses-3,nonzero_frac,0.7639522361832488,"('IACAS', nan, nan)",False,True,True,False,False
/run/media/falconnier/Elements/BIDS_datasets_selection/CORR/IACAS/sub-0025466/ses-3/anat/sub-0025466_ses-3_run-1_T1w.nii.gz,sub-0025466,ses-3,n_nonzero,3930137.0,"('IACAS', nan, nan)",False,False,False,True,False
/run/media/falconnier/Elements/BIDS_datasets_selection/CORR/IACAS/sub-0025484/ses-1/anat/sub-0025484_ses-1_run-1_T1w.nii.gz,sub-0025484,ses-1,n_nonzero,5473358.0,"('IACAS', nan, nan)",False,False,False,True,False
/run/media/falconnier/Elements/BIDS_datasets_selection/CORR/IACAS/sub-0025463/ses-3/anat/sub-0025463_ses-3_run-1_T1w.nii.gz,sub-0025463,ses-3,kurtosis,-1.5428493881889291,"('IACAS', nan, nan)",False,False,False,True,False
/run/media/falconnier/Elements/BIDS_datasets_selection/CORR/IACAS/sub-0025475/ses-2/anat/sub-0025475_ses-2_run-1_T1w.nii.gz,sub-0025475,ses-2,kurtosis,-0.7350395733117425,"('IACAS', nan, nan)",False,False,False,True,False
/run/media/falconnier/Elements/BIDS_datasets_selection/CORR/IACAS/sub-0025459/ses-1/anat/sub-0025459_ses-1_run-1_T1w.nii.gz,sub-0025459,ses-1,skewness,0.5338275316784978,"('IACAS', nan, nan)",False,False,False,True,False
/run/media/falconnier/Elements/BIDS_datasets_selection/CORR/IACAS/sub-0025463/ses-3/anat/sub-0025463_ses-3_run-1_T1w.nii.gz,sub-0025463,ses-3,skewness,0.083630054224117,"('IACAS', nan, nan)",False,False,False,True,False
/run/media/falconnier/Elements/BIDS_datasets_selection/CORR/IBA_TRT/sub-0027227/ses-1/anat/sub-0027227_ses-1_run-1_T1w.nii.gz,sub-0027227,ses-1,file_size_mb,8.072251319885254,"('IBA_TRT', nan, nan)",False,False,False,True,False
/run/media/falconnier/Elements/BIDS_datasets_selection/CORR/IBA_TRT/sub-0027250/ses-1/anat/sub-0027250_ses-1_run-1_T1w.nii.gz,sub-0027250,ses-1,file_size_mb,5.980666160583496,"('IBA_TRT', nan, nan)",False,False,False,True,False
/run/media/falconnier/Elements/BIDS_datasets_selection/CORR/IBA_TRT/sub-0027226/ses-1/anat/sub-0027226_ses-1_run-1_T1w.nii.gz,sub-0027226,ses-1,max,1220.0,"('IBA_TRT', nan, nan)",False,False,False,True,False
/run/media/falconnier/Elements/BIDS_datasets_selection/CORR/IBA_TRT/sub-0027250/ses-1/anat/sub-0027250_ses-1_run-1_T1w.nii.gz,sub-0027250,ses-1,max,754.0,"('IBA_TRT', nan, nan)",False,False,False,True,False
/run/media/falconnier/Elements/BIDS_datasets_selection/CORR/IBA_TRT/sub-0027226/ses-1/anat/sub-0027226_ses-1_run-1_T1w.nii.gz,sub-0027226,ses-1,median,142.0,"('IBA_TRT', nan, nan)",False,False,False,True,False
/run/media/falconnier/Elements/BIDS_datasets_selection/CORR/IBA_TRT/sub-0027250/ses-2/anat/sub-0027250_ses-2_run-1_T1w.nii.gz,sub-0027250,ses-2,median,29.0,"('IBA_TRT', nan, nan)",False,False,False,True,False
/run/media/falconnier/Elements/BIDS_datasets_selection/CORR/IBA_TRT/sub-0027226/ses-1/anat/sub-0027226_ses-1_run-1_T1w.nii.gz,sub-0027226,ses-1,mean,177.4196499330968,"('IBA_TRT', nan, nan)",False,False,False,True,False
/run/media/falconnier/Elements/BIDS_datasets_selection/CORR/IBA_TRT/sub-0027250/ses-1/anat/sub-0027250_ses-1_run-1_T1w.nii.gz,sub-0027250,ses-1,mean,100.07357608826528,"('IBA_TRT', nan, nan)",False,False,False,True,False
/run/media/falconnier/Elements/BIDS_datasets_selection/CORR/IBA_TRT/sub-0027226/ses-1/anat/sub-0027226_ses-1_run-1_T1w.nii.gz,sub-0027226,ses-1,std,183.30884826445592,"('IBA_TRT', nan, nan)",False,False,False,True,False
/run/media/falconnier/Elements/BIDS_datasets_selection/CORR/IBA_TRT/sub-0027247/ses-1/anat/sub-0027247_ses-1_run-1_T1w.nii.gz,sub-0027247,ses-1,std,110.61745408519376,"('IBA_TRT', nan, nan)",False,False,False,True,False
/run/media/falconnier/Elements/BIDS_datasets_selection/CORR/IBA_TRT/sub-0027226/ses-1/anat/sub-0027226_ses-1_run-1_T1w.nii.gz,sub-0027226,ses-1,mad,132.0,"('IBA_TRT', nan, nan)",False,False,False,True,False
/run/media/falconnier/Elements/BIDS_datasets_selection/CORR/IBA_TRT/sub-0027250/ses-2/anat/sub-0027250_ses-2_run-1_T1w.nii.gz,sub-0027250,ses-2,mad,27.0,"('IBA_TRT', nan, nan)",False,False,False,True,False
/run/media/falconnier/Elements/BIDS_datasets_selection/CORR/IBA_TRT/sub-0027250/ses-1/anat/sub-0027250_ses-1_run-1_T1w.nii.gz,sub-0027250,ses-1,entropy,2.5084836217761577,"('IBA_TRT', nan, nan)",False,False,False,True,False
/run/media/falconnier/Elements/BIDS_datasets_selection/CORR/IBA_TRT/sub-0027256/ses-2/anat/sub-0027256_ses-2_run-1_T1w.nii.gz,sub-0027256,ses-2,entropy,1.7222356478865806,"('IBA_TRT', nan, nan)",False,False,False,True,False
/run/media/falconnier/Elements/BIDS_datasets_selection/CORR/IBA_TRT/sub-0027227/ses-2/anat/sub-0027227_ses-2_run-1_T1w.nii.gz,sub-0027227,ses-2,efc,0.4385,"('IBA_TRT', nan, nan)",False,False,False,True,False
/run/media/falconnier/Elements/BIDS_datasets_selection/CORR/IBA_TRT/sub-0027250/ses-2/anat/sub-0027250_ses-2_run-1_T1w.nii.gz,sub-0027250,ses-2,efc,0.3526,"('IBA_TRT', nan, nan)",False,False,False,True,False
/run/media/falconnier/Elements/BIDS_datasets_selection/CORR/IBA_TRT/sub-0027227/ses-2/anat/sub-0027227_ses-2_run-1_T1w.nii.gz,sub-0027227,ses-2,nonzero_frac,0.493851054798473,"('IBA_TRT', nan, nan)",False,False,False,True,False
/run/media/falconnier/Elements/BIDS_datasets_selection/CORR/IBA_TRT/sub-0027229/ses-1/anat/sub-0027229_ses-1_run-1_T1w.nii.gz,sub-0027229,ses-1,nonzero_frac,0.3435934240167791,"('IBA_TRT', nan, nan)",False,False,False,True,False
/run/media/falconnier/Elements/BIDS_datasets_selection/CORR/IBA_TRT/sub-0027227/ses-2/anat/sub-0027227_ses-2_run-1_T1w.nii.gz,sub-0027227,ses-2,n_nonzero,5696244.0,"('IBA_TRT', nan, nan)",False,False,False,True,False
/run/media/falconnier/Elements/BIDS_datasets_selection/CORR/IBA_TRT/sub-0027229/ses-1/anat/sub-0027229_ses-1_run-1_T1w.nii.gz,sub-0027229,ses-1,n_nonzero,3963122.0,"('IBA_TRT', nan, nan)",False,False,False,True,False
/run/media/falconnier/Elements/BIDS_datasets_selection/CORR/IBA_TRT/sub-0027240/ses-1/anat/sub-0027240_ses-1_run-1_T1w.nii.gz,sub-0027240,ses-1,kurtosis,1.3806952415048013,"('IBA_TRT', nan, nan)",False,False,False,True,False
/run/media/falconnier/Elements/BIDS_datasets_selection/CORR/IBA_TRT/sub-0027258/ses-1/anat/sub-0027258_ses-1_run-1_T1w.nii.gz,sub-0027258,ses-1,kurtosis,-0.2852732665463287,"('IBA_TRT', nan, nan)",False,False,False,True,False
/run/media/falconnier/Elements/BIDS_datasets_selection/CORR/IBA_TRT/sub-0027248/ses-2/anat/sub-0027248_ses-2_run-1_T1w.nii.gz,sub-0027248,ses-2,skewness,1.306782559580982,"('IBA_TRT', nan, nan)",False,False,False,True,False
/run/media/falconnier/Elements/BIDS_datasets_selection/CORR/IBA_TRT/sub-0027258/ses-1/anat/sub-0027258_ses-1_run-1_T1w.nii.gz,sub-0027258,ses-1,skewness,0.6874602597266524,"('IBA_TRT', nan, nan)",False,False,False,True,False
/run/media/falconnier/Elements/BIDS_datasets_selection/CORR/IPCAS_1/sub-0025489/ses-1/anat/sub-0025489_ses-1_run-1_T1w.nii.gz,sub-0025489,ses-1,file_size_mb,4.243951797485352,"('IPCAS_1', nan, nan)",False,False,False,True,False
/run/media/falconnier/Elements/BIDS_datasets_selection/CORR/IPCAS_1/sub-0025491/ses-2/anat/sub-0025491_ses-2_run-1_T1w.nii.gz,sub-0025491,ses-2,file_size_mb,7.698017120361328,"('IPCAS_1', nan, nan)",False,False,True,False,False
/run/media/falconnier/Elements/BIDS_datasets_selection/CORR/IPCAS_1/sub-0025491/ses-1/anat/sub-0025491_ses-1_run-1_T1w.nii.gz,sub-0025491,ses-1,file_size_mb,8.461067199707031,"('IPCAS_1', nan, nan)",False,False,True,True,False
/run/media/falconnier/Elements/BIDS_datasets_selection/CORR/IPCAS_1/sub-0025496/ses-2/anat/sub-0025496_ses-2_run-1_T1w.nii.gz,sub-0025496,ses-2,file_size_mb,7.839277267456055,"('IPCAS_1', nan, nan)",False,False,True,False,False
/run/media/falconnier/Elements/BIDS_datasets_selection/CORR/IPCAS_1/sub-0025496/ses-1/anat/sub-0025496_ses-1_run-1_T1w.nii.gz,sub-0025496,ses-1,file_size_mb,7.923345565795898,"('IPCAS_1', nan, nan)",False,False,True,False,False
/run/media/falconnier/Elements/BIDS_datasets_selection/CORR/IPCAS_1/sub-0025499/ses-2/anat/sub-0025499_ses-2_run-1_T1w.nii.gz,sub-0025499,ses-2,file_size_mb,8.15451431274414,"('IPCAS_1', nan, nan)",False,False,True,False,False
/run/media/falconnier/Elements/BIDS_datasets_selection/CORR/IPCAS_1/sub-0025500/ses-2/anat/sub-0025500_ses-2_run-1_T1w.nii.gz,sub-0025500,ses-2,file_size_mb,8.143146514892578,"('IPCAS_1', nan, nan)",False,False,True,False,False
/run/media/falconnier/Elements/BIDS_datasets_selection/CORR/IPCAS_1/sub-0025510/ses-2/anat/sub-0025510_ses-2_run-1_T1w.nii.gz,sub-0025510,ses-2,file_size_mb,8.328536033630371,"('IPCAS_1', nan, nan)",False,False,True,False,False
/run/media/falconnier/Elements/BIDS_datasets_selection/CORR/IPCAS_1/sub-0025487/ses-1/anat/sub-0025487_ses-1_run-1_T1w.nii.gz,sub-0025487,ses-1,max,1809.0,"('IPCAS_1', nan, nan)",False,False,False,True,False
/run/media/falconnier/Elements/BIDS_datasets_selection/CORR/IPCAS_1/sub-0025507/ses-2/anat/sub-0025507_ses-2_run-1_T1w.nii.gz,sub-0025507,ses-2,max,768.0,"('IPCAS_1', nan, nan)",False,False,False,True,False
/run/media/falconnier/Elements/BIDS_datasets_selection/CORR/IPCAS_1/sub-0025488/ses-1/anat/sub-0025488_ses-1_run-1_T1w.nii.gz,sub-0025488,ses-1,median,164.0,"('IPCAS_1', nan, nan)",False,False,False,True,False
/run/media/falconnier/Elements/BIDS_datasets_selection/CORR/IPCAS_1/sub-0025510/ses-2/anat/sub-0025510_ses-2_run-1_T1w.nii.gz,sub-0025510,ses-2,median,29.0,"('IPCAS_1', nan, nan)",False,False,False,True,False
/run/media/falconnier/Elements/BIDS_datasets_selection/CORR/IPCAS_1/sub-0025488/ses-1/anat/sub-0025488_ses-1_run-1_T1w.nii.gz,sub-0025488,ses-1,mean,174.06789482464146,"('IPCAS_1', nan, nan)",False,False,False,True,False
/run/media/falconnier/Elements/BIDS_datasets_selection/CORR/IPCAS_1/sub-0025514/ses-2/anat/sub-0025514_ses-2_run-1_T1w.nii.gz,sub-0025514,ses-2,mean,118.23291156193636,"('IPCAS_1', nan, nan)",False,False,False,True,False
/run/media/falconnier/Elements/BIDS_datasets_selection/CORR/IPCAS_1/sub-0025499/ses-2/anat/sub-0025499_ses-2_run-1_T1w.nii.gz,sub-0025499,ses-2,std,186.1172834346438,"('IPCAS_1', nan, nan)",False,False,False,True,False
/run/media/falconnier/Elements/BIDS_datasets_selection/CORR/IPCAS_1/sub-0025506/ses-2/anat/sub-0025506_ses-2_run-1_T1w.nii.gz,sub-0025506,ses-2,std,123.62619109831772,"('IPCAS_1', nan, nan)",False,False,False,True,False
/run/media/falconnier/Elements/BIDS_datasets_selection/CORR/IPCAS_1/sub-0025488/ses-1/anat/sub-0025488_ses-1_run-1_T1w.nii.gz,sub-0025488,ses-1,mad,145.0,"('IPCAS_1', nan, nan)",False,False,False,True,False
/run/media/falconnier/Elements/BIDS_datasets_selection/CORR/IPCAS_1/sub-0025510/ses-2/anat/sub-0025510_ses-2_run-1_T1w.nii.gz,sub-0025510,ses-2,mad,28.0,"('IPCAS_1', nan, nan)",False,False,False,True,False
/run/media/falconnier/Elements/BIDS_datasets_selection/CORR/IPCAS_1/sub-0025487/ses-1/anat/sub-0025487_ses-1_run-1_T1w.nii.gz,sub-0025487,ses-1,entropy,1.128509686159092,"('IPCAS_1', nan, nan)",False,False,False,True,False
/run/media/falconnier/Elements/BIDS_datasets_selection/CORR/IPCAS_1/sub-0025507/ses-2/anat/sub-0025507_ses-2_run-1_T1w.nii.gz,sub-0025507,ses-2,entropy,2.5480064926653467,"('IPCAS_1', nan, nan)",False,False,False,True,False
/run/media/falconnier/Elements/BIDS_datasets_selection/CORR/IPCAS_1/sub-0025491/ses-1/anat/sub-0025491_ses-1_run-1_T1w.nii.gz,sub-0025491,ses-1,efc,0.5634,"('IPCAS_1', nan, nan)",False,False,False,True,False
/run/media/falconnier/Elements/BIDS_datasets_selection/CORR/IPCAS_1/sub-0025505/ses-2/anat/sub-0025505_ses-2_run-1_T1w.nii.gz,sub-0025505,ses-2,efc,0.3664,"('IPCAS_1', nan, nan)",False,False,False,True,False
/run/media/falconnier/Elements/BIDS_datasets_selection/CORR/IPCAS_1/sub-0025489/ses-1/anat/sub-0025489_ses-1_run-1_T1w.nii.gz,sub-0025489,ses-1,nonzero_frac,0.3324387073516845,"('IPCAS_1', nan, nan)",False,False,False,True,False
/run/media/falconnier/Elements/BIDS_datasets_selection/CORR/IPCAS_1/sub-0025491/ses-2/anat/sub-0025491_ses-2_run-1_T1w.nii.gz,sub-0025491,ses-2,nonzero_frac,0.6262449026107788,"('IPCAS_1', nan, nan)",False,False,True,False,False
/run/media/falconnier/Elements/BIDS_datasets_selection/CORR/IPCAS_1/sub-0025491/ses-1/anat/sub-0025491_ses-1_run-1_T1w.nii.gz,sub-0025491,ses-1,nonzero_frac,0.7141426801681519,"('IPCAS_1', nan, nan)",False,False,True,True,False
/run/media/falconnier/Elements/BIDS_datasets_selection/CORR/IPCAS_1/sub-0025496/ses-2/anat/sub-0025496_ses-2_run-1_T1w.nii.gz,sub-0025496,ses-2,nonzero_frac,0.661625862121582,"('IPCAS_1', nan, nan)",False,False,True,False,False
/run/media/falconnier/Elements/BIDS_datasets_selection/CORR/IPCAS_1/sub-0025496/ses-1/anat/sub-0025496_ses-1_run-1_T1w.nii.gz,sub-0025496,ses-1,nonzero_frac,0.6343973875045776,"('IPCAS_1', nan, nan)",False,False,True,False,False
/run/media/falconnier/Elements/BIDS_datasets_selection/CORR/IPCAS_1/sub-0025499/ses-2/anat/sub-0025499_ses-2_run-1_T1w.nii.gz,sub-0025499,ses-2,nonzero_frac,0.6431015729904175,"('IPCAS_1', nan, nan)",False,False,True,False,False
/run/media/falconnier/Elements/BIDS_datasets_selection/CORR/IPCAS_1/sub-0025500/ses-2/anat/sub-0025500_ses-2_run-1_T1w.nii.gz,sub-0025500,ses-2,nonzero_frac,0.6869460344314575,"('IPCAS_1', nan, nan)",False,False,True,False,False
/run/media/falconnier/Elements/BIDS_datasets_selection/CORR/IPCAS_1/sub-0025510/ses-2/anat/sub-0025510_ses-2_run-1_T1w.nii.gz,sub-0025510,ses-2,nonzero_frac,0.6934396028518677,"('IPCAS_1', nan, nan)",False,False,True,False,False
/run/media/falconnier/Elements/BIDS_datasets_selection/CORR/IPCAS_1/sub-0025489/ses-1/anat/sub-0025489_ses-1_run-1_T1w.nii.gz,sub-0025489,ses-1,n_nonzero,2788698.0,"('IPCAS_1', nan, nan)",False,False,False,True,False
/run/media/falconnier/Elements/BIDS_datasets_selection/CORR/IPCAS_1/sub-0025491/ses-2/anat/sub-0025491_ses-2_run-1_T1w.nii.gz,sub-0025491,ses-2,n_nonzero,5253323.0,"('IPCAS_1', nan, nan)",False,False,True,False,False
/run/media/falconnier/Elements/BIDS_datasets_selection/CORR/IPCAS_1/sub-0025491/ses-1/anat/sub-0025491_ses-1_run-1_T1w.nii.gz,sub-0025491,ses-1,n_nonzero,5990663.0,"('IPCAS_1', nan, nan)",False,False,True,True,False
/run/media/falconnier/Elements/BIDS_datasets_selection/CORR/IPCAS_1/sub-0025496/ses-2/anat/sub-0025496_ses-2_run-1_T1w.nii.gz,sub-0025496,ses-2,n_nonzero,5550120.0,"('IPCAS_1', nan, nan)",False,False,True,False,False
/run/media/falconnier/Elements/BIDS_datasets_selection/CORR/IPCAS_1/sub-0025496/ses-1/anat/sub-0025496_ses-1_run-1_T1w.nii.gz,sub-0025496,ses-1,n_nonzero,5321711.0,"('IPCAS_1', nan, nan)",False,False,True,False,False
/run/media/falconnier/Elements/BIDS_datasets_selection/CORR/IPCAS_1/sub-0025499/ses-2/anat/sub-0025499_ses-2_run-1_T1w.nii.gz,sub-0025499,ses-2,n_nonzero,5394727.0,"('IPCAS_1', nan, nan)",False,False,True,False,False
/run/media/falconnier/Elements/BIDS_datasets_selection/CORR/IPCAS_1/sub-0025500/ses-2/anat/sub-0025500_ses-2_run-1_T1w.nii.gz,sub-0025500,ses-2,n_nonzero,5762521.0,"('IPCAS_1', nan, nan)",False,False,True,False,False
/run/media/falconnier/Elements/BIDS_datasets_selection/CORR/IPCAS_1/sub-0025510/ses-2/anat/sub-0025510_ses-2_run-1_T1w.nii.gz,sub-0025510,ses-2,n_nonzero,5816993.0,"('IPCAS_1', nan, nan)",False,False,True,False,False
/run/media/falconnier/Elements/BIDS_datasets_selection/CORR/IPCAS_1/sub-0025496/ses-2/anat/sub-0025496_ses-2_run-1_T1w.nii.gz,sub-0025496,ses-2,kurtosis,0.8025396692863103,"('IPCAS_1', nan, nan)",False,False,True,False,False
/run/media/falconnier/Elements/BIDS_datasets_selection/CORR/IPCAS_1/sub-0025500/ses-1/anat/sub-0025500_ses-1_run-1_T1w.nii.gz,sub-0025500,ses-1,kurtosis,1.5884393684031126,"('IPCAS_1', nan, nan)",False,True,True,True,False
/run/media/falconnier/Elements/BIDS_datasets_selection/CORR/IPCAS_1/sub-0025500/ses-2/anat/sub-0025500_ses-2_run-1_T1w.nii.gz,sub-0025500,ses-2,kurtosis,1.5797698117172194,"('IPCAS_1', nan, nan)",False,True,True,False,False
/run/media/falconnier/Elements/BIDS_datasets_selection/CORR/IPCAS_1/sub-0025509/ses-2/anat/sub-0025509_ses-2_run-1_T1w.nii.gz,sub-0025509,ses-2,kurtosis,-0.7585445661448458,"('IPCAS_1', nan, nan)",False,False,False,True,False
/run/media/falconnier/Elements/BIDS_datasets_selection/CORR/IPCAS_1/sub-0025510/ses-2/anat/sub-0025510_ses-2_run-1_T1w.nii.gz,sub-0025510,ses-2,kurtosis,1.237735167737469,"('IPCAS_1', nan, nan)",False,True,True,False,False
/run/media/falconnier/Elements/BIDS_datasets_selection/CORR/IPCAS_1/sub-0025498/ses-1/anat/sub-0025498_ses-1_run-1_T1w.nii.gz,sub-0025498,ses-1,skewness,0.5483221456501096,"('IPCAS_1', nan, nan)",False,False,False,True,False
/run/media/falconnier/Elements/BIDS_datasets_selection/CORR/IPCAS_1/sub-0025500/ses-1/anat/sub-0025500_ses-1_run-1_T1w.nii.gz,sub-0025500,ses-1,skewness,1.2919747737224885,"('IPCAS_1', nan, nan)",False,True,True,False,False
/run/media/falconnier/Elements/BIDS_datasets_selection/CORR/IPCAS_1/sub-0025500/ses-2/anat/sub-0025500_ses-2_run-1_T1w.nii.gz,sub-0025500,ses-2,skewness,1.3492743804051923,"('IPCAS_1', nan, nan)",False,True,True,True,False
/run/media/falconnier/Elements/BIDS_datasets_selection/CORR/IPCAS_1/sub-0025510/ses-2/anat/sub-0025510_ses-2_run-1_T1w.nii.gz,sub-0025510,ses-2,skewness,1.2755823745656554,"('IPCAS_1', nan, nan)",False,True,True,False,False
/run/media/falconnier/Elements/BIDS_datasets_selection/CORR/IPCAS_2/sub-0025521/ses-1/anat/sub-0025521_ses-1_run-1_T1w.nii.gz,sub-0025521,ses-1,file_size_mb,10.683921813964844,"('IPCAS_2', nan, nan)",False,True,True,False,False
/run/media/falconnier/Elements/BIDS_datasets_selection/CORR/IPCAS_2/sub-0025521/ses-2/anat/sub-0025521_ses-2_run-1_T1w.nii.gz,sub-0025521,ses-2,file_size_mb,10.109745025634766,"('IPCAS_2', nan, nan)",False,True,True,False,False
/run/media/falconnier/Elements/BIDS_datasets_selection/CORR/IPCAS_2/sub-0025526/ses-1/anat/sub-0025526_ses-1_run-1_T1w.nii.gz,sub-0025526,ses-1,file_size_mb,10.60219383239746,"('IPCAS_2', nan, nan)",False,True,True,False,False
/run/media/falconnier/Elements/BIDS_datasets_selection/CORR/IPCAS_2/sub-0025528/ses-2/anat/sub-0025528_ses-2_run-1_T1w.nii.gz,sub-0025528,ses-2,file_size_mb,10.27226734161377,"('IPCAS_2', nan, nan)",False,True,True,False,False
/run/media/falconnier/Elements/BIDS_datasets_selection/CORR/IPCAS_2/sub-0025532/ses-2/anat/sub-0025532_ses-2_run-1_T1w.nii.gz,sub-0025532,ses-2,file_size_mb,5.432019233703613,"('IPCAS_2', nan, nan)",False,False,False,True,False
/run/media/falconnier/Elements/BIDS_datasets_selection/CORR/IPCAS_2/sub-0025533/ses-1/anat/sub-0025533_ses-1_run-1_T1w.nii.gz,sub-0025533,ses-1,file_size_mb,10.20371150970459,"('IPCAS_2', nan, nan)",False,True,True,False,False
/run/media/falconnier/Elements/BIDS_datasets_selection/CORR/IPCAS_2/sub-0025533/ses-2/anat/sub-0025533_ses-2_run-1_T1w.nii.gz,sub-0025533,ses-2,file_size_mb,10.568002700805664,"('IPCAS_2', nan, nan)",False,True,True,False,False
/run/media/falconnier/Elements/BIDS_datasets_selection/CORR/IPCAS_2/sub-0025540/ses-2/anat/sub-0025540_ses-2_run-1_T1w.nii.gz,sub-0025540,ses-2,file_size_mb,11.153112411499023,"('IPCAS_2', nan, nan)",False,True,True,False,False
/run/media/falconnier/Elements/BIDS_datasets_selection/CORR/IPCAS_2/sub-0025544/ses-1/anat/sub-0025544_ses-1_run-1_T1w.nii.gz,sub-0025544,ses-1,file_size_mb,11.103256225585938,"('IPCAS_2', nan, nan)",False,True,True,False,False
/run/media/falconnier/Elements/BIDS_datasets_selection/CORR/IPCAS_2/sub-0025544/ses-2/anat/sub-0025544_ses-2_run-1_T1w.nii.gz,sub-0025544,ses-2,file_size_mb,11.240068435668944,"('IPCAS_2', nan, nan)",False,True,True,True,False
/run/media/falconnier/Elements/BIDS_datasets_selection/CORR/IPCAS_2/sub-0025516/ses-2/anat/sub-0025516_ses-2_run-1_T1w.nii.gz,sub-0025516,ses-2,max,1792.0,"('IPCAS_2', nan, nan)",False,True,False,False,False
/run/media/falconnier/Elements/BIDS_datasets_selection/CORR/IPCAS_2/sub-0025528/ses-2/anat/sub-0025528_ses-2_run-1_T1w.nii.gz,sub-0025528,ses-2,max,2091.0,"('IPCAS_2', nan, nan)",False,True,True,True,False
/run/media/falconnier/Elements/BIDS_datasets_selection/CORR/IPCAS_2/sub-0025541/ses-1/anat/sub-0025541_ses-1_run-1_T1w.nii.gz,sub-0025541,ses-1,max,785.0,"('IPCAS_2', nan, nan)",False,False,False,True,False
/run/media/falconnier/Elements/BIDS_datasets_selection/CORR/IPCAS_2/sub-0025521/ses-1/anat/sub-0025521_ses-1_run-1_T1w.nii.gz,sub-0025521,ses-1,median,24.0,"('IPCAS_2', nan, nan)",False,False,False,True,False
/run/media/falconnier/Elements/BIDS_datasets_selection/CORR/IPCAS_2/sub-0025528/ses-1/anat/sub-0025528_ses-1_run-1_T1w.nii.gz,sub-0025528,ses-1,median,149.0,"('IPCAS_2', nan, nan)",False,False,False,True,False
/run/media/falconnier/Elements/BIDS_datasets_selection/CORR/IPCAS_2/sub-0025520/ses-1/anat/sub-0025520_ses-1_run-1_T1w.nii.gz,sub-0025520,ses-1,mean,169.49034662943924,"('IPCAS_2', nan, nan)",False,False,False,True,False
/run/media/falconnier/Elements/BIDS_datasets_selection/CORR/IPCAS_2/sub-0025531/ses-1/anat/sub-0025531_ses-1_run-1_T1w.nii.gz,sub-0025531,ses-1,mean,114.63977958154034,"('IPCAS_2', nan, nan)",False,False,False,True,False
/run/media/falconnier/Elements/BIDS_datasets_selection/CORR/IPCAS_2/sub-0025520/ses-1/anat/sub-0025520_ses-1_run-1_T1w.nii.gz,sub-0025520,ses-1,std,175.7310330749869,"('IPCAS_2', nan, nan)",False,False,False,True,False
/run/media/falconnier/Elements/BIDS_datasets_selection/CORR/IPCAS_2/sub-0025541/ses-1/anat/sub-0025541_ses-1_run-1_T1w.nii.gz,sub-0025541,ses-1,std,118.98026693795477,"('IPCAS_2', nan, nan)",False,False,False,True,False
/run/media/falconnier/Elements/BIDS_datasets_selection/CORR/IPCAS_2/sub-0025521/ses-1/anat/sub-0025521_ses-1_run-1_T1w.nii.gz,sub-0025521,ses-1,mad,22.0,"('IPCAS_2', nan, nan)",False,False,False,True,False
/run/media/falconnier/Elements/BIDS_datasets_selection/CORR/IPCAS_2/sub-0025528/ses-1/anat/sub-0025528_ses-1_run-1_T1w.nii.gz,sub-0025528,ses-1,mad,138.0,"('IPCAS_2', nan, nan)",False,False,False,True,False
/run/media/falconnier/Elements/BIDS_datasets_selection/CORR/IPCAS_2/sub-0025528/ses-2/anat/sub-0025528_ses-2_run-1_T1w.nii.gz,sub-0025528,ses-2,entropy,0.9829381116294742,"('IPCAS_2', nan, nan)",False,False,False,True,False
/run/media/falconnier/Elements/BIDS_datasets_selection/CORR/IPCAS_2/sub-0025541/ses-1/anat/sub-0025541_ses-1_run-1_T1w.nii.gz,sub-0025541,ses-1,entropy,2.4624519559642164,"('IPCAS_2', nan, nan)",False,False,False,True,False
/run/media/falconnier/Elements/BIDS_datasets_selection/CORR/IPCAS_2/sub-0025521/ses-1/anat/sub-0025521_ses-1_run-1_T1w.nii.gz,sub-0025521,ses-1,efc,0.5269,"('IPCAS_2', nan, nan)",False,True,True,False,False
/run/media/falconnier/Elements/BIDS_datasets_selection/CORR/IPCAS_2/sub-0025521/ses-2/anat/sub-0025521_ses-2_run-1_T1w.nii.gz,sub-0025521,ses-2,efc,0.5256,"('IPCAS_2', nan, nan)",False,True,True,False,False
/run/media/falconnier/Elements/BIDS_datasets_selection/CORR/IPCAS_2/sub-0025526/ses-1/anat/sub-0025526_ses-1_run-1_T1w.nii.gz,sub-0025526,ses-1,efc,0.5631,"('IPCAS_2', nan, nan)",False,True,True,False,False
/run/media/falconnier/Elements/BIDS_datasets_selection/CORR/IPCAS_2/sub-0025528/ses-2/anat/sub-0025528_ses-2_run-1_T1w.nii.gz,sub-0025528,ses-2,efc,0.5392,"('IPCAS_2', nan, nan)",False,True,True,False,False
/run/media/falconnier/Elements/BIDS_datasets_selection/CORR/IPCAS_2/sub-0025532/ses-1/anat/sub-0025532_ses-1_run-1_T1w.nii.gz,sub-0025532,ses-1,efc,0.3845,"('IPCAS_2', nan, nan)",False,False,False,True,False
/run/media/falconnier/Elements/BIDS_datasets_selection/CORR/IPCAS_2/sub-0025533/ses-1/anat/sub-0025533_ses-1_run-1_T1w.nii.gz,sub-0025533,ses-1,efc,0.5254,"('IPCAS_2', nan, nan)",False,True,True,False,False
/run/media/falconnier/Elements/BIDS_datasets_selection/CORR/IPCAS_2/sub-0025533/ses-2/anat/sub-0025533_ses-2_run-1_T1w.nii.gz,sub-0025533,ses-2,efc,0.5381,"('IPCAS_2', nan, nan)",False,True,True,False,False
/run/media/falconnier/Elements/BIDS_datasets_selection/CORR/IPCAS_2/sub-0025540/ses-2/anat/sub-0025540_ses-2_run-1_T1w.nii.gz,sub-0025540,ses-2,efc,0.5634,"('IPCAS_2', nan, nan)",False,True,True,False,False
/run/media/falconnier/Elements/BIDS_datasets_selection/CORR/IPCAS_2/sub-0025544/ses-1/anat/sub-0025544_ses-1_run-1_T1w.nii.gz,sub-0025544,ses-1,efc,0.5761,"('IPCAS_2', nan, nan)",False,True,True,False,False
/run/media/falconnier/Elements/BIDS_datasets_selection/CORR/IPCAS_2/sub-0025544/ses-2/anat/sub-0025544_ses-2_run-1_T1w.nii.gz,sub-0025544,ses-2,efc,0.5871,"('IPCAS_2', nan, nan)",False,True,True,True,False
/run/media/falconnier/Elements/BIDS_datasets_selection/CORR/IPCAS_2/sub-0025521/ses-1/anat/sub-0025521_ses-1_run-1_T1w.nii.gz,sub-0025521,ses-1,nonzero_frac,0.7735061645507812,"('IPCAS_2', nan, nan)",False,True,True,False,False
/run/media/falconnier/Elements/BIDS_datasets_selection/CORR/IPCAS_2/sub-0025521/ses-2/anat/sub-0025521_ses-2_run-1_T1w.nii.gz,sub-0025521,ses-2,nonzero_frac,0.7069473266601562,"('IPCAS_2', nan, nan)",False,True,True,False,False
/run/media/falconnier/Elements/BIDS_datasets_selection/CORR/IPCAS_2/sub-0025526/ses-1/anat/sub-0025526_ses-1_run-1_T1w.nii.gz,sub-0025526,ses-1,nonzero_frac,0.7933240763346354,"('IPCAS_2', nan, nan)",False,True,True,False,False
/run/media/falconnier/Elements/BIDS_datasets_selection/CORR/IPCAS_2/sub-0025528/ses-2/anat/sub-0025528_ses-2_run-1_T1w.nii.gz,sub-0025528,ses-2,nonzero_frac,0.7188981119791666,"('IPCAS_2', nan, nan)",False,True,True,False,False
/run/media/falconnier/Elements/BIDS_datasets_selection/CORR/IPCAS_2/sub-0025532/ses-2/anat/sub-0025532_ses-2_run-1_T1w.nii.gz,sub-0025532,ses-2,nonzero_frac,0.3761335245768229,"('IPCAS_2', nan, nan)",False,False,False,True,False
/run/media/falconnier/Elements/BIDS_datasets_selection/CORR/IPCAS_2/sub-0025533/ses-1/anat/sub-0025533_ses-1_run-1_T1w.nii.gz,sub-0025533,ses-1,nonzero_frac,0.7368995157877604,"('IPCAS_2', nan, nan)",False,True,True,False,False
/run/media/falconnier/Elements/BIDS_datasets_selection/CORR/IPCAS_2/sub-0025533/ses-2/anat/sub-0025533_ses-2_run-1_T1w.nii.gz,sub-0025533,ses-2,nonzero_frac,0.7540987141927084,"('IPCAS_2', nan, nan)",False,True,True,False,False
/run/media/falconnier/Elements/BIDS_datasets_selection/CORR/IPCAS_2/sub-0025540/ses-2/anat/sub-0025540_ses-2_run-1_T1w.nii.gz,sub-0025540,ses-2,nonzero_frac,0.7935072835286459,"('IPCAS_2', nan, nan)",False,True,True,True,False
/run/media/falconnier/Elements/BIDS_datasets_selection/CORR/IPCAS_2/sub-0025544/ses-1/anat/sub-0025544_ses-1_run-1_T1w.nii.gz,sub-0025544,ses-1,nonzero_frac,0.7769486490885417,"('IPCAS_2', nan, nan)",False,True,True,False,False
/run/media/falconnier/Elements/BIDS_datasets_selection/CORR/IPCAS_2/sub-0025544/ses-2/anat/sub-0025544_ses-2_run-1_T1w.nii.gz,sub-0025544,ses-2,nonzero_frac,0.7858265177408854,"('IPCAS_2', nan, nan)",False,True,True,False,False
/run/media/falconnier/Elements/BIDS_datasets_selection/CORR/IPCAS_2/sub-0025521/ses-1/anat/sub-0025521_ses-1_run-1_T1w.nii.gz,sub-0025521,ses-1,n_nonzero,7603875.0,"('IPCAS_2', nan, nan)",False,True,True,False,False
/run/media/falconnier/Elements/BIDS_datasets_selection/CORR/IPCAS_2/sub-0025521/ses-2/anat/sub-0025521_ses-2_run-1_T1w.nii.gz,sub-0025521,ses-2,n_nonzero,6949575.0,"('IPCAS_2', nan, nan)",False,True,True,False,False
/run/media/falconnier/Elements/BIDS_datasets_selection/CORR/IPCAS_2/sub-0025526/ses-1/anat/sub-0025526_ses-1_run-1_T1w.nii.gz,sub-0025526,ses-1,n_nonzero,7798693.0,"('IPCAS_2', nan, nan)",False,True,True,False,False
/run/media/falconnier/Elements/BIDS_datasets_selection/CORR/IPCAS_2/sub-0025528/ses-2/anat/sub-0025528_ses-2_run-1_T1w.nii.gz,sub-0025528,ses-2,n_nonzero,7067056.0,"('IPCAS_2', nan, nan)",False,True,True,False,False
/run/media/falconnier/Elements/BIDS_datasets_selection/CORR/IPCAS_2/sub-0025532/ses-2/anat/sub-0025532_ses-2_run-1_T1w.nii.gz,sub-0025532,ses-2,n_nonzero,3697543.0,"('IPCAS_2', nan, nan)",False,False,False,True,False
/run/media/falconnier/Elements/BIDS_datasets_selection/CORR/IPCAS_2/sub-0025533/ses-1/anat/sub-0025533_ses-1_run-1_T1w.nii.gz,sub-0025533,ses-1,n_nonzero,7244017.0,"('IPCAS_2', nan, nan)",False,True,True,False,False
/run/media/falconnier/Elements/BIDS_datasets_selection/CORR/IPCAS_2/sub-0025533/ses-2/anat/sub-0025533_ses-2_run-1_T1w.nii.gz,sub-0025533,ses-2,n_nonzero,7413092.0,"('IPCAS_2', nan, nan)",False,True,True,False,False
/run/media/falconnier/Elements/BIDS_datasets_selection/CORR/IPCAS_2/sub-0025540/ses-2/anat/sub-0025540_ses-2_run-1_T1w.nii.gz,sub-0025540,ses-2,n_nonzero,7800494.0,"('IPCAS_2', nan, nan)",False,True,True,True,False
/run/media/falconnier/Elements/BIDS_datasets_selection/CORR/IPCAS_2/sub-0025544/ses-1/anat/sub-0025544_ses-1_run-1_T1w.nii.gz,sub-0025544,ses-1,n_nonzero,7637716.0,"('IPCAS_2', nan, nan)",False,True,True,False,False
/run/media/falconnier/Elements/BIDS_datasets_selection/CORR/IPCAS_2/sub-0025544/ses-2/anat/sub-0025544_ses-2_run-1_T1w.nii.gz,sub-0025544,ses-2,n_nonzero,7724989.0,"('IPCAS_2', nan, nan)",False,True,True,False,False
/run/media/falconnier/Elements/BIDS_datasets_selection/CORR/IPCAS_2/sub-0025521/ses-1/anat/sub-0025521_ses-1_run-1_T1w.nii.gz,sub-0025521,ses-1,kurtosis,1.0352570739443134,"('IPCAS_2', nan, nan)",False,True,True,False,False
/run/media/falconnier/Elements/BIDS_datasets_selection/CORR/IPCAS_2/sub-0025521/ses-2/anat/sub-0025521_ses-2_run-1_T1w.nii.gz,sub-0025521,ses-2,kurtosis,0.8172882105259487,"('IPCAS_2', nan, nan)",False,True,True,False,False
/run/media/falconnier/Elements/BIDS_datasets_selection/CORR/IPCAS_2/sub-0025523/ses-2/anat/sub-0025523_ses-2_run-1_T1w.nii.gz,sub-0025523,ses-2,kurtosis,-0.8883017156264259,"('IPCAS_2', nan, nan)",False,False,False,True,False
/run/media/falconnier/Elements/BIDS_datasets_selection/CORR/IPCAS_2/sub-0025526/ses-1/anat/sub-0025526_ses-1_run-1_T1w.nii.gz,sub-0025526,ses-1,kurtosis,0.9398202978014468,"('IPCAS_2', nan, nan)",False,True,True,False,False
/run/media/falconnier/Elements/BIDS_datasets_selection/CORR/IPCAS_2/sub-0025528/ses-2/anat/sub-0025528_ses-2_run-1_T1w.nii.gz,sub-0025528,ses-2,kurtosis,2.16437959368191,"('IPCAS_2', nan, nan)",False,True,True,True,False
/run/media/falconnier/Elements/BIDS_datasets_selection/CORR/IPCAS_2/sub-0025533/ses-1/anat/sub-0025533_ses-1_run-1_T1w.nii.gz,sub-0025533,ses-1,kurtosis,0.5302500883403343,"('IPCAS_2', nan, nan)",False,True,True,False,False
/run/media/falconnier/Elements/BIDS_datasets_selection/CORR/IPCAS_2/sub-0025533/ses-2/anat/sub-0025533_ses-2_run-1_T1w.nii.gz,sub-0025533,ses-2,kurtosis,0.8283451600119736,"('IPCAS_2', nan, nan)",False,True,True,False,False
/run/media/falconnier/Elements/BIDS_datasets_selection/CORR/IPCAS_2/sub-0025540/ses-2/anat/sub-0025540_ses-2_run-1_T1w.nii.gz,sub-0025540,ses-2,kurtosis,0.768713506988588,"('IPCAS_2', nan, nan)",False,True,True,False,False
/run/media/falconnier/Elements/BIDS_datasets_selection/CORR/IPCAS_2/sub-0025519/ses-2/anat/sub-0025519_ses-2_run-1_T1w.nii.gz,sub-0025519,ses-2,skewness,0.5581649362349178,"('IPCAS_2', nan, nan)",False,False,False,True,False
/run/media/falconnier/Elements/BIDS_datasets_selection/CORR/IPCAS_2/sub-0025521/ses-1/anat/sub-0025521_ses-1_run-1_T1w.nii.gz,sub-0025521,ses-1,skewness,1.2465856042316226,"('IPCAS_2', nan, nan)",False,True,True,False,False
/run/media/falconnier/Elements/BIDS_datasets_selection/CORR/IPCAS_2/sub-0025521/ses-2/anat/sub-0025521_ses-2_run-1_T1w.nii.gz,sub-0025521,ses-2,skewness,1.1315648015894235,"('IPCAS_2', nan, nan)",False,True,True,False,False
/run/media/falconnier/Elements/BIDS_datasets_selection/CORR/IPCAS_2/sub-0025526/ses-1/anat/sub-0025526_ses-1_run-1_T1w.nii.gz,sub-0025526,ses-1,skewness,1.0970846767739644,"('IPCAS_2', nan, nan)",False,True,True,False,False
/run/media/falconnier/Elements/BIDS_datasets_selection/CORR/IPCAS_2/sub-0025528/ses-2/anat/sub-0025528_ses-2_run-1_T1w.nii.gz,sub-0025528,ses-2,skewness,1.271034019872947,"('IPCAS_2', nan, nan)",False,True,True,True,False
/run/media/falconnier/Elements/BIDS_datasets_selection/CORR/IPCAS_2/sub-0025533/ses-1/anat/sub-0025533_ses-1_run-1_T1w.nii.gz,sub-0025533,ses-1,skewness,1.1024003824500472,"('IPCAS_2', nan, nan)",False,True,True,False,False
/run/media/falconnier/Elements/BIDS_datasets_selection/CORR/IPCAS_2/sub-0025533/ses-2/anat/sub-0025533_ses-2_run-1_T1w.nii.gz,sub-0025533,ses-2,skewness,1.1589234260123165,"('IPCAS_2', nan, nan)",False,True,True,False,False
/run/media/falconnier/Elements/BIDS_datasets_selection/CORR/IPCAS_2/sub-0025540/ses-2/anat/sub-0025540_ses-2_run-1_T1w.nii.gz,sub-0025540,ses-2,skewness,1.1112655764669532,"('IPCAS_2', nan, nan)",False,True,True,False,False
/run/media/falconnier/Elements/BIDS_datasets_selection/CORR/IPCAS_3/sub-0025551/ses-1/anat/sub-0025551_ses-1_run-1_T1w.nii.gz,sub-0025551,ses-1,file_size_mb,3.7807693481445312,"('IPCAS_3', nan, nan)",False,False,False,False,True
/run/media/falconnier/Elements/BIDS_datasets_selection/CORR/IPCAS_3/sub-0025554/ses-1/anat/sub-0025554_ses-1_run-1_T1w.nii.gz,sub-0025554,ses-1,file_size_mb,3.5708885192871094,"('IPCAS_3', nan, nan)",False,False,False,False,True
/run/media/falconnier/Elements/BIDS_datasets_selection/CORR/IPCAS_3/sub-0025556/ses-1/anat/sub-0025556_ses-1_run-1_T1w.nii.gz,sub-0025556,ses-1,file_size_mb,3.6922473907470703,"('IPCAS_3', nan, nan)",False,False,False,False,True
/run/media/falconnier/Elements/BIDS_datasets_selection/CORR/IPCAS_3/sub-0025557/ses-2/anat/sub-0025557_ses-2_run-1_T1w.nii.gz,sub-0025557,ses-2,file_size_mb,3.6770076751708975,"('IPCAS_3', nan, nan)",False,False,False,False,True
/run/media/falconnier/Elements/BIDS_datasets_selection/CORR/IPCAS_3/sub-0025555/ses-1/anat/sub-0025555_ses-1_run-1_T1w.nii.gz,sub-0025555,ses-1,file_size_mb,6.888352394104004,"('IPCAS_3', nan, nan)",False,False,False,True,False
/run/media/falconnier/Elements/BIDS_datasets_selection/CORR/IPCAS_3/sub-0025560/ses-1/anat/sub-0025560_ses-1_run-1_T1w.nii.gz,sub-0025560,ses-1,file_size_mb,3.7783241271972656,"('IPCAS_3', nan, nan)",False,False,False,False,True
/run/media/falconnier/Elements/BIDS_datasets_selection/CORR/IPCAS_3/sub-0025561/ses-2/anat/sub-0025561_ses-2_run-1_T1w.nii.gz,sub-0025561,ses-2,file_size_mb,3.7684383392333984,"('IPCAS_3', nan, nan)",False,False,False,False,True
/run/media/falconnier/Elements/BIDS_datasets_selection/CORR/IPCAS_3/sub-0025562/ses-2/anat/sub-0025562_ses-2_run-1_T1w.nii.gz,sub-0025562,ses-2,file_size_mb,3.538625717163086,"('IPCAS_3', nan, nan)",False,False,False,False,True
/run/media/falconnier/Elements/BIDS_datasets_selection/CORR/IPCAS_3/sub-0025563/ses-1/anat/sub-0025563_ses-1_run-1_T1w.nii.gz,sub-0025563,ses-1,file_size_mb,3.362974166870117,"('IPCAS_3', nan, nan)",False,False,False,False,True
/run/media/falconnier/Elements/BIDS_datasets_selection/CORR/IPCAS_3/sub-0025566/ses-1/anat/sub-0025566_ses-1_run-1_T1w.nii.gz,sub-0025566,ses-1,file_size_mb,3.603282928466797,"('IPCAS_3', nan, nan)",False,False,False,False,True
/run/media/falconnier/Elements/BIDS_datasets_selection/CORR/IPCAS_3/sub-0025565/ses-1/anat/sub-0025565_ses-1_run-1_T1w.nii.gz,sub-0025565,ses-1,file_size_mb,3.50252628326416,"('IPCAS_3', nan, nan)",False,False,False,False,True
/run/media/falconnier/Elements/BIDS_datasets_selection/CORR/IPCAS_3/sub-0025568/ses-1/anat/sub-0025568_ses-1_run-1_T1w.nii.gz,sub-0025568,ses-1,file_size_mb,3.6913366317749023,"('IPCAS_3', nan, nan)",False,False,False,False,True
/run/media/falconnier/Elements/BIDS_datasets_selection/CORR/IPCAS_3/sub-0025569/ses-1/anat/sub-0025569_ses-1_run-1_T1w.nii.gz,sub-0025569,ses-1,file_size_mb,3.828709602355957,"('IPCAS_3', nan, nan)",False,False,False,False,True
/run/media/falconnier/Elements/BIDS_datasets_selection/CORR/IPCAS_3/sub-0025571/ses-1/anat/sub-0025571_ses-1_run-1_T1w.nii.gz,sub-0025571,ses-1,file_size_mb,3.3438377380371094,"('IPCAS_3', nan, nan)",False,False,False,False,True
/run/media/falconnier/Elements/BIDS_datasets_selection/CORR/IPCAS_3/sub-0025574/ses-1/anat/sub-0025574_ses-1_run-1_T1w.nii.gz,sub-0025574,ses-1,file_size_mb,3.906918525695801,"('IPCAS_3', nan, nan)",False,False,False,False,True
/run/media/falconnier/Elements/BIDS_datasets_selection/CORR/IPCAS_3/sub-0025577/ses-1/anat/sub-0025577_ses-1_run-1_T1w.nii.gz,sub-0025577,ses-1,file_size_mb,3.610542297363281,"('IPCAS_3', nan, nan)",False,False,False,False,True
/run/media/falconnier/Elements/BIDS_datasets_selection/CORR/IPCAS_3/sub-0025578/ses-1/anat/sub-0025578_ses-1_run-1_T1w.nii.gz,sub-0025578,ses-1,file_size_mb,3.7161169052124015,"('IPCAS_3', nan, nan)",False,False,False,False,True
/run/media/falconnier/Elements/BIDS_datasets_selection/CORR/IPCAS_3/sub-0025579/ses-1/anat/sub-0025579_ses-1_run-1_T1w.nii.gz,sub-0025579,ses-1,file_size_mb,3.3341989517211914,"('IPCAS_3', nan, nan)",False,False,False,True,True
/run/media/falconnier/Elements/BIDS_datasets_selection/CORR/IPCAS_3/sub-0025584/ses-1/anat/sub-0025584_ses-1_run-1_T1w.nii.gz,sub-0025584,ses-1,file_size_mb,3.701386451721192,"('IPCAS_3', nan, nan)",False,False,False,False,True
/run/media/falconnier/Elements/BIDS_datasets_selection/CORR/IPCAS_3/sub-0025565/ses-1/anat/sub-0025565_ses-1_run-1_T1w.nii.gz,sub-0025565,ses-1,max,945.0,"('IPCAS_3', nan, nan)",False,False,False,True,False
/run/media/falconnier/Elements/BIDS_datasets_selection/CORR/IPCAS_3/sub-0025567/ses-1/anat/sub-0025567_ses-1_run-1_T1w.nii.gz,sub-0025567,ses-1,max,1635.0,"('IPCAS_3', nan, nan)",False,False,False,True,False
/run/media/falconnier/Elements/BIDS_datasets_selection/CORR/IPCAS_3/sub-0025559/ses-1/anat/sub-0025559_ses-1_run-1_T1w.nii.gz,sub-0025559,ses-1,median,24.0,"('IPCAS_3', nan, nan)",False,False,False,True,False
/run/media/falconnier/Elements/BIDS_datasets_selection/CORR/IPCAS_3/sub-0025567/ses-2/anat/sub-0025567_ses-2_run-1_T1w.nii.gz,sub-0025567,ses-2,median,196.0,"('IPCAS_3', nan, nan)",False,False,False,True,False
/run/media/falconnier/Elements/BIDS_datasets_selection/CORR/IPCAS_3/sub-0025567/ses-2/anat/sub-0025567_ses-2_run-1_T1w.nii.gz,sub-0025567,ses-2,mean,197.5710472671693,"('IPCAS_3', nan, nan)",False,False,False,True,False
/run/media/falconnier/Elements/BIDS_datasets_selection/CORR/IPCAS_3/sub-0025571/ses-1/anat/sub-0025571_ses-1_run-1_T1w.nii.gz,sub-0025571,ses-1,mean,117.41742133579844,"('IPCAS_3', nan, nan)",False,False,False,True,False
/run/media/falconnier/Elements/BIDS_datasets_selection/CORR/IPCAS_3/sub-0025550/ses-1/anat/sub-0025550_ses-1_run-1_T1w.nii.gz,sub-0025550,ses-1,std,182.1741386141509,"('IPCAS_3', nan, nan)",False,False,False,True,False
/run/media/falconnier/Elements/BIDS_datasets_selection/CORR/IPCAS_3/sub-0025569/ses-1/anat/sub-0025569_ses-1_run-1_T1w.nii.gz,sub-0025569,ses-1,std,116.7596574267056,"('IPCAS_3', nan, nan)",False,False,False,True,False
/run/media/falconnier/Elements/BIDS_datasets_selection/CORR/IPCAS_3/sub-0025559/ses-1/anat/sub-0025559_ses-1_run-1_T1w.nii.gz,sub-0025559,ses-1,mad,23.0,"('IPCAS_3', nan, nan)",False,False,False,True,False
/run/media/falconnier/Elements/BIDS_datasets_selection/CORR/IPCAS_3/sub-0025567/ses-1/anat/sub-0025567_ses-1_run-1_T1w.nii.gz,sub-0025567,ses-1,mad,155.0,"('IPCAS_3', nan, nan)",False,False,False,True,False
/run/media/falconnier/Elements/BIDS_datasets_selection/CORR/IPCAS_3/sub-0025565/ses-1/anat/sub-0025565_ses-1_run-1_T1w.nii.gz,sub-0025565,ses-1,entropy,2.121497837668705,"('IPCAS_3', nan, nan)",False,False,False,True,False
/run/media/falconnier/Elements/BIDS_datasets_selection/CORR/IPCAS_3/sub-0025567/ses-1/anat/sub-0025567_ses-1_run-1_T1w.nii.gz,sub-0025567,ses-1,entropy,1.2962814268257945,"('IPCAS_3', nan, nan)",False,False,False,True,False
/run/media/falconnier/Elements/BIDS_datasets_selection/CORR/IPCAS_3/sub-0025567/ses-2/anat/sub-0025567_ses-2_run-1_T1w.nii.gz,sub-0025567,ses-2,efc,0.6702,"('IPCAS_3', nan, nan)",False,False,False,True,False
/run/media/falconnier/Elements/BIDS_datasets_selection/CORR/IPCAS_3/sub-0025579/ses-1/anat/sub-0025579_ses-1_run-1_T1w.nii.gz,sub-0025579,ses-1,efc,0.3647,"('IPCAS_3', nan, nan)",False,False,False,True,False
/run/media/falconnier/Elements/BIDS_datasets_selection/CORR/IPCAS_3/sub-0025562/ses-2/anat/sub-0025562_ses-2_run-1_T1w.nii.gz,sub-0025562,ses-2,nonzero_frac,0.9081439644852114,"('IPCAS_3', nan, nan)",False,False,False,True,False
/run/media/falconnier/Elements/BIDS_datasets_selection/CORR/IPCAS_3/sub-0025579/ses-1/anat/sub-0025579_ses-1_run-1_T1w.nii.gz,sub-0025579,ses-1,nonzero_frac,0.3352333307266235,"('IPCAS_3', nan, nan)",False,False,False,True,False
/run/media/falconnier/Elements/BIDS_datasets_selection/CORR/IPCAS_3/sub-0025555/ses-1/anat/sub-0025555_ses-1_run-1_T1w.nii.gz,sub-0025555,ses-1,n_nonzero,6093858.0,"('IPCAS_3', nan, nan)",False,False,False,True,False
/run/media/falconnier/Elements/BIDS_datasets_selection/CORR/IPCAS_3/sub-0025579/ses-1/anat/sub-0025579_ses-1_run-1_T1w.nii.gz,sub-0025579,ses-1,n_nonzero,2812141.0,"('IPCAS_3', nan, nan)",False,False,False,True,False
/run/media/falconnier/Elements/BIDS_datasets_selection/CORR/IPCAS_3/sub-0025574/ses-1/anat/sub-0025574_ses-1_run-1_T1w.nii.gz,sub-0025574,ses-1,kurtosis,-0.7408267161706732,"('IPCAS_3', nan, nan)",False,False,False,True,False
/run/media/falconnier/Elements/BIDS_datasets_selection/CORR/IPCAS_3/sub-0025573/ses-1/anat/sub-0025573_ses-1_run-1_T1w.nii.gz,sub-0025573,ses-1,kurtosis,1.248439121470013,"('IPCAS_3', nan, nan)",False,False,False,True,False
/run/media/falconnier/Elements/BIDS_datasets_selection/CORR/IPCAS_3/sub-0025568/ses-1/anat/sub-0025568_ses-1_run-1_T1w.nii.gz,sub-0025568,ses-1,skewness,0.5363404102319981,"('IPCAS_3', nan, nan)",False,False,False,True,False
/run/media/falconnier/Elements/BIDS_datasets_selection/CORR/IPCAS_3/sub-0025573/ses-1/anat/sub-0025573_ses-1_run-1_T1w.nii.gz,sub-0025573,ses-1,skewness,1.26465745582358,"('IPCAS_3', nan, nan)",False,False,False,True,False
/run/media/falconnier/Elements/BIDS_datasets_selection/CORR/IPCAS_4/sub-0026195/ses-1/anat/sub-0026195_ses-1_run-1_T1w.nii.gz,sub-0026195,ses-1,file_size_mb,4.651638984680176,"('IPCAS_4', nan, nan)",False,False,False,True,False
/run/media/falconnier/Elements/BIDS_datasets_selection/CORR/IPCAS_4/sub-0026207/ses-1/anat/sub-0026207_ses-1_run-1_T1w.nii.gz,sub-0026207,ses-1,file_size_mb,5.953215599060059,"('IPCAS_4', nan, nan)",False,False,False,True,False
/run/media/falconnier/Elements/BIDS_datasets_selection/CORR/IPCAS_4/sub-0026193/ses-1/anat/sub-0026193_ses-1_run-1_T1w.nii.gz,sub-0026193,ses-1,max,2828.0,"('IPCAS_4', nan, nan)",False,False,False,True,False
/run/media/falconnier/Elements/BIDS_datasets_selection/CORR/IPCAS_4/sub-0026194/ses-1/anat/sub-0026194_ses-1_run-1_T1w.nii.gz,sub-0026194,ses-1,max,3673.0,"('IPCAS_4', nan, nan)",False,False,True,False,False
/run/media/falconnier/Elements/BIDS_datasets_selection/CORR/IPCAS_4/sub-0026202/ses-1/anat/sub-0026202_ses-1_run-1_T1w.nii.gz,sub-0026202,ses-1,max,4073.0,"('IPCAS_4', nan, nan)",False,True,True,True,False
/run/media/falconnier/Elements/BIDS_datasets_selection/CORR/IPCAS_4/sub-0026194/ses-1/anat/sub-0026194_ses-1_run-1_T1w.nii.gz,sub-0026194,ses-1,median,274.0,"('IPCAS_4', nan, nan)",False,False,False,True,False
/run/media/falconnier/Elements/BIDS_datasets_selection/CORR/IPCAS_4/sub-0026196/ses-1/anat/sub-0026196_ses-1_run-1_T1w.nii.gz,sub-0026196,ses-1,median,210.0,"('IPCAS_4', nan, nan)",False,False,False,True,False
/run/media/falconnier/Elements/BIDS_datasets_selection/CORR/IPCAS_4/sub-0026195/ses-1/anat/sub-0026195_ses-1_run-1_T1w.nii.gz,sub-0026195,ses-1,mean,336.5826721940834,"('IPCAS_4', nan, nan)",False,False,False,True,False
/run/media/falconnier/Elements/BIDS_datasets_selection/CORR/IPCAS_4/sub-0026196/ses-1/anat/sub-0026196_ses-1_run-1_T1w.nii.gz,sub-0026196,ses-1,mean,243.99636686619,"('IPCAS_4', nan, nan)",False,False,False,True,False
/run/media/falconnier/Elements/BIDS_datasets_selection/CORR/IPCAS_4/sub-0026195/ses-1/anat/sub-0026195_ses-1_run-1_T1w.nii.gz,sub-0026195,ses-1,std,349.5528117886565,"('IPCAS_4', nan, nan)",False,False,False,True,False
/run/media/falconnier/Elements/BIDS_datasets_selection/CORR/IPCAS_4/sub-0026196/ses-1/anat/sub-0026196_ses-1_run-1_T1w.nii.gz,sub-0026196,ses-1,std,244.7813277684828,"('IPCAS_4', nan, nan)",False,False,False,True,False
/run/media/falconnier/Elements/BIDS_datasets_selection/CORR/IPCAS_4/sub-0026192/ses-1/anat/sub-0026192_ses-1_run-1_T1w.nii.gz,sub-0026192,ses-1,mad,164.0,"('IPCAS_4', nan, nan)",False,False,False,True,False
/run/media/falconnier/Elements/BIDS_datasets_selection/CORR/IPCAS_4/sub-0026193/ses-1/anat/sub-0026193_ses-1_run-1_T1w.nii.gz,sub-0026193,ses-1,entropy,0.8399927882111654,"('IPCAS_4', nan, nan)",False,False,False,True,False
/run/media/falconnier/Elements/BIDS_datasets_selection/CORR/IPCAS_4/sub-0026202/ses-1/anat/sub-0026202_ses-1_run-1_T1w.nii.gz,sub-0026202,ses-1,entropy,0.5850869717934418,"('IPCAS_4', nan, nan)",False,True,True,True,False
/run/media/falconnier/Elements/BIDS_datasets_selection/CORR/IPCAS_4/sub-0026195/ses-1/anat/sub-0026195_ses-1_run-1_T1w.nii.gz,sub-0026195,ses-1,efc,0.3381,"('IPCAS_4', nan, nan)",False,False,False,True,False
/run/media/falconnier/Elements/BIDS_datasets_selection/CORR/IPCAS_4/sub-0026207/ses-1/anat/sub-0026207_ses-1_run-1_T1w.nii.gz,sub-0026207,ses-1,efc,0.4228,"('IPCAS_4', nan, nan)",False,False,False,True,False
/run/media/falconnier/Elements/BIDS_datasets_selection/CORR/IPCAS_4/sub-0026195/ses-1/anat/sub-0026195_ses-1_run-1_T1w.nii.gz,sub-0026195,ses-1,nonzero_frac,0.2874123833396218,"('IPCAS_4', nan, nan)",False,False,False,True,False
/run/media/falconnier/Elements/BIDS_datasets_selection/CORR/IPCAS_4/sub-0026207/ses-1/anat/sub-0026207_ses-1_run-1_T1w.nii.gz,sub-0026207,ses-1,nonzero_frac,0.3785063136707652,"('IPCAS_4', nan, nan)",False,False,False,True,False
/run/media/falconnier/Elements/BIDS_datasets_selection/CORR/IPCAS_4/sub-0026195/ses-1/anat/sub-0026195_ses-1_run-1_T1w.nii.gz,sub-0026195,ses-1,n_nonzero,3315111.0,"('IPCAS_4', nan, nan)",False,False,False,True,False
/run/media/falconnier/Elements/BIDS_datasets_selection/CORR/IPCAS_4/sub-0026207/ses-1/anat/sub-0026207_ses-1_run-1_T1w.nii.gz,sub-0026207,ses-1,n_nonzero,4365819.0,"('IPCAS_4', nan, nan)",False,False,False,True,False
/run/media/falconnier/Elements/BIDS_datasets_selection/CORR/IPCAS_4/sub-0026204/ses-1/anat/sub-0026204_ses-1_run-1_T1w.nii.gz,sub-0026204,ses-1,kurtosis,14.498243619199863,"('IPCAS_4', nan, nan)",False,False,False,True,False
/run/media/falconnier/Elements/BIDS_datasets_selection/CORR/IPCAS_4/sub-0026207/ses-1/anat/sub-0026207_ses-1_run-1_T1w.nii.gz,sub-0026207,ses-1,kurtosis,4.346870246673848,"('IPCAS_4', nan, nan)",False,False,False,True,False
/run/media/falconnier/Elements/BIDS_datasets_selection/CORR/IPCAS_4/sub-0026198/ses-1/anat/sub-0026198_ses-1_run-1_T1w.nii.gz,sub-0026198,ses-1,skewness,2.742070071334387,"('IPCAS_4', nan, nan)",False,False,False,True,False
/run/media/falconnier/Elements/BIDS_datasets_selection/CORR/IPCAS_4/sub-0026207/ses-1/anat/sub-0026207_ses-1_run-1_T1w.nii.gz,sub-0026207,ses-1,skewness,1.4547778283281354,"('IPCAS_4', nan, nan)",False,False,False,True,False
/run/media/falconnier/Elements/BIDS_datasets_selection/CORR/IPCAS_5/sub-0027294/ses-1/anat/sub-0027294_ses-1_run-1_T1w.nii.gz,sub-0027294,ses-1,file_size_mb,6.065793991088867,"('IPCAS_5', nan, nan)",False,False,False,True,False
/run/media/falconnier/Elements/BIDS_datasets_selection/CORR/IPCAS_5/sub-0027303/ses-1/anat/sub-0027303_ses-1_run-1_T1w.nii.gz,sub-0027303,ses-1,file_size_mb,4.832951545715332,"('IPCAS_5', nan, nan)",False,False,False,True,False
/run/media/falconnier/Elements/BIDS_datasets_selection/CORR/IPCAS_5/sub-0027290/ses-1/anat/sub-0027290_ses-1_run-1_T1w.nii.gz,sub-0027290,ses-1,max,899.0,"('IPCAS_5', nan, nan)",False,False,False,True,False
/run/media/falconnier/Elements/BIDS_datasets_selection/CORR/IPCAS_5/sub-0027303/ses-1/anat/sub-0027303_ses-1_run-1_T1w.nii.gz,sub-0027303,ses-1,max,1371.0,"('IPCAS_5', nan, nan)",False,False,False,True,False
/run/media/falconnier/Elements/BIDS_datasets_selection/CORR/IPCAS_5/sub-0027286/ses-1/anat/sub-0027286_ses-1_run-1_T1w.nii.gz,sub-0027286,ses-1,median,107.0,"('IPCAS_5', nan, nan)",False,False,False,True,False
/run/media/falconnier/Elements/BIDS_datasets_selection/CORR/IPCAS_5/sub-0027296/ses-1/anat/sub-0027296_ses-1_run-1_T1w.nii.gz,sub-0027296,ses-1,median,48.0,"('IPCAS_5', nan, nan)",False,False,False,True,False
/run/media/falconnier/Elements/BIDS_datasets_selection/CORR/IPCAS_5/sub-0027286/ses-1/anat/sub-0027286_ses-1_run-1_T1w.nii.gz,sub-0027286,ses-1,mean,139.2009173983521,"('IPCAS_5', nan, nan)",False,False,False,True,False
/run/media/falconnier/Elements/BIDS_datasets_selection/CORR/IPCAS_5/sub-0027296/ses-1/anat/sub-0027296_ses-1_run-1_T1w.nii.gz,sub-0027296,ses-1,mean,106.04521209920166,"('IPCAS_5', nan, nan)",False,False,False,True,False
/run/media/falconnier/Elements/BIDS_datasets_selection/CORR/IPCAS_5/sub-0027301/ses-1/anat/sub-0027301_ses-1_run-1_T1w.nii.gz,sub-0027301,ses-1,std,106.40370723906564,"('IPCAS_5', nan, nan)",False,False,False,True,False
/run/media/falconnier/Elements/BIDS_datasets_selection/CORR/IPCAS_5/sub-0027305/ses-1/anat/sub-0027305_ses-1_run-1_T1w.nii.gz,sub-0027305,ses-1,std,136.90497845598904,"('IPCAS_5', nan, nan)",False,False,False,True,False
/run/media/falconnier/Elements/BIDS_datasets_selection/CORR/IPCAS_5/sub-0027286/ses-1/anat/sub-0027286_ses-1_run-1_T1w.nii.gz,sub-0027286,ses-1,mad,100.0,"('IPCAS_5', nan, nan)",False,False,False,True,False
/run/media/falconnier/Elements/BIDS_datasets_selection/CORR/IPCAS_5/sub-0027296/ses-1/anat/sub-0027296_ses-1_run-1_T1w.nii.gz,sub-0027296,ses-1,mad,45.92924880981445,"('IPCAS_5', nan, nan)",False,False,False,True,False
/run/media/falconnier/Elements/BIDS_datasets_selection/CORR/IPCAS_5/sub-0027286/ses-1/anat/sub-0027286_ses-1_run-1_T1w.nii.gz,sub-0027286,ses-1,entropy,2.228329948003754,"('IPCAS_5', nan, nan)",False,False,False,True,False
/run/media/falconnier/Elements/BIDS_datasets_selection/CORR/IPCAS_5/sub-0027303/ses-1/anat/sub-0027303_ses-1_run-1_T1w.nii.gz,sub-0027303,ses-1,entropy,1.4286316731096032,"('IPCAS_5', nan, nan)",False,False,False,True,False
/run/media/falconnier/Elements/BIDS_datasets_selection/CORR/IPCAS_5/sub-0027294/ses-1/anat/sub-0027294_ses-1_run-1_T1w.nii.gz,sub-0027294,ses-1,efc,0.4589,"('IPCAS_5', nan, nan)",False,False,False,True,False
/run/media/falconnier/Elements/BIDS_datasets_selection/CORR/IPCAS_5/sub-0027303/ses-1/anat/sub-0027303_ses-1_run-1_T1w.nii.gz,sub-0027303,ses-1,efc,0.3982,"('IPCAS_5', nan, nan)",False,False,False,True,False
/run/media/falconnier/Elements/BIDS_datasets_selection/CORR/IPCAS_5/sub-0027294/ses-1/anat/sub-0027294_ses-1_run-1_T1w.nii.gz,sub-0027294,ses-1,nonzero_frac,0.5108484029769897,"('IPCAS_5', nan, nan)",False,True,False,True,False
/run/media/falconnier/Elements/BIDS_datasets_selection/CORR/IPCAS_5/sub-0027303/ses-1/anat/sub-0027303_ses-1_run-1_T1w.nii.gz,sub-0027303,ses-1,nonzero_frac,0.4062589406967163,"('IPCAS_5', nan, nan)",False,False,False,True,False
/run/media/falconnier/Elements/BIDS_datasets_selection/CORR/IPCAS_5/sub-0027294/ses-1/anat/sub-0027294_ses-1_run-1_T1w.nii.gz,sub-0027294,ses-1,n_nonzero,4285307.0,"('IPCAS_5', nan, nan)",False,True,False,True,False
/run/media/falconnier/Elements/BIDS_datasets_selection/CORR/IPCAS_5/sub-0027303/ses-1/anat/sub-0027303_ses-1_run-1_T1w.nii.gz,sub-0027303,ses-1,n_nonzero,3407947.0,"('IPCAS_5', nan, nan)",False,False,False,True,False
/run/media/falconnier/Elements/BIDS_datasets_selection/CORR/IPCAS_5/sub-0027296/ses-1/anat/sub-0027296_ses-1_run-1_T1w.nii.gz,sub-0027296,ses-1,kurtosis,-0.0396996717829716,"('IPCAS_5', nan, nan)",False,False,False,True,False
/run/media/falconnier/Elements/BIDS_datasets_selection/CORR/IPCAS_5/sub-0027297/ses-1/anat/sub-0027297_ses-1_run-1_T1w.nii.gz,sub-0027297,ses-1,kurtosis,-0.686029458252563,"('IPCAS_5', nan, nan)",False,False,False,True,False
/run/media/falconnier/Elements/BIDS_datasets_selection/CORR/IPCAS_5/sub-0027286/ses-1/anat/sub-0027286_ses-1_run-1_T1w.nii.gz,sub-0027286,ses-1,skewness,0.6952832870875902,"('IPCAS_5', nan, nan)",False,False,False,True,False
/run/media/falconnier/Elements/BIDS_datasets_selection/CORR/IPCAS_5/sub-0027296/ses-1/anat/sub-0027296_ses-1_run-1_T1w.nii.gz,sub-0027296,ses-1,skewness,0.9389454193583524,"('IPCAS_5', nan, nan)",False,False,False,True,False
/run/media/falconnier/Elements/BIDS_datasets_selection/CORR/IPCAS_7/sub-0026075/ses-1/anat/sub-0026075_ses-1_run-1_T1w.nii.gz,sub-0026075,ses-1,file_size_mb,4.989144325256348,"('IPCAS_7', nan, nan)",False,False,False,True,False
/run/media/falconnier/Elements/BIDS_datasets_selection/CORR/IPCAS_7/sub-0026115/ses-1/anat/sub-0026115_ses-1_run-1_T1w.nii.gz,sub-0026115,ses-1,file_size_mb,7.949749946594238,"('IPCAS_7', nan, nan)",False,False,False,True,False
/run/media/falconnier/Elements/BIDS_datasets_selection/CORR/IPCAS_7/sub-0026077/ses-1/anat/sub-0026077_ses-1_run-1_T1w.nii.gz,sub-0026077,ses-1,max,842.0,"('IPCAS_7', nan, nan)",False,False,False,True,False
/run/media/falconnier/Elements/BIDS_datasets_selection/CORR/IPCAS_7/sub-0026099/ses-1/anat/sub-0026099_ses-1_run-1_T1w.nii.gz,sub-0026099,ses-1,max,1636.0,"('IPCAS_7', nan, nan)",False,True,True,True,False
/run/media/falconnier/Elements/BIDS_datasets_selection/CORR/IPCAS_7/sub-0026077/ses-1/anat/sub-0026077_ses-1_run-1_T1w.nii.gz,sub-0026077,ses-1,median,18.0,"('IPCAS_7', nan, nan)",False,False,False,True,False
/run/media/falconnier/Elements/BIDS_datasets_selection/CORR/IPCAS_7/sub-0026094/ses-1/anat/sub-0026094_ses-1_run-1_T1w.nii.gz,sub-0026094,ses-1,median,131.0,"('IPCAS_7', nan, nan)",False,False,False,True,False
/run/media/falconnier/Elements/BIDS_datasets_selection/CORR/IPCAS_7/sub-0026047/ses-1/anat/sub-0026047_ses-1_run-1_T1w.nii.gz,sub-0026047,ses-1,mean,170.51494578502096,"('IPCAS_7', nan, nan)",False,False,False,True,False
/run/media/falconnier/Elements/BIDS_datasets_selection/CORR/IPCAS_7/sub-0026083/ses-1/anat/sub-0026083_ses-1_run-1_T1w.nii.gz,sub-0026083,ses-1,mean,104.10391628014166,"('IPCAS_7', nan, nan)",False,False,False,True,False
/run/media/falconnier/Elements/BIDS_datasets_selection/CORR/IPCAS_7/sub-0026047/ses-1/anat/sub-0026047_ses-1_run-1_T1w.nii.gz,sub-0026047,ses-1,std,190.62639232383543,"('IPCAS_7', nan, nan)",False,False,False,True,False
/run/media/falconnier/Elements/BIDS_datasets_selection/CORR/IPCAS_7/sub-0026083/ses-1/anat/sub-0026083_ses-1_run-1_T1w.nii.gz,sub-0026083,ses-1,std,124.32991659639887,"('IPCAS_7', nan, nan)",False,False,False,True,False
/run/media/falconnier/Elements/BIDS_datasets_selection/CORR/IPCAS_7/sub-0026077/ses-1/anat/sub-0026077_ses-1_run-1_T1w.nii.gz,sub-0026077,ses-1,mad,16.0,"('IPCAS_7', nan, nan)",False,False,False,True,False
/run/media/falconnier/Elements/BIDS_datasets_selection/CORR/IPCAS_7/sub-0026094/ses-1/anat/sub-0026094_ses-1_run-1_T1w.nii.gz,sub-0026094,ses-1,mad,119.0,"('IPCAS_7', nan, nan)",False,False,False,True,False
/run/media/falconnier/Elements/BIDS_datasets_selection/CORR/IPCAS_7/sub-0026077/ses-1/anat/sub-0026077_ses-1_run-1_T1w.nii.gz,sub-0026077,ses-1,entropy,2.246075159919618,"('IPCAS_7', nan, nan)",False,False,False,True,False
/run/media/falconnier/Elements/BIDS_datasets_selection/CORR/IPCAS_7/sub-0026099/ses-1/anat/sub-0026099_ses-1_run-1_T1w.nii.gz,sub-0026099,ses-1,entropy,1.235641624343743,"('IPCAS_7', nan, nan)",False,True,True,True,False
/run/media/falconnier/Elements/BIDS_datasets_selection/CORR/IPCAS_7/sub-0026075/ses-1/anat/sub-0026075_ses-1_run-1_T1w.nii.gz,sub-0026075,ses-1,efc,0.3182,"('IPCAS_7', nan, nan)",False,False,False,True,False
/run/media/falconnier/Elements/BIDS_datasets_selection/CORR/IPCAS_7/sub-0026115/ses-1/anat/sub-0026115_ses-1_run-1_T1w.nii.gz,sub-0026115,ses-1,efc,0.4274,"('IPCAS_7', nan, nan)",False,False,False,True,False
/run/media/falconnier/Elements/BIDS_datasets_selection/CORR/IPCAS_7/sub-0026075/ses-1/anat/sub-0026075_ses-1_run-1_T1w.nii.gz,sub-0026075,ses-1,nonzero_frac,0.3005074587735263,"('IPCAS_7', nan, nan)",False,True,True,True,False
/run/media/falconnier/Elements/BIDS_datasets_selection/CORR/IPCAS_7/sub-0026078/ses-1/anat/sub-0026078_ses-1_run-1_T1w.nii.gz,sub-0026078,ses-1,nonzero_frac,0.4812463413585316,"('IPCAS_7', nan, nan)",False,False,False,True,False
/run/media/falconnier/Elements/BIDS_datasets_selection/CORR/IPCAS_7/sub-0026075/ses-1/anat/sub-0026075_ses-1_run-1_T1w.nii.gz,sub-0026075,ses-1,n_nonzero,3466154.0,"('IPCAS_7', nan, nan)",False,True,True,True,False
/run/media/falconnier/Elements/BIDS_datasets_selection/CORR/IPCAS_7/sub-0026078/ses-1/anat/sub-0026078_ses-1_run-1_T1w.nii.gz,sub-0026078,ses-1,n_nonzero,5550857.0,"('IPCAS_7', nan, nan)",False,False,False,True,False
/run/media/falconnier/Elements/BIDS_datasets_selection/CORR/IPCAS_7/sub-0026067/ses-1/anat/sub-0026067_ses-1_run-1_T1w.nii.gz,sub-0026067,ses-1,kurtosis,1.9712916570169396,"('IPCAS_7', nan, nan)",False,False,False,True,False
/run/media/falconnier/Elements/BIDS_datasets_selection/CORR/IPCAS_7/sub-0026089/ses-1/anat/sub-0026089_ses-1_run-1_T1w.nii.gz,sub-0026089,ses-1,kurtosis,-0.3206756918183044,"('IPCAS_7', nan, nan)",False,False,False,True,False
/run/media/falconnier/Elements/BIDS_datasets_selection/CORR/IPCAS_7/sub-0026063/ses-1/anat/sub-0026063_ses-1_run-1_T1w.nii.gz,sub-0026063,ses-1,skewness,1.4182366854280504,"('IPCAS_7', nan, nan)",False,False,False,True,False
/run/media/falconnier/Elements/BIDS_datasets_selection/CORR/IPCAS_7/sub-0026089/ses-1/anat/sub-0026089_ses-1_run-1_T1w.nii.gz,sub-0026089,ses-1,skewness,0.8304527280157702,"('IPCAS_7', nan, nan)",False,False,False,True,False
/run/media/falconnier/Elements/BIDS_datasets_selection/CORR/IPCAS_8/sub-0025592/ses-1/anat/sub-0025592_ses-1_run-1_T1w.nii.gz,sub-0025592,ses-1,file_size_mb,4.241378784179688,"('IPCAS_8', nan, nan)",False,False,False,True,False
/run/media/falconnier/Elements/BIDS_datasets_selection/CORR/IPCAS_8/sub-0025594/ses-2/anat/sub-0025594_ses-2_run-1_T1w.nii.gz,sub-0025594,ses-2,file_size_mb,5.596967697143555,"('IPCAS_8', nan, nan)",False,False,False,True,False
/run/media/falconnier/Elements/BIDS_datasets_selection/CORR/IPCAS_8/sub-0025587/ses-2/anat/sub-0025587_ses-2_run-1_T1w.nii.gz,sub-0025587,ses-2,max,1029.0,"('IPCAS_8', nan, nan)",False,False,False,True,False
/run/media/falconnier/Elements/BIDS_datasets_selection/CORR/IPCAS_8/sub-0025592/ses-2/anat/sub-0025592_ses-2_run-1_T1w.nii.gz,sub-0025592,ses-2,max,634.0,"('IPCAS_8', nan, nan)",False,False,False,True,False
/run/media/falconnier/Elements/BIDS_datasets_selection/CORR/IPCAS_8/sub-0025597/ses-2/anat/sub-0025597_ses-2_run-1_T1w.nii.gz,sub-0025597,ses-2,median,95.0,"('IPCAS_8', nan, nan)",False,False,False,True,False
/run/media/falconnier/Elements/BIDS_datasets_selection/CORR/IPCAS_8/sub-0025592/ses-1/anat/sub-0025592_ses-1_run-1_T1w.nii.gz,sub-0025592,ses-1,mean,90.5637924996698,"('IPCAS_8', nan, nan)",False,False,False,True,False
/run/media/falconnier/Elements/BIDS_datasets_selection/CORR/IPCAS_8/sub-0025597/ses-2/anat/sub-0025597_ses-2_run-1_T1w.nii.gz,sub-0025597,ses-2,mean,124.67690888027931,"('IPCAS_8', nan, nan)",False,False,False,True,False
/run/media/falconnier/Elements/BIDS_datasets_selection/CORR/IPCAS_8/sub-0025587/ses-1/anat/sub-0025587_ses-1_run-1_T1w.nii.gz,sub-0025587,ses-1,std,129.3003595933673,"('IPCAS_8', nan, nan)",False,False,False,True,False
/run/media/falconnier/Elements/BIDS_datasets_selection/CORR/IPCAS_8/sub-0025592/ses-2/anat/sub-0025592_ses-2_run-1_T1w.nii.gz,sub-0025592,ses-2,std,97.17291371394856,"('IPCAS_8', nan, nan)",False,False,False,True,False
/run/media/falconnier/Elements/BIDS_datasets_selection/CORR/IPCAS_8/sub-0025597/ses-2/anat/sub-0025597_ses-2_run-1_T1w.nii.gz,sub-0025597,ses-2,mad,89.10211944580078,"('IPCAS_8', nan, nan)",False,False,False,True,False
/run/media/falconnier/Elements/BIDS_datasets_selection/CORR/IPCAS_8/sub-0025587/ses-2/anat/sub-0025587_ses-2_run-1_T1w.nii.gz,sub-0025587,ses-2,entropy,1.899878790716415,"('IPCAS_8', nan, nan)",False,False,False,True,False
/run/media/falconnier/Elements/BIDS_datasets_selection/CORR/IPCAS_8/sub-0025588/ses-2/anat/sub-0025588_ses-2_run-1_T1w.nii.gz,sub-0025588,ses-2,entropy,3.019111089018921,"('IPCAS_8', nan, nan)",False,False,False,True,False
/run/media/falconnier/Elements/BIDS_datasets_selection/CORR/IPCAS_8/sub-0025592/ses-1/anat/sub-0025592_ses-1_run-1_T1w.nii.gz,sub-0025592,ses-1,efc,0.3687,"('IPCAS_8', nan, nan)",False,False,False,True,False
/run/media/falconnier/Elements/BIDS_datasets_selection/CORR/IPCAS_8/sub-0025597/ses-1/anat/sub-0025597_ses-1_run-1_T1w.nii.gz,sub-0025597,ses-1,efc,0.4462,"('IPCAS_8', nan, nan)",False,False,False,True,False
/run/media/falconnier/Elements/BIDS_datasets_selection/CORR/IPCAS_8/sub-0025592/ses-2/anat/sub-0025592_ses-2_run-1_T1w.nii.gz,sub-0025592,ses-2,nonzero_frac,0.3544479608535766,"('IPCAS_8', nan, nan)",False,False,False,True,False
/run/media/falconnier/Elements/BIDS_datasets_selection/CORR/IPCAS_8/sub-0025594/ses-1/anat/sub-0025594_ses-1_run-1_T1w.nii.gz,sub-0025594,ses-1,nonzero_frac,0.4625724554061889,"('IPCAS_8', nan, nan)",False,False,False,True,False
/run/media/falconnier/Elements/BIDS_datasets_selection/CORR/IPCAS_8/sub-0025592/ses-2/anat/sub-0025592_ses-2_run-1_T1w.nii.gz,sub-0025592,ses-2,n_nonzero,2973325.0,"('IPCAS_8', nan, nan)",False,False,False,True,False
/run/media/falconnier/Elements/BIDS_datasets_selection/CORR/IPCAS_8/sub-0025594/ses-1/anat/sub-0025594_ses-1_run-1_T1w.nii.gz,sub-0025594,ses-1,n_nonzero,3880339.0,"('IPCAS_8', nan, nan)",False,False,False,True,False
/run/media/falconnier/Elements/BIDS_datasets_selection/CORR/IPCAS_8/sub-0025586/ses-1/anat/sub-0025586_ses-1_run-1_T1w.nii.gz,sub-0025586,ses-1,kurtosis,-0.4634989590538305,"('IPCAS_8', nan, nan)",False,False,False,True,False
/run/media/falconnier/Elements/BIDS_datasets_selection/CORR/IPCAS_8/sub-0025598/ses-1/anat/sub-0025598_ses-1_run-1_T1w.nii.gz,sub-0025598,ses-1,kurtosis,-0.7925201053289102,"('IPCAS_8', nan, nan)",False,False,False,True,False
/run/media/falconnier/Elements/BIDS_datasets_selection/CORR/IPCAS_8/sub-0025586/ses-1/anat/sub-0025586_ses-1_run-1_T1w.nii.gz,sub-0025586,ses-1,skewness,0.8723919792382676,"('IPCAS_8', nan, nan)",False,False,False,True,False
/run/media/falconnier/Elements/BIDS_datasets_selection/CORR/IPCAS_8/sub-0025598/ses-1/anat/sub-0025598_ses-1_run-1_T1w.nii.gz,sub-0025598,ses-1,skewness,0.6632484825630153,"('IPCAS_8', nan, nan)",False,False,False,True,False
/run/media/falconnier/Elements/BIDS_datasets_selection/CORR/JHNU/sub-0025602/ses-1/anat/sub-0025602_ses-1_run-1_T1w.nii.gz,sub-0025602,ses-1,file_size_mb,11.036628723144531,"('JHNU', nan, nan)",False,True,True,True,False
/run/media/falconnier/Elements/BIDS_datasets_selection/CORR/JHNU/sub-0025619/ses-1/anat/sub-0025619_ses-1_run-1_T1w.nii.gz,sub-0025619,ses-1,file_size_mb,5.511373519897461,"('JHNU', nan, nan)",False,False,False,True,False
/run/media/falconnier/Elements/BIDS_datasets_selection/CORR/JHNU/sub-0025612/ses-1/anat/sub-0025612_ses-1_run-1_T1w.nii.gz,sub-0025612,ses-1,max,1606.0,"('JHNU', nan, nan)",False,True,True,False,False
/run/media/falconnier/Elements/BIDS_datasets_selection/CORR/JHNU/sub-0025621/ses-1/anat/sub-0025621_ses-1_run-1_T1w.nii.gz,sub-0025621,ses-1,max,1643.0,"('JHNU', nan, nan)",False,True,True,True,False
/run/media/falconnier/Elements/BIDS_datasets_selection/CORR/JHNU/sub-0025622/ses-1/anat/sub-0025622_ses-1_run-1_T1w.nii.gz,sub-0025622,ses-1,max,596.0,"('JHNU', nan, nan)",False,False,False,True,False
/run/media/falconnier/Elements/BIDS_datasets_selection/CORR/JHNU/sub-0025600/ses-1/anat/sub-0025600_ses-1_run-1_T1w.nii.gz,sub-0025600,ses-1,median,154.0,"('JHNU', nan, nan)",False,False,False,True,False
/run/media/falconnier/Elements/BIDS_datasets_selection/CORR/JHNU/sub-0025602/ses-1/anat/sub-0025602_ses-1_run-1_T1w.nii.gz,sub-0025602,ses-1,median,31.0,"('JHNU', nan, nan)",False,False,False,True,False
/run/media/falconnier/Elements/BIDS_datasets_selection/CORR/JHNU/sub-0025600/ses-1/anat/sub-0025600_ses-1_run-1_T1w.nii.gz,sub-0025600,ses-1,mean,164.0753747955503,"('JHNU', nan, nan)",False,False,False,True,False
/run/media/falconnier/Elements/BIDS_datasets_selection/CORR/JHNU/sub-0025622/ses-1/anat/sub-0025622_ses-1_run-1_T1w.nii.gz,sub-0025622,ses-1,mean,106.03681289507304,"('JHNU', nan, nan)",False,False,False,True,False
/run/media/falconnier/Elements/BIDS_datasets_selection/CORR/JHNU/sub-0025602/ses-1/anat/sub-0025602_ses-1_run-1_T1w.nii.gz,sub-0025602,ses-1,std,174.07267315510714,"('JHNU', nan, nan)",False,False,False,True,False
/run/media/falconnier/Elements/BIDS_datasets_selection/CORR/JHNU/sub-0025622/ses-1/anat/sub-0025622_ses-1_run-1_T1w.nii.gz,sub-0025622,ses-1,std,111.435500442063,"('JHNU', nan, nan)",False,False,False,True,False
/run/media/falconnier/Elements/BIDS_datasets_selection/CORR/JHNU/sub-0025600/ses-1/anat/sub-0025600_ses-1_run-1_T1w.nii.gz,sub-0025600,ses-1,mad,141.0,"('JHNU', nan, nan)",False,False,False,True,False
/run/media/falconnier/Elements/BIDS_datasets_selection/CORR/JHNU/sub-0025602/ses-1/anat/sub-0025602_ses-1_run-1_T1w.nii.gz,sub-0025602,ses-1,mad,29.0,"('JHNU', nan, nan)",False,False,False,True,False
/run/media/falconnier/Elements/BIDS_datasets_selection/CORR/JHNU/sub-0025612/ses-1/anat/sub-0025612_ses-1_run-1_T1w.nii.gz,sub-0025612,ses-1,entropy,1.2157054701731584,"('JHNU', nan, nan)",False,True,True,False,False
/run/media/falconnier/Elements/BIDS_datasets_selection/CORR/JHNU/sub-0025621/ses-1/anat/sub-0025621_ses-1_run-1_T1w.nii.gz,sub-0025621,ses-1,entropy,1.1952903910676576,"('JHNU', nan, nan)",False,True,True,True,False
/run/media/falconnier/Elements/BIDS_datasets_selection/CORR/JHNU/sub-0025622/ses-1/anat/sub-0025622_ses-1_run-1_T1w.nii.gz,sub-0025622,ses-1,entropy,3.2554331591668597,"('JHNU', nan, nan)",False,True,True,True,False
/run/media/falconnier/Elements/BIDS_datasets_selection/CORR/JHNU/sub-0025602/ses-1/anat/sub-0025602_ses-1_run-1_T1w.nii.gz,sub-0025602,ses-1,efc,0.5113,"('JHNU', nan, nan)",False,True,True,True,False
/run/media/falconnier/Elements/BIDS_datasets_selection/CORR/JHNU/sub-0025619/ses-1/anat/sub-0025619_ses-1_run-1_T1w.nii.gz,sub-0025619,ses-1,efc,0.3724,"('JHNU', nan, nan)",False,False,False,True,False
/run/media/falconnier/Elements/BIDS_datasets_selection/CORR/JHNU/sub-0025602/ses-1/anat/sub-0025602_ses-1_run-1_T1w.nii.gz,sub-0025602,ses-1,nonzero_frac,0.6968111558393999,"('JHNU', nan, nan)",False,True,True,True,False
/run/media/falconnier/Elements/BIDS_datasets_selection/CORR/JHNU/sub-0025619/ses-1/anat/sub-0025619_ses-1_run-1_T1w.nii.gz,sub-0025619,ses-1,nonzero_frac,0.3643580717198989,"('JHNU', nan, nan)",False,False,False,True,False
/run/media/falconnier/Elements/BIDS_datasets_selection/CORR/JHNU/sub-0025602/ses-1/anat/sub-0025602_ses-1_run-1_T1w.nii.gz,sub-0025602,ses-1,n_nonzero,8037254.0,"('JHNU', nan, nan)",False,True,True,True,False
/run/media/falconnier/Elements/BIDS_datasets_selection/CORR/JHNU/sub-0025619/ses-1/anat/sub-0025619_ses-1_run-1_T1w.nii.gz,sub-0025619,ses-1,n_nonzero,4059357.0,"('JHNU', nan, nan)",False,False,False,True,False
/run/media/falconnier/Elements/BIDS_datasets_selection/CORR/JHNU/sub-0025602/ses-1/anat/sub-0025602_ses-1_run-1_T1w.nii.gz,sub-0025602,ses-1,kurtosis,-0.1260784256276075,"('JHNU', nan, nan)",False,False,False,True,False
/run/media/falconnier/Elements/BIDS_datasets_selection/CORR/JHNU/sub-0025611/ses-1/anat/sub-0025611_ses-1_run-1_T1w.nii.gz,sub-0025611,ses-1,kurtosis,-0.8920019482649542,"('JHNU', nan, nan)",False,False,False,True,False
/run/media/falconnier/Elements/BIDS_datasets_selection/CORR/JHNU/sub-0025600/ses-1/anat/sub-0025600_ses-1_run-1_T1w.nii.gz,sub-0025600,ses-1,skewness,0.4877381815793132,"('JHNU', nan, nan)",False,False,False,True,False
/run/media/falconnier/Elements/BIDS_datasets_selection/CORR/JHNU/sub-0025602/ses-1/anat/sub-0025602_ses-1_run-1_T1w.nii.gz,sub-0025602,ses-1,skewness,0.9549657972780664,"('JHNU', nan, nan)",False,False,False,True,False
/run/media/falconnier/Elements/BIDS_datasets_selection/CORR/LMU_1/sub-0025337/ses-1/anat/sub-0025337_ses-1_run-1_T1w.nii.gz,sub-0025337,ses-1,file_size_mb,5.975851058959961,"('LMU_1', nan, nan)",False,False,False,True,False
/run/media/falconnier/Elements/BIDS_datasets_selection/CORR/LMU_1/sub-0025356/ses-1/anat/sub-0025356_ses-1_run-1_T1w.nii.gz,sub-0025356,ses-1,file_size_mb,3.8318300247192383,"('LMU_1', nan, nan)",False,False,False,False,True
/run/media/falconnier/Elements/BIDS_datasets_selection/CORR/LMU_1/sub-0025359/ses-1/anat/sub-0025359_ses-1_run-1_T1w.nii.gz,sub-0025359,ses-1,file_size_mb,3.673429489135742,"('LMU_1', nan, nan)",False,False,False,True,True
/run/media/falconnier/Elements/BIDS_datasets_selection/CORR/LMU_1/sub-0025335/ses-1/anat/sub-0025335_ses-1_run-1_T1w.nii.gz,sub-0025335,ses-1,max,182.0,"('LMU_1', nan, nan)",False,False,False,True,False
/run/media/falconnier/Elements/BIDS_datasets_selection/CORR/LMU_1/sub-0025354/ses-1/anat/sub-0025354_ses-1_run-1_T1w.nii.gz,sub-0025354,ses-1,max,6295.0,"('LMU_1', nan, nan)",True,True,True,True,False
/run/media/falconnier/Elements/BIDS_datasets_selection/CORR/LMU_1/sub-0025354/ses-1/anat/sub-0025354_ses-1_run-1_T1w.nii.gz,sub-0025354,ses-1,median,582.0,"('LMU_1', nan, nan)",True,True,True,True,False
/run/media/falconnier/Elements/BIDS_datasets_selection/CORR/LMU_1/sub-0025354/ses-1/anat/sub-0025354_ses-1_run-1_T1w.nii.gz,sub-0025354,ses-1,mean,642.3170309592176,"('LMU_1', nan, nan)",True,True,True,True,False
/run/media/falconnier/Elements/BIDS_datasets_selection/CORR/LMU_1/sub-0025360/ses-1/anat/sub-0025360_ses-1_run-1_T1w.nii.gz,sub-0025360,ses-1,mean,34.55085764858068,"('LMU_1', nan, nan)",False,False,False,True,False
/run/media/falconnier/Elements/BIDS_datasets_selection/CORR/LMU_1/sub-0025341/ses-1/anat/sub-0025341_ses-1_run-1_T1w.nii.gz,sub-0025341,ses-1,std,27.35422773270413,"('LMU_1', nan, nan)",False,False,False,True,False
/run/media/falconnier/Elements/BIDS_datasets_selection/CORR/LMU_1/sub-0025354/ses-1/anat/sub-0025354_ses-1_run-1_T1w.nii.gz,sub-0025354,ses-1,std,513.5824629248384,"('LMU_1', nan, nan)",True,True,True,True,False
/run/media/falconnier/Elements/BIDS_datasets_selection/CORR/LMU_1/sub-0025354/ses-1/anat/sub-0025354_ses-1_run-1_T1w.nii.gz,sub-0025354,ses-1,mad,388.0,"('LMU_1', nan, nan)",True,True,True,True,False
/run/media/falconnier/Elements/BIDS_datasets_selection/CORR/LMU_1/sub-0025335/ses-1/anat/sub-0025335_ses-1_run-1_T1w.nii.gz,sub-0025335,ses-1,entropy,8.395758501677696,"('LMU_1', nan, nan)",False,False,False,True,False
/run/media/falconnier/Elements/BIDS_datasets_selection/CORR/LMU_1/sub-0025354/ses-1/anat/sub-0025354_ses-1_run-1_T1w.nii.gz,sub-0025354,ses-1,entropy,0.4270086743158234,"('LMU_1', nan, nan)",False,True,True,True,False
/run/media/falconnier/Elements/BIDS_datasets_selection/CORR/LMU_1/sub-0025337/ses-1/anat/sub-0025337_ses-1_run-1_T1w.nii.gz,sub-0025337,ses-1,efc,0.4115,"('LMU_1', nan, nan)",False,False,False,True,False
/run/media/falconnier/Elements/BIDS_datasets_selection/CORR/LMU_1/sub-0025359/ses-1/anat/sub-0025359_ses-1_run-1_T1w.nii.gz,sub-0025359,ses-1,efc,0.3023,"('LMU_1', nan, nan)",False,False,False,True,False
/run/media/falconnier/Elements/BIDS_datasets_selection/CORR/LMU_1/sub-0025337/ses-1/anat/sub-0025337_ses-1_run-1_T1w.nii.gz,sub-0025337,ses-1,nonzero_frac,0.3255382191051136,"('LMU_1', nan, nan)",False,False,False,True,False
/run/media/falconnier/Elements/BIDS_datasets_selection/CORR/LMU_1/sub-0025359/ses-1/anat/sub-0025359_ses-1_run-1_T1w.nii.gz,sub-0025359,ses-1,nonzero_frac,0.1982249173251065,"('LMU_1', nan, nan)",False,False,False,True,False
/run/media/falconnier/Elements/BIDS_datasets_selection/CORR/LMU_1/sub-0025337/ses-1/anat/sub-0025337_ses-1_run-1_T1w.nii.gz,sub-0025337,ses-1,n_nonzero,4693584.0,"('LMU_1', nan, nan)",False,False,False,True,False
/run/media/falconnier/Elements/BIDS_datasets_selection/CORR/LMU_1/sub-0025359/ses-1/anat/sub-0025359_ses-1_run-1_T1w.nii.gz,sub-0025359,ses-1,n_nonzero,2857991.0,"('LMU_1', nan, nan)",False,False,False,True,False
/run/media/falconnier/Elements/BIDS_datasets_selection/CORR/LMU_1/sub-0025335/ses-1/anat/sub-0025335_ses-1_run-1_T1w.nii.gz,sub-0025335,ses-1,kurtosis,-0.8568474808725908,"('LMU_1', nan, nan)",False,False,False,True,False
/run/media/falconnier/Elements/BIDS_datasets_selection/CORR/LMU_1/sub-0025341/ses-1/anat/sub-0025341_ses-1_run-1_T1w.nii.gz,sub-0025341,ses-1,kurtosis,0.6600833586309913,"('LMU_1', nan, nan)",False,False,False,True,False
/run/media/falconnier/Elements/BIDS_datasets_selection/CORR/LMU_1/sub-0025340/ses-1/anat/sub-0025340_ses-1_run-1_T1w.nii.gz,sub-0025340,ses-1,skewness,0.4895862948567462,"('LMU_1', nan, nan)",False,False,False,True,False
/run/media/falconnier/Elements/BIDS_datasets_selection/CORR/LMU_1/sub-0025346/ses-1/anat/sub-0025346_ses-1_run-1_T1w.nii.gz,sub-0025346,ses-1,skewness,0.7321638155517494,"('LMU_1', nan, nan)",False,False,False,True,False
/run/media/falconnier/Elements/BIDS_datasets_selection/CORR/LMU_2/sub-0025364/ses-1/anat/sub-0025364_ses-1_run-1_T1w.nii.gz,sub-0025364,ses-1,file_size_mb,11.557639122009276,"('LMU_2', nan, nan)",False,False,True,False,False
/run/media/falconnier/Elements/BIDS_datasets_selection/CORR/LMU_2/sub-0025365/ses-1/anat/sub-0025365_ses-1_run-1_T1w.nii.gz,sub-0025365,ses-1,file_size_mb,11.601885795593262,"('LMU_2', nan, nan)",False,False,True,True,False
/run/media/falconnier/Elements/BIDS_datasets_selection/CORR/LMU_2/sub-0025370/ses-1/anat/sub-0025370_ses-1_run-1_T1w.nii.gz,sub-0025370,ses-1,file_size_mb,10.7156343460083,"('LMU_2', nan, nan)",False,False,True,False,False
/run/media/falconnier/Elements/BIDS_datasets_selection/CORR/LMU_2/sub-0025372/ses-1/anat/sub-0025372_ses-1_run-1_T1w.nii.gz,sub-0025372,ses-1,file_size_mb,10.917625427246094,"('LMU_2', nan, nan)",False,False,True,False,False
/run/media/falconnier/Elements/BIDS_datasets_selection/CORR/LMU_2/sub-0025379/ses-1/anat/sub-0025379_ses-1_run-1_T1w.nii.gz,sub-0025379,ses-1,file_size_mb,5.113944053649902,"('LMU_2', nan, nan)",False,False,False,True,False
/run/media/falconnier/Elements/BIDS_datasets_selection/CORR/LMU_2/sub-0025393/ses-1/anat/sub-0025393_ses-1_run-1_T1w.nii.gz,sub-0025393,ses-1,file_size_mb,10.717755317687988,"('LMU_2', nan, nan)",False,False,True,False,False
/run/media/falconnier/Elements/BIDS_datasets_selection/CORR/LMU_2/sub-0025401/ses-1/anat/sub-0025401_ses-1_run-1_T1w.nii.gz,sub-0025401,ses-1,file_size_mb,10.610629081726074,"('LMU_2', nan, nan)",False,False,True,False,False
/run/media/falconnier/Elements/BIDS_datasets_selection/CORR/LMU_2/sub-0025378/ses-1/anat/sub-0025378_ses-1_run-1_T1w.nii.gz,sub-0025378,ses-1,max,3015.0,"('LMU_2', nan, nan)",False,True,True,True,False
/run/media/falconnier/Elements/BIDS_datasets_selection/CORR/LMU_2/sub-0025400/ses-1/anat/sub-0025400_ses-1_run-1_T1w.nii.gz,sub-0025400,ses-1,max,972.0,"('LMU_2', nan, nan)",False,False,False,True,False
/run/media/falconnier/Elements/BIDS_datasets_selection/CORR/LMU_2/sub-0025374/ses-1/anat/sub-0025374_ses-1_run-1_T1w.nii.gz,sub-0025374,ses-1,median,215.0,"('LMU_2', nan, nan)",False,False,False,True,False
/run/media/falconnier/Elements/BIDS_datasets_selection/CORR/LMU_2/sub-0025401/ses-1/anat/sub-0025401_ses-1_run-1_T1w.nii.gz,sub-0025401,ses-1,median,62.0,"('LMU_2', nan, nan)",False,False,False,True,False
/run/media/falconnier/Elements/BIDS_datasets_selection/CORR/LMU_2/sub-0025383/ses-1/anat/sub-0025383_ses-1_run-1_T1w.nii.gz,sub-0025383,ses-1,mean,213.97733335866556,"('LMU_2', nan, nan)",False,False,False,True,False
/run/media/falconnier/Elements/BIDS_datasets_selection/CORR/LMU_2/sub-0025391/ses-1/anat/sub-0025391_ses-1_run-1_T1w.nii.gz,sub-0025391,ses-1,mean,139.3018991230141,"('LMU_2', nan, nan)",False,False,False,True,False
/run/media/falconnier/Elements/BIDS_datasets_selection/CORR/LMU_2/sub-0025378/ses-1/anat/sub-0025378_ses-1_run-1_T1w.nii.gz,sub-0025378,ses-1,std,194.44201773475805,"('LMU_2', nan, nan)",False,False,False,True,False
/run/media/falconnier/Elements/BIDS_datasets_selection/CORR/LMU_2/sub-0025394/ses-1/anat/sub-0025394_ses-1_run-1_T1w.nii.gz,sub-0025394,ses-1,std,133.0325029515074,"('LMU_2', nan, nan)",False,False,False,True,False
/run/media/falconnier/Elements/BIDS_datasets_selection/CORR/LMU_2/sub-0025379/ses-1/anat/sub-0025379_ses-1_run-1_T1w.nii.gz,sub-0025379,ses-1,mad,145.0,"('LMU_2', nan, nan)",False,False,False,True,False
/run/media/falconnier/Elements/BIDS_datasets_selection/CORR/LMU_2/sub-0025401/ses-1/anat/sub-0025401_ses-1_run-1_T1w.nii.gz,sub-0025401,ses-1,mad,47.0,"('LMU_2', nan, nan)",False,False,False,True,False
/run/media/falconnier/Elements/BIDS_datasets_selection/CORR/LMU_2/sub-0025371/ses-1/anat/sub-0025371_ses-1_run-1_T1w.nii.gz,sub-0025371,ses-1,entropy,2.3066004506790807,"('LMU_2', nan, nan)",False,False,False,True,False
/run/media/falconnier/Elements/BIDS_datasets_selection/CORR/LMU_2/sub-0025378/ses-1/anat/sub-0025378_ses-1_run-1_T1w.nii.gz,sub-0025378,ses-1,entropy,0.7525805779272735,"('LMU_2', nan, nan)",False,False,False,True,False
/run/media/falconnier/Elements/BIDS_datasets_selection/CORR/LMU_2/sub-0025364/ses-1/anat/sub-0025364_ses-1_run-1_T1w.nii.gz,sub-0025364,ses-1,efc,0.6346,"('LMU_2', nan, nan)",False,False,False,True,False
/run/media/falconnier/Elements/BIDS_datasets_selection/CORR/LMU_2/sub-0025379/ses-1/anat/sub-0025379_ses-1_run-1_T1w.nii.gz,sub-0025379,ses-1,efc,0.3996,"('LMU_2', nan, nan)",False,False,False,True,False
/run/media/falconnier/Elements/BIDS_datasets_selection/CORR/LMU_2/sub-0025365/ses-1/anat/sub-0025365_ses-1_run-1_T1w.nii.gz,sub-0025365,ses-1,nonzero_frac,0.7830647786458333,"('LMU_2', nan, nan)",False,False,True,True,False
/run/media/falconnier/Elements/BIDS_datasets_selection/CORR/LMU_2/sub-0025379/ses-1/anat/sub-0025379_ses-1_run-1_T1w.nii.gz,sub-0025379,ses-1,nonzero_frac,0.3220323689778646,"('LMU_2', nan, nan)",False,False,False,True,False
/run/media/falconnier/Elements/BIDS_datasets_selection/CORR/LMU_2/sub-0025393/ses-1/anat/sub-0025393_ses-1_run-1_T1w.nii.gz,sub-0025393,ses-1,nonzero_frac,0.7625218709309896,"('LMU_2', nan, nan)",False,False,True,False,False
/run/media/falconnier/Elements/BIDS_datasets_selection/CORR/LMU_2/sub-0025365/ses-1/anat/sub-0025365_ses-1_run-1_T1w.nii.gz,sub-0025365,ses-1,n_nonzero,7697840.0,"('LMU_2', nan, nan)",False,False,True,True,False
/run/media/falconnier/Elements/BIDS_datasets_selection/CORR/LMU_2/sub-0025379/ses-1/anat/sub-0025379_ses-1_run-1_T1w.nii.gz,sub-0025379,ses-1,n_nonzero,3165707.0,"('LMU_2', nan, nan)",False,False,False,True,False
/run/media/falconnier/Elements/BIDS_datasets_selection/CORR/LMU_2/sub-0025393/ses-1/anat/sub-0025393_ses-1_run-1_T1w.nii.gz,sub-0025393,ses-1,n_nonzero,7495895.0,"('LMU_2', nan, nan)",False,False,True,False,False
/run/media/falconnier/Elements/BIDS_datasets_selection/CORR/LMU_2/sub-0025365/ses-1/anat/sub-0025365_ses-1_run-1_T1w.nii.gz,sub-0025365,ses-1,kurtosis,1.2071546115775904,"('LMU_2', nan, nan)",False,False,True,False,False
/run/media/falconnier/Elements/BIDS_datasets_selection/CORR/LMU_2/sub-0025366/ses-1/anat/sub-0025366_ses-1_run-1_T1w.nii.gz,sub-0025366,ses-1,kurtosis,0.9407676330081588,"('LMU_2', nan, nan)",False,False,True,False,False
/run/media/falconnier/Elements/BIDS_datasets_selection/CORR/LMU_2/sub-0025370/ses-1/anat/sub-0025370_ses-1_run-1_T1w.nii.gz,sub-0025370,ses-1,kurtosis,1.3799482977421895,"('LMU_2', nan, nan)",False,False,True,False,False
/run/media/falconnier/Elements/BIDS_datasets_selection/CORR/LMU_2/sub-0025378/ses-1/anat/sub-0025378_ses-1_run-1_T1w.nii.gz,sub-0025378,ses-1,kurtosis,3.8520989039364864,"('LMU_2', nan, nan)",False,True,True,True,False
/run/media/falconnier/Elements/BIDS_datasets_selection/CORR/LMU_2/sub-0025386/ses-1/anat/sub-0025386_ses-1_run-1_T1w.nii.gz,sub-0025386,ses-1,kurtosis,2.9299025768255,"('LMU_2', nan, nan)",False,True,True,False,False
/run/media/falconnier/Elements/BIDS_datasets_selection/CORR/LMU_2/sub-0025394/ses-1/anat/sub-0025394_ses-1_run-1_T1w.nii.gz,sub-0025394,ses-1,kurtosis,-0.9389618012095866,"('LMU_2', nan, nan)",False,False,False,True,False
/run/media/falconnier/Elements/BIDS_datasets_selection/CORR/LMU_2/sub-0025386/ses-1/anat/sub-0025386_ses-1_run-1_T1w.nii.gz,sub-0025386,ses-1,skewness,1.4654463132118558,"('LMU_2', nan, nan)",False,False,True,True,False
/run/media/falconnier/Elements/BIDS_datasets_selection/CORR/LMU_2/sub-0025394/ses-1/anat/sub-0025394_ses-1_run-1_T1w.nii.gz,sub-0025394,ses-1,skewness,0.5136633052784962,"('LMU_2', nan, nan)",False,False,False,True,False
/run/media/falconnier/Elements/BIDS_datasets_selection/CORR/LMU_3/sub-0025402/ses-2/anat/sub-0025402_ses-2_run-1_T1w.nii.gz,sub-0025402,ses-2,file_size_mb,5.309199333190918,"('LMU_3', nan, nan)",False,False,False,True,False
/run/media/falconnier/Elements/BIDS_datasets_selection/CORR/LMU_3/sub-0025414/ses-2/anat/sub-0025414_ses-2_run-1_T1w.nii.gz,sub-0025414,ses-2,file_size_mb,10.365527153015137,"('LMU_3', nan, nan)",False,False,False,True,False
/run/media/falconnier/Elements/BIDS_datasets_selection/CORR/LMU_3/sub-0025415/ses-1/anat/sub-0025415_ses-1_run-1_T1w.nii.gz,sub-0025415,ses-1,max,663.0,"('LMU_3', nan, nan)",False,False,False,True,False
/run/media/falconnier/Elements/BIDS_datasets_selection/CORR/LMU_3/sub-0025421/ses-1/anat/sub-0025421_ses-1_run-1_T1w.nii.gz,sub-0025421,ses-1,max,1610.0,"('LMU_3', nan, nan)",False,False,False,True,False
/run/media/falconnier/Elements/BIDS_datasets_selection/CORR/LMU_3/sub-0025412/ses-1/anat/sub-0025412_ses-1_run-1_T1w.nii.gz,sub-0025412,ses-1,median,170.0,"('LMU_3', nan, nan)",False,False,False,True,False
/run/media/falconnier/Elements/BIDS_datasets_selection/CORR/LMU_3/sub-0025415/ses-2/anat/sub-0025415_ses-2_run-1_T1w.nii.gz,sub-0025415,ses-2,median,61.0,"('LMU_3', nan, nan)",False,False,False,True,False
/run/media/falconnier/Elements/BIDS_datasets_selection/CORR/LMU_3/sub-0025412/ses-1/anat/sub-0025412_ses-1_run-1_T1w.nii.gz,sub-0025412,ses-1,mean,197.74918636162056,"('LMU_3', nan, nan)",False,False,False,True,False
/run/media/falconnier/Elements/BIDS_datasets_selection/CORR/LMU_3/sub-0025415/ses-2/anat/sub-0025415_ses-2_run-1_T1w.nii.gz,sub-0025415,ses-2,mean,105.41739289297176,"('LMU_3', nan, nan)",False,False,False,True,False
/run/media/falconnier/Elements/BIDS_datasets_selection/CORR/LMU_3/sub-0025402/ses-2/anat/sub-0025402_ses-2_run-1_T1w.nii.gz,sub-0025402,ses-2,std,95.3329359710422,"('LMU_3', nan, nan)",False,False,False,True,False
/run/media/falconnier/Elements/BIDS_datasets_selection/CORR/LMU_3/sub-0025420/ses-1/anat/sub-0025420_ses-1_run-1_T1w.nii.gz,sub-0025420,ses-1,std,203.26742883009544,"('LMU_3', nan, nan)",False,False,False,True,False
/run/media/falconnier/Elements/BIDS_datasets_selection/CORR/LMU_3/sub-0025412/ses-1/anat/sub-0025412_ses-1_run-1_T1w.nii.gz,sub-0025412,ses-1,mad,146.0,"('LMU_3', nan, nan)",False,False,False,True,False
/run/media/falconnier/Elements/BIDS_datasets_selection/CORR/LMU_3/sub-0025415/ses-1/anat/sub-0025415_ses-1_run-1_T1w.nii.gz,sub-0025415,ses-1,entropy,2.9893211923970853,"('LMU_3', nan, nan)",False,False,False,True,False
/run/media/falconnier/Elements/BIDS_datasets_selection/CORR/LMU_3/sub-0025421/ses-1/anat/sub-0025421_ses-1_run-1_T1w.nii.gz,sub-0025421,ses-1,entropy,1.361318565647956,"('LMU_3', nan, nan)",False,False,False,True,False
/run/media/falconnier/Elements/BIDS_datasets_selection/CORR/LMU_3/sub-0025413/ses-1/anat/sub-0025413_ses-1_run-1_T1w.nii.gz,sub-0025413,ses-1,efc,0.404,"('LMU_3', nan, nan)",False,False,False,True,False
/run/media/falconnier/Elements/BIDS_datasets_selection/CORR/LMU_3/sub-0025414/ses-2/anat/sub-0025414_ses-2_run-1_T1w.nii.gz,sub-0025414,ses-2,efc,0.6081,"('LMU_3', nan, nan)",False,False,False,True,False
/run/media/falconnier/Elements/BIDS_datasets_selection/CORR/LMU_3/sub-0025402/ses-2/anat/sub-0025402_ses-2_run-1_T1w.nii.gz,sub-0025402,ses-2,nonzero_frac,0.3679868570963541,"('LMU_3', nan, nan)",False,False,False,True,False
/run/media/falconnier/Elements/BIDS_datasets_selection/CORR/LMU_3/sub-0025405/ses-2/anat/sub-0025405_ses-2_run-1_T1w.nii.gz,sub-0025405,ses-2,nonzero_frac,0.7354922485351563,"('LMU_3', nan, nan)",False,False,True,False,False
/run/media/falconnier/Elements/BIDS_datasets_selection/CORR/LMU_3/sub-0025414/ses-2/anat/sub-0025414_ses-2_run-1_T1w.nii.gz,sub-0025414,ses-2,nonzero_frac,0.7646488444010416,"('LMU_3', nan, nan)",False,False,True,True,False
/run/media/falconnier/Elements/BIDS_datasets_selection/CORR/LMU_3/sub-0025402/ses-2/anat/sub-0025402_ses-2_run-1_T1w.nii.gz,sub-0025402,ses-2,n_nonzero,3617458.0,"('LMU_3', nan, nan)",False,False,False,True,False
/run/media/falconnier/Elements/BIDS_datasets_selection/CORR/LMU_3/sub-0025403/ses-2/anat/sub-0025403_ses-2_run-1_T1w.nii.gz,sub-0025403,ses-2,n_nonzero,6976252.0,"('LMU_3', nan, nan)",False,False,True,False,False
/run/media/falconnier/Elements/BIDS_datasets_selection/CORR/LMU_3/sub-0025405/ses-2/anat/sub-0025405_ses-2_run-1_T1w.nii.gz,sub-0025405,ses-2,n_nonzero,7230183.0,"('LMU_3', nan, nan)",False,False,True,False,False
/run/media/falconnier/Elements/BIDS_datasets_selection/CORR/LMU_3/sub-0025414/ses-2/anat/sub-0025414_ses-2_run-1_T1w.nii.gz,sub-0025414,ses-2,n_nonzero,7516804.0,"('LMU_3', nan, nan)",False,False,True,True,False
/run/media/falconnier/Elements/BIDS_datasets_selection/CORR/LMU_3/sub-0025425/ses-2/anat/sub-0025425_ses-2_run-1_T1w.nii.gz,sub-0025425,ses-2,n_nonzero,6943260.0,"('LMU_3', nan, nan)",False,False,True,False,False
/run/media/falconnier/Elements/BIDS_datasets_selection/CORR/LMU_3/sub-0025406/ses-2/anat/sub-0025406_ses-2_run-1_T1w.nii.gz,sub-0025406,ses-2,kurtosis,-0.8919764964976324,"('LMU_3', nan, nan)",False,False,False,True,False
/run/media/falconnier/Elements/BIDS_datasets_selection/CORR/LMU_3/sub-0025413/ses-1/anat/sub-0025413_ses-1_run-1_T1w.nii.gz,sub-0025413,ses-1,kurtosis,3.6980362793942376,"('LMU_3', nan, nan)",False,True,True,True,False
/run/media/falconnier/Elements/BIDS_datasets_selection/CORR/LMU_3/sub-0025414/ses-2/anat/sub-0025414_ses-2_run-1_T1w.nii.gz,sub-0025414,ses-2,kurtosis,1.584662902267385,"('LMU_3', nan, nan)",False,True,True,False,False
/run/media/falconnier/Elements/BIDS_datasets_selection/CORR/LMU_3/sub-0025420/ses-1/anat/sub-0025420_ses-1_run-1_T1w.nii.gz,sub-0025420,ses-1,kurtosis,3.3135083344164817,"('LMU_3', nan, nan)",False,True,True,False,False
/run/media/falconnier/Elements/BIDS_datasets_selection/CORR/LMU_3/sub-0025402/ses-2/anat/sub-0025402_ses-2_run-1_T1w.nii.gz,sub-0025402,ses-2,skewness,0.5920849863511503,"('LMU_3', nan, nan)",False,False,False,True,False
/run/media/falconnier/Elements/BIDS_datasets_selection/CORR/LMU_3/sub-0025413/ses-1/anat/sub-0025413_ses-1_run-1_T1w.nii.gz,sub-0025413,ses-1,skewness,1.6856925189187113,"('LMU_3', nan, nan)",False,True,True,True,False
/run/media/falconnier/Elements/BIDS_datasets_selection/CORR/LMU_3/sub-0025420/ses-1/anat/sub-0025420_ses-1_run-1_T1w.nii.gz,sub-0025420,ses-1,skewness,1.634623925526986,"('LMU_3', nan, nan)",False,True,True,False,False
/run/media/falconnier/Elements/BIDS_datasets_selection/CORR/MPG_1/sub-0027445/ses-1/anat/sub-0027445_ses-1_acq-inv1phs_run-1_T1w.nii.gz,sub-0027445,ses-1,file_size_mb,6.24757194519043,"('MPG_1', nan, nan)",False,False,True,True,False
/run/media/falconnier/Elements/BIDS_datasets_selection/CORR/MPG_1/sub-0027442/ses-1/anat/sub-0027442_ses-1_acq-inv2phs_run-1_T1w.nii.gz,sub-0027442,ses-1,file_size_mb,76.14068603515625,"('MPG_1', nan, nan)",False,False,True,False,False
/run/media/falconnier/Elements/BIDS_datasets_selection/CORR/MPG_1/sub-0027443/ses-1/anat/sub-0027443_ses-1_acq-inv2phs_run-1_T1w.nii.gz,sub-0027443,ses-1,file_size_mb,77.3630428314209,"('MPG_1', nan, nan)",False,False,True,True,False
/run/media/falconnier/Elements/BIDS_datasets_selection/CORR/MPG_1/sub-0027446/ses-1/anat/sub-0027446_ses-1_acq-inv1phs_run-1_T1w.nii.gz,sub-0027446,ses-1,file_size_mb,9.965033531188965,"('MPG_1', nan, nan)",False,False,False,True,False
/run/media/falconnier/Elements/BIDS_datasets_selection/CORR/MPG_1/sub-0027444/ses-1/anat/sub-0027444_ses-1_acq-inv2phs_run-1_T1w.nii.gz,sub-0027444,ses-1,file_size_mb,78.76998901367188,"('MPG_1', nan, nan)",False,False,True,True,False
/run/media/falconnier/Elements/BIDS_datasets_selection/CORR/MPG_1/sub-0027430/ses-1/anat/sub-0027430_ses-1_acq-inv1_run-1_T1w.nii.gz,sub-0027430,ses-1,max,580.0,"('MPG_1', nan, nan)",False,False,True,False,False
/run/media/falconnier/Elements/BIDS_datasets_selection/CORR/MPG_1/sub-0027430/ses-1/anat/sub-0027430_ses-1_acq-inv2_run-1_T1w.nii.gz,sub-0027430,ses-1,max,1081.0,"('MPG_1', nan, nan)",False,False,True,False,False
/run/media/falconnier/Elements/BIDS_datasets_selection/CORR/MPG_1/sub-0027431/ses-1/anat/sub-0027431_ses-1_acq-inv1_run-1_T1w.nii.gz,sub-0027431,ses-1,max,546.0,"('MPG_1', nan, nan)",False,False,True,False,False
/run/media/falconnier/Elements/BIDS_datasets_selection/CORR/MPG_1/sub-0027431/ses-1/anat/sub-0027431_ses-1_acq-inv2_run-1_T1w.nii.gz,sub-0027431,ses-1,max,840.0,"('MPG_1', nan, nan)",False,False,True,False,False
/run/media/falconnier/Elements/BIDS_datasets_selection/CORR/MPG_1/sub-0027432/ses-1/anat/sub-0027432_ses-1_acq-inv1_run-1_T1w.nii.gz,sub-0027432,ses-1,max,400.0,"('MPG_1', nan, nan)",False,False,True,True,False
/run/media/falconnier/Elements/BIDS_datasets_selection/CORR/MPG_1/sub-0027432/ses-1/anat/sub-0027432_ses-1_acq-inv2_run-1_T1w.nii.gz,sub-0027432,ses-1,max,724.0,"('MPG_1', nan, nan)",False,False,True,False,False
/run/media/falconnier/Elements/BIDS_datasets_selection/CORR/MPG_1/sub-0027433/ses-1/anat/sub-0027433_ses-1_acq-inv1_run-1_T1w.nii.gz,sub-0027433,ses-1,max,482.0,"('MPG_1', nan, nan)",False,False,True,False,False
/run/media/falconnier/Elements/BIDS_datasets_selection/CORR/MPG_1/sub-0027433/ses-1/anat/sub-0027433_ses-1_acq-inv2_run-1_T1w.nii.gz,sub-0027433,ses-1,max,674.0,"('MPG_1', nan, nan)",False,False,True,False,False
/run/media/falconnier/Elements/BIDS_datasets_selection/CORR/MPG_1/sub-0027434/ses-1/anat/sub-0027434_ses-1_acq-inv1_run-1_T1w.nii.gz,sub-0027434,ses-1,max,392.0,"('MPG_1', nan, nan)",False,False,True,True,False
/run/media/falconnier/Elements/BIDS_datasets_selection/CORR/MPG_1/sub-0027434/ses-1/anat/sub-0027434_ses-1_acq-inv2_run-1_T1w.nii.gz,sub-0027434,ses-1,max,899.0,"('MPG_1', nan, nan)",False,False,True,False,False
/run/media/falconnier/Elements/BIDS_datasets_selection/CORR/MPG_1/sub-0027435/ses-1/anat/sub-0027435_ses-1_acq-inv1_run-1_T1w.nii.gz,sub-0027435,ses-1,max,527.0,"('MPG_1', nan, nan)",False,False,True,False,False
/run/media/falconnier/Elements/BIDS_datasets_selection/CORR/MPG_1/sub-0027435/ses-1/anat/sub-0027435_ses-1_acq-inv2_run-1_T1w.nii.gz,sub-0027435,ses-1,max,615.0,"('MPG_1', nan, nan)",False,False,True,False,False
/run/media/falconnier/Elements/BIDS_datasets_selection/CORR/MPG_1/sub-0027436/ses-1/anat/sub-0027436_ses-1_acq-inv1_run-1_T1w.nii.gz,sub-0027436,ses-1,max,449.0,"('MPG_1', nan, nan)",False,False,True,False,False
/run/media/falconnier/Elements/BIDS_datasets_selection/CORR/MPG_1/sub-0027436/ses-1/anat/sub-0027436_ses-1_acq-inv2_run-1_T1w.nii.gz,sub-0027436,ses-1,max,589.0,"('MPG_1', nan, nan)",False,False,True,False,False
/run/media/falconnier/Elements/BIDS_datasets_selection/CORR/MPG_1/sub-0027437/ses-1/anat/sub-0027437_ses-1_acq-inv1_run-1_T1w.nii.gz,sub-0027437,ses-1,max,650.0,"('MPG_1', nan, nan)",False,False,True,False,False
/run/media/falconnier/Elements/BIDS_datasets_selection/CORR/MPG_1/sub-0027437/ses-1/anat/sub-0027437_ses-1_acq-inv2_run-1_T1w.nii.gz,sub-0027437,ses-1,max,1206.0,"('MPG_1', nan, nan)",False,False,True,False,False
/run/media/falconnier/Elements/BIDS_datasets_selection/CORR/MPG_1/sub-0027438/ses-1/anat/sub-0027438_ses-1_acq-inv1_run-1_T1w.nii.gz,sub-0027438,ses-1,max,667.0,"('MPG_1', nan, nan)",False,False,True,False,False
/run/media/falconnier/Elements/BIDS_datasets_selection/CORR/MPG_1/sub-0027438/ses-1/anat/sub-0027438_ses-1_acq-inv2_run-1_T1w.nii.gz,sub-0027438,ses-1,max,970.0,"('MPG_1', nan, nan)",False,False,True,False,False
/run/media/falconnier/Elements/BIDS_datasets_selection/CORR/MPG_1/sub-0027439/ses-1/anat/sub-0027439_ses-1_acq-inv1_run-1_T1w.nii.gz,sub-0027439,ses-1,max,783.0,"('MPG_1', nan, nan)",False,False,True,False,False
/run/media/falconnier/Elements/BIDS_datasets_selection/CORR/MPG_1/sub-0027439/ses-1/anat/sub-0027439_ses-1_acq-inv2_run-1_T1w.nii.gz,sub-0027439,ses-1,max,1084.0,"('MPG_1', nan, nan)",False,False,True,False,False
/run/media/falconnier/Elements/BIDS_datasets_selection/CORR/MPG_1/sub-0027440/ses-1/anat/sub-0027440_ses-1_acq-inv1_run-1_T1w.nii.gz,sub-0027440,ses-1,max,523.0,"('MPG_1', nan, nan)",False,False,True,False,False
/run/media/falconnier/Elements/BIDS_datasets_selection/CORR/MPG_1/sub-0027440/ses-1/anat/sub-0027440_ses-1_acq-inv2_run-1_T1w.nii.gz,sub-0027440,ses-1,max,913.0,"('MPG_1', nan, nan)",False,False,True,False,False
/run/media/falconnier/Elements/BIDS_datasets_selection/CORR/MPG_1/sub-0027441/ses-1/anat/sub-0027441_ses-1_acq-inv1_run-1_T1w.nii.gz,sub-0027441,ses-1,max,592.0,"('MPG_1', nan, nan)",False,False,True,False,False
/run/media/falconnier/Elements/BIDS_datasets_selection/CORR/MPG_1/sub-0027441/ses-1/anat/sub-0027441_ses-1_acq-inv2_run-1_T1w.nii.gz,sub-0027441,ses-1,max,832.0,"('MPG_1', nan, nan)",False,False,True,False,False
/run/media/falconnier/Elements/BIDS_datasets_selection/CORR/MPG_1/sub-0027442/ses-1/anat/sub-0027442_ses-1_acq-inv1_run-1_T1w.nii.gz,sub-0027442,ses-1,max,498.0,"('MPG_1', nan, nan)",False,False,True,False,False
/run/media/falconnier/Elements/BIDS_datasets_selection/CORR/MPG_1/sub-0027442/ses-1/anat/sub-0027442_ses-1_acq-inv2_run-1_T1w.nii.gz,sub-0027442,ses-1,max,530.0,"('MPG_1', nan, nan)",False,False,True,False,False
/run/media/falconnier/Elements/BIDS_datasets_selection/CORR/MPG_1/sub-0027443/ses-1/anat/sub-0027443_ses-1_acq-inv1_run-1_T1w.nii.gz,sub-0027443,ses-1,max,553.0,"('MPG_1', nan, nan)",False,False,True,False,False
/run/media/falconnier/Elements/BIDS_datasets_selection/CORR/MPG_1/sub-0027443/ses-1/anat/sub-0027443_ses-1_acq-inv2_run-1_T1w.nii.gz,sub-0027443,ses-1,max,908.0,"('MPG_1', nan, nan)",False,False,True,False,False
/run/media/falconnier/Elements/BIDS_datasets_selection/CORR/MPG_1/sub-0027444/ses-1/anat/sub-0027444_ses-1_acq-inv1_run-1_T1w.nii.gz,sub-0027444,ses-1,max,501.0,"('MPG_1', nan, nan)",False,False,True,False,False
/run/media/falconnier/Elements/BIDS_datasets_selection/CORR/MPG_1/sub-0027444/ses-1/anat/sub-0027444_ses-1_acq-inv2_run-1_T1w.nii.gz,sub-0027444,ses-1,max,711.0,"('MPG_1', nan, nan)",False,False,True,False,False
/run/media/falconnier/Elements/BIDS_datasets_selection/CORR/MPG_1/sub-0027445/ses-1/anat/sub-0027445_ses-1_acq-inv1_run-1_T1w.nii.gz,sub-0027445,ses-1,max,521.0,"('MPG_1', nan, nan)",False,False,True,False,False
/run/media/falconnier/Elements/BIDS_datasets_selection/CORR/MPG_1/sub-0027445/ses-1/anat/sub-0027445_ses-1_acq-inv1phs_run-1_T1w.nii.gz,sub-0027445,ses-1,max,1380.0,"('MPG_1', nan, nan)",False,False,True,False,False
/run/media/falconnier/Elements/BIDS_datasets_selection/CORR/MPG_1/sub-0027443/ses-1/anat/sub-0027443_ses-1_acq-inv2phs_run-1_T1w.nii.gz,sub-0027443,ses-1,max,4095.0,"('MPG_1', nan, nan)",False,False,False,True,False
/run/media/falconnier/Elements/BIDS_datasets_selection/CORR/MPG_1/sub-0027445/ses-1/anat/sub-0027445_ses-1_acq-inv2_run-1_T1w.nii.gz,sub-0027445,ses-1,max,557.0,"('MPG_1', nan, nan)",False,False,True,False,False
/run/media/falconnier/Elements/BIDS_datasets_selection/CORR/MPG_1/sub-0027446/ses-1/anat/sub-0027446_ses-1_acq-inv1phs_run-1_T1w.nii.gz,sub-0027446,ses-1,max,1298.0,"('MPG_1', nan, nan)",False,False,True,False,False
/run/media/falconnier/Elements/BIDS_datasets_selection/CORR/MPG_1/sub-0027446/ses-1/anat/sub-0027446_ses-1_acq-inv1_run-1_T1w.nii.gz,sub-0027446,ses-1,max,513.0,"('MPG_1', nan, nan)",False,False,True,False,False
/run/media/falconnier/Elements/BIDS_datasets_selection/CORR/MPG_1/sub-0027446/ses-1/anat/sub-0027446_ses-1_acq-inv2_run-1_T1w.nii.gz,sub-0027446,ses-1,max,542.0,"('MPG_1', nan, nan)",False,False,True,False,False
/run/media/falconnier/Elements/BIDS_datasets_selection/CORR/MPG_1/sub-0027444/ses-1/anat/sub-0027444_ses-1_acq-inv2phs_run-1_T1w.nii.gz,sub-0027444,ses-1,max,4095.0,"('MPG_1', nan, nan)",False,False,False,True,False
/run/media/falconnier/Elements/BIDS_datasets_selection/CORR/MPG_1/sub-0027447/ses-1/anat/sub-0027447_ses-1_acq-inv1_run-1_T1w.nii.gz,sub-0027447,ses-1,max,529.0,"('MPG_1', nan, nan)",False,False,True,False,False
/run/media/falconnier/Elements/BIDS_datasets_selection/CORR/MPG_1/sub-0027447/ses-1/anat/sub-0027447_ses-1_acq-inv2_run-1_T1w.nii.gz,sub-0027447,ses-1,max,1124.0,"('MPG_1', nan, nan)",False,False,True,False,False
/run/media/falconnier/Elements/BIDS_datasets_selection/CORR/MPG_1/sub-0027447/ses-1/anat/sub-0027447_ses-1_acq-inv1phs_run-1_T1w.nii.gz,sub-0027447,ses-1,max,1911.0,"('MPG_1', nan, nan)",False,False,True,False,False
/run/media/falconnier/Elements/BIDS_datasets_selection/CORR/MPG_1/sub-0027448/ses-1/anat/sub-0027448_ses-1_acq-inv1_run-1_T1w.nii.gz,sub-0027448,ses-1,max,605.0,"('MPG_1', nan, nan)",False,False,True,False,False
/run/media/falconnier/Elements/BIDS_datasets_selection/CORR/MPG_1/sub-0027448/ses-1/anat/sub-0027448_ses-1_acq-inv1phs_run-1_T1w.nii.gz,sub-0027448,ses-1,max,2441.0,"('MPG_1', nan, nan)",False,False,True,False,False
/run/media/falconnier/Elements/BIDS_datasets_selection/CORR/MPG_1/sub-0027448/ses-1/anat/sub-0027448_ses-1_acq-inv2_run-1_T1w.nii.gz,sub-0027448,ses-1,max,1111.0,"('MPG_1', nan, nan)",False,False,True,False,False
/run/media/falconnier/Elements/BIDS_datasets_selection/CORR/MPG_1/sub-0027449/ses-1/anat/sub-0027449_ses-1_acq-inv1_run-1_T1w.nii.gz,sub-0027449,ses-1,max,715.0,"('MPG_1', nan, nan)",False,False,True,False,False
/run/media/falconnier/Elements/BIDS_datasets_selection/CORR/MPG_1/sub-0027449/ses-1/anat/sub-0027449_ses-1_acq-inv2_run-1_T1w.nii.gz,sub-0027449,ses-1,max,829.0,"('MPG_1', nan, nan)",False,False,True,False,False
/run/media/falconnier/Elements/BIDS_datasets_selection/CORR/MPG_1/sub-0027449/ses-1/anat/sub-0027449_ses-1_acq-inv1phs_run-1_T1w.nii.gz,sub-0027449,ses-1,max,1860.0,"('MPG_1', nan, nan)",False,False,True,False,False
/run/media/falconnier/Elements/BIDS_datasets_selection/CORR/MPG_1/sub-0027450/ses-1/anat/sub-0027450_ses-1_acq-inv1_run-1_T1w.nii.gz,sub-0027450,ses-1,max,676.0,"('MPG_1', nan, nan)",False,False,True,False,False
/run/media/falconnier/Elements/BIDS_datasets_selection/CORR/MPG_1/sub-0027450/ses-1/anat/sub-0027450_ses-1_acq-inv2_run-1_T1w.nii.gz,sub-0027450,ses-1,max,753.0,"('MPG_1', nan, nan)",False,False,True,False,False
/run/media/falconnier/Elements/BIDS_datasets_selection/CORR/MPG_1/sub-0027450/ses-1/anat/sub-0027450_ses-1_acq-inv1phs_run-1_T1w.nii.gz,sub-0027450,ses-1,max,1693.0,"('MPG_1', nan, nan)",False,False,True,False,False
/run/media/falconnier/Elements/BIDS_datasets_selection/CORR/MPG_1/sub-0027451/ses-1/anat/sub-0027451_ses-1_acq-inv1_run-1_T1w.nii.gz,sub-0027451,ses-1,max,514.0,"('MPG_1', nan, nan)",False,False,True,False,False
/run/media/falconnier/Elements/BIDS_datasets_selection/CORR/MPG_1/sub-0027451/ses-1/anat/sub-0027451_ses-1_acq-inv1phs_run-1_T1w.nii.gz,sub-0027451,ses-1,max,2208.0,"('MPG_1', nan, nan)",False,False,True,False,False
/run/media/falconnier/Elements/BIDS_datasets_selection/CORR/MPG_1/sub-0027451/ses-1/anat/sub-0027451_ses-1_acq-inv2_run-1_T1w.nii.gz,sub-0027451,ses-1,max,1075.0,"('MPG_1', nan, nan)",False,False,True,False,False
/run/media/falconnier/Elements/BIDS_datasets_selection/CORR/MPG_1/sub-0027430/ses-1/anat/sub-0027430_ses-1_acq-uni_run-1_T1w.nii.gz,sub-0027430,ses-1,median,2103.0,"('MPG_1', nan, nan)",False,False,True,False,False
/run/media/falconnier/Elements/BIDS_datasets_selection/CORR/MPG_1/sub-0027430/ses-1/anat/sub-0027430_ses-1_run-1_T1w.nii.gz,sub-0027430,ses-1,median,1834.0,"('MPG_1', nan, nan)",False,False,True,False,False
/run/media/falconnier/Elements/BIDS_datasets_selection/CORR/MPG_1/sub-0027431/ses-1/anat/sub-0027431_ses-1_acq-uni_run-1_T1w.nii.gz,sub-0027431,ses-1,median,2104.0,"('MPG_1', nan, nan)",False,False,True,False,False
/run/media/falconnier/Elements/BIDS_datasets_selection/CORR/MPG_1/sub-0027431/ses-1/anat/sub-0027431_ses-1_run-1_T1w.nii.gz,sub-0027431,ses-1,median,1833.0,"('MPG_1', nan, nan)",False,False,True,False,False
/run/media/falconnier/Elements/BIDS_datasets_selection/CORR/MPG_1/sub-0027432/ses-1/anat/sub-0027432_ses-1_acq-uni_run-1_T1w.nii.gz,sub-0027432,ses-1,median,2135.0,"('MPG_1', nan, nan)",False,False,True,True,False
/run/media/falconnier/Elements/BIDS_datasets_selection/CORR/MPG_1/sub-0027432/ses-1/anat/sub-0027432_ses-1_run-1_T1w.nii.gz,sub-0027432,ses-1,median,1817.0,"('MPG_1', nan, nan)",False,False,True,False,False
/run/media/falconnier/Elements/BIDS_datasets_selection/CORR/MPG_1/sub-0027433/ses-1/anat/sub-0027433_ses-1_acq-uni_run-1_T1w.nii.gz,sub-0027433,ses-1,median,2105.0,"('MPG_1', nan, nan)",False,False,True,False,False
/run/media/falconnier/Elements/BIDS_datasets_selection/CORR/MPG_1/sub-0027433/ses-1/anat/sub-0027433_ses-1_run-1_T1w.nii.gz,sub-0027433,ses-1,median,1832.0,"('MPG_1', nan, nan)",False,False,True,False,False
/run/media/falconnier/Elements/BIDS_datasets_selection/CORR/MPG_1/sub-0027434/ses-1/anat/sub-0027434_ses-1_acq-uni_run-1_T1w.nii.gz,sub-0027434,ses-1,median,2125.0,"('MPG_1', nan, nan)",False,False,True,False,False
/run/media/falconnier/Elements/BIDS_datasets_selection/CORR/MPG_1/sub-0027434/ses-1/anat/sub-0027434_ses-1_run-1_T1w.nii.gz,sub-0027434,ses-1,median,1822.0,"('MPG_1', nan, nan)",False,False,True,False,False
/run/media/falconnier/Elements/BIDS_datasets_selection/CORR/MPG_1/sub-0027435/ses-1/anat/sub-0027435_ses-1_acq-uni_run-1_T1w.nii.gz,sub-0027435,ses-1,median,2081.0,"('MPG_1', nan, nan)",False,False,True,False,False
/run/media/falconnier/Elements/BIDS_datasets_selection/CORR/MPG_1/sub-0027435/ses-1/anat/sub-0027435_ses-1_run-1_T1w.nii.gz,sub-0027435,ses-1,median,1844.0,"('MPG_1', nan, nan)",False,False,True,False,False
/run/media/falconnier/Elements/BIDS_datasets_selection/CORR/MPG_1/sub-0027436/ses-1/anat/sub-0027436_ses-1_acq-uni_run-1_T1w.nii.gz,sub-0027436,ses-1,median,2101.0,"('MPG_1', nan, nan)",False,False,True,False,False
/run/media/falconnier/Elements/BIDS_datasets_selection/CORR/MPG_1/sub-0027436/ses-1/anat/sub-0027436_ses-1_run-1_T1w.nii.gz,sub-0027436,ses-1,median,1834.0,"('MPG_1', nan, nan)",False,False,True,False,False
/run/media/falconnier/Elements/BIDS_datasets_selection/CORR/MPG_1/sub-0027437/ses-1/anat/sub-0027437_ses-1_acq-uni_run-1_T1w.nii.gz,sub-0027437,ses-1,median,2131.0,"('MPG_1', nan, nan)",False,False,True,False,False
/run/media/falconnier/Elements/BIDS_datasets_selection/CORR/MPG_1/sub-0027437/ses-1/anat/sub-0027437_ses-1_run-1_T1w.nii.gz,sub-0027437,ses-1,median,1819.0,"('MPG_1', nan, nan)",False,False,True,False,False
/run/media/falconnier/Elements/BIDS_datasets_selection/CORR/MPG_1/sub-0027438/ses-1/anat/sub-0027438_ses-1_acq-uni_run-1_T1w.nii.gz,sub-0027438,ses-1,median,2128.0,"('MPG_1', nan, nan)",False,False,True,False,False
/run/media/falconnier/Elements/BIDS_datasets_selection/CORR/MPG_1/sub-0027438/ses-1/anat/sub-0027438_ses-1_run-1_T1w.nii.gz,sub-0027438,ses-1,median,1821.0,"('MPG_1', nan, nan)",False,False,True,False,False
/run/media/falconnier/Elements/BIDS_datasets_selection/CORR/MPG_1/sub-0027439/ses-1/anat/sub-0027439_ses-1_acq-uni_run-1_T1w.nii.gz,sub-0027439,ses-1,median,2104.0,"('MPG_1', nan, nan)",False,False,True,False,False
/run/media/falconnier/Elements/BIDS_datasets_selection/CORR/MPG_1/sub-0027439/ses-1/anat/sub-0027439_ses-1_run-1_T1w.nii.gz,sub-0027439,ses-1,median,1833.0,"('MPG_1', nan, nan)",False,False,True,False,False
/run/media/falconnier/Elements/BIDS_datasets_selection/CORR/MPG_1/sub-0027440/ses-1/anat/sub-0027440_ses-1_acq-uni_run-1_T1w.nii.gz,sub-0027440,ses-1,median,2128.0,"('MPG_1', nan, nan)",False,False,True,False,False
/run/media/falconnier/Elements/BIDS_datasets_selection/CORR/MPG_1/sub-0027440/ses-1/anat/sub-0027440_ses-1_run-1_T1w.nii.gz,sub-0027440,ses-1,median,1821.0,"('MPG_1', nan, nan)",False,False,True,False,False
/run/media/falconnier/Elements/BIDS_datasets_selection/CORR/MPG_1/sub-0027441/ses-1/anat/sub-0027441_ses-1_acq-uni_run-1_T1w.nii.gz,sub-0027441,ses-1,median,2118.0,"('MPG_1', nan, nan)",False,False,True,False,False
/run/media/falconnier/Elements/BIDS_datasets_selection/CORR/MPG_1/sub-0027441/ses-1/anat/sub-0027441_ses-1_run-1_T1w.nii.gz,sub-0027441,ses-1,median,1826.0,"('MPG_1', nan, nan)",False,False,True,False,False
/run/media/falconnier/Elements/BIDS_datasets_selection/CORR/MPG_1/sub-0027442/ses-1/anat/sub-0027442_ses-1_acq-uni_run-1_T1w.nii.gz,sub-0027442,ses-1,median,2084.0,"('MPG_1', nan, nan)",False,False,True,False,False
/run/media/falconnier/Elements/BIDS_datasets_selection/CORR/MPG_1/sub-0027442/ses-1/anat/sub-0027442_ses-1_run-1_T1w.nii.gz,sub-0027442,ses-1,median,1843.0,"('MPG_1', nan, nan)",False,False,True,False,False
/run/media/falconnier/Elements/BIDS_datasets_selection/CORR/MPG_1/sub-0027443/ses-1/anat/sub-0027443_ses-1_acq-uni_run-1_T1w.nii.gz,sub-0027443,ses-1,median,2074.0,"('MPG_1', nan, nan)",False,False,True,False,False
/run/media/falconnier/Elements/BIDS_datasets_selection/CORR/MPG_1/sub-0027443/ses-1/anat/sub-0027443_ses-1_run-1_T1w.nii.gz,sub-0027443,ses-1,median,1848.0,"('MPG_1', nan, nan)",False,False,True,False,False
/run/media/falconnier/Elements/BIDS_datasets_selection/CORR/MPG_1/sub-0027444/ses-1/anat/sub-0027444_ses-1_acq-uni_run-1_T1w.nii.gz,sub-0027444,ses-1,median,2081.0,"('MPG_1', nan, nan)",False,False,True,False,False
/run/media/falconnier/Elements/BIDS_datasets_selection/CORR/MPG_1/sub-0027444/ses-1/anat/sub-0027444_ses-1_run-1_T1w.nii.gz,sub-0027444,ses-1,median,1845.0,"('MPG_1', nan, nan)",False,False,True,False,False
/run/media/falconnier/Elements/BIDS_datasets_selection/CORR/MPG_1/sub-0027445/ses-1/anat/sub-0027445_ses-1_acq-inv1phs_run-1_T1w.nii.gz,sub-0027445,ses-1,median,139.0,"('MPG_1', nan, nan)",False,False,True,False,False
/run/media/falconnier/Elements/BIDS_datasets_selection/CORR/MPG_1/sub-0027446/ses-1/anat/sub-0027446_ses-1_acq-inv1phs_run-1_T1w.nii.gz,sub-0027446,ses-1,median,81.0,"('MPG_1', nan, nan)",False,False,True,False,False
/run/media/falconnier/Elements/BIDS_datasets_selection/CORR/MPG_1/sub-0027445/ses-1/anat/sub-0027445_ses-1_acq-uni_run-1_T1w.nii.gz,sub-0027445,ses-1,median,2086.0,"('MPG_1', nan, nan)",False,False,True,False,False
/run/media/falconnier/Elements/BIDS_datasets_selection/CORR/MPG_1/sub-0027445/ses-1/anat/sub-0027445_ses-1_run-1_T1w.nii.gz,sub-0027445,ses-1,median,1842.0,"('MPG_1', nan, nan)",False,False,True,False,False
/run/media/falconnier/Elements/BIDS_datasets_selection/CORR/MPG_1/sub-0027446/ses-1/anat/sub-0027446_ses-1_acq-uni_run-1_T1w.nii.gz,sub-0027446,ses-1,median,2093.0,"('MPG_1', nan, nan)",False,False,True,False,False
/run/media/falconnier/Elements/BIDS_datasets_selection/CORR/MPG_1/sub-0027446/ses-1/anat/sub-0027446_ses-1_run-1_T1w.nii.gz,sub-0027446,ses-1,median,1838.0,"('MPG_1', nan, nan)",False,False,True,False,False
/run/media/falconnier/Elements/BIDS_datasets_selection/CORR/MPG_1/sub-0027447/ses-1/anat/sub-0027447_ses-1_acq-uni_run-1_T1w.nii.gz,sub-0027447,ses-1,median,2116.0,"('MPG_1', nan, nan)",False,False,True,False,False
/run/media/falconnier/Elements/BIDS_datasets_selection/CORR/MPG_1/sub-0027447/ses-1/anat/sub-0027447_ses-1_run-1_T1w.nii.gz,sub-0027447,ses-1,median,1827.0,"('MPG_1', nan, nan)",False,False,True,False,False
/run/media/falconnier/Elements/BIDS_datasets_selection/CORR/MPG_1/sub-0027448/ses-1/anat/sub-0027448_ses-1_acq-uni_run-1_T1w.nii.gz,sub-0027448,ses-1,median,2144.0,"('MPG_1', nan, nan)",False,False,True,True,False
/run/media/falconnier/Elements/BIDS_datasets_selection/CORR/MPG_1/sub-0027448/ses-1/anat/sub-0027448_ses-1_run-1_T1w.nii.gz,sub-0027448,ses-1,median,1813.0,"('MPG_1', nan, nan)",False,False,True,False,False
/run/media/falconnier/Elements/BIDS_datasets_selection/CORR/MPG_1/sub-0027449/ses-1/anat/sub-0027449_ses-1_acq-uni_run-1_T1w.nii.gz,sub-0027449,ses-1,median,2095.0,"('MPG_1', nan, nan)",False,False,True,False,False
/run/media/falconnier/Elements/BIDS_datasets_selection/CORR/MPG_1/sub-0027449/ses-1/anat/sub-0027449_ses-1_run-1_T1w.nii.gz,sub-0027449,ses-1,median,1837.0,"('MPG_1', nan, nan)",False,False,True,False,False
/run/media/falconnier/Elements/BIDS_datasets_selection/CORR/MPG_1/sub-0027450/ses-1/anat/sub-0027450_ses-1_acq-uni_run-1_T1w.nii.gz,sub-0027450,ses-1,median,2108.0,"('MPG_1', nan, nan)",False,False,True,False,False
/run/media/falconnier/Elements/BIDS_datasets_selection/CORR/MPG_1/sub-0027450/ses-1/anat/sub-0027450_ses-1_run-1_T1w.nii.gz,sub-0027450,ses-1,median,1831.0,"('MPG_1', nan, nan)",False,False,True,False,False
/run/media/falconnier/Elements/BIDS_datasets_selection/CORR/MPG_1/sub-0027451/ses-1/anat/sub-0027451_ses-1_acq-uni_run-1_T1w.nii.gz,sub-0027451,ses-1,median,2133.0,"('MPG_1', nan, nan)",False,False,True,False,False
/run/media/falconnier/Elements/BIDS_datasets_selection/CORR/MPG_1/sub-0027451/ses-1/anat/sub-0027451_ses-1_run-1_T1w.nii.gz,sub-0027451,ses-1,median,1818.0,"('MPG_1', nan, nan)",False,False,True,False,False
/run/media/falconnier/Elements/BIDS_datasets_selection/CORR/MPG_1/sub-0027430/ses-1/anat/sub-0027430_ses-1_acq-uni_run-1_T1w.nii.gz,sub-0027430,ses-1,mean,2108.31870471853,"('MPG_1', nan, nan)",False,False,True,False,False
/run/media/falconnier/Elements/BIDS_datasets_selection/CORR/MPG_1/sub-0027430/ses-1/anat/sub-0027430_ses-1_run-1_T1w.nii.gz,sub-0027430,ses-1,mean,1876.640306274847,"('MPG_1', nan, nan)",False,False,True,False,False
/run/media/falconnier/Elements/BIDS_datasets_selection/CORR/MPG_1/sub-0027431/ses-1/anat/sub-0027431_ses-1_acq-uni_run-1_T1w.nii.gz,sub-0027431,ses-1,mean,2122.1108254671917,"('MPG_1', nan, nan)",False,False,True,False,False
/run/media/falconnier/Elements/BIDS_datasets_selection/CORR/MPG_1/sub-0027431/ses-1/anat/sub-0027431_ses-1_run-1_T1w.nii.gz,sub-0027431,ses-1,mean,1863.014867048045,"('MPG_1', nan, nan)",False,False,True,False,False
/run/media/falconnier/Elements/BIDS_datasets_selection/CORR/MPG_1/sub-0027432/ses-1/anat/sub-0027432_ses-1_acq-inv2phs_run-1_T1w.nii.gz,sub-0027432,ses-1,mean,-57.98698877225604,"('MPG_1', nan, nan)",False,False,False,True,False
/run/media/falconnier/Elements/BIDS_datasets_selection/CORR/MPG_1/sub-0027432/ses-1/anat/sub-0027432_ses-1_acq-uni_run-1_T1w.nii.gz,sub-0027432,ses-1,mean,2159.2498399600536,"('MPG_1', nan, nan)",False,False,True,True,False
/run/media/falconnier/Elements/BIDS_datasets_selection/CORR/MPG_1/sub-0027432/ses-1/anat/sub-0027432_ses-1_run-1_T1w.nii.gz,sub-0027432,ses-1,mean,1838.090362240148,"('MPG_1', nan, nan)",False,False,True,False,False
/run/media/falconnier/Elements/BIDS_datasets_selection/CORR/MPG_1/sub-0027433/ses-1/anat/sub-0027433_ses-1_acq-uni_run-1_T1w.nii.gz,sub-0027433,ses-1,mean,2111.384942131676,"('MPG_1', nan, nan)",False,False,True,False,False
/run/media/falconnier/Elements/BIDS_datasets_selection/CORR/MPG_1/sub-0027433/ses-1/anat/sub-0027433_ses-1_run-1_T1w.nii.gz,sub-0027433,ses-1,mean,1868.17727180032,"('MPG_1', nan, nan)",False,False,True,False,False
/run/media/falconnier/Elements/BIDS_datasets_selection/CORR/MPG_1/sub-0027434/ses-1/anat/sub-0027434_ses-1_acq-uni_run-1_T1w.nii.gz,sub-0027434,ses-1,mean,2134.576712810531,"('MPG_1', nan, nan)",False,False,True,False,False
/run/media/falconnier/Elements/BIDS_datasets_selection/CORR/MPG_1/sub-0027434/ses-1/anat/sub-0027434_ses-1_run-1_T1w.nii.gz,sub-0027434,ses-1,mean,1857.8370588891253,"('MPG_1', nan, nan)",False,False,True,False,False
/run/media/falconnier/Elements/BIDS_datasets_selection/CORR/MPG_1/sub-0027435/ses-1/anat/sub-0027435_ses-1_acq-inv2phs_run-1_T1w.nii.gz,sub-0027435,ses-1,mean,-95.62445007748316,"('MPG_1', nan, nan)",False,False,False,True,False
/run/media/falconnier/Elements/BIDS_datasets_selection/CORR/MPG_1/sub-0027435/ses-1/anat/sub-0027435_ses-1_acq-uni_run-1_T1w.nii.gz,sub-0027435,ses-1,mean,2083.057798881518,"('MPG_1', nan, nan)",False,False,True,False,False
/run/media/falconnier/Elements/BIDS_datasets_selection/CORR/MPG_1/sub-0027435/ses-1/anat/sub-0027435_ses-1_run-1_T1w.nii.gz,sub-0027435,ses-1,mean,1885.4066867138629,"('MPG_1', nan, nan)",False,False,True,False,False
/run/media/falconnier/Elements/BIDS_datasets_selection/CORR/MPG_1/sub-0027436/ses-1/anat/sub-0027436_ses-1_acq-uni_run-1_T1w.nii.gz,sub-0027436,ses-1,mean,2110.1115885359777,"('MPG_1', nan, nan)",False,False,True,False,False
/run/media/falconnier/Elements/BIDS_datasets_selection/CORR/MPG_1/sub-0027436/ses-1/anat/sub-0027436_ses-1_run-1_T1w.nii.gz,sub-0027436,ses-1,mean,1870.8160474824892,"('MPG_1', nan, nan)",False,False,True,False,False
/run/media/falconnier/Elements/BIDS_datasets_selection/CORR/MPG_1/sub-0027437/ses-1/anat/sub-0027437_ses-1_acq-uni_run-1_T1w.nii.gz,sub-0027437,ses-1,mean,2150.352842453688,"('MPG_1', nan, nan)",False,False,True,False,False
/run/media/falconnier/Elements/BIDS_datasets_selection/CORR/MPG_1/sub-0027437/ses-1/anat/sub-0027437_ses-1_run-1_T1w.nii.gz,sub-0027437,ses-1,mean,1846.437780703544,"('MPG_1', nan, nan)",False,False,True,False,False
/run/media/falconnier/Elements/BIDS_datasets_selection/CORR/MPG_1/sub-0027438/ses-1/anat/sub-0027438_ses-1_acq-uni_run-1_T1w.nii.gz,sub-0027438,ses-1,mean,2128.111298362655,"('MPG_1', nan, nan)",False,False,True,False,False
/run/media/falconnier/Elements/BIDS_datasets_selection/CORR/MPG_1/sub-0027438/ses-1/anat/sub-0027438_ses-1_run-1_T1w.nii.gz,sub-0027438,ses-1,mean,1860.973289894582,"('MPG_1', nan, nan)",False,False,True,False,False
/run/media/falconnier/Elements/BIDS_datasets_selection/CORR/MPG_1/sub-0027439/ses-1/anat/sub-0027439_ses-1_acq-uni_run-1_T1w.nii.gz,sub-0027439,ses-1,mean,2114.0495824646023,"('MPG_1', nan, nan)",False,False,True,False,False
/run/media/falconnier/Elements/BIDS_datasets_selection/CORR/MPG_1/sub-0027439/ses-1/anat/sub-0027439_ses-1_run-1_T1w.nii.gz,sub-0027439,ses-1,mean,1866.5047303285637,"('MPG_1', nan, nan)",False,False,True,False,False
/run/media/falconnier/Elements/BIDS_datasets_selection/CORR/MPG_1/sub-0027440/ses-1/anat/sub-0027440_ses-1_acq-uni_run-1_T1w.nii.gz,sub-0027440,ses-1,mean,2147.2818505948458,"('MPG_1', nan, nan)",False,False,True,False,False
/run/media/falconnier/Elements/BIDS_datasets_selection/CORR/MPG_1/sub-0027440/ses-1/anat/sub-0027440_ses-1_run-1_T1w.nii.gz,sub-0027440,ses-1,mean,1849.4331268966932,"('MPG_1', nan, nan)",False,False,True,False,False
/run/media/falconnier/Elements/BIDS_datasets_selection/CORR/MPG_1/sub-0027441/ses-1/anat/sub-0027441_ses-1_acq-uni_run-1_T1w.nii.gz,sub-0027441,ses-1,mean,2118.804840667058,"('MPG_1', nan, nan)",False,False,True,False,False
/run/media/falconnier/Elements/BIDS_datasets_selection/CORR/MPG_1/sub-0027441/ses-1/anat/sub-0027441_ses-1_run-1_T1w.nii.gz,sub-0027441,ses-1,mean,1865.643500350812,"('MPG_1', nan, nan)",False,False,True,False,False
/run/media/falconnier/Elements/BIDS_datasets_selection/CORR/MPG_1/sub-0027442/ses-1/anat/sub-0027442_ses-1_acq-uni_run-1_T1w.nii.gz,sub-0027442,ses-1,mean,2080.140678503696,"('MPG_1', nan, nan)",False,False,True,False,False
/run/media/falconnier/Elements/BIDS_datasets_selection/CORR/MPG_1/sub-0027442/ses-1/anat/sub-0027442_ses-1_run-1_T1w.nii.gz,sub-0027442,ses-1,mean,1889.415160834892,"('MPG_1', nan, nan)",False,False,True,False,False
/run/media/falconnier/Elements/BIDS_datasets_selection/CORR/MPG_1/sub-0027443/ses-1/anat/sub-0027443_ses-1_acq-uni_run-1_T1w.nii.gz,sub-0027443,ses-1,mean,2059.6302704141444,"('MPG_1', nan, nan)",False,False,True,False,False
/run/media/falconnier/Elements/BIDS_datasets_selection/CORR/MPG_1/sub-0027443/ses-1/anat/sub-0027443_ses-1_run-1_T1w.nii.gz,sub-0027443,ses-1,mean,1905.2332918352915,"('MPG_1', nan, nan)",False,False,True,False,False
/run/media/falconnier/Elements/BIDS_datasets_selection/CORR/MPG_1/sub-0027444/ses-1/anat/sub-0027444_ses-1_acq-uni_run-1_T1w.nii.gz,sub-0027444,ses-1,mean,2076.270550226529,"('MPG_1', nan, nan)",False,False,True,False,False
/run/media/falconnier/Elements/BIDS_datasets_selection/CORR/MPG_1/sub-0027444/ses-1/anat/sub-0027444_ses-1_run-1_T1w.nii.gz,sub-0027444,ses-1,mean,1889.1111694980384,"('MPG_1', nan, nan)",False,False,True,False,False
/run/media/falconnier/Elements/BIDS_datasets_selection/CORR/MPG_1/sub-0027445/ses-1/anat/sub-0027445_ses-1_acq-uni_run-1_T1w.nii.gz,sub-0027445,ses-1,mean,2090.8631464518785,"('MPG_1', nan, nan)",False,False,True,False,False
/run/media/falconnier/Elements/BIDS_datasets_selection/CORR/MPG_1/sub-0027445/ses-1/anat/sub-0027445_ses-1_run-1_T1w.nii.gz,sub-0027445,ses-1,mean,1877.83242813376,"('MPG_1', nan, nan)",False,False,True,False,False
/run/media/falconnier/Elements/BIDS_datasets_selection/CORR/MPG_1/sub-0027446/ses-1/anat/sub-0027446_ses-1_acq-uni_run-1_T1w.nii.gz,sub-0027446,ses-1,mean,2107.2015996091486,"('MPG_1', nan, nan)",False,False,True,False,False
/run/media/falconnier/Elements/BIDS_datasets_selection/CORR/MPG_1/sub-0027446/ses-1/anat/sub-0027446_ses-1_run-1_T1w.nii.gz,sub-0027446,ses-1,mean,1865.639725552477,"('MPG_1', nan, nan)",False,False,True,False,False
/run/media/falconnier/Elements/BIDS_datasets_selection/CORR/MPG_1/sub-0027447/ses-1/anat/sub-0027447_ses-1_acq-uni_run-1_T1w.nii.gz,sub-0027447,ses-1,mean,2115.3914569143644,"('MPG_1', nan, nan)",False,False,True,False,False
/run/media/falconnier/Elements/BIDS_datasets_selection/CORR/MPG_1/sub-0027447/ses-1/anat/sub-0027447_ses-1_run-1_T1w.nii.gz,sub-0027447,ses-1,mean,1874.9484869560608,"('MPG_1', nan, nan)",False,False,True,False,False
/run/media/falconnier/Elements/BIDS_datasets_selection/CORR/MPG_1/sub-0027448/ses-1/anat/sub-0027448_ses-1_acq-uni_run-1_T1w.nii.gz,sub-0027448,ses-1,mean,2162.405978796106,"('MPG_1', nan, nan)",False,False,True,True,False
/run/media/falconnier/Elements/BIDS_datasets_selection/CORR/MPG_1/sub-0027448/ses-1/anat/sub-0027448_ses-1_run-1_T1w.nii.gz,sub-0027448,ses-1,mean,1845.6543299973823,"('MPG_1', nan, nan)",False,False,True,False,False
/run/media/falconnier/Elements/BIDS_datasets_selection/CORR/MPG_1/sub-0027449/ses-1/anat/sub-0027449_ses-1_acq-uni_run-1_T1w.nii.gz,sub-0027449,ses-1,mean,2097.045960851728,"('MPG_1', nan, nan)",False,False,True,False,False
/run/media/falconnier/Elements/BIDS_datasets_selection/CORR/MPG_1/sub-0027449/ses-1/anat/sub-0027449_ses-1_run-1_T1w.nii.gz,sub-0027449,ses-1,mean,1874.309563339996,"('MPG_1', nan, nan)",False,False,True,False,False
/run/media/falconnier/Elements/BIDS_datasets_selection/CORR/MPG_1/sub-0027450/ses-1/anat/sub-0027450_ses-1_acq-uni_run-1_T1w.nii.gz,sub-0027450,ses-1,mean,2116.055496097258,"('MPG_1', nan, nan)",False,False,True,False,False
/run/media/falconnier/Elements/BIDS_datasets_selection/CORR/MPG_1/sub-0027450/ses-1/anat/sub-0027450_ses-1_run-1_T1w.nii.gz,sub-0027450,ses-1,mean,1863.358745515908,"('MPG_1', nan, nan)",False,False,True,False,False
/run/media/falconnier/Elements/BIDS_datasets_selection/CORR/MPG_1/sub-0027451/ses-1/anat/sub-0027451_ses-1_acq-uni_run-1_T1w.nii.gz,sub-0027451,ses-1,mean,2158.4751861618715,"('MPG_1', nan, nan)",False,False,True,False,False
/run/media/falconnier/Elements/BIDS_datasets_selection/CORR/MPG_1/sub-0027451/ses-1/anat/sub-0027451_ses-1_run-1_T1w.nii.gz,sub-0027451,ses-1,mean,1840.9503370192783,"('MPG_1', nan, nan)",False,False,True,False,False
/run/media/falconnier/Elements/BIDS_datasets_selection/CORR/MPG_1/sub-0027430/ses-1/anat/sub-0027430_ses-1_acq-inv1phs_run-1_T1w.nii.gz,sub-0027430,ses-1,std,2211.9188230445247,"('MPG_1', nan, nan)",False,True,False,False,False
/run/media/falconnier/Elements/BIDS_datasets_selection/CORR/MPG_1/sub-0027430/ses-1/anat/sub-0027430_ses-1_acq-inv2phs_run-1_T1w.nii.gz,sub-0027430,ses-1,std,2247.254332210578,"('MPG_1', nan, nan)",False,True,False,False,False
/run/media/falconnier/Elements/BIDS_datasets_selection/CORR/MPG_1/sub-0027431/ses-1/anat/sub-0027431_ses-1_acq-inv1phs_run-1_T1w.nii.gz,sub-0027431,ses-1,std,2187.372659943251,"('MPG_1', nan, nan)",False,True,False,False,False
/run/media/falconnier/Elements/BIDS_datasets_selection/CORR/MPG_1/sub-0027431/ses-1/anat/sub-0027431_ses-1_acq-inv2phs_run-1_T1w.nii.gz,sub-0027431,ses-1,std,2183.643573422109,"('MPG_1', nan, nan)",False,True,False,False,False
/run/media/falconnier/Elements/BIDS_datasets_selection/CORR/MPG_1/sub-0027432/ses-1/anat/sub-0027432_ses-1_acq-inv1phs_run-1_T1w.nii.gz,sub-0027432,ses-1,std,2187.491914312862,"('MPG_1', nan, nan)",False,True,False,False,False
/run/media/falconnier/Elements/BIDS_datasets_selection/CORR/MPG_1/sub-0027432/ses-1/anat/sub-0027432_ses-1_acq-inv2phs_run-1_T1w.nii.gz,sub-0027432,ses-1,std,2178.743677043467,"('MPG_1', nan, nan)",False,True,False,False,False
/run/media/falconnier/Elements/BIDS_datasets_selection/CORR/MPG_1/sub-0027434/ses-1/anat/sub-0027434_ses-1_acq-inv1phs_run-1_T1w.nii.gz,sub-0027434,ses-1,std,2145.341941738588,"('MPG_1', nan, nan)",False,True,False,False,False
/run/media/falconnier/Elements/BIDS_datasets_selection/CORR/MPG_1/sub-0027434/ses-1/anat/sub-0027434_ses-1_acq-inv2phs_run-1_T1w.nii.gz,sub-0027434,ses-1,std,2134.094871744198,"('MPG_1', nan, nan)",False,True,False,False,False
/run/media/falconnier/Elements/BIDS_datasets_selection/CORR/MPG_1/sub-0027435/ses-1/anat/sub-0027435_ses-1_acq-inv1phs_run-1_T1w.nii.gz,sub-0027435,ses-1,std,2169.717361139643,"('MPG_1', nan, nan)",False,True,False,False,False
/run/media/falconnier/Elements/BIDS_datasets_selection/CORR/MPG_1/sub-0027435/ses-1/anat/sub-0027435_ses-1_acq-inv2phs_run-1_T1w.nii.gz,sub-0027435,ses-1,std,2146.815215492929,"('MPG_1', nan, nan)",False,True,False,False,False
/run/media/falconnier/Elements/BIDS_datasets_selection/CORR/MPG_1/sub-0027436/ses-1/anat/sub-0027436_ses-1_acq-inv1phs_run-1_T1w.nii.gz,sub-0027436,ses-1,std,2186.359592764686,"('MPG_1', nan, nan)",False,True,False,False,False
/run/media/falconnier/Elements/BIDS_datasets_selection/CORR/MPG_1/sub-0027436/ses-1/anat/sub-0027436_ses-1_acq-inv2phs_run-1_T1w.nii.gz,sub-0027436,ses-1,std,2166.808787362977,"('MPG_1', nan, nan)",False,True,False,False,False
/run/media/falconnier/Elements/BIDS_datasets_selection/CORR/MPG_1/sub-0027437/ses-1/anat/sub-0027437_ses-1_acq-inv1phs_run-1_T1w.nii.gz,sub-0027437,ses-1,std,2210.039271670233,"('MPG_1', nan, nan)",False,True,False,False,False
/run/media/falconnier/Elements/BIDS_datasets_selection/CORR/MPG_1/sub-0027437/ses-1/anat/sub-0027437_ses-1_acq-inv2phs_run-1_T1w.nii.gz,sub-0027437,ses-1,std,2203.7031135615453,"('MPG_1', nan, nan)",False,True,False,False,False
/run/media/falconnier/Elements/BIDS_datasets_selection/CORR/MPG_1/sub-0027438/ses-1/anat/sub-0027438_ses-1_acq-inv1phs_run-1_T1w.nii.gz,sub-0027438,ses-1,std,2184.0257294736543,"('MPG_1', nan, nan)",False,True,False,False,False
/run/media/falconnier/Elements/BIDS_datasets_selection/CORR/MPG_1/sub-0027438/ses-1/anat/sub-0027438_ses-1_acq-inv2phs_run-1_T1w.nii.gz,sub-0027438,ses-1,std,2208.1608405832067,"('MPG_1', nan, nan)",False,True,False,False,False
/run/media/falconnier/Elements/BIDS_datasets_selection/CORR/MPG_1/sub-0027439/ses-1/anat/sub-0027439_ses-1_acq-inv1phs_run-1_T1w.nii.gz,sub-0027439,ses-1,std,2173.634748950897,"('MPG_1', nan, nan)",False,True,False,False,False
/run/media/falconnier/Elements/BIDS_datasets_selection/CORR/MPG_1/sub-0027439/ses-1/anat/sub-0027439_ses-1_acq-inv2phs_run-1_T1w.nii.gz,sub-0027439,ses-1,std,2209.881914950909,"('MPG_1', nan, nan)",False,True,False,False,False
/run/media/falconnier/Elements/BIDS_datasets_selection/CORR/MPG_1/sub-0027440/ses-1/anat/sub-0027440_ses-1_acq-inv1phs_run-1_T1w.nii.gz,sub-0027440,ses-1,std,2248.995533324512,"('MPG_1', nan, nan)",False,True,False,True,False
/run/media/falconnier/Elements/BIDS_datasets_selection/CORR/MPG_1/sub-0027440/ses-1/anat/sub-0027440_ses-1_acq-inv2phs_run-1_T1w.nii.gz,sub-0027440,ses-1,std,2247.790043663368,"('MPG_1', nan, nan)",False,True,False,True,False
/run/media/falconnier/Elements/BIDS_datasets_selection/CORR/MPG_1/sub-0027441/ses-1/anat/sub-0027441_ses-1_acq-inv1phs_run-1_T1w.nii.gz,sub-0027441,ses-1,std,2199.825823065845,"('MPG_1', nan, nan)",False,True,False,False,False
/run/media/falconnier/Elements/BIDS_datasets_selection/CORR/MPG_1/sub-0027441/ses-1/anat/sub-0027441_ses-1_acq-inv2phs_run-1_T1w.nii.gz,sub-0027441,ses-1,std,2190.637933040232,"('MPG_1', nan, nan)",False,True,False,False,False
/run/media/falconnier/Elements/BIDS_datasets_selection/CORR/MPG_1/sub-0027442/ses-1/anat/sub-0027442_ses-1_acq-inv1phs_run-1_T1w.nii.gz,sub-0027442,ses-1,std,2145.361010363493,"('MPG_1', nan, nan)",False,True,False,False,False
/run/media/falconnier/Elements/BIDS_datasets_selection/CORR/MPG_1/sub-0027445/ses-1/anat/sub-0027445_ses-1_acq-inv1_run-1_T1w.nii.gz,sub-0027445,ses-1,std,23.05945406542075,"('MPG_1', nan, nan)",False,False,False,True,False
/run/media/falconnier/Elements/BIDS_datasets_selection/CORR/MPG_1/sub-0027446/ses-1/anat/sub-0027446_ses-1_acq-inv1_run-1_T1w.nii.gz,sub-0027446,ses-1,std,20.65936960688864,"('MPG_1', nan, nan)",False,False,False,True,False
/run/media/falconnier/Elements/BIDS_datasets_selection/CORR/MPG_1/sub-0027430/ses-1/anat/sub-0027430_ses-1_acq-inv1phs_run-1_T1w.nii.gz,sub-0027430,ses-1,mad,1774.0,"('MPG_1', nan, nan)",False,True,True,False,False
/run/media/falconnier/Elements/BIDS_datasets_selection/CORR/MPG_1/sub-0027430/ses-1/anat/sub-0027430_ses-1_acq-inv2phs_run-1_T1w.nii.gz,sub-0027430,ses-1,mad,1848.0,"('MPG_1', nan, nan)",False,True,True,True,False
/run/media/falconnier/Elements/BIDS_datasets_selection/CORR/MPG_1/sub-0027431/ses-1/anat/sub-0027431_ses-1_acq-inv1phs_run-1_T1w.nii.gz,sub-0027431,ses-1,mad,1734.0,"('MPG_1', nan, nan)",False,True,True,False,False
/run/media/falconnier/Elements/BIDS_datasets_selection/CORR/MPG_1/sub-0027431/ses-1/anat/sub-0027431_ses-1_acq-inv2phs_run-1_T1w.nii.gz,sub-0027431,ses-1,mad,1736.0,"('MPG_1', nan, nan)",False,True,True,False,False
/run/media/falconnier/Elements/BIDS_datasets_selection/CORR/MPG_1/sub-0027432/ses-1/anat/sub-0027432_ses-1_acq-inv1phs_run-1_T1w.nii.gz,sub-0027432,ses-1,mad,1728.0,"('MPG_1', nan, nan)",False,True,True,False,False
/run/media/falconnier/Elements/BIDS_datasets_selection/CORR/MPG_1/sub-0027432/ses-1/anat/sub-0027432_ses-1_acq-inv2phs_run-1_T1w.nii.gz,sub-0027432,ses-1,mad,1710.0,"('MPG_1', nan, nan)",False,True,True,False,False
/run/media/falconnier/Elements/BIDS_datasets_selection/CORR/MPG_1/sub-0027433/ses-1/anat/sub-0027433_ses-1_acq-inv1phs_run-1_T1w.nii.gz,sub-0027433,ses-1,mad,1550.0,"('MPG_1', nan, nan)",False,True,True,False,False
/run/media/falconnier/Elements/BIDS_datasets_selection/CORR/MPG_1/sub-0027433/ses-1/anat/sub-0027433_ses-1_acq-inv2phs_run-1_T1w.nii.gz,sub-0027433,ses-1,mad,1530.0,"('MPG_1', nan, nan)",False,True,True,False,False
/run/media/falconnier/Elements/BIDS_datasets_selection/CORR/MPG_1/sub-0027434/ses-1/anat/sub-0027434_ses-1_acq-inv1phs_run-1_T1w.nii.gz,sub-0027434,ses-1,mad,1628.0,"('MPG_1', nan, nan)",False,True,True,False,False
/run/media/falconnier/Elements/BIDS_datasets_selection/CORR/MPG_1/sub-0027434/ses-1/anat/sub-0027434_ses-1_acq-inv2phs_run-1_T1w.nii.gz,sub-0027434,ses-1,mad,1606.0,"('MPG_1', nan, nan)",False,True,True,False,False
/run/media/falconnier/Elements/BIDS_datasets_selection/CORR/MPG_1/sub-0027435/ses-1/anat/sub-0027435_ses-1_acq-inv1phs_run-1_T1w.nii.gz,sub-0027435,ses-1,mad,1698.0,"('MPG_1', nan, nan)",False,True,True,False,False
/run/media/falconnier/Elements/BIDS_datasets_selection/CORR/MPG_1/sub-0027435/ses-1/anat/sub-0027435_ses-1_acq-inv2phs_run-1_T1w.nii.gz,sub-0027435,ses-1,mad,1664.0,"('MPG_1', nan, nan)",False,True,True,False,False
/run/media/falconnier/Elements/BIDS_datasets_selection/CORR/MPG_1/sub-0027436/ses-1/anat/sub-0027436_ses-1_acq-inv1phs_run-1_T1w.nii.gz,sub-0027436,ses-1,mad,1748.0,"('MPG_1', nan, nan)",False,True,True,False,False
/run/media/falconnier/Elements/BIDS_datasets_selection/CORR/MPG_1/sub-0027436/ses-1/anat/sub-0027436_ses-1_acq-inv2phs_run-1_T1w.nii.gz,sub-0027436,ses-1,mad,1716.0,"('MPG_1', nan, nan)",False,True,True,False,False
/run/media/falconnier/Elements/BIDS_datasets_selection/CORR/MPG_1/sub-0027437/ses-1/anat/sub-0027437_ses-1_acq-inv1phs_run-1_T1w.nii.gz,sub-0027437,ses-1,mad,1778.0,"('MPG_1', nan, nan)",False,True,True,False,False
/run/media/falconnier/Elements/BIDS_datasets_selection/CORR/MPG_1/sub-0027437/ses-1/anat/sub-0027437_ses-1_acq-inv2phs_run-1_T1w.nii.gz,sub-0027437,ses-1,mad,1764.0,"('MPG_1', nan, nan)",False,True,True,False,False
/run/media/falconnier/Elements/BIDS_datasets_selection/CORR/MPG_1/sub-0027438/ses-1/anat/sub-0027438_ses-1_acq-inv1phs_run-1_T1w.nii.gz,sub-0027438,ses-1,mad,1718.0,"('MPG_1', nan, nan)",False,True,True,False,False
/run/media/falconnier/Elements/BIDS_datasets_selection/CORR/MPG_1/sub-0027438/ses-1/anat/sub-0027438_ses-1_acq-inv2phs_run-1_T1w.nii.gz,sub-0027438,ses-1,mad,1760.0,"('MPG_1', nan, nan)",False,True,True,False,False
/run/media/falconnier/Elements/BIDS_datasets_selection/CORR/MPG_1/sub-0027439/ses-1/anat/sub-0027439_ses-1_acq-inv1phs_run-1_T1w.nii.gz,sub-0027439,ses-1,mad,1704.0,"('MPG_1', nan, nan)",False,True,True,False,False
/run/media/falconnier/Elements/BIDS_datasets_selection/CORR/MPG_1/sub-0027439/ses-1/anat/sub-0027439_ses-1_acq-inv2phs_run-1_T1w.nii.gz,sub-0027439,ses-1,mad,1764.0,"('MPG_1', nan, nan)",False,True,True,False,False
/run/media/falconnier/Elements/BIDS_datasets_selection/CORR/MPG_1/sub-0027440/ses-1/anat/sub-0027440_ses-1_acq-inv1phs_run-1_T1w.nii.gz,sub-0027440,ses-1,mad,1844.0,"('MPG_1', nan, nan)",False,True,True,True,False
/run/media/falconnier/Elements/BIDS_datasets_selection/CORR/MPG_1/sub-0027440/ses-1/anat/sub-0027440_ses-1_acq-inv2phs_run-1_T1w.nii.gz,sub-0027440,ses-1,mad,1828.0,"('MPG_1', nan, nan)",False,True,True,False,False
/run/media/falconnier/Elements/BIDS_datasets_selection/CORR/MPG_1/sub-0027441/ses-1/anat/sub-0027441_ses-1_acq-inv1phs_run-1_T1w.nii.gz,sub-0027441,ses-1,mad,1746.0,"('MPG_1', nan, nan)",False,True,True,False,False
/run/media/falconnier/Elements/BIDS_datasets_selection/CORR/MPG_1/sub-0027441/ses-1/anat/sub-0027441_ses-1_acq-inv2phs_run-1_T1w.nii.gz,sub-0027441,ses-1,mad,1722.0,"('MPG_1', nan, nan)",False,True,True,False,False
/run/media/falconnier/Elements/BIDS_datasets_selection/CORR/MPG_1/sub-0027442/ses-1/anat/sub-0027442_ses-1_acq-inv1phs_run-1_T1w.nii.gz,sub-0027442,ses-1,mad,1626.0,"('MPG_1', nan, nan)",False,True,True,False,False
/run/media/falconnier/Elements/BIDS_datasets_selection/CORR/MPG_1/sub-0027432/ses-1/anat/sub-0027432_ses-1_acq-inv1_run-1_T1w.nii.gz,sub-0027432,ses-1,entropy,3.326299333621135,"('MPG_1', nan, nan)",False,False,True,True,False
/run/media/falconnier/Elements/BIDS_datasets_selection/CORR/MPG_1/sub-0027433/ses-1/anat/sub-0027433_ses-1_acq-inv1_run-1_T1w.nii.gz,sub-0027433,ses-1,entropy,2.790066694163781,"('MPG_1', nan, nan)",False,False,True,False,False
/run/media/falconnier/Elements/BIDS_datasets_selection/CORR/MPG_1/sub-0027434/ses-1/anat/sub-0027434_ses-1_acq-inv1_run-1_T1w.nii.gz,sub-0027434,ses-1,entropy,3.4534744034235265,"('MPG_1', nan, nan)",False,False,True,True,False
/run/media/falconnier/Elements/BIDS_datasets_selection/CORR/MPG_1/sub-0027436/ses-1/anat/sub-0027436_ses-1_acq-inv1_run-1_T1w.nii.gz,sub-0027436,ses-1,entropy,2.9207210436007043,"('MPG_1', nan, nan)",False,False,True,False,False
/run/media/falconnier/Elements/BIDS_datasets_selection/CORR/MPG_1/sub-0027442/ses-1/anat/sub-0027442_ses-1_acq-inv1_run-1_T1w.nii.gz,sub-0027442,ses-1,entropy,2.62443810617901,"('MPG_1', nan, nan)",False,False,True,False,False
/run/media/falconnier/Elements/BIDS_datasets_selection/CORR/MPG_1/sub-0027442/ses-1/anat/sub-0027442_ses-1_acq-inv2_run-1_T1w.nii.gz,sub-0027442,ses-1,entropy,2.812374659494603,"('MPG_1', nan, nan)",False,False,True,False,False
/run/media/falconnier/Elements/BIDS_datasets_selection/CORR/MPG_1/sub-0027442/ses-1/anat/sub-0027442_ses-1_acq-inv2phs_run-1_T1w.nii.gz,sub-0027442,ses-1,entropy,0.3744546744882189,"('MPG_1', nan, nan)",False,False,False,True,False
/run/media/falconnier/Elements/BIDS_datasets_selection/CORR/MPG_1/sub-0027443/ses-1/anat/sub-0027443_ses-1_acq-inv2phs_run-1_T1w.nii.gz,sub-0027443,ses-1,entropy,0.3714115482408293,"('MPG_1', nan, nan)",False,False,False,True,False
/run/media/falconnier/Elements/BIDS_datasets_selection/CORR/MPG_1/sub-0027446/ses-1/anat/sub-0027446_ses-1_acq-inv2_run-1_T1w.nii.gz,sub-0027446,ses-1,entropy,2.7237942090588643,"('MPG_1', nan, nan)",False,False,True,False,False
/run/media/falconnier/Elements/BIDS_datasets_selection/CORR/MPG_1/sub-0027447/ses-1/anat/sub-0027447_ses-1_acq-inv1_run-1_T1w.nii.gz,sub-0027447,ses-1,entropy,2.674035666268205,"('MPG_1', nan, nan)",False,False,True,False,False
/run/media/falconnier/Elements/BIDS_datasets_selection/CORR/MPG_1/sub-0027451/ses-1/anat/sub-0027451_ses-1_acq-inv1_run-1_T1w.nii.gz,sub-0027451,ses-1,entropy,2.6998232657084187,"('MPG_1', nan, nan)",False,False,True,False,False
/run/media/falconnier/Elements/BIDS_datasets_selection/CORR/MPG_1/sub-0027430/ses-1/anat/sub-0027430_ses-1_acq-uni_run-1_T1w.nii.gz,sub-0027430,ses-1,efc,0.8857,"('MPG_1', nan, nan)",False,False,True,False,False
/run/media/falconnier/Elements/BIDS_datasets_selection/CORR/MPG_1/sub-0027430/ses-1/anat/sub-0027430_ses-1_run-1_T1w.nii.gz,sub-0027430,ses-1,efc,0.9053,"('MPG_1', nan, nan)",False,False,True,False,False
/run/media/falconnier/Elements/BIDS_datasets_selection/CORR/MPG_1/sub-0027431/ses-1/anat/sub-0027431_ses-1_acq-uni_run-1_T1w.nii.gz,sub-0027431,ses-1,efc,0.8836,"('MPG_1', nan, nan)",False,False,True,False,False
/run/media/falconnier/Elements/BIDS_datasets_selection/CORR/MPG_1/sub-0027431/ses-1/anat/sub-0027431_ses-1_run-1_T1w.nii.gz,sub-0027431,ses-1,efc,0.9034,"('MPG_1', nan, nan)",False,False,True,False,False
/run/media/falconnier/Elements/BIDS_datasets_selection/CORR/MPG_1/sub-0027432/ses-1/anat/sub-0027432_ses-1_acq-uni_run-1_T1w.nii.gz,sub-0027432,ses-1,efc,0.8807,"('MPG_1', nan, nan)",False,False,True,False,False
/run/media/falconnier/Elements/BIDS_datasets_selection/CORR/MPG_1/sub-0027432/ses-1/anat/sub-0027432_ses-1_run-1_T1w.nii.gz,sub-0027432,ses-1,efc,0.8991,"('MPG_1', nan, nan)",False,False,True,False,False
/run/media/falconnier/Elements/BIDS_datasets_selection/CORR/MPG_1/sub-0027433/ses-1/anat/sub-0027433_ses-1_acq-uni_run-1_T1w.nii.gz,sub-0027433,ses-1,efc,0.8454,"('MPG_1', nan, nan)",False,False,True,False,False
/run/media/falconnier/Elements/BIDS_datasets_selection/CORR/MPG_1/sub-0027433/ses-1/anat/sub-0027433_ses-1_run-1_T1w.nii.gz,sub-0027433,ses-1,efc,0.864,"('MPG_1', nan, nan)",False,False,True,False,False
/run/media/falconnier/Elements/BIDS_datasets_selection/CORR/MPG_1/sub-0027434/ses-1/anat/sub-0027434_ses-1_acq-uni_run-1_T1w.nii.gz,sub-0027434,ses-1,efc,0.8517,"('MPG_1', nan, nan)",False,False,True,False,False
/run/media/falconnier/Elements/BIDS_datasets_selection/CORR/MPG_1/sub-0027434/ses-1/anat/sub-0027434_ses-1_run-1_T1w.nii.gz,sub-0027434,ses-1,efc,0.8694,"('MPG_1', nan, nan)",False,False,True,False,False
/run/media/falconnier/Elements/BIDS_datasets_selection/CORR/MPG_1/sub-0027435/ses-1/anat/sub-0027435_ses-1_acq-uni_run-1_T1w.nii.gz,sub-0027435,ses-1,efc,0.8769,"('MPG_1', nan, nan)",False,False,True,False,False
/run/media/falconnier/Elements/BIDS_datasets_selection/CORR/MPG_1/sub-0027435/ses-1/anat/sub-0027435_ses-1_run-1_T1w.nii.gz,sub-0027435,ses-1,efc,0.8969,"('MPG_1', nan, nan)",False,False,True,False,False
/run/media/falconnier/Elements/BIDS_datasets_selection/CORR/MPG_1/sub-0027436/ses-1/anat/sub-0027436_ses-1_acq-uni_run-1_T1w.nii.gz,sub-0027436,ses-1,efc,0.8842,"('MPG_1', nan, nan)",False,False,True,False,False
/run/media/falconnier/Elements/BIDS_datasets_selection/CORR/MPG_1/sub-0027436/ses-1/anat/sub-0027436_ses-1_run-1_T1w.nii.gz,sub-0027436,ses-1,efc,0.9041,"('MPG_1', nan, nan)",False,False,True,False,False
/run/media/falconnier/Elements/BIDS_datasets_selection/CORR/MPG_1/sub-0027437/ses-1/anat/sub-0027437_ses-1_acq-uni_run-1_T1w.nii.gz,sub-0027437,ses-1,efc,0.8892,"('MPG_1', nan, nan)",False,False,True,False,False
/run/media/falconnier/Elements/BIDS_datasets_selection/CORR/MPG_1/sub-0027437/ses-1/anat/sub-0027437_ses-1_run-1_T1w.nii.gz,sub-0027437,ses-1,efc,0.9075,"('MPG_1', nan, nan)",False,False,True,False,False
/run/media/falconnier/Elements/BIDS_datasets_selection/CORR/MPG_1/sub-0027438/ses-1/anat/sub-0027438_ses-1_acq-uni_run-1_T1w.nii.gz,sub-0027438,ses-1,efc,0.8779,"('MPG_1', nan, nan)",False,False,True,False,False
/run/media/falconnier/Elements/BIDS_datasets_selection/CORR/MPG_1/sub-0027438/ses-1/anat/sub-0027438_ses-1_run-1_T1w.nii.gz,sub-0027438,ses-1,efc,0.8962,"('MPG_1', nan, nan)",False,False,True,False,False
/run/media/falconnier/Elements/BIDS_datasets_selection/CORR/MPG_1/sub-0027439/ses-1/anat/sub-0027439_ses-1_acq-uni_run-1_T1w.nii.gz,sub-0027439,ses-1,efc,0.8774,"('MPG_1', nan, nan)",False,False,True,False,False
/run/media/falconnier/Elements/BIDS_datasets_selection/CORR/MPG_1/sub-0027439/ses-1/anat/sub-0027439_ses-1_run-1_T1w.nii.gz,sub-0027439,ses-1,efc,0.8968,"('MPG_1', nan, nan)",False,False,True,False,False
/run/media/falconnier/Elements/BIDS_datasets_selection/CORR/MPG_1/sub-0027440/ses-1/anat/sub-0027440_ses-1_acq-uni_run-1_T1w.nii.gz,sub-0027440,ses-1,efc,0.8956,"('MPG_1', nan, nan)",False,False,True,False,False
/run/media/falconnier/Elements/BIDS_datasets_selection/CORR/MPG_1/sub-0027440/ses-1/anat/sub-0027440_ses-1_run-1_T1w.nii.gz,sub-0027440,ses-1,efc,0.9144,"('MPG_1', nan, nan)",False,False,True,False,False
/run/media/falconnier/Elements/BIDS_datasets_selection/CORR/MPG_1/sub-0027441/ses-1/anat/sub-0027441_ses-1_acq-uni_run-1_T1w.nii.gz,sub-0027441,ses-1,efc,0.8811,"('MPG_1', nan, nan)",False,False,True,False,False
/run/media/falconnier/Elements/BIDS_datasets_selection/CORR/MPG_1/sub-0027441/ses-1/anat/sub-0027441_ses-1_run-1_T1w.nii.gz,sub-0027441,ses-1,efc,0.8996,"('MPG_1', nan, nan)",False,False,True,False,False
/run/media/falconnier/Elements/BIDS_datasets_selection/CORR/MPG_1/sub-0027442/ses-1/anat/sub-0027442_ses-1_acq-uni_run-1_T1w.nii.gz,sub-0027442,ses-1,efc,0.86,"('MPG_1', nan, nan)",False,False,True,False,False
/run/media/falconnier/Elements/BIDS_datasets_selection/CORR/MPG_1/sub-0027442/ses-1/anat/sub-0027442_ses-1_run-1_T1w.nii.gz,sub-0027442,ses-1,efc,0.8792,"('MPG_1', nan, nan)",False,False,True,False,False
/run/media/falconnier/Elements/BIDS_datasets_selection/CORR/MPG_1/sub-0027443/ses-1/anat/sub-0027443_ses-1_acq-uni_run-1_T1w.nii.gz,sub-0027443,ses-1,efc,0.88,"('MPG_1', nan, nan)",False,False,True,False,False
/run/media/falconnier/Elements/BIDS_datasets_selection/CORR/MPG_1/sub-0027443/ses-1/anat/sub-0027443_ses-1_run-1_T1w.nii.gz,sub-0027443,ses-1,efc,0.9018,"('MPG_1', nan, nan)",False,False,True,False,False
/run/media/falconnier/Elements/BIDS_datasets_selection/CORR/MPG_1/sub-0027444/ses-1/anat/sub-0027444_ses-1_acq-uni_run-1_T1w.nii.gz,sub-0027444,ses-1,efc,0.8839,"('MPG_1', nan, nan)",False,False,True,False,False
/run/media/falconnier/Elements/BIDS_datasets_selection/CORR/MPG_1/sub-0027444/ses-1/anat/sub-0027444_ses-1_run-1_T1w.nii.gz,sub-0027444,ses-1,efc,0.9039,"('MPG_1', nan, nan)",False,False,True,False,False
/run/media/falconnier/Elements/BIDS_datasets_selection/CORR/MPG_1/sub-0027445/ses-1/anat/sub-0027445_ses-1_acq-inv1phs_run-1_T1w.nii.gz,sub-0027445,ses-1,efc,0.4071,"('MPG_1', nan, nan)",False,False,False,True,False
/run/media/falconnier/Elements/BIDS_datasets_selection/CORR/MPG_1/sub-0027445/ses-1/anat/sub-0027445_ses-1_acq-uni_run-1_T1w.nii.gz,sub-0027445,ses-1,efc,0.8726,"('MPG_1', nan, nan)",False,False,True,False,False
/run/media/falconnier/Elements/BIDS_datasets_selection/CORR/MPG_1/sub-0027445/ses-1/anat/sub-0027445_ses-1_run-1_T1w.nii.gz,sub-0027445,ses-1,efc,0.8912,"('MPG_1', nan, nan)",False,False,True,False,False
/run/media/falconnier/Elements/BIDS_datasets_selection/CORR/MPG_1/sub-0027446/ses-1/anat/sub-0027446_ses-1_acq-uni_run-1_T1w.nii.gz,sub-0027446,ses-1,efc,0.8787,"('MPG_1', nan, nan)",False,False,True,False,False
/run/media/falconnier/Elements/BIDS_datasets_selection/CORR/MPG_1/sub-0027446/ses-1/anat/sub-0027446_ses-1_run-1_T1w.nii.gz,sub-0027446,ses-1,efc,0.898,"('MPG_1', nan, nan)",False,False,True,False,False
/run/media/falconnier/Elements/BIDS_datasets_selection/CORR/MPG_1/sub-0027447/ses-1/anat/sub-0027447_ses-1_acq-uni_run-1_T1w.nii.gz,sub-0027447,ses-1,efc,0.8994,"('MPG_1', nan, nan)",False,False,True,False,False
/run/media/falconnier/Elements/BIDS_datasets_selection/CORR/MPG_1/sub-0027447/ses-1/anat/sub-0027447_ses-1_run-1_T1w.nii.gz,sub-0027447,ses-1,efc,0.9197,"('MPG_1', nan, nan)",False,False,True,True,False
/run/media/falconnier/Elements/BIDS_datasets_selection/CORR/MPG_1/sub-0027448/ses-1/anat/sub-0027448_ses-1_acq-uni_run-1_T1w.nii.gz,sub-0027448,ses-1,efc,0.8848,"('MPG_1', nan, nan)",False,False,True,False,False
/run/media/falconnier/Elements/BIDS_datasets_selection/CORR/MPG_1/sub-0027448/ses-1/anat/sub-0027448_ses-1_run-1_T1w.nii.gz,sub-0027448,ses-1,efc,0.9039,"('MPG_1', nan, nan)",False,False,True,False,False
/run/media/falconnier/Elements/BIDS_datasets_selection/CORR/MPG_1/sub-0027449/ses-1/anat/sub-0027449_ses-1_acq-uni_run-1_T1w.nii.gz,sub-0027449,ses-1,efc,0.8657,"('MPG_1', nan, nan)",False,False,True,False,False
/run/media/falconnier/Elements/BIDS_datasets_selection/CORR/MPG_1/sub-0027449/ses-1/anat/sub-0027449_ses-1_run-1_T1w.nii.gz,sub-0027449,ses-1,efc,0.8852,"('MPG_1', nan, nan)",False,False,True,False,False
/run/media/falconnier/Elements/BIDS_datasets_selection/CORR/MPG_1/sub-0027450/ses-1/anat/sub-0027450_ses-1_acq-uni_run-1_T1w.nii.gz,sub-0027450,ses-1,efc,0.8509,"('MPG_1', nan, nan)",False,False,True,False,False
/run/media/falconnier/Elements/BIDS_datasets_selection/CORR/MPG_1/sub-0027450/ses-1/anat/sub-0027450_ses-1_run-1_T1w.nii.gz,sub-0027450,ses-1,efc,0.8698,"('MPG_1', nan, nan)",False,False,True,False,False
/run/media/falconnier/Elements/BIDS_datasets_selection/CORR/MPG_1/sub-0027451/ses-1/anat/sub-0027451_ses-1_acq-uni_run-1_T1w.nii.gz,sub-0027451,ses-1,efc,0.8747,"('MPG_1', nan, nan)",False,False,True,False,False
/run/media/falconnier/Elements/BIDS_datasets_selection/CORR/MPG_1/sub-0027451/ses-1/anat/sub-0027451_ses-1_run-1_T1w.nii.gz,sub-0027451,ses-1,efc,0.8935,"('MPG_1', nan, nan)",False,False,True,False,False
/run/media/falconnier/Elements/BIDS_datasets_selection/CORR/MPG_1/sub-0027432/ses-1/anat/sub-0027432_ses-1_acq-inv2phs_run-1_T1w.nii.gz,sub-0027432,ses-1,nonzero_frac,0.989986572265625,"('MPG_1', nan, nan)",False,False,False,True,False
/run/media/falconnier/Elements/BIDS_datasets_selection/CORR/MPG_1/sub-0027439/ses-1/anat/sub-0027439_ses-1_acq-inv1phs_run-1_T1w.nii.gz,sub-0027439,ses-1,nonzero_frac,0.9899952392578124,"('MPG_1', nan, nan)",False,False,False,True,False
/run/media/falconnier/Elements/BIDS_datasets_selection/CORR/MPG_1/sub-0027445/ses-1/anat/sub-0027445_ses-1_acq-inv1phs_run-1_T1w.nii.gz,sub-0027445,ses-1,nonzero_frac,0.3772060220891779,"('MPG_1', nan, nan)",True,True,True,True,False
/run/media/falconnier/Elements/BIDS_datasets_selection/CORR/MPG_1/sub-0027446/ses-1/anat/sub-0027446_ses-1_acq-inv1phs_run-1_T1w.nii.gz,sub-0027446,ses-1,nonzero_frac,0.5994603417136453,"('MPG_1', nan, nan)",False,False,True,True,False
/run/media/falconnier/Elements/BIDS_datasets_selection/CORR/MPG_1/sub-0027445/ses-1/anat/sub-0027445_ses-1_acq-inv1phs_run-1_T1w.nii.gz,sub-0027445,ses-1,n_nonzero,4350821.0,"('MPG_1', nan, nan)",False,True,True,True,False
/run/media/falconnier/Elements/BIDS_datasets_selection/CORR/MPG_1/sub-0027442/ses-1/anat/sub-0027442_ses-1_acq-inv2phs_run-1_T1w.nii.gz,sub-0027442,ses-1,n_nonzero,86313254.0,"('MPG_1', nan, nan)",True,True,True,False,False
/run/media/falconnier/Elements/BIDS_datasets_selection/CORR/MPG_1/sub-0027443/ses-1/anat/sub-0027443_ses-1_acq-inv2phs_run-1_T1w.nii.gz,sub-0027443,ses-1,n_nonzero,86385736.0,"('MPG_1', nan, nan)",True,True,True,True,False
/run/media/falconnier/Elements/BIDS_datasets_selection/CORR/MPG_1/sub-0027446/ses-1/anat/sub-0027446_ses-1_acq-inv1phs_run-1_T1w.nii.gz,sub-0027446,ses-1,n_nonzero,6914377.0,"('MPG_1', nan, nan)",False,True,True,True,False
/run/media/falconnier/Elements/BIDS_datasets_selection/CORR/MPG_1/sub-0027444/ses-1/anat/sub-0027444_ses-1_acq-inv2phs_run-1_T1w.nii.gz,sub-0027444,ses-1,n_nonzero,86552338.0,"('MPG_1', nan, nan)",True,True,True,True,False
/run/media/falconnier/Elements/BIDS_datasets_selection/CORR/MPG_1/sub-0027447/ses-1/anat/sub-0027447_ses-1_acq-inv1phs_run-1_T1w.nii.gz,sub-0027447,ses-1,n_nonzero,31208829.0,"('MPG_1', nan, nan)",False,False,True,False,False
/run/media/falconnier/Elements/BIDS_datasets_selection/CORR/MPG_1/sub-0027448/ses-1/anat/sub-0027448_ses-1_acq-inv1phs_run-1_T1w.nii.gz,sub-0027448,ses-1,n_nonzero,31222621.0,"('MPG_1', nan, nan)",False,False,True,False,False
/run/media/falconnier/Elements/BIDS_datasets_selection/CORR/MPG_1/sub-0027449/ses-1/anat/sub-0027449_ses-1_acq-inv1phs_run-1_T1w.nii.gz,sub-0027449,ses-1,n_nonzero,31222076.0,"('MPG_1', nan, nan)",False,False,True,False,False
/run/media/falconnier/Elements/BIDS_datasets_selection/CORR/MPG_1/sub-0027450/ses-1/anat/sub-0027450_ses-1_acq-inv1phs_run-1_T1w.nii.gz,sub-0027450,ses-1,n_nonzero,31222817.0,"('MPG_1', nan, nan)",False,False,True,False,False
/run/media/falconnier/Elements/BIDS_datasets_selection/CORR/MPG_1/sub-0027451/ses-1/anat/sub-0027451_ses-1_acq-inv1phs_run-1_T1w.nii.gz,sub-0027451,ses-1,n_nonzero,31220866.0,"('MPG_1', nan, nan)",False,False,True,False,False
/run/media/falconnier/Elements/BIDS_datasets_selection/CORR/MPG_1/sub-0027430/ses-1/anat/sub-0027430_ses-1_acq-inv2phs_run-1_T1w.nii.gz,sub-0027430,ses-1,kurtosis,-1.0201096258951678,"('MPG_1', nan, nan)",False,False,False,True,False
/run/media/falconnier/Elements/BIDS_datasets_selection/CORR/MPG_1/sub-0027440/ses-1/anat/sub-0027440_ses-1_acq-inv1phs_run-1_T1w.nii.gz,sub-0027440,ses-1,kurtosis,-1.0173777585175334,"('MPG_1', nan, nan)",False,False,False,True,False
/run/media/falconnier/Elements/BIDS_datasets_selection/CORR/MPG_1/sub-0027442/ses-1/anat/sub-0027442_ses-1_acq-inv2phs_run-1_T1w.nii.gz,sub-0027442,ses-1,kurtosis,161.00740653942287,"('MPG_1', nan, nan)",True,True,True,True,False
/run/media/falconnier/Elements/BIDS_datasets_selection/CORR/MPG_1/sub-0027443/ses-1/anat/sub-0027443_ses-1_acq-inv2phs_run-1_T1w.nii.gz,sub-0027443,ses-1,kurtosis,98.48064821376003,"('MPG_1', nan, nan)",False,True,True,False,False
/run/media/falconnier/Elements/BIDS_datasets_selection/CORR/MPG_1/sub-0027444/ses-1/anat/sub-0027444_ses-1_acq-inv2phs_run-1_T1w.nii.gz,sub-0027444,ses-1,kurtosis,104.64423524802444,"('MPG_1', nan, nan)",True,True,True,True,False
/run/media/falconnier/Elements/BIDS_datasets_selection/CORR/MPG_1/sub-0027443/ses-1/anat/sub-0027443_ses-1_acq-uni_run-1_T1w.nii.gz,sub-0027443,ses-1,skewness,-0.282618473601936,"('MPG_1', nan, nan)",False,False,False,True,False
/run/media/falconnier/Elements/BIDS_datasets_selection/CORR/MPG_1/sub-0027442/ses-1/anat/sub-0027442_ses-1_acq-inv2phs_run-1_T1w.nii.gz,sub-0027442,ses-1,skewness,7.280962762279327,"('MPG_1', nan, nan)",False,True,False,True,False
/run/media/falconnier/Elements/BIDS_datasets_selection/CORR/MPG_1/sub-0027444/ses-1/anat/sub-0027444_ses-1_acq-inv2phs_run-1_T1w.nii.gz,sub-0027444,ses-1,skewness,5.486050172155419,"('MPG_1', nan, nan)",False,False,False,True,False
/run/media/falconnier/Elements/BIDS_datasets_selection/CORR/MPG_1/sub-0027447/ses-1/anat/sub-0027447_ses-1_acq-uni_run-1_T1w.nii.gz,sub-0027447,ses-1,skewness,-0.2748025321023687,"('MPG_1', nan, nan)",False,False,False,True,False
/run/media/falconnier/Elements/BIDS_datasets_selection/CORR/MRN/sub-0027023/ses-1/anat/sub-0027023_ses-1_run-1_T1w.nii.gz,sub-0027023,ses-1,file_size_mb,10.720870971679688,"('MRN', nan, nan)",False,False,True,True,False
/run/media/falconnier/Elements/BIDS_datasets_selection/CORR/MRN/sub-0027027/ses-1/anat/sub-0027027_ses-1_run-1_T1w.nii.gz,sub-0027027,ses-1,file_size_mb,5.716070175170898,"('MRN', nan, nan)",False,False,False,True,False
/run/media/falconnier/Elements/BIDS_datasets_selection/CORR/MRN/sub-0027030/ses-1/anat/sub-0027030_ses-1_run-1_T1w.nii.gz,sub-0027030,ses-1,file_size_mb,10.168036460876465,"('MRN', nan, nan)",False,False,True,False,False
/run/media/falconnier/Elements/BIDS_datasets_selection/CORR/MRN/sub-0027033/ses-1/anat/sub-0027033_ses-1_run-1_T1w.nii.gz,sub-0027033,ses-1,file_size_mb,10.676912307739258,"('MRN', nan, nan)",False,False,True,False,False
/run/media/falconnier/Elements/BIDS_datasets_selection/CORR/MRN/sub-0027034/ses-1/anat/sub-0027034_ses-1_run-1_T1w.nii.gz,sub-0027034,ses-1,file_size_mb,10.166388511657717,"('MRN', nan, nan)",False,False,True,False,False
/run/media/falconnier/Elements/BIDS_datasets_selection/CORR/MRN/sub-0027039/ses-2/anat/sub-0027039_ses-2_run-1_T1w.nii.gz,sub-0027039,ses-2,file_size_mb,10.258170127868652,"('MRN', nan, nan)",False,False,True,False,False
/run/media/falconnier/Elements/BIDS_datasets_selection/CORR/MRN/sub-0027047/ses-2/anat/sub-0027047_ses-2_run-1_T1w.nii.gz,sub-0027047,ses-2,file_size_mb,10.044184684753418,"('MRN', nan, nan)",False,False,True,False,False
/run/media/falconnier/Elements/BIDS_datasets_selection/CORR/MRN/sub-0027048/ses-2/anat/sub-0027048_ses-2_run-1_T1w.nii.gz,sub-0027048,ses-2,file_size_mb,5.202818870544434,"('MRN', nan, nan)",False,False,False,True,False
/run/media/falconnier/Elements/BIDS_datasets_selection/CORR/MRN/sub-0027049/ses-1/anat/sub-0027049_ses-1_run-1_T1w.nii.gz,sub-0027049,ses-1,file_size_mb,10.324702262878418,"('MRN', nan, nan)",False,False,True,False,False
/run/media/falconnier/Elements/BIDS_datasets_selection/CORR/MRN/sub-0027050/ses-1/anat/sub-0027050_ses-1_run-1_T1w.nii.gz,sub-0027050,ses-1,file_size_mb,10.061838150024414,"('MRN', nan, nan)",False,False,True,False,False
/run/media/falconnier/Elements/BIDS_datasets_selection/CORR/MRN/sub-0027410/ses-1/anat/sub-0027410_ses-1_run-1_T1w.nii.gz,sub-0027410,ses-1,file_size_mb,10.49062156677246,"('MRN', nan, nan)",False,False,True,False,False
/run/media/falconnier/Elements/BIDS_datasets_selection/CORR/MRN/sub-0027415/ses-2/anat/sub-0027415_ses-2_run-1_T1w.nii.gz,sub-0027415,ses-2,file_size_mb,10.802756309509276,"('MRN', nan, nan)",False,False,True,True,False
/run/media/falconnier/Elements/BIDS_datasets_selection/CORR/MRN/sub-0027418/ses-1/anat/sub-0027418_ses-1_run-1_T1w.nii.gz,sub-0027418,ses-1,file_size_mb,10.18227767944336,"('MRN', nan, nan)",False,False,True,False,False
/run/media/falconnier/Elements/BIDS_datasets_selection/CORR/MRN/sub-0027026/ses-1/anat/sub-0027026_ses-1_run-1_T1w.nii.gz,sub-0027026,ses-1,max,522.0,"('MRN', nan, nan)",False,False,False,True,False
/run/media/falconnier/Elements/BIDS_datasets_selection/CORR/MRN/sub-0027413/ses-2/anat/sub-0027413_ses-2_run-1_T1w.nii.gz,sub-0027413,ses-2,max,1362.0,"('MRN', nan, nan)",False,False,False,True,False
/run/media/falconnier/Elements/BIDS_datasets_selection/CORR/MRN/sub-0027413/ses-1/anat/sub-0027413_ses-1_run-1_T1w.nii.gz,sub-0027413,ses-1,max,1372.0,"('MRN', nan, nan)",False,False,False,True,False
/run/media/falconnier/Elements/BIDS_datasets_selection/CORR/MRN/sub-0027418/ses-2/anat/sub-0027418_ses-2_run-1_T1w.nii.gz,sub-0027418,ses-2,max,494.0,"('MRN', nan, nan)",False,False,False,True,False
/run/media/falconnier/Elements/BIDS_datasets_selection/CORR/MRN/sub-0027016/ses-3/anat/sub-0027016_ses-3_run-1_T1w.nii.gz,sub-0027016,ses-3,median,18.0,"('MRN', nan, nan)",False,False,False,True,False
/run/media/falconnier/Elements/BIDS_datasets_selection/CORR/MRN/sub-0027027/ses-1/anat/sub-0027027_ses-1_run-1_T1w.nii.gz,sub-0027027,ses-1,median,113.0,"('MRN', nan, nan)",False,False,False,True,False
/run/media/falconnier/Elements/BIDS_datasets_selection/CORR/MRN/sub-0027027/ses-1/anat/sub-0027027_ses-1_run-1_T1w.nii.gz,sub-0027027,ses-1,mean,129.25782066765612,"('MRN', nan, nan)",False,False,False,True,False
/run/media/falconnier/Elements/BIDS_datasets_selection/CORR/MRN/sub-0027027/ses-2/anat/sub-0027027_ses-2_run-1_T1w.nii.gz,sub-0027027,ses-2,mean,131.4527847008879,"('MRN', nan, nan)",False,False,False,True,False
/run/media/falconnier/Elements/BIDS_datasets_selection/CORR/MRN/sub-0027034/ses-1/anat/sub-0027034_ses-1_run-1_T1w.nii.gz,sub-0027034,ses-1,mean,77.21418733625546,"('MRN', nan, nan)",False,False,False,True,False
/run/media/falconnier/Elements/BIDS_datasets_selection/CORR/MRN/sub-0027418/ses-2/anat/sub-0027418_ses-2_run-1_T1w.nii.gz,sub-0027418,ses-2,mean,74.1774803155854,"('MRN', nan, nan)",False,False,False,True,False
/run/media/falconnier/Elements/BIDS_datasets_selection/CORR/MRN/sub-0027052/ses-1/anat/sub-0027052_ses-1_run-1_T1w.nii.gz,sub-0027052,ses-1,std,135.8994325646723,"('MRN', nan, nan)",False,False,False,True,False
/run/media/falconnier/Elements/BIDS_datasets_selection/CORR/MRN/sub-0027052/ses-2/anat/sub-0027052_ses-2_run-1_T1w.nii.gz,sub-0027052,ses-2,std,137.27871226634412,"('MRN', nan, nan)",False,False,False,True,False
/run/media/falconnier/Elements/BIDS_datasets_selection/CORR/MRN/sub-0027415/ses-1/anat/sub-0027415_ses-1_run-1_T1w.nii.gz,sub-0027415,ses-1,std,83.02085531573286,"('MRN', nan, nan)",False,False,False,True,False
/run/media/falconnier/Elements/BIDS_datasets_selection/CORR/MRN/sub-0027418/ses-2/anat/sub-0027418_ses-2_run-1_T1w.nii.gz,sub-0027418,ses-2,std,83.47839275718353,"('MRN', nan, nan)",False,False,False,True,False
/run/media/falconnier/Elements/BIDS_datasets_selection/CORR/MRN/sub-0027016/ses-3/anat/sub-0027016_ses-3_run-1_T1w.nii.gz,sub-0027016,ses-3,mad,14.0,"('MRN', nan, nan)",False,False,False,True,False
/run/media/falconnier/Elements/BIDS_datasets_selection/CORR/MRN/sub-0027023/ses-2/anat/sub-0027023_ses-2_run-1_T1w.nii.gz,sub-0027023,ses-2,mad,79.0,"('MRN', nan, nan)",False,False,False,True,False
/run/media/falconnier/Elements/BIDS_datasets_selection/CORR/MRN/sub-0027027/ses-1/anat/sub-0027027_ses-1_run-1_T1w.nii.gz,sub-0027027,ses-1,mad,102.0,"('MRN', nan, nan)",False,False,False,True,False
/run/media/falconnier/Elements/BIDS_datasets_selection/CORR/MRN/sub-0027026/ses-1/anat/sub-0027026_ses-1_run-1_T1w.nii.gz,sub-0027026,ses-1,entropy,3.655560689865801,"('MRN', nan, nan)",False,False,False,True,False
/run/media/falconnier/Elements/BIDS_datasets_selection/CORR/MRN/sub-0027413/ses-2/anat/sub-0027413_ses-2_run-1_T1w.nii.gz,sub-0027413,ses-2,entropy,1.4241098815723512,"('MRN', nan, nan)",False,False,False,True,False
/run/media/falconnier/Elements/BIDS_datasets_selection/CORR/MRN/sub-0027413/ses-1/anat/sub-0027413_ses-1_run-1_T1w.nii.gz,sub-0027413,ses-1,entropy,1.4125843245866636,"('MRN', nan, nan)",False,False,False,True,False
/run/media/falconnier/Elements/BIDS_datasets_selection/CORR/MRN/sub-0027418/ses-2/anat/sub-0027418_ses-2_run-1_T1w.nii.gz,sub-0027418,ses-2,entropy,3.595897932627248,"('MRN', nan, nan)",False,False,False,True,False
/run/media/falconnier/Elements/BIDS_datasets_selection/CORR/MRN/sub-0027033/ses-1/anat/sub-0027033_ses-1_run-1_T1w.nii.gz,sub-0027033,ses-1,efc,0.5324,"('MRN', nan, nan)",False,False,False,True,False
/run/media/falconnier/Elements/BIDS_datasets_selection/CORR/MRN/sub-0027052/ses-1/anat/sub-0027052_ses-1_run-1_T1w.nii.gz,sub-0027052,ses-1,efc,0.3649,"('MRN', nan, nan)",False,False,False,True,False
/run/media/falconnier/Elements/BIDS_datasets_selection/CORR/MRN/sub-0027052/ses-2/anat/sub-0027052_ses-2_run-1_T1w.nii.gz,sub-0027052,ses-2,efc,0.3645,"('MRN', nan, nan)",False,False,False,True,False
/run/media/falconnier/Elements/BIDS_datasets_selection/CORR/MRN/sub-0027415/ses-2/anat/sub-0027415_ses-2_run-1_T1w.nii.gz,sub-0027415,ses-2,efc,0.5416,"('MRN', nan, nan)",False,False,False,True,False
/run/media/falconnier/Elements/BIDS_datasets_selection/CORR/MRN/sub-0027023/ses-1/anat/sub-0027023_ses-1_run-1_T1w.nii.gz,sub-0027023,ses-1,nonzero_frac,0.6556561787923177,"('MRN', nan, nan)",False,True,True,False,False
/run/media/falconnier/Elements/BIDS_datasets_selection/CORR/MRN/sub-0027027/ses-1/anat/sub-0027027_ses-1_run-1_T1w.nii.gz,sub-0027027,ses-1,nonzero_frac,0.3204367955525716,"('MRN', nan, nan)",False,False,False,True,False
/run/media/falconnier/Elements/BIDS_datasets_selection/CORR/MRN/sub-0027030/ses-1/anat/sub-0027030_ses-1_run-1_T1w.nii.gz,sub-0027030,ses-1,nonzero_frac,0.6720976034800211,"('MRN', nan, nan)",False,True,True,False,False
/run/media/falconnier/Elements/BIDS_datasets_selection/CORR/MRN/sub-0027033/ses-1/anat/sub-0027033_ses-1_run-1_T1w.nii.gz,sub-0027033,ses-1,nonzero_frac,0.6647677421569824,"('MRN', nan, nan)",False,True,True,False,False
/run/media/falconnier/Elements/BIDS_datasets_selection/CORR/MRN/sub-0027034/ses-1/anat/sub-0027034_ses-1_run-1_T1w.nii.gz,sub-0027034,ses-1,nonzero_frac,0.6714807351430258,"('MRN', nan, nan)",False,True,True,False,False
/run/media/falconnier/Elements/BIDS_datasets_selection/CORR/MRN/sub-0027039/ses-2/anat/sub-0027039_ses-2_run-1_T1w.nii.gz,sub-0027039,ses-2,nonzero_frac,0.6439321835835775,"('MRN', nan, nan)",False,False,True,False,False
/run/media/falconnier/Elements/BIDS_datasets_selection/CORR/MRN/sub-0027044/ses-2/anat/sub-0027044_ses-2_run-1_T1w.nii.gz,sub-0027044,ses-2,nonzero_frac,0.6122526327768961,"('MRN', nan, nan)",False,False,True,False,False
/run/media/falconnier/Elements/BIDS_datasets_selection/CORR/MRN/sub-0027048/ses-1/anat/sub-0027048_ses-1_run-1_T1w.nii.gz,sub-0027048,ses-1,nonzero_frac,0.6153671741485596,"('MRN', nan, nan)",False,False,True,False,False
/run/media/falconnier/Elements/BIDS_datasets_selection/CORR/MRN/sub-0027048/ses-2/anat/sub-0027048_ses-2_run-1_T1w.nii.gz,sub-0027048,ses-2,nonzero_frac,0.3076523939768473,"('MRN', nan, nan)",False,False,False,True,False
/run/media/falconnier/Elements/BIDS_datasets_selection/CORR/MRN/sub-0027049/ses-1/anat/sub-0027049_ses-1_run-1_T1w.nii.gz,sub-0027049,ses-1,nonzero_frac,0.6518983046213785,"('MRN', nan, nan)",False,True,True,False,False
/run/media/falconnier/Elements/BIDS_datasets_selection/CORR/MRN/sub-0027050/ses-1/anat/sub-0027050_ses-1_run-1_T1w.nii.gz,sub-0027050,ses-1,nonzero_frac,0.64303191502889,"('MRN', nan, nan)",False,False,True,False,False
/run/media/falconnier/Elements/BIDS_datasets_selection/CORR/MRN/sub-0027410/ses-1/anat/sub-0027410_ses-1_run-1_T1w.nii.gz,sub-0027410,ses-1,nonzero_frac,0.677505095799764,"('MRN', nan, nan)",False,True,True,True,False
/run/media/falconnier/Elements/BIDS_datasets_selection/CORR/MRN/sub-0027410/ses-2/anat/sub-0027410_ses-2_run-1_T1w.nii.gz,sub-0027410,ses-2,nonzero_frac,0.6197396914164225,"('MRN', nan, nan)",False,False,True,False,False
/run/media/falconnier/Elements/BIDS_datasets_selection/CORR/MRN/sub-0027415/ses-2/anat/sub-0027415_ses-2_run-1_T1w.nii.gz,sub-0027415,ses-2,nonzero_frac,0.6787471771240234,"('MRN', nan, nan)",False,True,True,True,False
/run/media/falconnier/Elements/BIDS_datasets_selection/CORR/MRN/sub-0027418/ses-1/anat/sub-0027418_ses-1_run-1_T1w.nii.gz,sub-0027418,ses-1,nonzero_frac,0.6533259550730387,"('MRN', nan, nan)",False,True,True,False,False
/run/media/falconnier/Elements/BIDS_datasets_selection/CORR/MRN/sub-0027418/ses-2/anat/sub-0027418_ses-2_run-1_T1w.nii.gz,sub-0027418,ses-2,nonzero_frac,0.6331008275349935,"('MRN', nan, nan)",False,False,True,False,False
/run/media/falconnier/Elements/BIDS_datasets_selection/CORR/MRN/sub-0027023/ses-1/anat/sub-0027023_ses-1_run-1_T1w.nii.gz,sub-0027023,ses-1,n_nonzero,8250064.0,"('MRN', nan, nan)",False,True,True,False,False
/run/media/falconnier/Elements/BIDS_datasets_selection/CORR/MRN/sub-0027027/ses-1/anat/sub-0027027_ses-1_run-1_T1w.nii.gz,sub-0027027,ses-1,n_nonzero,4032028.0,"('MRN', nan, nan)",False,False,False,True,False
/run/media/falconnier/Elements/BIDS_datasets_selection/CORR/MRN/sub-0027030/ses-1/anat/sub-0027030_ses-1_run-1_T1w.nii.gz,sub-0027030,ses-1,n_nonzero,8456945.0,"('MRN', nan, nan)",False,True,True,False,False
/run/media/falconnier/Elements/BIDS_datasets_selection/CORR/MRN/sub-0027033/ses-1/anat/sub-0027033_ses-1_run-1_T1w.nii.gz,sub-0027033,ses-1,n_nonzero,8364714.0,"('MRN', nan, nan)",False,True,True,False,False
/run/media/falconnier/Elements/BIDS_datasets_selection/CORR/MRN/sub-0027034/ses-1/anat/sub-0027034_ses-1_run-1_T1w.nii.gz,sub-0027034,ses-1,n_nonzero,8449183.0,"('MRN', nan, nan)",False,True,True,False,False
/run/media/falconnier/Elements/BIDS_datasets_selection/CORR/MRN/sub-0027039/ses-2/anat/sub-0027039_ses-2_run-1_T1w.nii.gz,sub-0027039,ses-2,n_nonzero,8102542.0,"('MRN', nan, nan)",False,False,True,False,False
/run/media/falconnier/Elements/BIDS_datasets_selection/CORR/MRN/sub-0027044/ses-2/anat/sub-0027044_ses-2_run-1_T1w.nii.gz,sub-0027044,ses-2,n_nonzero,7703921.0,"('MRN', nan, nan)",False,False,True,False,False
/run/media/falconnier/Elements/BIDS_datasets_selection/CORR/MRN/sub-0027048/ses-1/anat/sub-0027048_ses-1_run-1_T1w.nii.gz,sub-0027048,ses-1,n_nonzero,7743111.0,"('MRN', nan, nan)",False,False,True,False,False
/run/media/falconnier/Elements/BIDS_datasets_selection/CORR/MRN/sub-0027048/ses-2/anat/sub-0027048_ses-2_run-1_T1w.nii.gz,sub-0027048,ses-2,n_nonzero,3871163.0,"('MRN', nan, nan)",False,False,False,True,False
/run/media/falconnier/Elements/BIDS_datasets_selection/CORR/MRN/sub-0027049/ses-1/anat/sub-0027049_ses-1_run-1_T1w.nii.gz,sub-0027049,ses-1,n_nonzero,8202779.0,"('MRN', nan, nan)",False,True,True,False,False
/run/media/falconnier/Elements/BIDS_datasets_selection/CORR/MRN/sub-0027050/ses-1/anat/sub-0027050_ses-1_run-1_T1w.nii.gz,sub-0027050,ses-1,n_nonzero,8091214.0,"('MRN', nan, nan)",False,False,True,False,False
/run/media/falconnier/Elements/BIDS_datasets_selection/CORR/MRN/sub-0027410/ses-1/anat/sub-0027410_ses-1_run-1_T1w.nii.gz,sub-0027410,ses-1,n_nonzero,8524987.0,"('MRN', nan, nan)",False,True,True,True,False
/run/media/falconnier/Elements/BIDS_datasets_selection/CORR/MRN/sub-0027410/ses-2/anat/sub-0027410_ses-2_run-1_T1w.nii.gz,sub-0027410,ses-2,n_nonzero,7798130.0,"('MRN', nan, nan)",False,False,True,False,False
/run/media/falconnier/Elements/BIDS_datasets_selection/CORR/MRN/sub-0027415/ses-2/anat/sub-0027415_ses-2_run-1_T1w.nii.gz,sub-0027415,ses-2,n_nonzero,8540616.0,"('MRN', nan, nan)",False,True,True,True,False
/run/media/falconnier/Elements/BIDS_datasets_selection/CORR/MRN/sub-0027418/ses-1/anat/sub-0027418_ses-1_run-1_T1w.nii.gz,sub-0027418,ses-1,n_nonzero,8220743.0,"('MRN', nan, nan)",False,True,True,False,False
/run/media/falconnier/Elements/BIDS_datasets_selection/CORR/MRN/sub-0027418/ses-2/anat/sub-0027418_ses-2_run-1_T1w.nii.gz,sub-0027418,ses-2,n_nonzero,7966252.0,"('MRN', nan, nan)",False,False,True,False,False
/run/media/falconnier/Elements/BIDS_datasets_selection/CORR/MRN/sub-0027027/ses-1/anat/sub-0027027_ses-1_run-1_T1w.nii.gz,sub-0027027,ses-1,kurtosis,-1.093636141819133,"('MRN', nan, nan)",False,False,False,True,False
/run/media/falconnier/Elements/BIDS_datasets_selection/CORR/MRN/sub-0027040/ses-2/anat/sub-0027040_ses-2_run-1_T1w.nii.gz,sub-0027040,ses-2,kurtosis,-0.055919505159883,"('MRN', nan, nan)",False,False,True,True,False
/run/media/falconnier/Elements/BIDS_datasets_selection/CORR/MRN/sub-0027048/ses-1/anat/sub-0027048_ses-1_run-1_T1w.nii.gz,sub-0027048,ses-1,kurtosis,-0.0401119138060734,"('MRN', nan, nan)",False,True,True,True,False
/run/media/falconnier/Elements/BIDS_datasets_selection/CORR/MRN/sub-0027048/ses-2/anat/sub-0027048_ses-2_run-1_T1w.nii.gz,sub-0027048,ses-2,kurtosis,-1.065010596494751,"('MRN', nan, nan)",False,False,False,True,False
/run/media/falconnier/Elements/BIDS_datasets_selection/CORR/MRN/sub-0027027/ses-1/anat/sub-0027027_ses-1_run-1_T1w.nii.gz,sub-0027027,ses-1,skewness,0.4780480969116509,"('MRN', nan, nan)",False,False,False,True,False
/run/media/falconnier/Elements/BIDS_datasets_selection/CORR/MRN/sub-0027034/ses-1/anat/sub-0027034_ses-1_run-1_T1w.nii.gz,sub-0027034,ses-1,skewness,0.9664327216597424,"('MRN', nan, nan)",False,False,False,True,False
/run/media/falconnier/Elements/BIDS_datasets_selection/CORR/MRN/sub-0027048/ses-1/anat/sub-0027048_ses-1_run-1_T1w.nii.gz,sub-0027048,ses-1,skewness,1.0051232598803237,"('MRN', nan, nan)",False,False,False,True,False
/run/media/falconnier/Elements/BIDS_datasets_selection/CORR/MRN/sub-0027050/ses-2/anat/sub-0027050_ses-2_run-1_T1w.nii.gz,sub-0027050,ses-2,skewness,0.510082154104453,"('MRN', nan, nan)",False,False,False,True,False
/run/media/falconnier/Elements/BIDS_datasets_selection/CORR/NKI_TRT/sub-0021001/ses-1/anat/sub-0021001_ses-1_run-1_T1w.nii.gz,sub-0021001,ses-1,file_size_mb,10.057621955871582,"('NKI_TRT', nan, nan)",False,True,True,True,False
/run/media/falconnier/Elements/BIDS_datasets_selection/CORR/NKI_TRT/sub-0021018/ses-1/anat/sub-0021018_ses-1_run-1_T1w.nii.gz,sub-0021018,ses-1,file_size_mb,8.174925804138184,"('NKI_TRT', nan, nan)",False,True,True,True,False
/run/media/falconnier/Elements/BIDS_datasets_selection/CORR/NKI_TRT/sub-0021001/ses-1/anat/sub-0021001_ses-1_run-1_T1w.nii.gz,sub-0021001,ses-1,max,2107.0,"('NKI_TRT', nan, nan)",False,True,True,True,False
/run/media/falconnier/Elements/BIDS_datasets_selection/CORR/NKI_TRT/sub-1793622/ses-1/anat/sub-1793622_ses-1_run-1_T1w.nii.gz,sub-1793622,ses-1,max,708.0,"('NKI_TRT', nan, nan)",False,False,False,True,False
/run/media/falconnier/Elements/BIDS_datasets_selection/CORR/NKI_TRT/sub-0021001/ses-1/anat/sub-0021001_ses-1_run-1_T1w.nii.gz,sub-0021001,ses-1,median,16.0,"('NKI_TRT', nan, nan)",False,True,True,True,False
/run/media/falconnier/Elements/BIDS_datasets_selection/CORR/NKI_TRT/sub-0021001/ses-1/anat/sub-0021001_ses-1_run-1_T1w.nii.gz,sub-0021001,ses-1,mean,157.48256995357542,"('NKI_TRT', nan, nan)",False,True,True,True,False
/run/media/falconnier/Elements/BIDS_datasets_selection/CORR/NKI_TRT/sub-3313349/ses-1/anat/sub-3313349_ses-1_run-1_T1w.nii.gz,sub-3313349,ses-1,mean,57.893371463872256,"('NKI_TRT', nan, nan)",False,False,False,True,False
/run/media/falconnier/Elements/BIDS_datasets_selection/CORR/NKI_TRT/sub-0021001/ses-1/anat/sub-0021001_ses-1_run-1_T1w.nii.gz,sub-0021001,ses-1,std,232.05198323172496,"('NKI_TRT', nan, nan)",False,True,True,True,False
/run/media/falconnier/Elements/BIDS_datasets_selection/CORR/NKI_TRT/sub-1427581/ses-1/anat/sub-1427581_ses-1_run-1_T1w.nii.gz,sub-1427581,ses-1,std,97.21512522194952,"('NKI_TRT', nan, nan)",False,False,False,True,False
/run/media/falconnier/Elements/BIDS_datasets_selection/CORR/NKI_TRT/sub-0021001/ses-1/anat/sub-0021001_ses-1_run-1_T1w.nii.gz,sub-0021001,ses-1,mad,14.0,"('NKI_TRT', nan, nan)",False,True,True,True,False
/run/media/falconnier/Elements/BIDS_datasets_selection/CORR/NKI_TRT/sub-0021001/ses-1/anat/sub-0021001_ses-1_run-1_T1w.nii.gz,sub-0021001,ses-1,entropy,0.930388749763246,"('NKI_TRT', nan, nan)",False,False,False,True,False
/run/media/falconnier/Elements/BIDS_datasets_selection/CORR/NKI_TRT/sub-1793622/ses-1/anat/sub-1793622_ses-1_run-1_T1w.nii.gz,sub-1793622,ses-1,entropy,2.3430059434831474,"('NKI_TRT', nan, nan)",False,False,False,True,False
/run/media/falconnier/Elements/BIDS_datasets_selection/CORR/NKI_TRT/sub-3313349/ses-1/anat/sub-3313349_ses-1_run-1_T1w.nii.gz,sub-3313349,ses-1,efc,0.4078,"('NKI_TRT', nan, nan)",False,False,False,True,False
/run/media/falconnier/Elements/BIDS_datasets_selection/CORR/NKI_TRT/sub-3893245/ses-1/anat/sub-3893245_ses-1_run-1_T1w.nii.gz,sub-3893245,ses-1,efc,0.5037,"('NKI_TRT', nan, nan)",False,False,False,True,False
/run/media/falconnier/Elements/BIDS_datasets_selection/CORR/NKI_TRT/sub-0021018/ses-1/anat/sub-0021018_ses-1_run-1_T1w.nii.gz,sub-0021018,ses-1,nonzero_frac,0.7169826825459799,"('NKI_TRT', nan, nan)",False,False,False,True,False
/run/media/falconnier/Elements/BIDS_datasets_selection/CORR/NKI_TRT/sub-3313349/ses-1/anat/sub-3313349_ses-1_run-1_T1w.nii.gz,sub-3313349,ses-1,nonzero_frac,0.8310524622599283,"('NKI_TRT', nan, nan)",False,False,False,True,False
/run/media/falconnier/Elements/BIDS_datasets_selection/CORR/NKI_TRT/sub-0021018/ses-1/anat/sub-0021018_ses-1_run-1_T1w.nii.gz,sub-0021018,ses-1,n_nonzero,9021730.0,"('NKI_TRT', nan, nan)",False,False,False,True,False
/run/media/falconnier/Elements/BIDS_datasets_selection/CORR/NKI_TRT/sub-3313349/ses-1/anat/sub-3313349_ses-1_run-1_T1w.nii.gz,sub-3313349,ses-1,n_nonzero,10457060.0,"('NKI_TRT', nan, nan)",False,False,False,True,False
/run/media/falconnier/Elements/BIDS_datasets_selection/CORR/NKI_TRT/sub-0021001/ses-1/anat/sub-0021001_ses-1_run-1_T1w.nii.gz,sub-0021001,ses-1,kurtosis,4.794836400403442,"('NKI_TRT', nan, nan)",False,True,True,True,False
/run/media/falconnier/Elements/BIDS_datasets_selection/CORR/NKI_TRT/sub-3808535/ses-1/anat/sub-3808535_ses-1_run-1_T1w.nii.gz,sub-3808535,ses-1,kurtosis,-0.1218441587130474,"('NKI_TRT', nan, nan)",False,False,False,True,False
/run/media/falconnier/Elements/BIDS_datasets_selection/CORR/NKI_TRT/sub-0021001/ses-1/anat/sub-0021001_ses-1_run-1_T1w.nii.gz,sub-0021001,ses-1,skewness,2.022180349967096,"('NKI_TRT', nan, nan)",False,True,True,True,False
/run/media/falconnier/Elements/BIDS_datasets_selection/CORR/NKI_TRT/sub-3313349/ses-1/anat/sub-3313349_ses-1_run-1_T1w.nii.gz,sub-3313349,ses-1,skewness,1.9215575728748957,"('NKI_TRT', nan, nan)",False,True,True,False,False
/run/media/falconnier/Elements/BIDS_datasets_selection/CORR/NKI_TRT/sub-3808535/ses-1/anat/sub-3808535_ses-1_run-1_T1w.nii.gz,sub-3808535,ses-1,skewness,1.1214113843322306,"('NKI_TRT', nan, nan)",False,False,False,True,False
/run/media/falconnier/Elements/BIDS_datasets_selection/CORR/NYU_1/sub-0027117/ses-1/anat/sub-0027117_ses-1_run-1_T1w.nii.gz,sub-0027117,ses-1,median,32.0,"('NYU_1', nan, nan)",False,True,True,False,False
/run/media/falconnier/Elements/BIDS_datasets_selection/CORR/NYU_1/sub-0027117/ses-2/anat/sub-0027117_ses-2_run-1_T1w.nii.gz,sub-0027117,ses-2,median,32.0,"('NYU_1', nan, nan)",False,True,True,False,False
/run/media/falconnier/Elements/BIDS_datasets_selection/CORR/NYU_1/sub-0027117/ses-3/anat/sub-0027117_ses-3_run-1_T1w.nii.gz,sub-0027117,ses-3,median,32.0,"('NYU_1', nan, nan)",False,True,True,False,False
/run/media/falconnier/Elements/BIDS_datasets_selection/CORR/NYU_1/sub-0027117/ses-1/anat/sub-0027117_ses-1_run-1_T1w.nii.gz,sub-0027117,ses-1,mean,67.0359039601158,"('NYU_1', nan, nan)",False,True,False,False,False
/run/media/falconnier/Elements/BIDS_datasets_selection/CORR/NYU_1/sub-0027117/ses-2/anat/sub-0027117_ses-2_run-1_T1w.nii.gz,sub-0027117,ses-2,mean,67.0359039601158,"('NYU_1', nan, nan)",False,True,False,False,False
/run/media/falconnier/Elements/BIDS_datasets_selection/CORR/NYU_1/sub-0027117/ses-3/anat/sub-0027117_ses-3_run-1_T1w.nii.gz,sub-0027117,ses-3,mean,67.0359039601158,"('NYU_1', nan, nan)",False,True,False,False,False
/run/media/falconnier/Elements/BIDS_datasets_selection/CORR/NYU_1/sub-0027117/ses-1/anat/sub-0027117_ses-1_run-1_T1w.nii.gz,sub-0027117,ses-1,mad,16.0,"('NYU_1', nan, nan)",False,True,True,False,False
/run/media/falconnier/Elements/BIDS_datasets_selection/CORR/NYU_1/sub-0027117/ses-2/anat/sub-0027117_ses-2_run-1_T1w.nii.gz,sub-0027117,ses-2,mad,16.0,"('NYU_1', nan, nan)",False,True,True,False,False
/run/media/falconnier/Elements/BIDS_datasets_selection/CORR/NYU_1/sub-0027117/ses-3/anat/sub-0027117_ses-3_run-1_T1w.nii.gz,sub-0027117,ses-3,mad,16.0,"('NYU_1', nan, nan)",False,True,True,False,False
/run/media/falconnier/Elements/BIDS_datasets_selection/CORR/NYU_1/sub-0027117/ses-1/anat/sub-0027117_ses-1_run-1_T1w.nii.gz,sub-0027117,ses-1,efc,0.5863,"('NYU_1', nan, nan)",False,True,True,False,False
/run/media/falconnier/Elements/BIDS_datasets_selection/CORR/NYU_1/sub-0027117/ses-2/anat/sub-0027117_ses-2_run-1_T1w.nii.gz,sub-0027117,ses-2,efc,0.5863,"('NYU_1', nan, nan)",False,True,True,False,False
/run/media/falconnier/Elements/BIDS_datasets_selection/CORR/NYU_1/sub-0027117/ses-3/anat/sub-0027117_ses-3_run-1_T1w.nii.gz,sub-0027117,ses-3,efc,0.5863,"('NYU_1', nan, nan)",False,True,True,False,False
/run/media/falconnier/Elements/BIDS_datasets_selection/CORR/NYU_2/sub-0025002/ses-1/anat/sub-0025002_ses-1_run-1_T1w.nii.gz,sub-0025002,ses-1,file_size_mb,3.695939064025879,"('NYU_2', nan, nan)",False,False,False,True,True
/run/media/falconnier/Elements/BIDS_datasets_selection/CORR/NYU_2/sub-0025014/ses-1/anat/sub-0025014_ses-1_run-1_T1w.nii.gz,sub-0025014,ses-1,file_size_mb,3.992238998413086,"('NYU_2', nan, nan)",False,False,False,False,True
/run/media/falconnier/Elements/BIDS_datasets_selection/CORR/NYU_2/sub-0025017/ses-1/anat/sub-0025017_ses-1_run-1_T1w.nii.gz,sub-0025017,ses-1,file_size_mb,3.8366947174072266,"('NYU_2', nan, nan)",False,False,False,False,True
/run/media/falconnier/Elements/BIDS_datasets_selection/CORR/NYU_2/sub-0025017/ses-1/anat/sub-0025017_ses-1_run-2_T1w.nii.gz,sub-0025017,ses-1,file_size_mb,3.839075088500977,"('NYU_2', nan, nan)",False,False,False,False,True
/run/media/falconnier/Elements/BIDS_datasets_selection/CORR/NYU_2/sub-0025017/ses-2/anat/sub-0025017_ses-2_run-1_T1w.nii.gz,sub-0025017,ses-2,file_size_mb,3.9992542266845694,"('NYU_2', nan, nan)",False,False,False,False,True
/run/media/falconnier/Elements/BIDS_datasets_selection/CORR/NYU_2/sub-0025023/ses-2/anat/sub-0025023_ses-2_run-1_T1w.nii.gz,sub-0025023,ses-2,file_size_mb,6.174045562744141,"('NYU_2', nan, nan)",False,False,False,True,False
/run/media/falconnier/Elements/BIDS_datasets_selection/CORR/NYU_2/sub-0025023/ses-1/anat/sub-0025023_ses-1_run-1_T1w.nii.gz,sub-0025023,ses-1,file_size_mb,6.05483341217041,"('NYU_2', nan, nan)",False,False,False,True,False
/run/media/falconnier/Elements/BIDS_datasets_selection/CORR/NYU_2/sub-0025023/ses-1/anat/sub-0025023_ses-1_run-2_T1w.nii.gz,sub-0025023,ses-1,file_size_mb,6.043401718139648,"('NYU_2', nan, nan)",False,False,False,True,False
/run/media/falconnier/Elements/BIDS_datasets_selection/CORR/NYU_2/sub-0025031/ses-1/anat/sub-0025031_ses-1_run-1_T1w.nii.gz,sub-0025031,ses-1,file_size_mb,3.9493703842163086,"('NYU_2', nan, nan)",False,False,False,False,True
/run/media/falconnier/Elements/BIDS_datasets_selection/CORR/NYU_2/sub-0025040/ses-1/anat/sub-0025040_ses-1_run-1_T1w.nii.gz,sub-0025040,ses-1,file_size_mb,3.841419219970703,"('NYU_2', nan, nan)",False,False,False,False,True
/run/media/falconnier/Elements/BIDS_datasets_selection/CORR/NYU_2/sub-0025040/ses-2/anat/sub-0025040_ses-2_run-2_T1w.nii.gz,sub-0025040,ses-2,file_size_mb,3.938784599304199,"('NYU_2', nan, nan)",False,False,False,False,True
/run/media/falconnier/Elements/BIDS_datasets_selection/CORR/NYU_2/sub-0025040/ses-2/anat/sub-0025040_ses-2_run-1_T1w.nii.gz,sub-0025040,ses-2,file_size_mb,3.937272071838379,"('NYU_2', nan, nan)",False,False,False,False,True
/run/media/falconnier/Elements/BIDS_datasets_selection/CORR/NYU_2/sub-0025042/ses-2/anat/sub-0025042_ses-2_run-1_T1w.nii.gz,sub-0025042,ses-2,file_size_mb,3.989224433898926,"('NYU_2', nan, nan)",False,False,False,False,True
/run/media/falconnier/Elements/BIDS_datasets_selection/CORR/NYU_2/sub-0025042/ses-2/anat/sub-0025042_ses-2_run-2_T1w.nii.gz,sub-0025042,ses-2,file_size_mb,3.9427337646484375,"('NYU_2', nan, nan)",False,False,False,False,True
/run/media/falconnier/Elements/BIDS_datasets_selection/CORR/NYU_2/sub-0025045/ses-1/anat/sub-0025045_ses-1_run-1_T1w.nii.gz,sub-0025045,ses-1,file_size_mb,3.7970705032348633,"('NYU_2', nan, nan)",False,False,False,False,True
/run/media/falconnier/Elements/BIDS_datasets_selection/CORR/NYU_2/sub-0025045/ses-1/anat/sub-0025045_ses-1_run-2_T1w.nii.gz,sub-0025045,ses-1,file_size_mb,3.8216476440429688,"('NYU_2', nan, nan)",False,False,False,False,True
/run/media/falconnier/Elements/BIDS_datasets_selection/CORR/NYU_2/sub-0025045/ses-2/anat/sub-0025045_ses-2_run-1_T1w.nii.gz,sub-0025045,ses-2,file_size_mb,3.6755990982055664,"('NYU_2', nan, nan)",False,False,False,True,True
/run/media/falconnier/Elements/BIDS_datasets_selection/CORR/NYU_2/sub-0025048/ses-1/anat/sub-0025048_ses-1_run-1_T1w.nii.gz,sub-0025048,ses-1,file_size_mb,3.957350730895996,"('NYU_2', nan, nan)",False,False,False,False,True
/run/media/falconnier/Elements/BIDS_datasets_selection/CORR/NYU_2/sub-0025048/ses-2/anat/sub-0025048_ses-2_run-2_T1w.nii.gz,sub-0025048,ses-2,file_size_mb,3.8533334732055664,"('NYU_2', nan, nan)",False,False,False,False,True
/run/media/falconnier/Elements/BIDS_datasets_selection/CORR/NYU_2/sub-0025048/ses-2/anat/sub-0025048_ses-2_run-1_T1w.nii.gz,sub-0025048,ses-2,file_size_mb,3.93379020690918,"('NYU_2', nan, nan)",False,False,False,False,True
/run/media/falconnier/Elements/BIDS_datasets_selection/CORR/NYU_2/sub-0025051/ses-1/anat/sub-0025051_ses-1_run-1_T1w.nii.gz,sub-0025051,ses-1,file_size_mb,3.9473915100097656,"('NYU_2', nan, nan)",False,False,False,False,True
/run/media/falconnier/Elements/BIDS_datasets_selection/CORR/NYU_2/sub-0025051/ses-2/anat/sub-0025051_ses-2_run-1_T1w.nii.gz,sub-0025051,ses-2,file_size_mb,3.736105918884277,"('NYU_2', nan, nan)",False,False,False,False,True
/run/media/falconnier/Elements/BIDS_datasets_selection/CORR/NYU_2/sub-0025051/ses-2/anat/sub-0025051_ses-2_run-2_T1w.nii.gz,sub-0025051,ses-2,file_size_mb,3.5890932083129883,"('NYU_2', nan, nan)",False,False,False,True,True
/run/media/falconnier/Elements/BIDS_datasets_selection/CORR/NYU_2/sub-0025087/ses-1/anat/sub-0025087_ses-1_run-1_T1w.nii.gz,sub-0025087,ses-1,file_size_mb,6.159814834594727,"('NYU_2', nan, nan)",False,False,False,True,False
/run/media/falconnier/Elements/BIDS_datasets_selection/CORR/NYU_2/sub-0025089/ses-1/anat/sub-0025089_ses-1_run-2_T1w.nii.gz,sub-0025089,ses-1,file_size_mb,6.016310691833496,"('NYU_2', nan, nan)",False,False,False,True,False
/run/media/falconnier/Elements/BIDS_datasets_selection/CORR/NYU_2/sub-0025098/ses-1/anat/sub-0025098_ses-1_run-1_T1w.nii.gz,sub-0025098,ses-1,file_size_mb,3.7617616653442383,"('NYU_2', nan, nan)",False,False,False,False,True
/run/media/falconnier/Elements/BIDS_datasets_selection/CORR/NYU_2/sub-0025098/ses-1/anat/sub-0025098_ses-1_run-2_T1w.nii.gz,sub-0025098,ses-1,file_size_mb,3.725508689880371,"('NYU_2', nan, nan)",False,False,False,False,True
/run/media/falconnier/Elements/BIDS_datasets_selection/CORR/NYU_2/sub-0025104/ses-1/anat/sub-0025104_ses-1_run-2_T1w.nii.gz,sub-0025104,ses-1,file_size_mb,3.9869680404663086,"('NYU_2', nan, nan)",False,False,False,False,True
/run/media/falconnier/Elements/BIDS_datasets_selection/CORR/NYU_2/sub-0025105/ses-1/anat/sub-0025105_ses-1_run-1_T1w.nii.gz,sub-0025105,ses-1,file_size_mb,3.986894607543945,"('NYU_2', nan, nan)",False,False,False,False,True
/run/media/falconnier/Elements/BIDS_datasets_selection/CORR/NYU_2/sub-0025111/ses-1/anat/sub-0025111_ses-1_run-1_T1w.nii.gz,sub-0025111,ses-1,file_size_mb,3.703341484069824,"('NYU_2', nan, nan)",False,False,False,True,True
/run/media/falconnier/Elements/BIDS_datasets_selection/CORR/NYU_2/sub-0025111/ses-1/anat/sub-0025111_ses-1_run-2_T1w.nii.gz,sub-0025111,ses-1,file_size_mb,3.6784610748291016,"('NYU_2', nan, nan)",False,False,False,True,True
/run/media/falconnier/Elements/BIDS_datasets_selection/CORR/NYU_2/sub-0025162/ses-1/anat/sub-0025162_ses-1_run-1_T1w.nii.gz,sub-0025162,ses-1,file_size_mb,3.951736450195313,"('NYU_2', nan, nan)",False,False,False,False,True
/run/media/falconnier/Elements/BIDS_datasets_selection/CORR/NYU_2/sub-0025162/ses-1/anat/sub-0025162_ses-1_run-2_T1w.nii.gz,sub-0025162,ses-1,file_size_mb,3.9253835678100586,"('NYU_2', nan, nan)",False,False,False,False,True
/run/media/falconnier/Elements/BIDS_datasets_selection/CORR/NYU_2/sub-0025006/ses-1/anat/sub-0025006_ses-1_run-2_T1w.nii.gz,sub-0025006,ses-1,max,419.0,"('NYU_2', nan, nan)",False,False,False,True,False
/run/media/falconnier/Elements/BIDS_datasets_selection/CORR/NYU_2/sub-0025008/ses-2/anat/sub-0025008_ses-2_run-2_T1w.nii.gz,sub-0025008,ses-2,max,413.0,"('NYU_2', nan, nan)",False,False,False,True,False
/run/media/falconnier/Elements/BIDS_datasets_selection/CORR/NYU_2/sub-0025021/ses-1/anat/sub-0025021_ses-1_run-1_T1w.nii.gz,sub-0025021,ses-1,max,1402.0,"('NYU_2', nan, nan)",False,True,True,False,False
/run/media/falconnier/Elements/BIDS_datasets_selection/CORR/NYU_2/sub-0025023/ses-2/anat/sub-0025023_ses-2_run-1_T1w.nii.gz,sub-0025023,ses-2,max,1542.0,"('NYU_2', nan, nan)",False,True,True,False,False
/run/media/falconnier/Elements/BIDS_datasets_selection/CORR/NYU_2/sub-0025023/ses-1/anat/sub-0025023_ses-1_run-1_T1w.nii.gz,sub-0025023,ses-1,max,1440.0,"('NYU_2', nan, nan)",False,True,True,False,False
/run/media/falconnier/Elements/BIDS_datasets_selection/CORR/NYU_2/sub-0025023/ses-1/anat/sub-0025023_ses-1_run-2_T1w.nii.gz,sub-0025023,ses-1,max,1384.0,"('NYU_2', nan, nan)",False,True,True,False,False
/run/media/falconnier/Elements/BIDS_datasets_selection/CORR/NYU_2/sub-0025025/ses-1/anat/sub-0025025_ses-1_run-1_T1w.nii.gz,sub-0025025,ses-1,max,1079.0,"('NYU_2', nan, nan)",False,True,True,False,False
/run/media/falconnier/Elements/BIDS_datasets_selection/CORR/NYU_2/sub-0025038/ses-1/anat/sub-0025038_ses-1_run-2_T1w.nii.gz,sub-0025038,ses-1,max,1439.0,"('NYU_2', nan, nan)",False,True,True,False,False
/run/media/falconnier/Elements/BIDS_datasets_selection/CORR/NYU_2/sub-0025038/ses-1/anat/sub-0025038_ses-1_run-1_T1w.nii.gz,sub-0025038,ses-1,max,1368.0,"('NYU_2', nan, nan)",False,True,True,False,False
/run/media/falconnier/Elements/BIDS_datasets_selection/CORR/NYU_2/sub-0025047/ses-1/anat/sub-0025047_ses-1_run-1_T1w.nii.gz,sub-0025047,ses-1,max,1450.0,"('NYU_2', nan, nan)",False,True,True,False,False
/run/media/falconnier/Elements/BIDS_datasets_selection/CORR/NYU_2/sub-0025047/ses-1/anat/sub-0025047_ses-1_run-2_T1w.nii.gz,sub-0025047,ses-1,max,1544.0,"('NYU_2', nan, nan)",False,True,True,False,False
/run/media/falconnier/Elements/BIDS_datasets_selection/CORR/NYU_2/sub-0025051/ses-2/anat/sub-0025051_ses-2_run-2_T1w.nii.gz,sub-0025051,ses-2,max,428.0,"('NYU_2', nan, nan)",False,False,False,True,False
/run/media/falconnier/Elements/BIDS_datasets_selection/CORR/NYU_2/sub-0025052/ses-1/anat/sub-0025052_ses-1_run-1_T1w.nii.gz,sub-0025052,ses-1,max,1462.0,"('NYU_2', nan, nan)",False,True,True,False,False
/run/media/falconnier/Elements/BIDS_datasets_selection/CORR/NYU_2/sub-0025052/ses-1/anat/sub-0025052_ses-1_run-2_T1w.nii.gz,sub-0025052,ses-1,max,1444.0,"('NYU_2', nan, nan)",False,True,True,False,False
/run/media/falconnier/Elements/BIDS_datasets_selection/CORR/NYU_2/sub-0025053/ses-1/anat/sub-0025053_ses-1_run-1_T1w.nii.gz,sub-0025053,ses-1,max,1394.0,"('NYU_2', nan, nan)",False,True,True,False,False
/run/media/falconnier/Elements/BIDS_datasets_selection/CORR/NYU_2/sub-0025053/ses-1/anat/sub-0025053_ses-1_run-2_T1w.nii.gz,sub-0025053,ses-1,max,1322.0,"('NYU_2', nan, nan)",False,True,True,False,False
/run/media/falconnier/Elements/BIDS_datasets_selection/CORR/NYU_2/sub-0025054/ses-1/anat/sub-0025054_ses-1_run-2_T1w.nii.gz,sub-0025054,ses-1,max,1747.0,"('NYU_2', nan, nan)",False,True,True,True,False
/run/media/falconnier/Elements/BIDS_datasets_selection/CORR/NYU_2/sub-0025054/ses-1/anat/sub-0025054_ses-1_run-1_T1w.nii.gz,sub-0025054,ses-1,max,1578.0,"('NYU_2', nan, nan)",False,True,True,False,False
/run/media/falconnier/Elements/BIDS_datasets_selection/CORR/NYU_2/sub-0025057/ses-1/anat/sub-0025057_ses-1_run-1_T1w.nii.gz,sub-0025057,ses-1,max,1493.0,"('NYU_2', nan, nan)",False,True,True,False,False
/run/media/falconnier/Elements/BIDS_datasets_selection/CORR/NYU_2/sub-0025058/ses-1/anat/sub-0025058_ses-1_run-1_T1w.nii.gz,sub-0025058,ses-1,max,1249.0,"('NYU_2', nan, nan)",False,True,True,False,False
/run/media/falconnier/Elements/BIDS_datasets_selection/CORR/NYU_2/sub-0025058/ses-1/anat/sub-0025058_ses-1_run-2_T1w.nii.gz,sub-0025058,ses-1,max,1177.0,"('NYU_2', nan, nan)",False,True,True,False,False
/run/media/falconnier/Elements/BIDS_datasets_selection/CORR/NYU_2/sub-0025059/ses-2/anat/sub-0025059_ses-2_run-1_T1w.nii.gz,sub-0025059,ses-2,max,2080.0,"('NYU_2', nan, nan)",True,True,True,True,False
/run/media/falconnier/Elements/BIDS_datasets_selection/CORR/NYU_2/sub-0025066/ses-1/anat/sub-0025066_ses-1_run-2_T1w.nii.gz,sub-0025066,ses-1,max,442.0,"('NYU_2', nan, nan)",False,False,False,True,False
/run/media/falconnier/Elements/BIDS_datasets_selection/CORR/NYU_2/sub-0025077/ses-1/anat/sub-0025077_ses-1_run-1_T1w.nii.gz,sub-0025077,ses-1,max,1351.0,"('NYU_2', nan, nan)",False,True,True,False,False
/run/media/falconnier/Elements/BIDS_datasets_selection/CORR/NYU_2/sub-0025077/ses-1/anat/sub-0025077_ses-1_run-2_T1w.nii.gz,sub-0025077,ses-1,max,1402.0,"('NYU_2', nan, nan)",False,True,True,False,False
/run/media/falconnier/Elements/BIDS_datasets_selection/CORR/NYU_2/sub-0025078/ses-1/anat/sub-0025078_ses-1_run-1_T1w.nii.gz,sub-0025078,ses-1,max,1550.0,"('NYU_2', nan, nan)",False,True,True,False,False
/run/media/falconnier/Elements/BIDS_datasets_selection/CORR/NYU_2/sub-0025080/ses-1/anat/sub-0025080_ses-1_run-1_T1w.nii.gz,sub-0025080,ses-1,max,1333.0,"('NYU_2', nan, nan)",False,True,True,False,False
/run/media/falconnier/Elements/BIDS_datasets_selection/CORR/NYU_2/sub-0025079/ses-1/anat/sub-0025079_ses-1_run-1_T1w.nii.gz,sub-0025079,ses-1,max,1376.0,"('NYU_2', nan, nan)",False,True,True,False,False
/run/media/falconnier/Elements/BIDS_datasets_selection/CORR/NYU_2/sub-0025080/ses-1/anat/sub-0025080_ses-1_run-2_T1w.nii.gz,sub-0025080,ses-1,max,1381.0,"('NYU_2', nan, nan)",False,True,True,False,False
/run/media/falconnier/Elements/BIDS_datasets_selection/CORR/NYU_2/sub-0025079/ses-1/anat/sub-0025079_ses-1_run-2_T1w.nii.gz,sub-0025079,ses-1,max,1384.0,"('NYU_2', nan, nan)",False,True,True,False,False
/run/media/falconnier/Elements/BIDS_datasets_selection/CORR/NYU_2/sub-0025078/ses-1/anat/sub-0025078_ses-1_run-2_T1w.nii.gz,sub-0025078,ses-1,max,1306.0,"('NYU_2', nan, nan)",False,True,True,False,False
/run/media/falconnier/Elements/BIDS_datasets_selection/CORR/NYU_2/sub-0025081/ses-1/anat/sub-0025081_ses-1_run-1_T1w.nii.gz,sub-0025081,ses-1,max,1255.0,"('NYU_2', nan, nan)",False,True,True,False,False
/run/media/falconnier/Elements/BIDS_datasets_selection/CORR/NYU_2/sub-0025081/ses-1/anat/sub-0025081_ses-1_run-2_T1w.nii.gz,sub-0025081,ses-1,max,1365.0,"('NYU_2', nan, nan)",False,True,True,False,False
/run/media/falconnier/Elements/BIDS_datasets_selection/CORR/NYU_2/sub-0025085/ses-1/anat/sub-0025085_ses-1_run-1_T1w.nii.gz,sub-0025085,ses-1,max,1260.0,"('NYU_2', nan, nan)",False,True,True,False,False
/run/media/falconnier/Elements/BIDS_datasets_selection/CORR/NYU_2/sub-0025083/ses-1/anat/sub-0025083_ses-1_run-1_T1w.nii.gz,sub-0025083,ses-1,max,1490.0,"('NYU_2', nan, nan)",False,True,True,False,False
/run/media/falconnier/Elements/BIDS_datasets_selection/CORR/NYU_2/sub-0025084/ses-1/anat/sub-0025084_ses-1_run-1_T1w.nii.gz,sub-0025084,ses-1,max,1222.0,"('NYU_2', nan, nan)",False,True,True,False,False
/run/media/falconnier/Elements/BIDS_datasets_selection/CORR/NYU_2/sub-0025085/ses-1/anat/sub-0025085_ses-1_run-2_T1w.nii.gz,sub-0025085,ses-1,max,1257.0,"('NYU_2', nan, nan)",False,True,True,False,False
/run/media/falconnier/Elements/BIDS_datasets_selection/CORR/NYU_2/sub-0025086/ses-1/anat/sub-0025086_ses-1_run-1_T1w.nii.gz,sub-0025086,ses-1,max,1211.0,"('NYU_2', nan, nan)",False,True,True,False,False
/run/media/falconnier/Elements/BIDS_datasets_selection/CORR/NYU_2/sub-0025086/ses-1/anat/sub-0025086_ses-1_run-2_T1w.nii.gz,sub-0025086,ses-1,max,1281.0,"('NYU_2', nan, nan)",False,True,True,False,False
/run/media/falconnier/Elements/BIDS_datasets_selection/CORR/NYU_2/sub-0025088/ses-1/anat/sub-0025088_ses-1_run-1_T1w.nii.gz,sub-0025088,ses-1,max,1270.0,"('NYU_2', nan, nan)",False,True,True,False,False
/run/media/falconnier/Elements/BIDS_datasets_selection/CORR/NYU_2/sub-0025088/ses-1/anat/sub-0025088_ses-1_run-2_T1w.nii.gz,sub-0025088,ses-1,max,1321.0,"('NYU_2', nan, nan)",False,True,True,False,False
/run/media/falconnier/Elements/BIDS_datasets_selection/CORR/NYU_2/sub-0025089/ses-1/anat/sub-0025089_ses-1_run-1_T1w.nii.gz,sub-0025089,ses-1,max,1740.0,"('NYU_2', nan, nan)",False,True,True,True,False
/run/media/falconnier/Elements/BIDS_datasets_selection/CORR/NYU_2/sub-0025087/ses-1/anat/sub-0025087_ses-1_run-1_T1w.nii.gz,sub-0025087,ses-1,max,1415.0,"('NYU_2', nan, nan)",False,True,True,False,False
/run/media/falconnier/Elements/BIDS_datasets_selection/CORR/NYU_2/sub-0025089/ses-1/anat/sub-0025089_ses-1_run-2_T1w.nii.gz,sub-0025089,ses-1,max,1634.0,"('NYU_2', nan, nan)",False,True,True,False,False
/run/media/falconnier/Elements/BIDS_datasets_selection/CORR/NYU_2/sub-0025090/ses-1/anat/sub-0025090_ses-1_run-1_T1w.nii.gz,sub-0025090,ses-1,max,1272.0,"('NYU_2', nan, nan)",False,True,True,False,False
/run/media/falconnier/Elements/BIDS_datasets_selection/CORR/NYU_2/sub-0025090/ses-1/anat/sub-0025090_ses-1_run-2_T1w.nii.gz,sub-0025090,ses-1,max,1273.0,"('NYU_2', nan, nan)",False,True,True,False,False
/run/media/falconnier/Elements/BIDS_datasets_selection/CORR/NYU_2/sub-0025091/ses-1/anat/sub-0025091_ses-1_run-2_T1w.nii.gz,sub-0025091,ses-1,max,1732.0,"('NYU_2', nan, nan)",False,True,True,False,False
/run/media/falconnier/Elements/BIDS_datasets_selection/CORR/NYU_2/sub-0025092/ses-1/anat/sub-0025092_ses-1_run-1_T1w.nii.gz,sub-0025092,ses-1,max,1125.0,"('NYU_2', nan, nan)",False,True,True,False,False
/run/media/falconnier/Elements/BIDS_datasets_selection/CORR/NYU_2/sub-0025091/ses-1/anat/sub-0025091_ses-1_run-1_T1w.nii.gz,sub-0025091,ses-1,max,1773.0,"('NYU_2', nan, nan)",False,True,True,True,False
/run/media/falconnier/Elements/BIDS_datasets_selection/CORR/NYU_2/sub-0025092/ses-1/anat/sub-0025092_ses-1_run-2_T1w.nii.gz,sub-0025092,ses-1,max,1233.0,"('NYU_2', nan, nan)",False,True,True,False,False
/run/media/falconnier/Elements/BIDS_datasets_selection/CORR/NYU_2/sub-0025094/ses-1/anat/sub-0025094_ses-1_run-1_T1w.nii.gz,sub-0025094,ses-1,max,1146.0,"('NYU_2', nan, nan)",False,True,True,False,False
/run/media/falconnier/Elements/BIDS_datasets_selection/CORR/NYU_2/sub-0025094/ses-1/anat/sub-0025094_ses-1_run-2_T1w.nii.gz,sub-0025094,ses-1,max,1090.0,"('NYU_2', nan, nan)",False,True,True,False,False
/run/media/falconnier/Elements/BIDS_datasets_selection/CORR/NYU_2/sub-0025096/ses-1/anat/sub-0025096_ses-1_run-1_T1w.nii.gz,sub-0025096,ses-1,max,404.0,"('NYU_2', nan, nan)",False,False,False,True,False
/run/media/falconnier/Elements/BIDS_datasets_selection/CORR/NYU_2/sub-0025142/ses-1/anat/sub-0025142_ses-1_run-1_T1w.nii.gz,sub-0025142,ses-1,max,1741.0,"('NYU_2', nan, nan)",False,True,True,True,False
/run/media/falconnier/Elements/BIDS_datasets_selection/CORR/NYU_2/sub-0025047/ses-1/anat/sub-0025047_ses-1_run-1_T1w.nii.gz,sub-0025047,ses-1,median,83.0,"('NYU_2', nan, nan)",False,True,True,False,False
/run/media/falconnier/Elements/BIDS_datasets_selection/CORR/NYU_2/sub-0025047/ses-1/anat/sub-0025047_ses-1_run-2_T1w.nii.gz,sub-0025047,ses-1,median,84.0,"('NYU_2', nan, nan)",False,True,True,False,False
/run/media/falconnier/Elements/BIDS_datasets_selection/CORR/NYU_2/sub-0025053/ses-1/anat/sub-0025053_ses-1_run-1_T1w.nii.gz,sub-0025053,ses-1,median,110.0,"('NYU_2', nan, nan)",False,True,True,True,False
/run/media/falconnier/Elements/BIDS_datasets_selection/CORR/NYU_2/sub-0025053/ses-1/anat/sub-0025053_ses-1_run-2_T1w.nii.gz,sub-0025053,ses-1,median,109.0,"('NYU_2', nan, nan)",False,True,True,True,False
/run/media/falconnier/Elements/BIDS_datasets_selection/CORR/NYU_2/sub-0025054/ses-1/anat/sub-0025054_ses-1_run-2_T1w.nii.gz,sub-0025054,ses-1,median,125.0,"('NYU_2', nan, nan)",True,True,True,True,False
/run/media/falconnier/Elements/BIDS_datasets_selection/CORR/NYU_2/sub-0025054/ses-1/anat/sub-0025054_ses-1_run-1_T1w.nii.gz,sub-0025054,ses-1,median,125.0,"('NYU_2', nan, nan)",True,True,True,True,False
/run/media/falconnier/Elements/BIDS_datasets_selection/CORR/NYU_2/sub-0025057/ses-1/anat/sub-0025057_ses-1_run-1_T1w.nii.gz,sub-0025057,ses-1,median,82.0,"('NYU_2', nan, nan)",False,True,True,False,False
/run/media/falconnier/Elements/BIDS_datasets_selection/CORR/NYU_2/sub-0025077/ses-1/anat/sub-0025077_ses-1_run-1_T1w.nii.gz,sub-0025077,ses-1,median,79.0,"('NYU_2', nan, nan)",False,True,True,False,False
/run/media/falconnier/Elements/BIDS_datasets_selection/CORR/NYU_2/sub-0025077/ses-1/anat/sub-0025077_ses-1_run-2_T1w.nii.gz,sub-0025077,ses-1,median,78.0,"('NYU_2', nan, nan)",False,True,True,False,False
/run/media/falconnier/Elements/BIDS_datasets_selection/CORR/NYU_2/sub-0025079/ses-1/anat/sub-0025079_ses-1_run-1_T1w.nii.gz,sub-0025079,ses-1,median,69.0,"('NYU_2', nan, nan)",False,False,True,False,False
/run/media/falconnier/Elements/BIDS_datasets_selection/CORR/NYU_2/sub-0025079/ses-1/anat/sub-0025079_ses-1_run-2_T1w.nii.gz,sub-0025079,ses-1,median,71.0,"('NYU_2', nan, nan)",False,True,True,False,False
/run/media/falconnier/Elements/BIDS_datasets_selection/CORR/NYU_2/sub-0025078/ses-1/anat/sub-0025078_ses-1_run-2_T1w.nii.gz,sub-0025078,ses-1,median,71.0,"('NYU_2', nan, nan)",False,True,True,False,False
/run/media/falconnier/Elements/BIDS_datasets_selection/CORR/NYU_2/sub-0025083/ses-1/anat/sub-0025083_ses-1_run-1_T1w.nii.gz,sub-0025083,ses-1,median,112.0,"('NYU_2', nan, nan)",True,True,True,True,False
/run/media/falconnier/Elements/BIDS_datasets_selection/CORR/NYU_2/sub-0025092/ses-1/anat/sub-0025092_ses-1_run-1_T1w.nii.gz,sub-0025092,ses-1,median,76.0,"('NYU_2', nan, nan)",False,True,True,False,False
/run/media/falconnier/Elements/BIDS_datasets_selection/CORR/NYU_2/sub-0025092/ses-1/anat/sub-0025092_ses-1_run-2_T1w.nii.gz,sub-0025092,ses-1,median,74.0,"('NYU_2', nan, nan)",False,True,True,False,False
/run/media/falconnier/Elements/BIDS_datasets_selection/CORR/NYU_2/sub-0025008/ses-1/anat/sub-0025008_ses-1_run-1_T1w.nii.gz,sub-0025008,ses-1,mean,38.787474412050535,"('NYU_2', nan, nan)",False,False,False,True,False
/run/media/falconnier/Elements/BIDS_datasets_selection/CORR/NYU_2/sub-0025008/ses-2/anat/sub-0025008_ses-2_run-1_T1w.nii.gz,sub-0025008,ses-2,mean,39.52154044954184,"('NYU_2', nan, nan)",False,False,False,True,False
/run/media/falconnier/Elements/BIDS_datasets_selection/CORR/NYU_2/sub-0025008/ses-2/anat/sub-0025008_ses-2_run-2_T1w.nii.gz,sub-0025008,ses-2,mean,39.30950405122802,"('NYU_2', nan, nan)",False,False,False,True,False
/run/media/falconnier/Elements/BIDS_datasets_selection/CORR/NYU_2/sub-0025021/ses-1/anat/sub-0025021_ses-1_run-1_T1w.nii.gz,sub-0025021,ses-1,mean,109.1278864441728,"('NYU_2', nan, nan)",False,True,True,False,False
/run/media/falconnier/Elements/BIDS_datasets_selection/CORR/NYU_2/sub-0025023/ses-2/anat/sub-0025023_ses-2_run-1_T1w.nii.gz,sub-0025023,ses-2,mean,110.76944628714098,"('NYU_2', nan, nan)",False,True,True,False,False
/run/media/falconnier/Elements/BIDS_datasets_selection/CORR/NYU_2/sub-0025023/ses-1/anat/sub-0025023_ses-1_run-1_T1w.nii.gz,sub-0025023,ses-1,mean,99.78450181483451,"('NYU_2', nan, nan)",False,True,True,False,False
/run/media/falconnier/Elements/BIDS_datasets_selection/CORR/NYU_2/sub-0025023/ses-1/anat/sub-0025023_ses-1_run-2_T1w.nii.gz,sub-0025023,ses-1,mean,99.60863298267292,"('NYU_2', nan, nan)",False,True,True,False,False
/run/media/falconnier/Elements/BIDS_datasets_selection/CORR/NYU_2/sub-0025025/ses-1/anat/sub-0025025_ses-1_run-1_T1w.nii.gz,sub-0025025,ses-1,mean,108.00566727049782,"('NYU_2', nan, nan)",False,True,True,False,False
/run/media/falconnier/Elements/BIDS_datasets_selection/CORR/NYU_2/sub-0025038/ses-1/anat/sub-0025038_ses-1_run-2_T1w.nii.gz,sub-0025038,ses-1,mean,127.79627957397548,"('NYU_2', nan, nan)",False,True,True,False,False
/run/media/falconnier/Elements/BIDS_datasets_selection/CORR/NYU_2/sub-0025038/ses-1/anat/sub-0025038_ses-1_run-1_T1w.nii.gz,sub-0025038,ses-1,mean,127.7234341120292,"('NYU_2', nan, nan)",False,True,True,False,False
/run/media/falconnier/Elements/BIDS_datasets_selection/CORR/NYU_2/sub-0025047/ses-1/anat/sub-0025047_ses-1_run-1_T1w.nii.gz,sub-0025047,ses-1,mean,139.45180575469473,"('NYU_2', nan, nan)",False,True,True,True,False
/run/media/falconnier/Elements/BIDS_datasets_selection/CORR/NYU_2/sub-0025047/ses-1/anat/sub-0025047_ses-1_run-2_T1w.nii.gz,sub-0025047,ses-1,mean,138.7634986506446,"('NYU_2', nan, nan)",False,True,True,False,False
/run/media/falconnier/Elements/BIDS_datasets_selection/CORR/NYU_2/sub-0025052/ses-1/anat/sub-0025052_ses-1_run-1_T1w.nii.gz,sub-0025052,ses-1,mean,132.6314594514033,"('NYU_2', nan, nan)",False,True,True,False,False
/run/media/falconnier/Elements/BIDS_datasets_selection/CORR/NYU_2/sub-0025052/ses-1/anat/sub-0025052_ses-1_run-2_T1w.nii.gz,sub-0025052,ses-1,mean,131.07303040383582,"('NYU_2', nan, nan)",False,True,True,False,False
/run/media/falconnier/Elements/BIDS_datasets_selection/CORR/NYU_2/sub-0025053/ses-1/anat/sub-0025053_ses-1_run-1_T1w.nii.gz,sub-0025053,ses-1,mean,147.9455961045884,"('NYU_2', nan, nan)",False,True,True,True,False
/run/media/falconnier/Elements/BIDS_datasets_selection/CORR/NYU_2/sub-0025053/ses-1/anat/sub-0025053_ses-1_run-2_T1w.nii.gz,sub-0025053,ses-1,mean,146.2553484586593,"('NYU_2', nan, nan)",False,True,True,True,False
/run/media/falconnier/Elements/BIDS_datasets_selection/CORR/NYU_2/sub-0025054/ses-1/anat/sub-0025054_ses-1_run-2_T1w.nii.gz,sub-0025054,ses-1,mean,158.6580001030517,"('NYU_2', nan, nan)",False,True,True,True,False
/run/media/falconnier/Elements/BIDS_datasets_selection/CORR/NYU_2/sub-0025054/ses-1/anat/sub-0025054_ses-1_run-1_T1w.nii.gz,sub-0025054,ses-1,mean,160.41244427125014,"('NYU_2', nan, nan)",False,True,True,True,False
/run/media/falconnier/Elements/BIDS_datasets_selection/CORR/NYU_2/sub-0025057/ses-1/anat/sub-0025057_ses-1_run-1_T1w.nii.gz,sub-0025057,ses-1,mean,134.2716818806926,"('NYU_2', nan, nan)",False,True,True,False,False
/run/media/falconnier/Elements/BIDS_datasets_selection/CORR/NYU_2/sub-0025058/ses-1/anat/sub-0025058_ses-1_run-1_T1w.nii.gz,sub-0025058,ses-1,mean,107.86209618129274,"('NYU_2', nan, nan)",False,True,True,False,False
/run/media/falconnier/Elements/BIDS_datasets_selection/CORR/NYU_2/sub-0025058/ses-1/anat/sub-0025058_ses-1_run-2_T1w.nii.gz,sub-0025058,ses-1,mean,108.2566763670146,"('NYU_2', nan, nan)",False,True,True,False,False
/run/media/falconnier/Elements/BIDS_datasets_selection/CORR/NYU_2/sub-0025059/ses-2/anat/sub-0025059_ses-2_run-1_T1w.nii.gz,sub-0025059,ses-2,mean,131.93524617124322,"('NYU_2', nan, nan)",False,True,True,False,False
/run/media/falconnier/Elements/BIDS_datasets_selection/CORR/NYU_2/sub-0025063/ses-1/anat/sub-0025063_ses-1_run-1_T1w.nii.gz,sub-0025063,ses-1,mean,41.79002565374744,"('NYU_2', nan, nan)",False,False,False,True,False
/run/media/falconnier/Elements/BIDS_datasets_selection/CORR/NYU_2/sub-0025077/ses-1/anat/sub-0025077_ses-1_run-1_T1w.nii.gz,sub-0025077,ses-1,mean,120.18758927635336,"('NYU_2', nan, nan)",False,True,True,False,False
/run/media/falconnier/Elements/BIDS_datasets_selection/CORR/NYU_2/sub-0025077/ses-1/anat/sub-0025077_ses-1_run-2_T1w.nii.gz,sub-0025077,ses-1,mean,123.64173406389853,"('NYU_2', nan, nan)",False,True,True,False,False
/run/media/falconnier/Elements/BIDS_datasets_selection/CORR/NYU_2/sub-0025078/ses-1/anat/sub-0025078_ses-1_run-1_T1w.nii.gz,sub-0025078,ses-1,mean,116.34980658943904,"('NYU_2', nan, nan)",False,True,True,False,False
/run/media/falconnier/Elements/BIDS_datasets_selection/CORR/NYU_2/sub-0025080/ses-1/anat/sub-0025080_ses-1_run-1_T1w.nii.gz,sub-0025080,ses-1,mean,112.87313253416836,"('NYU_2', nan, nan)",False,True,True,False,False
/run/media/falconnier/Elements/BIDS_datasets_selection/CORR/NYU_2/sub-0025079/ses-1/anat/sub-0025079_ses-1_run-1_T1w.nii.gz,sub-0025079,ses-1,mean,123.89045565548844,"('NYU_2', nan, nan)",False,True,True,False,False
/run/media/falconnier/Elements/BIDS_datasets_selection/CORR/NYU_2/sub-0025080/ses-1/anat/sub-0025080_ses-1_run-2_T1w.nii.gz,sub-0025080,ses-1,mean,113.08484935114132,"('NYU_2', nan, nan)",False,True,True,False,False
/run/media/falconnier/Elements/BIDS_datasets_selection/CORR/NYU_2/sub-0025079/ses-1/anat/sub-0025079_ses-1_run-2_T1w.nii.gz,sub-0025079,ses-1,mean,124.19901047019772,"('NYU_2', nan, nan)",False,True,True,False,False
/run/media/falconnier/Elements/BIDS_datasets_selection/CORR/NYU_2/sub-0025078/ses-1/anat/sub-0025078_ses-1_run-2_T1w.nii.gz,sub-0025078,ses-1,mean,116.89783515573022,"('NYU_2', nan, nan)",False,True,True,False,False
/run/media/falconnier/Elements/BIDS_datasets_selection/CORR/NYU_2/sub-0025081/ses-1/anat/sub-0025081_ses-1_run-1_T1w.nii.gz,sub-0025081,ses-1,mean,114.34668562999671,"('NYU_2', nan, nan)",False,True,True,False,False
/run/media/falconnier/Elements/BIDS_datasets_selection/CORR/NYU_2/sub-0025081/ses-1/anat/sub-0025081_ses-1_run-2_T1w.nii.gz,sub-0025081,ses-1,mean,113.5707005160182,"('NYU_2', nan, nan)",False,True,True,False,False
/run/media/falconnier/Elements/BIDS_datasets_selection/CORR/NYU_2/sub-0025085/ses-1/anat/sub-0025085_ses-1_run-1_T1w.nii.gz,sub-0025085,ses-1,mean,114.03307045656608,"('NYU_2', nan, nan)",False,True,True,False,False
/run/media/falconnier/Elements/BIDS_datasets_selection/CORR/NYU_2/sub-0025083/ses-1/anat/sub-0025083_ses-1_run-1_T1w.nii.gz,sub-0025083,ses-1,mean,138.91310156125493,"('NYU_2', nan, nan)",False,True,True,False,False
/run/media/falconnier/Elements/BIDS_datasets_selection/CORR/NYU_2/sub-0025084/ses-1/anat/sub-0025084_ses-1_run-1_T1w.nii.gz,sub-0025084,ses-1,mean,107.66252433414827,"('NYU_2', nan, nan)",False,True,True,False,False
/run/media/falconnier/Elements/BIDS_datasets_selection/CORR/NYU_2/sub-0025085/ses-1/anat/sub-0025085_ses-1_run-2_T1w.nii.gz,sub-0025085,ses-1,mean,114.76945015023723,"('NYU_2', nan, nan)",False,True,True,False,False
/run/media/falconnier/Elements/BIDS_datasets_selection/CORR/NYU_2/sub-0025086/ses-1/anat/sub-0025086_ses-1_run-1_T1w.nii.gz,sub-0025086,ses-1,mean,118.65899500265316,"('NYU_2', nan, nan)",False,True,True,False,False
/run/media/falconnier/Elements/BIDS_datasets_selection/CORR/NYU_2/sub-0025086/ses-1/anat/sub-0025086_ses-1_run-2_T1w.nii.gz,sub-0025086,ses-1,mean,116.13643032565344,"('NYU_2', nan, nan)",False,True,True,False,False
/run/media/falconnier/Elements/BIDS_datasets_selection/CORR/NYU_2/sub-0025088/ses-1/anat/sub-0025088_ses-1_run-1_T1w.nii.gz,sub-0025088,ses-1,mean,104.46392477820294,"('NYU_2', nan, nan)",False,True,True,False,False
/run/media/falconnier/Elements/BIDS_datasets_selection/CORR/NYU_2/sub-0025088/ses-1/anat/sub-0025088_ses-1_run-2_T1w.nii.gz,sub-0025088,ses-1,mean,101.73750790788442,"('NYU_2', nan, nan)",False,True,True,False,False
/run/media/falconnier/Elements/BIDS_datasets_selection/CORR/NYU_2/sub-0025089/ses-1/anat/sub-0025089_ses-1_run-1_T1w.nii.gz,sub-0025089,ses-1,mean,124.57735230166784,"('NYU_2', nan, nan)",False,True,True,False,False
/run/media/falconnier/Elements/BIDS_datasets_selection/CORR/NYU_2/sub-0025087/ses-1/anat/sub-0025087_ses-1_run-1_T1w.nii.gz,sub-0025087,ses-1,mean,116.99753877373338,"('NYU_2', nan, nan)",False,True,True,False,False
/run/media/falconnier/Elements/BIDS_datasets_selection/CORR/NYU_2/sub-0025089/ses-1/anat/sub-0025089_ses-1_run-2_T1w.nii.gz,sub-0025089,ses-1,mean,121.2348425380806,"('NYU_2', nan, nan)",False,True,True,False,False
/run/media/falconnier/Elements/BIDS_datasets_selection/CORR/NYU_2/sub-0025090/ses-1/anat/sub-0025090_ses-1_run-1_T1w.nii.gz,sub-0025090,ses-1,mean,113.8300842203015,"('NYU_2', nan, nan)",False,True,True,False,False
/run/media/falconnier/Elements/BIDS_datasets_selection/CORR/NYU_2/sub-0025090/ses-1/anat/sub-0025090_ses-1_run-2_T1w.nii.gz,sub-0025090,ses-1,mean,114.11991847317904,"('NYU_2', nan, nan)",False,True,True,False,False
/run/media/falconnier/Elements/BIDS_datasets_selection/CORR/NYU_2/sub-0025091/ses-1/anat/sub-0025091_ses-1_run-2_T1w.nii.gz,sub-0025091,ses-1,mean,126.80552037756688,"('NYU_2', nan, nan)",False,True,True,False,False
/run/media/falconnier/Elements/BIDS_datasets_selection/CORR/NYU_2/sub-0025092/ses-1/anat/sub-0025092_ses-1_run-1_T1w.nii.gz,sub-0025092,ses-1,mean,128.78104827877692,"('NYU_2', nan, nan)",False,True,True,False,False
/run/media/falconnier/Elements/BIDS_datasets_selection/CORR/NYU_2/sub-0025091/ses-1/anat/sub-0025091_ses-1_run-1_T1w.nii.gz,sub-0025091,ses-1,mean,125.35612445078648,"('NYU_2', nan, nan)",False,True,True,False,False
/run/media/falconnier/Elements/BIDS_datasets_selection/CORR/NYU_2/sub-0025092/ses-1/anat/sub-0025092_ses-1_run-2_T1w.nii.gz,sub-0025092,ses-1,mean,127.05844198684798,"('NYU_2', nan, nan)",False,True,True,False,False
/run/media/falconnier/Elements/BIDS_datasets_selection/CORR/NYU_2/sub-0025094/ses-1/anat/sub-0025094_ses-1_run-1_T1w.nii.gz,sub-0025094,ses-1,mean,131.26964361873016,"('NYU_2', nan, nan)",False,True,True,False,False
/run/media/falconnier/Elements/BIDS_datasets_selection/CORR/NYU_2/sub-0025094/ses-1/anat/sub-0025094_ses-1_run-2_T1w.nii.gz,sub-0025094,ses-1,mean,131.04140028630923,"('NYU_2', nan, nan)",False,True,True,False,False
/run/media/falconnier/Elements/BIDS_datasets_selection/CORR/NYU_2/sub-0025097/ses-1/anat/sub-0025097_ses-1_run-1_T1w.nii.gz,sub-0025097,ses-1,mean,41.56463559696999,"('NYU_2', nan, nan)",False,False,False,True,False
/run/media/falconnier/Elements/BIDS_datasets_selection/CORR/NYU_2/sub-0025142/ses-1/anat/sub-0025142_ses-1_run-1_T1w.nii.gz,sub-0025142,ses-1,mean,117.2792666653799,"('NYU_2', nan, nan)",False,True,True,False,False
/run/media/falconnier/Elements/BIDS_datasets_selection/CORR/NYU_2/sub-0025007/ses-1/anat/sub-0025007_ses-1_run-2_T1w.nii.gz,sub-0025007,ses-1,std,48.34036939549907,"('NYU_2', nan, nan)",False,False,False,True,False
/run/media/falconnier/Elements/BIDS_datasets_selection/CORR/NYU_2/sub-0025008/ses-1/anat/sub-0025008_ses-1_run-1_T1w.nii.gz,sub-0025008,ses-1,std,45.34176825484264,"('NYU_2', nan, nan)",False,False,False,True,False
/run/media/falconnier/Elements/BIDS_datasets_selection/CORR/NYU_2/sub-0025008/ses-2/anat/sub-0025008_ses-2_run-1_T1w.nii.gz,sub-0025008,ses-2,std,46.46579368254787,"('NYU_2', nan, nan)",False,False,False,True,False
/run/media/falconnier/Elements/BIDS_datasets_selection/CORR/NYU_2/sub-0025008/ses-2/anat/sub-0025008_ses-2_run-2_T1w.nii.gz,sub-0025008,ses-2,std,44.145135718109984,"('NYU_2', nan, nan)",False,False,False,True,False
/run/media/falconnier/Elements/BIDS_datasets_selection/CORR/NYU_2/sub-0025021/ses-1/anat/sub-0025021_ses-1_run-1_T1w.nii.gz,sub-0025021,ses-1,std,118.69596803326117,"('NYU_2', nan, nan)",False,True,True,False,False
/run/media/falconnier/Elements/BIDS_datasets_selection/CORR/NYU_2/sub-0025023/ses-2/anat/sub-0025023_ses-2_run-1_T1w.nii.gz,sub-0025023,ses-2,std,128.089721809514,"('NYU_2', nan, nan)",False,True,True,False,False
/run/media/falconnier/Elements/BIDS_datasets_selection/CORR/NYU_2/sub-0025023/ses-1/anat/sub-0025023_ses-1_run-1_T1w.nii.gz,sub-0025023,ses-1,std,116.88648850883018,"('NYU_2', nan, nan)",False,True,True,False,False
/run/media/falconnier/Elements/BIDS_datasets_selection/CORR/NYU_2/sub-0025023/ses-1/anat/sub-0025023_ses-1_run-2_T1w.nii.gz,sub-0025023,ses-1,std,116.75532940993511,"('NYU_2', nan, nan)",False,True,True,False,False
/run/media/falconnier/Elements/BIDS_datasets_selection/CORR/NYU_2/sub-0025025/ses-1/anat/sub-0025025_ses-1_run-1_T1w.nii.gz,sub-0025025,ses-1,std,114.0503748929984,"('NYU_2', nan, nan)",False,True,True,False,False
/run/media/falconnier/Elements/BIDS_datasets_selection/CORR/NYU_2/sub-0025038/ses-1/anat/sub-0025038_ses-1_run-2_T1w.nii.gz,sub-0025038,ses-1,std,138.8416323723239,"('NYU_2', nan, nan)",False,True,True,False,False
/run/media/falconnier/Elements/BIDS_datasets_selection/CORR/NYU_2/sub-0025038/ses-1/anat/sub-0025038_ses-1_run-1_T1w.nii.gz,sub-0025038,ses-1,std,139.27368068895086,"('NYU_2', nan, nan)",False,True,True,False,False
/run/media/falconnier/Elements/BIDS_datasets_selection/CORR/NYU_2/sub-0025047/ses-1/anat/sub-0025047_ses-1_run-1_T1w.nii.gz,sub-0025047,ses-1,std,142.6485726263558,"('NYU_2', nan, nan)",False,True,True,False,False
/run/media/falconnier/Elements/BIDS_datasets_selection/CORR/NYU_2/sub-0025047/ses-1/anat/sub-0025047_ses-1_run-2_T1w.nii.gz,sub-0025047,ses-1,std,140.56239262130197,"('NYU_2', nan, nan)",False,True,True,False,False
/run/media/falconnier/Elements/BIDS_datasets_selection/CORR/NYU_2/sub-0025052/ses-1/anat/sub-0025052_ses-1_run-1_T1w.nii.gz,sub-0025052,ses-1,std,138.02952754144025,"('NYU_2', nan, nan)",False,True,True,False,False
/run/media/falconnier/Elements/BIDS_datasets_selection/CORR/NYU_2/sub-0025052/ses-1/anat/sub-0025052_ses-1_run-2_T1w.nii.gz,sub-0025052,ses-1,std,136.3154007847949,"('NYU_2', nan, nan)",False,True,True,False,False
/run/media/falconnier/Elements/BIDS_datasets_selection/CORR/NYU_2/sub-0025053/ses-1/anat/sub-0025053_ses-1_run-1_T1w.nii.gz,sub-0025053,ses-1,std,141.327290884902,"('NYU_2', nan, nan)",False,True,True,False,False
/run/media/falconnier/Elements/BIDS_datasets_selection/CORR/NYU_2/sub-0025053/ses-1/anat/sub-0025053_ses-1_run-2_T1w.nii.gz,sub-0025053,ses-1,std,140.03032025204996,"('NYU_2', nan, nan)",False,True,True,False,False
/run/media/falconnier/Elements/BIDS_datasets_selection/CORR/NYU_2/sub-0025054/ses-1/anat/sub-0025054_ses-1_run-2_T1w.nii.gz,sub-0025054,ses-1,std,146.7366788403117,"('NYU_2', nan, nan)",False,True,True,True,False
/run/media/falconnier/Elements/BIDS_datasets_selection/CORR/NYU_2/sub-0025054/ses-1/anat/sub-0025054_ses-1_run-1_T1w.nii.gz,sub-0025054,ses-1,std,150.17123191165754,"('NYU_2', nan, nan)",False,True,True,True,False
/run/media/falconnier/Elements/BIDS_datasets_selection/CORR/NYU_2/sub-0025057/ses-1/anat/sub-0025057_ses-1_run-1_T1w.nii.gz,sub-0025057,ses-1,std,135.66281261990022,"('NYU_2', nan, nan)",False,True,True,False,False
/run/media/falconnier/Elements/BIDS_datasets_selection/CORR/NYU_2/sub-0025058/ses-1/anat/sub-0025058_ses-1_run-1_T1w.nii.gz,sub-0025058,ses-1,std,120.48139667742736,"('NYU_2', nan, nan)",False,True,True,False,False
/run/media/falconnier/Elements/BIDS_datasets_selection/CORR/NYU_2/sub-0025058/ses-1/anat/sub-0025058_ses-1_run-2_T1w.nii.gz,sub-0025058,ses-1,std,119.11631319216698,"('NYU_2', nan, nan)",False,True,True,False,False
/run/media/falconnier/Elements/BIDS_datasets_selection/CORR/NYU_2/sub-0025059/ses-2/anat/sub-0025059_ses-2_run-1_T1w.nii.gz,sub-0025059,ses-2,std,152.5456327765847,"('NYU_2', nan, nan)",False,True,True,True,False
/run/media/falconnier/Elements/BIDS_datasets_selection/CORR/NYU_2/sub-0025066/ses-1/anat/sub-0025066_ses-1_run-2_T1w.nii.gz,sub-0025066,ses-1,std,47.68813097627978,"('NYU_2', nan, nan)",False,False,False,True,False
/run/media/falconnier/Elements/BIDS_datasets_selection/CORR/NYU_2/sub-0025077/ses-1/anat/sub-0025077_ses-1_run-1_T1w.nii.gz,sub-0025077,ses-1,std,119.0577579899506,"('NYU_2', nan, nan)",False,True,True,False,False
/run/media/falconnier/Elements/BIDS_datasets_selection/CORR/NYU_2/sub-0025077/ses-1/anat/sub-0025077_ses-1_run-2_T1w.nii.gz,sub-0025077,ses-1,std,121.70018306189544,"('NYU_2', nan, nan)",False,True,True,False,False
/run/media/falconnier/Elements/BIDS_datasets_selection/CORR/NYU_2/sub-0025078/ses-1/anat/sub-0025078_ses-1_run-1_T1w.nii.gz,sub-0025078,ses-1,std,120.29907827847822,"('NYU_2', nan, nan)",False,True,True,False,False
/run/media/falconnier/Elements/BIDS_datasets_selection/CORR/NYU_2/sub-0025080/ses-1/anat/sub-0025080_ses-1_run-1_T1w.nii.gz,sub-0025080,ses-1,std,128.27099356686276,"('NYU_2', nan, nan)",False,True,True,False,False
/run/media/falconnier/Elements/BIDS_datasets_selection/CORR/NYU_2/sub-0025079/ses-1/anat/sub-0025079_ses-1_run-1_T1w.nii.gz,sub-0025079,ses-1,std,128.68831156296625,"('NYU_2', nan, nan)",False,True,True,False,False
/run/media/falconnier/Elements/BIDS_datasets_selection/CORR/NYU_2/sub-0025080/ses-1/anat/sub-0025080_ses-1_run-2_T1w.nii.gz,sub-0025080,ses-1,std,128.3239588024445,"('NYU_2', nan, nan)",False,True,True,False,False
/run/media/falconnier/Elements/BIDS_datasets_selection/CORR/NYU_2/sub-0025079/ses-1/anat/sub-0025079_ses-1_run-2_T1w.nii.gz,sub-0025079,ses-1,std,128.11571339529195,"('NYU_2', nan, nan)",False,True,True,False,False
/run/media/falconnier/Elements/BIDS_datasets_selection/CORR/NYU_2/sub-0025078/ses-1/anat/sub-0025078_ses-1_run-2_T1w.nii.gz,sub-0025078,ses-1,std,117.42729496345753,"('NYU_2', nan, nan)",False,True,True,False,False
/run/media/falconnier/Elements/BIDS_datasets_selection/CORR/NYU_2/sub-0025081/ses-1/anat/sub-0025081_ses-1_run-1_T1w.nii.gz,sub-0025081,ses-1,std,119.6324827784812,"('NYU_2', nan, nan)",False,True,True,False,False
/run/media/falconnier/Elements/BIDS_datasets_selection/CORR/NYU_2/sub-0025081/ses-1/anat/sub-0025081_ses-1_run-2_T1w.nii.gz,sub-0025081,ses-1,std,118.60115195124185,"('NYU_2', nan, nan)",False,True,True,False,False
/run/media/falconnier/Elements/BIDS_datasets_selection/CORR/NYU_2/sub-0025085/ses-1/anat/sub-0025085_ses-1_run-1_T1w.nii.gz,sub-0025085,ses-1,std,122.60210598294124,"('NYU_2', nan, nan)",False,True,True,False,False
/run/media/falconnier/Elements/BIDS_datasets_selection/CORR/NYU_2/sub-0025083/ses-1/anat/sub-0025083_ses-1_run-1_T1w.nii.gz,sub-0025083,ses-1,std,128.0325681501382,"('NYU_2', nan, nan)",False,True,True,False,False
/run/media/falconnier/Elements/BIDS_datasets_selection/CORR/NYU_2/sub-0025084/ses-1/anat/sub-0025084_ses-1_run-1_T1w.nii.gz,sub-0025084,ses-1,std,116.81460239030928,"('NYU_2', nan, nan)",False,True,True,False,False
/run/media/falconnier/Elements/BIDS_datasets_selection/CORR/NYU_2/sub-0025085/ses-1/anat/sub-0025085_ses-1_run-2_T1w.nii.gz,sub-0025085,ses-1,std,122.82802738530172,"('NYU_2', nan, nan)",False,True,True,False,False
/run/media/falconnier/Elements/BIDS_datasets_selection/CORR/NYU_2/sub-0025086/ses-1/anat/sub-0025086_ses-1_run-1_T1w.nii.gz,sub-0025086,ses-1,std,124.2625270851274,"('NYU_2', nan, nan)",False,True,True,False,False
/run/media/falconnier/Elements/BIDS_datasets_selection/CORR/NYU_2/sub-0025086/ses-1/anat/sub-0025086_ses-1_run-2_T1w.nii.gz,sub-0025086,ses-1,std,125.03446653215448,"('NYU_2', nan, nan)",False,True,True,False,False
/run/media/falconnier/Elements/BIDS_datasets_selection/CORR/NYU_2/sub-0025088/ses-1/anat/sub-0025088_ses-1_run-1_T1w.nii.gz,sub-0025088,ses-1,std,121.50115781769809,"('NYU_2', nan, nan)",False,True,True,False,False
/run/media/falconnier/Elements/BIDS_datasets_selection/CORR/NYU_2/sub-0025088/ses-1/anat/sub-0025088_ses-1_run-2_T1w.nii.gz,sub-0025088,ses-1,std,117.151717703206,"('NYU_2', nan, nan)",False,True,True,False,False
/run/media/falconnier/Elements/BIDS_datasets_selection/CORR/NYU_2/sub-0025089/ses-1/anat/sub-0025089_ses-1_run-1_T1w.nii.gz,sub-0025089,ses-1,std,130.38834420377606,"('NYU_2', nan, nan)",False,True,True,False,False
/run/media/falconnier/Elements/BIDS_datasets_selection/CORR/NYU_2/sub-0025087/ses-1/anat/sub-0025087_ses-1_run-1_T1w.nii.gz,sub-0025087,ses-1,std,126.8698359338926,"('NYU_2', nan, nan)",False,True,True,False,False
/run/media/falconnier/Elements/BIDS_datasets_selection/CORR/NYU_2/sub-0025089/ses-1/anat/sub-0025089_ses-1_run-2_T1w.nii.gz,sub-0025089,ses-1,std,127.74472223423984,"('NYU_2', nan, nan)",False,True,True,False,False
/run/media/falconnier/Elements/BIDS_datasets_selection/CORR/NYU_2/sub-0025090/ses-1/anat/sub-0025090_ses-1_run-1_T1w.nii.gz,sub-0025090,ses-1,std,131.53551951767483,"('NYU_2', nan, nan)",False,True,True,False,False
/run/media/falconnier/Elements/BIDS_datasets_selection/CORR/NYU_2/sub-0025090/ses-1/anat/sub-0025090_ses-1_run-2_T1w.nii.gz,sub-0025090,ses-1,std,131.52379342565834,"('NYU_2', nan, nan)",False,True,True,False,False
/run/media/falconnier/Elements/BIDS_datasets_selection/CORR/NYU_2/sub-0025091/ses-1/anat/sub-0025091_ses-1_run-2_T1w.nii.gz,sub-0025091,ses-1,std,136.8731023719702,"('NYU_2', nan, nan)",False,True,True,False,False
/run/media/falconnier/Elements/BIDS_datasets_selection/CORR/NYU_2/sub-0025092/ses-1/anat/sub-0025092_ses-1_run-1_T1w.nii.gz,sub-0025092,ses-1,std,127.69236869706948,"('NYU_2', nan, nan)",False,True,True,False,False
/run/media/falconnier/Elements/BIDS_datasets_selection/CORR/NYU_2/sub-0025091/ses-1/anat/sub-0025091_ses-1_run-1_T1w.nii.gz,sub-0025091,ses-1,std,135.14060302596386,"('NYU_2', nan, nan)",False,True,True,False,False
/run/media/falconnier/Elements/BIDS_datasets_selection/CORR/NYU_2/sub-0025092/ses-1/anat/sub-0025092_ses-1_run-2_T1w.nii.gz,sub-0025092,ses-1,std,126.31564195879275,"('NYU_2', nan, nan)",False,True,True,False,False
/run/media/falconnier/Elements/BIDS_datasets_selection/CORR/NYU_2/sub-0025094/ses-1/anat/sub-0025094_ses-1_run-1_T1w.nii.gz,sub-0025094,ses-1,std,147.1774620958759,"('NYU_2', nan, nan)",False,True,True,True,False
/run/media/falconnier/Elements/BIDS_datasets_selection/CORR/NYU_2/sub-0025094/ses-1/anat/sub-0025094_ses-1_run-2_T1w.nii.gz,sub-0025094,ses-1,std,145.48670473070248,"('NYU_2', nan, nan)",False,True,True,True,False
/run/media/falconnier/Elements/BIDS_datasets_selection/CORR/NYU_2/sub-0025142/ses-1/anat/sub-0025142_ses-1_run-1_T1w.nii.gz,sub-0025142,ses-1,std,132.43386798013262,"('NYU_2', nan, nan)",False,True,True,False,False
/run/media/falconnier/Elements/BIDS_datasets_selection/CORR/NYU_2/sub-0025047/ses-1/anat/sub-0025047_ses-1_run-1_T1w.nii.gz,sub-0025047,ses-1,mad,73.0,"('NYU_2', nan, nan)",False,True,True,False,False
/run/media/falconnier/Elements/BIDS_datasets_selection/CORR/NYU_2/sub-0025047/ses-1/anat/sub-0025047_ses-1_run-2_T1w.nii.gz,sub-0025047,ses-1,mad,73.0,"('NYU_2', nan, nan)",False,True,True,False,False
/run/media/falconnier/Elements/BIDS_datasets_selection/CORR/NYU_2/sub-0025052/ses-1/anat/sub-0025052_ses-1_run-1_T1w.nii.gz,sub-0025052,ses-1,mad,59.0,"('NYU_2', nan, nan)",False,False,True,False,False
/run/media/falconnier/Elements/BIDS_datasets_selection/CORR/NYU_2/sub-0025053/ses-1/anat/sub-0025053_ses-1_run-1_T1w.nii.gz,sub-0025053,ses-1,mad,95.0,"('NYU_2', nan, nan)",False,True,True,True,False
/run/media/falconnier/Elements/BIDS_datasets_selection/CORR/NYU_2/sub-0025053/ses-1/anat/sub-0025053_ses-1_run-2_T1w.nii.gz,sub-0025053,ses-1,mad,94.0,"('NYU_2', nan, nan)",False,True,True,True,False
/run/media/falconnier/Elements/BIDS_datasets_selection/CORR/NYU_2/sub-0025054/ses-1/anat/sub-0025054_ses-1_run-2_T1w.nii.gz,sub-0025054,ses-1,mad,107.0,"('NYU_2', nan, nan)",True,True,True,True,False
/run/media/falconnier/Elements/BIDS_datasets_selection/CORR/NYU_2/sub-0025054/ses-1/anat/sub-0025054_ses-1_run-1_T1w.nii.gz,sub-0025054,ses-1,mad,108.0,"('NYU_2', nan, nan)",True,True,True,True,False
/run/media/falconnier/Elements/BIDS_datasets_selection/CORR/NYU_2/sub-0025057/ses-1/anat/sub-0025057_ses-1_run-1_T1w.nii.gz,sub-0025057,ses-1,mad,72.0,"('NYU_2', nan, nan)",False,True,True,False,False
/run/media/falconnier/Elements/BIDS_datasets_selection/CORR/NYU_2/sub-0025077/ses-1/anat/sub-0025077_ses-1_run-1_T1w.nii.gz,sub-0025077,ses-1,mad,69.0,"('NYU_2', nan, nan)",False,True,True,False,False
/run/media/falconnier/Elements/BIDS_datasets_selection/CORR/NYU_2/sub-0025077/ses-1/anat/sub-0025077_ses-1_run-2_T1w.nii.gz,sub-0025077,ses-1,mad,67.0,"('NYU_2', nan, nan)",False,True,True,False,False
/run/media/falconnier/Elements/BIDS_datasets_selection/CORR/NYU_2/sub-0025079/ses-1/anat/sub-0025079_ses-1_run-1_T1w.nii.gz,sub-0025079,ses-1,mad,61.0,"('NYU_2', nan, nan)",False,False,True,False,False
/run/media/falconnier/Elements/BIDS_datasets_selection/CORR/NYU_2/sub-0025079/ses-1/anat/sub-0025079_ses-1_run-2_T1w.nii.gz,sub-0025079,ses-1,mad,62.0,"('NYU_2', nan, nan)",False,True,True,False,False
/run/media/falconnier/Elements/BIDS_datasets_selection/CORR/NYU_2/sub-0025078/ses-1/anat/sub-0025078_ses-1_run-2_T1w.nii.gz,sub-0025078,ses-1,mad,60.0,"('NYU_2', nan, nan)",False,False,True,False,False
/run/media/falconnier/Elements/BIDS_datasets_selection/CORR/NYU_2/sub-0025083/ses-1/anat/sub-0025083_ses-1_run-1_T1w.nii.gz,sub-0025083,ses-1,mad,94.0,"('NYU_2', nan, nan)",False,True,True,True,False
/run/media/falconnier/Elements/BIDS_datasets_selection/CORR/NYU_2/sub-0025092/ses-1/anat/sub-0025092_ses-1_run-1_T1w.nii.gz,sub-0025092,ses-1,mad,65.0,"('NYU_2', nan, nan)",False,True,True,False,False
/run/media/falconnier/Elements/BIDS_datasets_selection/CORR/NYU_2/sub-0025092/ses-1/anat/sub-0025092_ses-1_run-2_T1w.nii.gz,sub-0025092,ses-1,mad,63.0,"('NYU_2', nan, nan)",False,True,True,False,False
/run/media/falconnier/Elements/BIDS_datasets_selection/CORR/NYU_2/sub-0025006/ses-1/anat/sub-0025006_ses-1_run-2_T1w.nii.gz,sub-0025006,ses-1,entropy,4.08395905574372,"('NYU_2', nan, nan)",False,False,False,True,False
/run/media/falconnier/Elements/BIDS_datasets_selection/CORR/NYU_2/sub-0025008/ses-2/anat/sub-0025008_ses-2_run-2_T1w.nii.gz,sub-0025008,ses-2,entropy,3.958851235951926,"('NYU_2', nan, nan)",False,False,False,True,False
/run/media/falconnier/Elements/BIDS_datasets_selection/CORR/NYU_2/sub-0025051/ses-2/anat/sub-0025051_ses-2_run-2_T1w.nii.gz,sub-0025051,ses-2,entropy,4.361825443401681,"('NYU_2', nan, nan)",False,True,True,True,False
/run/media/falconnier/Elements/BIDS_datasets_selection/CORR/NYU_2/sub-0025059/ses-2/anat/sub-0025059_ses-2_run-1_T1w.nii.gz,sub-0025059,ses-2,entropy,0.9820338062801384,"('NYU_2', nan, nan)",False,True,True,True,False
/run/media/falconnier/Elements/BIDS_datasets_selection/CORR/NYU_2/sub-0025066/ses-1/anat/sub-0025066_ses-1_run-2_T1w.nii.gz,sub-0025066,ses-1,entropy,3.828981717070073,"('NYU_2', nan, nan)",False,False,False,True,False
/run/media/falconnier/Elements/BIDS_datasets_selection/CORR/NYU_2/sub-0025089/ses-1/anat/sub-0025089_ses-1_run-1_T1w.nii.gz,sub-0025089,ses-1,entropy,1.1869169450976285,"('NYU_2', nan, nan)",False,False,False,True,False
/run/media/falconnier/Elements/BIDS_datasets_selection/CORR/NYU_2/sub-0025091/ses-1/anat/sub-0025091_ses-1_run-2_T1w.nii.gz,sub-0025091,ses-1,entropy,1.1922667051858988,"('NYU_2', nan, nan)",False,False,False,True,False
/run/media/falconnier/Elements/BIDS_datasets_selection/CORR/NYU_2/sub-0025091/ses-1/anat/sub-0025091_ses-1_run-1_T1w.nii.gz,sub-0025091,ses-1,entropy,1.1642068860068724,"('NYU_2', nan, nan)",False,False,False,True,False
/run/media/falconnier/Elements/BIDS_datasets_selection/CORR/NYU_2/sub-0025096/ses-1/anat/sub-0025096_ses-1_run-1_T1w.nii.gz,sub-0025096,ses-1,entropy,4.177694834652582,"('NYU_2', nan, nan)",False,False,False,True,False
/run/media/falconnier/Elements/BIDS_datasets_selection/CORR/NYU_2/sub-0025142/ses-1/anat/sub-0025142_ses-1_run-1_T1w.nii.gz,sub-0025142,ses-1,entropy,1.158984044995624,"('NYU_2', nan, nan)",False,False,False,True,False
/run/media/falconnier/Elements/BIDS_datasets_selection/CORR/NYU_2/sub-0025002/ses-1/anat/sub-0025002_ses-1_run-1_T1w.nii.gz,sub-0025002,ses-1,efc,0.3481,"('NYU_2', nan, nan)",False,False,False,True,False
/run/media/falconnier/Elements/BIDS_datasets_selection/CORR/NYU_2/sub-0025033/ses-2/anat/sub-0025033_ses-2_run-1_T1w.nii.gz,sub-0025033,ses-2,efc,0.4695,"('NYU_2', nan, nan)",False,False,False,True,False
/run/media/falconnier/Elements/BIDS_datasets_selection/CORR/NYU_2/sub-0025033/ses-2/anat/sub-0025033_ses-2_run-2_T1w.nii.gz,sub-0025033,ses-2,efc,0.4709,"('NYU_2', nan, nan)",False,False,False,True,False
/run/media/falconnier/Elements/BIDS_datasets_selection/CORR/NYU_2/sub-0025045/ses-1/anat/sub-0025045_ses-1_run-1_T1w.nii.gz,sub-0025045,ses-1,efc,0.3543,"('NYU_2', nan, nan)",False,False,False,True,False
/run/media/falconnier/Elements/BIDS_datasets_selection/CORR/NYU_2/sub-0025045/ses-2/anat/sub-0025045_ses-2_run-1_T1w.nii.gz,sub-0025045,ses-2,efc,0.3504,"('NYU_2', nan, nan)",False,False,False,True,False
/run/media/falconnier/Elements/BIDS_datasets_selection/CORR/NYU_2/sub-0025098/ses-1/anat/sub-0025098_ses-1_run-1_T1w.nii.gz,sub-0025098,ses-1,efc,0.3549,"('NYU_2', nan, nan)",False,False,False,True,False
/run/media/falconnier/Elements/BIDS_datasets_selection/CORR/NYU_2/sub-0025098/ses-1/anat/sub-0025098_ses-1_run-2_T1w.nii.gz,sub-0025098,ses-1,efc,0.3551,"('NYU_2', nan, nan)",False,False,False,True,False
/run/media/falconnier/Elements/BIDS_datasets_selection/CORR/NYU_2/sub-0025109/ses-1/anat/sub-0025109_ses-1_run-1_T1w.nii.gz,sub-0025109,ses-1,efc,0.4698,"('NYU_2', nan, nan)",False,False,False,True,False
/run/media/falconnier/Elements/BIDS_datasets_selection/CORR/NYU_2/sub-0025120/ses-1/anat/sub-0025120_ses-1_run-1_T1w.nii.gz,sub-0025120,ses-1,efc,0.4724,"('NYU_2', nan, nan)",False,False,False,True,False
/run/media/falconnier/Elements/BIDS_datasets_selection/CORR/NYU_2/sub-0025120/ses-1/anat/sub-0025120_ses-1_run-2_T1w.nii.gz,sub-0025120,ses-1,efc,0.4744,"('NYU_2', nan, nan)",False,False,False,True,False
/run/media/falconnier/Elements/BIDS_datasets_selection/CORR/NYU_2/sub-0025007/ses-1/anat/sub-0025007_ses-1_run-1_T1w.nii.gz,sub-0025007,ses-1,nonzero_frac,0.5303016901016235,"('NYU_2', nan, nan)",False,False,False,True,False
/run/media/falconnier/Elements/BIDS_datasets_selection/CORR/NYU_2/sub-0025007/ses-1/anat/sub-0025007_ses-1_run-2_T1w.nii.gz,sub-0025007,ses-1,nonzero_frac,0.5313870906829834,"('NYU_2', nan, nan)",False,False,False,True,False
/run/media/falconnier/Elements/BIDS_datasets_selection/CORR/NYU_2/sub-0025007/ses-2/anat/sub-0025007_ses-2_run-1_T1w.nii.gz,sub-0025007,ses-2,nonzero_frac,0.5294106006622314,"('NYU_2', nan, nan)",False,False,False,True,False
/run/media/falconnier/Elements/BIDS_datasets_selection/CORR/NYU_2/sub-0025045/ses-2/anat/sub-0025045_ses-2_run-1_T1w.nii.gz,sub-0025045,ses-2,nonzero_frac,0.3405706882476806,"('NYU_2', nan, nan)",False,False,False,True,False
/run/media/falconnier/Elements/BIDS_datasets_selection/CORR/NYU_2/sub-0025051/ses-2/anat/sub-0025051_ses-2_run-1_T1w.nii.gz,sub-0025051,ses-2,nonzero_frac,0.3248542547225952,"('NYU_2', nan, nan)",False,False,False,True,False
/run/media/falconnier/Elements/BIDS_datasets_selection/CORR/NYU_2/sub-0025051/ses-2/anat/sub-0025051_ses-2_run-2_T1w.nii.gz,sub-0025051,ses-2,nonzero_frac,0.3115952014923095,"('NYU_2', nan, nan)",False,False,False,True,False
/run/media/falconnier/Elements/BIDS_datasets_selection/CORR/NYU_2/sub-0025111/ses-1/anat/sub-0025111_ses-1_run-1_T1w.nii.gz,sub-0025111,ses-1,nonzero_frac,0.3363981246948242,"('NYU_2', nan, nan)",False,False,False,True,False
/run/media/falconnier/Elements/BIDS_datasets_selection/CORR/NYU_2/sub-0025111/ses-1/anat/sub-0025111_ses-1_run-2_T1w.nii.gz,sub-0025111,ses-1,nonzero_frac,0.3347704410552978,"('NYU_2', nan, nan)",False,False,False,True,False
/run/media/falconnier/Elements/BIDS_datasets_selection/CORR/NYU_2/sub-0025120/ses-1/anat/sub-0025120_ses-1_run-1_T1w.nii.gz,sub-0025120,ses-1,nonzero_frac,0.5194482803344727,"('NYU_2', nan, nan)",False,False,False,True,False
/run/media/falconnier/Elements/BIDS_datasets_selection/CORR/NYU_2/sub-0025120/ses-1/anat/sub-0025120_ses-1_run-2_T1w.nii.gz,sub-0025120,ses-1,nonzero_frac,0.5204261541366577,"('NYU_2', nan, nan)",False,False,False,True,False
/run/media/falconnier/Elements/BIDS_datasets_selection/CORR/NYU_2/sub-0025007/ses-1/anat/sub-0025007_ses-1_run-1_T1w.nii.gz,sub-0025007,ses-1,n_nonzero,4448493.0,"('NYU_2', nan, nan)",False,False,False,True,False
/run/media/falconnier/Elements/BIDS_datasets_selection/CORR/NYU_2/sub-0025007/ses-1/anat/sub-0025007_ses-1_run-2_T1w.nii.gz,sub-0025007,ses-1,n_nonzero,4457598.0,"('NYU_2', nan, nan)",False,False,False,True,False
/run/media/falconnier/Elements/BIDS_datasets_selection/CORR/NYU_2/sub-0025007/ses-2/anat/sub-0025007_ses-2_run-1_T1w.nii.gz,sub-0025007,ses-2,n_nonzero,4441018.0,"('NYU_2', nan, nan)",False,False,False,True,False
/run/media/falconnier/Elements/BIDS_datasets_selection/CORR/NYU_2/sub-0025045/ses-2/anat/sub-0025045_ses-2_run-1_T1w.nii.gz,sub-0025045,ses-2,n_nonzero,2856914.0,"('NYU_2', nan, nan)",False,False,False,True,False
/run/media/falconnier/Elements/BIDS_datasets_selection/CORR/NYU_2/sub-0025051/ses-2/anat/sub-0025051_ses-2_run-1_T1w.nii.gz,sub-0025051,ses-2,n_nonzero,2725075.0,"('NYU_2', nan, nan)",False,False,False,True,False
/run/media/falconnier/Elements/BIDS_datasets_selection/CORR/NYU_2/sub-0025051/ses-2/anat/sub-0025051_ses-2_run-2_T1w.nii.gz,sub-0025051,ses-2,n_nonzero,2613850.0,"('NYU_2', nan, nan)",False,False,False,True,False
/run/media/falconnier/Elements/BIDS_datasets_selection/CORR/NYU_2/sub-0025111/ses-1/anat/sub-0025111_ses-1_run-1_T1w.nii.gz,sub-0025111,ses-1,n_nonzero,2821912.0,"('NYU_2', nan, nan)",False,False,False,True,False
/run/media/falconnier/Elements/BIDS_datasets_selection/CORR/NYU_2/sub-0025111/ses-1/anat/sub-0025111_ses-1_run-2_T1w.nii.gz,sub-0025111,ses-1,n_nonzero,2808258.0,"('NYU_2', nan, nan)",False,False,False,True,False
/run/media/falconnier/Elements/BIDS_datasets_selection/CORR/NYU_2/sub-0025120/ses-1/anat/sub-0025120_ses-1_run-1_T1w.nii.gz,sub-0025120,ses-1,n_nonzero,4357448.0,"('NYU_2', nan, nan)",False,False,False,True,False
/run/media/falconnier/Elements/BIDS_datasets_selection/CORR/NYU_2/sub-0025120/ses-1/anat/sub-0025120_ses-1_run-2_T1w.nii.gz,sub-0025120,ses-1,n_nonzero,4365651.0,"('NYU_2', nan, nan)",False,False,False,True,False
/run/media/falconnier/Elements/BIDS_datasets_selection/CORR/NYU_2/sub-0025007/ses-2/anat/sub-0025007_ses-2_run-1_T1w.nii.gz,sub-0025007,ses-2,kurtosis,1.378251778088439,"('NYU_2', nan, nan)",False,False,False,True,False
/run/media/falconnier/Elements/BIDS_datasets_selection/CORR/NYU_2/sub-0025012/ses-1/anat/sub-0025012_ses-1_run-1_T1w.nii.gz,sub-0025012,ses-1,kurtosis,1.526064627605343,"('NYU_2', nan, nan)",False,False,False,True,False
/run/media/falconnier/Elements/BIDS_datasets_selection/CORR/NYU_2/sub-0025014/ses-2/anat/sub-0025014_ses-2_run-1_T1w.nii.gz,sub-0025014,ses-2,kurtosis,1.2931107107150446,"('NYU_2', nan, nan)",False,False,False,True,False
/run/media/falconnier/Elements/BIDS_datasets_selection/CORR/NYU_2/sub-0025053/ses-1/anat/sub-0025053_ses-1_run-1_T1w.nii.gz,sub-0025053,ses-1,kurtosis,-0.2784468739251711,"('NYU_2', nan, nan)",False,False,False,True,False
/run/media/falconnier/Elements/BIDS_datasets_selection/CORR/NYU_2/sub-0025053/ses-1/anat/sub-0025053_ses-1_run-2_T1w.nii.gz,sub-0025053,ses-1,kurtosis,-0.3135058041969558,"('NYU_2', nan, nan)",False,False,False,True,False
/run/media/falconnier/Elements/BIDS_datasets_selection/CORR/NYU_2/sub-0025053/ses-2/anat/sub-0025053_ses-2_run-1_T1w.nii.gz,sub-0025053,ses-2,kurtosis,-0.287706398063154,"('NYU_2', nan, nan)",False,False,False,True,False
/run/media/falconnier/Elements/BIDS_datasets_selection/CORR/NYU_2/sub-0025053/ses-2/anat/sub-0025053_ses-2_run-2_T1w.nii.gz,sub-0025053,ses-2,kurtosis,-0.2774987742540884,"('NYU_2', nan, nan)",False,False,False,True,False
/run/media/falconnier/Elements/BIDS_datasets_selection/CORR/NYU_2/sub-0025054/ses-1/anat/sub-0025054_ses-1_run-2_T1w.nii.gz,sub-0025054,ses-1,kurtosis,-0.2917155660309287,"('NYU_2', nan, nan)",False,False,False,True,False
/run/media/falconnier/Elements/BIDS_datasets_selection/CORR/NYU_2/sub-0025069/ses-1/anat/sub-0025069_ses-1_run-1_T1w.nii.gz,sub-0025069,ses-1,kurtosis,1.3052537493823009,"('NYU_2', nan, nan)",False,False,False,True,False
/run/media/falconnier/Elements/BIDS_datasets_selection/CORR/NYU_2/sub-0025093/ses-1/anat/sub-0025093_ses-1_run-1_T1w.nii.gz,sub-0025093,ses-1,kurtosis,1.2567070840355257,"('NYU_2', nan, nan)",False,False,False,True,False
/run/media/falconnier/Elements/BIDS_datasets_selection/CORR/NYU_2/sub-0025014/ses-1/anat/sub-0025014_ses-1_run-1_T1w.nii.gz,sub-0025014,ses-1,skewness,1.3076921243025008,"('NYU_2', nan, nan)",False,False,False,True,False
/run/media/falconnier/Elements/BIDS_datasets_selection/CORR/NYU_2/sub-0025014/ses-1/anat/sub-0025014_ses-1_run-2_T1w.nii.gz,sub-0025014,ses-1,skewness,1.300147145857616,"('NYU_2', nan, nan)",False,False,False,True,False
/run/media/falconnier/Elements/BIDS_datasets_selection/CORR/NYU_2/sub-0025023/ses-1/anat/sub-0025023_ses-1_run-1_T1w.nii.gz,sub-0025023,ses-1,skewness,1.3004816687743153,"('NYU_2', nan, nan)",False,False,False,True,False
/run/media/falconnier/Elements/BIDS_datasets_selection/CORR/NYU_2/sub-0025023/ses-1/anat/sub-0025023_ses-1_run-2_T1w.nii.gz,sub-0025023,ses-1,skewness,1.296635535981096,"('NYU_2', nan, nan)",False,False,False,True,False
/run/media/falconnier/Elements/BIDS_datasets_selection/CORR/NYU_2/sub-0025033/ses-1/anat/sub-0025033_ses-1_run-1_T1w.nii.gz,sub-0025033,ses-1,skewness,0.7854120148843236,"('NYU_2', nan, nan)",False,False,False,True,False
/run/media/falconnier/Elements/BIDS_datasets_selection/CORR/NYU_2/sub-0025049/ses-2/anat/sub-0025049_ses-2_run-1_T1w.nii.gz,sub-0025049,ses-2,skewness,0.7740427033071353,"('NYU_2', nan, nan)",False,False,False,True,False
/run/media/falconnier/Elements/BIDS_datasets_selection/CORR/NYU_2/sub-0025049/ses-2/anat/sub-0025049_ses-2_run-2_T1w.nii.gz,sub-0025049,ses-2,skewness,0.7893222943389148,"('NYU_2', nan, nan)",False,False,False,True,False
/run/media/falconnier/Elements/BIDS_datasets_selection/CORR/NYU_2/sub-0025054/ses-1/anat/sub-0025054_ses-1_run-2_T1w.nii.gz,sub-0025054,ses-1,skewness,0.7629436581276152,"('NYU_2', nan, nan)",False,False,False,True,False
/run/media/falconnier/Elements/BIDS_datasets_selection/CORR/NYU_2/sub-0025054/ses-1/anat/sub-0025054_ses-1_run-1_T1w.nii.gz,sub-0025054,ses-1,skewness,0.7732808770561533,"('NYU_2', nan, nan)",False,False,False,True,False
/run/media/falconnier/Elements/BIDS_datasets_selection/CORR/NYU_2/sub-0025063/ses-1/anat/sub-0025063_ses-1_run-1_T1w.nii.gz,sub-0025063,ses-1,skewness,1.3027132895712936,"('NYU_2', nan, nan)",False,False,False,True,False
/run/media/falconnier/Elements/BIDS_datasets_selection/CORR/SWU_1/sub-0027208/ses-1/anat/sub-0027208_ses-1_run-2_T1w.nii.gz,sub-0027208,ses-1,file_size_mb,6.174496650695801,"('SWU_1', nan, nan)",False,False,False,True,False
/run/media/falconnier/Elements/BIDS_datasets_selection/CORR/SWU_1/sub-0027208/ses-1/anat/sub-0027208_ses-1_run-1_T1w.nii.gz,sub-0027208,ses-1,file_size_mb,6.178288459777832,"('SWU_1', nan, nan)",False,False,False,True,False
/run/media/falconnier/Elements/BIDS_datasets_selection/CORR/SWU_1/sub-0027210/ses-1/anat/sub-0027210_ses-1_run-1_T1w.nii.gz,sub-0027210,ses-1,file_size_mb,9.924208641052246,"('SWU_1', nan, nan)",False,True,True,False,False
/run/media/falconnier/Elements/BIDS_datasets_selection/CORR/SWU_1/sub-0027210/ses-2/anat/sub-0027210_ses-2_run-1_T1w.nii.gz,sub-0027210,ses-2,file_size_mb,9.52008056640625,"('SWU_1', nan, nan)",False,True,False,False,False
/run/media/falconnier/Elements/BIDS_datasets_selection/CORR/SWU_1/sub-0027211/ses-2/anat/sub-0027211_ses-2_run-1_T1w.nii.gz,sub-0027211,ses-2,file_size_mb,9.650452613830566,"('SWU_1', nan, nan)",False,True,True,False,False
/run/media/falconnier/Elements/BIDS_datasets_selection/CORR/SWU_1/sub-0027211/ses-3/anat/sub-0027211_ses-3_run-2_T1w.nii.gz,sub-0027211,ses-3,file_size_mb,9.466299057006836,"('SWU_1', nan, nan)",False,True,False,False,False
/run/media/falconnier/Elements/BIDS_datasets_selection/CORR/SWU_1/sub-0027215/ses-1/anat/sub-0027215_ses-1_run-1_T1w.nii.gz,sub-0027215,ses-1,file_size_mb,9.366867065429688,"('SWU_1', nan, nan)",False,True,False,False,False
/run/media/falconnier/Elements/BIDS_datasets_selection/CORR/SWU_1/sub-0027215/ses-1/anat/sub-0027215_ses-1_run-2_T1w.nii.gz,sub-0027215,ses-1,file_size_mb,9.496930122375488,"('SWU_1', nan, nan)",False,True,False,False,False
/run/media/falconnier/Elements/BIDS_datasets_selection/CORR/SWU_1/sub-0027215/ses-3/anat/sub-0027215_ses-3_run-1_T1w.nii.gz,sub-0027215,ses-3,file_size_mb,9.609968185424805,"('SWU_1', nan, nan)",False,True,True,False,False
/run/media/falconnier/Elements/BIDS_datasets_selection/CORR/SWU_1/sub-0027215/ses-2/anat/sub-0027215_ses-2_run-2_T1w.nii.gz,sub-0027215,ses-2,file_size_mb,9.393174171447754,"('SWU_1', nan, nan)",False,True,False,False,False
/run/media/falconnier/Elements/BIDS_datasets_selection/CORR/SWU_1/sub-0027215/ses-2/anat/sub-0027215_ses-2_run-1_T1w.nii.gz,sub-0027215,ses-2,file_size_mb,9.588563919067385,"('SWU_1', nan, nan)",False,True,True,False,False
/run/media/falconnier/Elements/BIDS_datasets_selection/CORR/SWU_1/sub-0027218/ses-2/anat/sub-0027218_ses-2_run-1_T1w.nii.gz,sub-0027218,ses-2,file_size_mb,11.56757926940918,"('SWU_1', nan, nan)",False,True,True,True,False
/run/media/falconnier/Elements/BIDS_datasets_selection/CORR/SWU_1/sub-0027218/ses-3/anat/sub-0027218_ses-3_run-1_T1w.nii.gz,sub-0027218,ses-3,file_size_mb,11.866646766662598,"('SWU_1', nan, nan)",False,True,True,True,False
/run/media/falconnier/Elements/BIDS_datasets_selection/CORR/SWU_1/sub-0027222/ses-2/anat/sub-0027222_ses-2_run-2_T1w.nii.gz,sub-0027222,ses-2,file_size_mb,10.850356101989746,"('SWU_1', nan, nan)",False,True,True,False,False
/run/media/falconnier/Elements/BIDS_datasets_selection/CORR/SWU_1/sub-0027222/ses-3/anat/sub-0027222_ses-3_run-1_T1w.nii.gz,sub-0027222,ses-3,file_size_mb,10.083148956298828,"('SWU_1', nan, nan)",False,True,True,False,False
/run/media/falconnier/Elements/BIDS_datasets_selection/CORR/SWU_1/sub-0027222/ses-2/anat/sub-0027222_ses-2_run-1_T1w.nii.gz,sub-0027222,ses-2,file_size_mb,10.478139877319336,"('SWU_1', nan, nan)",False,True,True,False,False
/run/media/falconnier/Elements/BIDS_datasets_selection/CORR/SWU_1/sub-0027222/ses-1/anat/sub-0027222_ses-1_run-1_T1w.nii.gz,sub-0027222,ses-1,file_size_mb,11.355972290039062,"('SWU_1', nan, nan)",False,True,True,False,False
/run/media/falconnier/Elements/BIDS_datasets_selection/CORR/SWU_1/sub-0027222/ses-1/anat/sub-0027222_ses-1_run-2_T1w.nii.gz,sub-0027222,ses-1,file_size_mb,11.10781478881836,"('SWU_1', nan, nan)",False,True,True,False,False
/run/media/falconnier/Elements/BIDS_datasets_selection/CORR/SWU_1/sub-0027222/ses-3/anat/sub-0027222_ses-3_run-2_T1w.nii.gz,sub-0027222,ses-3,file_size_mb,10.383047103881836,"('SWU_1', nan, nan)",False,True,True,False,False
/run/media/falconnier/Elements/BIDS_datasets_selection/CORR/SWU_1/sub-0027210/ses-1/anat/sub-0027210_ses-1_run-2_T1w.nii.gz,sub-0027210,ses-1,max,1042.0,"('SWU_1', nan, nan)",False,False,False,True,False
/run/media/falconnier/Elements/BIDS_datasets_selection/CORR/SWU_1/sub-0027218/ses-3/anat/sub-0027218_ses-3_run-2_T1w.nii.gz,sub-0027218,ses-3,max,1005.0,"('SWU_1', nan, nan)",False,False,False,True,False
/run/media/falconnier/Elements/BIDS_datasets_selection/CORR/SWU_1/sub-0027222/ses-2/anat/sub-0027222_ses-2_run-2_T1w.nii.gz,sub-0027222,ses-2,max,1742.0,"('SWU_1', nan, nan)",False,False,False,True,False
/run/media/falconnier/Elements/BIDS_datasets_selection/CORR/SWU_1/sub-0027222/ses-2/anat/sub-0027222_ses-2_run-1_T1w.nii.gz,sub-0027222,ses-2,max,1700.0,"('SWU_1', nan, nan)",False,False,False,True,False
/run/media/falconnier/Elements/BIDS_datasets_selection/CORR/SWU_1/sub-0027212/ses-3/anat/sub-0027212_ses-3_run-1_T1w.nii.gz,sub-0027212,ses-3,median,78.0,"('SWU_1', nan, nan)",False,False,False,True,False
/run/media/falconnier/Elements/BIDS_datasets_selection/CORR/SWU_1/sub-0027212/ses-3/anat/sub-0027212_ses-3_run-2_T1w.nii.gz,sub-0027212,ses-3,median,80.0,"('SWU_1', nan, nan)",False,False,False,True,False
/run/media/falconnier/Elements/BIDS_datasets_selection/CORR/SWU_1/sub-0027218/ses-1/anat/sub-0027218_ses-1_run-1_T1w.nii.gz,sub-0027218,ses-1,median,191.0,"('SWU_1', nan, nan)",False,False,False,True,False
/run/media/falconnier/Elements/BIDS_datasets_selection/CORR/SWU_1/sub-0027218/ses-1/anat/sub-0027218_ses-1_run-2_T1w.nii.gz,sub-0027218,ses-1,median,199.0,"('SWU_1', nan, nan)",False,False,False,True,False
/run/media/falconnier/Elements/BIDS_datasets_selection/CORR/SWU_1/sub-0027207/ses-2/anat/sub-0027207_ses-2_run-1_T1w.nii.gz,sub-0027207,ses-2,mean,149.0073183232038,"('SWU_1', nan, nan)",False,False,False,True,False
/run/media/falconnier/Elements/BIDS_datasets_selection/CORR/SWU_1/sub-0027211/ses-2/anat/sub-0027211_ses-2_run-2_T1w.nii.gz,sub-0027211,ses-2,mean,213.6780488934628,"('SWU_1', nan, nan)",False,False,False,True,False
/run/media/falconnier/Elements/BIDS_datasets_selection/CORR/SWU_1/sub-0027213/ses-3/anat/sub-0027213_ses-3_run-1_T1w.nii.gz,sub-0027213,ses-3,mean,238.91233048261373,"('SWU_1', nan, nan)",False,True,True,True,False
/run/media/falconnier/Elements/BIDS_datasets_selection/CORR/SWU_1/sub-0027221/ses-2/anat/sub-0027221_ses-2_run-2_T1w.nii.gz,sub-0027221,ses-2,mean,153.01101674293523,"('SWU_1', nan, nan)",False,False,False,True,False
/run/media/falconnier/Elements/BIDS_datasets_selection/CORR/SWU_1/sub-0027211/ses-2/anat/sub-0027211_ses-2_run-1_T1w.nii.gz,sub-0027211,ses-2,std,218.58053492748047,"('SWU_1', nan, nan)",False,False,False,True,False
/run/media/falconnier/Elements/BIDS_datasets_selection/CORR/SWU_1/sub-0027213/ses-3/anat/sub-0027213_ses-3_run-1_T1w.nii.gz,sub-0027213,ses-3,std,247.60198954117695,"('SWU_1', nan, nan)",False,False,False,True,False
/run/media/falconnier/Elements/BIDS_datasets_selection/CORR/SWU_1/sub-0027217/ses-3/anat/sub-0027217_ses-3_run-1_T1w.nii.gz,sub-0027217,ses-3,std,152.75861084462963,"('SWU_1', nan, nan)",False,False,False,True,False
/run/media/falconnier/Elements/BIDS_datasets_selection/CORR/SWU_1/sub-0027221/ses-2/anat/sub-0027221_ses-2_run-2_T1w.nii.gz,sub-0027221,ses-2,std,149.52331940099162,"('SWU_1', nan, nan)",False,False,False,True,False
/run/media/falconnier/Elements/BIDS_datasets_selection/CORR/SWU_1/sub-0027208/ses-3/anat/sub-0027208_ses-3_run-2_T1w.nii.gz,sub-0027208,ses-3,mad,181.0,"('SWU_1', nan, nan)",False,False,False,True,False
/run/media/falconnier/Elements/BIDS_datasets_selection/CORR/SWU_1/sub-0027212/ses-3/anat/sub-0027212_ses-3_run-1_T1w.nii.gz,sub-0027212,ses-3,mad,76.0,"('SWU_1', nan, nan)",False,False,False,True,False
/run/media/falconnier/Elements/BIDS_datasets_selection/CORR/SWU_1/sub-0027212/ses-3/anat/sub-0027212_ses-3_run-2_T1w.nii.gz,sub-0027212,ses-3,mad,78.0,"('SWU_1', nan, nan)",False,False,False,True,False
/run/media/falconnier/Elements/BIDS_datasets_selection/CORR/SWU_1/sub-0027218/ses-2/anat/sub-0027218_ses-2_run-2_T1w.nii.gz,sub-0027218,ses-2,entropy,1.980631549907797,"('SWU_1', nan, nan)",False,False,False,True,False
/run/media/falconnier/Elements/BIDS_datasets_selection/CORR/SWU_1/sub-0027218/ses-3/anat/sub-0027218_ses-3_run-2_T1w.nii.gz,sub-0027218,ses-3,entropy,2.115872255458993,"('SWU_1', nan, nan)",False,False,False,True,False
/run/media/falconnier/Elements/BIDS_datasets_selection/CORR/SWU_1/sub-0027222/ses-2/anat/sub-0027222_ses-2_run-2_T1w.nii.gz,sub-0027222,ses-2,entropy,1.162890442372981,"('SWU_1', nan, nan)",False,False,False,True,False
/run/media/falconnier/Elements/BIDS_datasets_selection/CORR/SWU_1/sub-0027222/ses-2/anat/sub-0027222_ses-2_run-1_T1w.nii.gz,sub-0027222,ses-2,entropy,1.204478597290615,"('SWU_1', nan, nan)",False,False,False,True,False
/run/media/falconnier/Elements/BIDS_datasets_selection/CORR/SWU_1/sub-0027208/ses-3/anat/sub-0027208_ses-3_run-1_T1w.nii.gz,sub-0027208,ses-3,efc,0.3812,"('SWU_1', nan, nan)",False,False,False,True,False
/run/media/falconnier/Elements/BIDS_datasets_selection/CORR/SWU_1/sub-0027208/ses-3/anat/sub-0027208_ses-3_run-2_T1w.nii.gz,sub-0027208,ses-3,efc,0.382,"('SWU_1', nan, nan)",False,False,False,True,False
/run/media/falconnier/Elements/BIDS_datasets_selection/CORR/SWU_1/sub-0027218/ses-2/anat/sub-0027218_ses-2_run-1_T1w.nii.gz,sub-0027218,ses-2,efc,0.5703,"('SWU_1', nan, nan)",False,True,True,True,False
/run/media/falconnier/Elements/BIDS_datasets_selection/CORR/SWU_1/sub-0027218/ses-3/anat/sub-0027218_ses-3_run-1_T1w.nii.gz,sub-0027218,ses-3,efc,0.5751,"('SWU_1', nan, nan)",False,True,True,True,False
/run/media/falconnier/Elements/BIDS_datasets_selection/CORR/SWU_1/sub-0027208/ses-3/anat/sub-0027208_ses-3_run-1_T1w.nii.gz,sub-0027208,ses-3,nonzero_frac,0.3457263599742542,"('SWU_1', nan, nan)",False,False,False,True,False
/run/media/falconnier/Elements/BIDS_datasets_selection/CORR/SWU_1/sub-0027208/ses-3/anat/sub-0027208_ses-3_run-2_T1w.nii.gz,sub-0027208,ses-3,nonzero_frac,0.344288479198109,"('SWU_1', nan, nan)",False,False,False,True,False
/run/media/falconnier/Elements/BIDS_datasets_selection/CORR/SWU_1/sub-0027210/ses-1/anat/sub-0027210_ses-1_run-1_T1w.nii.gz,sub-0027210,ses-1,nonzero_frac,0.5976496609774503,"('SWU_1', nan, nan)",False,True,True,False,False
/run/media/falconnier/Elements/BIDS_datasets_selection/CORR/SWU_1/sub-0027210/ses-2/anat/sub-0027210_ses-2_run-1_T1w.nii.gz,sub-0027210,ses-2,nonzero_frac,0.5779080824418501,"('SWU_1', nan, nan)",False,True,True,False,False
/run/media/falconnier/Elements/BIDS_datasets_selection/CORR/SWU_1/sub-0027211/ses-2/anat/sub-0027211_ses-2_run-1_T1w.nii.gz,sub-0027211,ses-2,nonzero_frac,0.5667213093150746,"('SWU_1', nan, nan)",False,False,True,False,False
/run/media/falconnier/Elements/BIDS_datasets_selection/CORR/SWU_1/sub-0027215/ses-3/anat/sub-0027215_ses-3_run-1_T1w.nii.gz,sub-0027215,ses-3,nonzero_frac,0.5638919310136274,"('SWU_1', nan, nan)",False,False,True,False,False
/run/media/falconnier/Elements/BIDS_datasets_selection/CORR/SWU_1/sub-0027218/ses-2/anat/sub-0027218_ses-2_run-1_T1w.nii.gz,sub-0027218,ses-2,nonzero_frac,0.6785165613347833,"('SWU_1', nan, nan)",False,True,True,False,False
/run/media/falconnier/Elements/BIDS_datasets_selection/CORR/SWU_1/sub-0027218/ses-3/anat/sub-0027218_ses-3_run-1_T1w.nii.gz,sub-0027218,ses-3,nonzero_frac,0.7192948081276633,"('SWU_1', nan, nan)",False,True,True,True,False
/run/media/falconnier/Elements/BIDS_datasets_selection/CORR/SWU_1/sub-0027222/ses-2/anat/sub-0027222_ses-2_run-2_T1w.nii.gz,sub-0027222,ses-2,nonzero_frac,0.6764528101140802,"('SWU_1', nan, nan)",False,True,True,False,False
/run/media/falconnier/Elements/BIDS_datasets_selection/CORR/SWU_1/sub-0027222/ses-3/anat/sub-0027222_ses-3_run-1_T1w.nii.gz,sub-0027222,ses-3,nonzero_frac,0.6102419766512784,"('SWU_1', nan, nan)",False,True,True,False,False
/run/media/falconnier/Elements/BIDS_datasets_selection/CORR/SWU_1/sub-0027222/ses-2/anat/sub-0027222_ses-2_run-1_T1w.nii.gz,sub-0027222,ses-2,nonzero_frac,0.6427826447920366,"('SWU_1', nan, nan)",False,True,True,False,False
/run/media/falconnier/Elements/BIDS_datasets_selection/CORR/SWU_1/sub-0027222/ses-1/anat/sub-0027222_ses-1_run-1_T1w.nii.gz,sub-0027222,ses-1,nonzero_frac,0.6824659000743519,"('SWU_1', nan, nan)",False,True,True,True,False
/run/media/falconnier/Elements/BIDS_datasets_selection/CORR/SWU_1/sub-0027222/ses-1/anat/sub-0027222_ses-1_run-2_T1w.nii.gz,sub-0027222,ses-1,nonzero_frac,0.6823349866000089,"('SWU_1', nan, nan)",False,True,True,False,False
/run/media/falconnier/Elements/BIDS_datasets_selection/CORR/SWU_1/sub-0027222/ses-3/anat/sub-0027222_ses-3_run-2_T1w.nii.gz,sub-0027222,ses-3,nonzero_frac,0.6267215555364435,"('SWU_1', nan, nan)",False,True,True,False,False
/run/media/falconnier/Elements/BIDS_datasets_selection/CORR/SWU_1/sub-0027208/ses-3/anat/sub-0027208_ses-3_run-1_T1w.nii.gz,sub-0027208,ses-3,n_nonzero,3987724.0,"('SWU_1', nan, nan)",False,False,False,True,False
/run/media/falconnier/Elements/BIDS_datasets_selection/CORR/SWU_1/sub-0027208/ses-3/anat/sub-0027208_ses-3_run-2_T1w.nii.gz,sub-0027208,ses-3,n_nonzero,3971139.0,"('SWU_1', nan, nan)",False,False,False,True,False
/run/media/falconnier/Elements/BIDS_datasets_selection/CORR/SWU_1/sub-0027210/ses-1/anat/sub-0027210_ses-1_run-1_T1w.nii.gz,sub-0027210,ses-1,n_nonzero,6893492.0,"('SWU_1', nan, nan)",False,True,True,False,False
/run/media/falconnier/Elements/BIDS_datasets_selection/CORR/SWU_1/sub-0027210/ses-2/anat/sub-0027210_ses-2_run-1_T1w.nii.gz,sub-0027210,ses-2,n_nonzero,6665786.0,"('SWU_1', nan, nan)",False,True,True,False,False
/run/media/falconnier/Elements/BIDS_datasets_selection/CORR/SWU_1/sub-0027211/ses-2/anat/sub-0027211_ses-2_run-1_T1w.nii.gz,sub-0027211,ses-2,n_nonzero,6536754.0,"('SWU_1', nan, nan)",False,False,True,False,False
/run/media/falconnier/Elements/BIDS_datasets_selection/CORR/SWU_1/sub-0027215/ses-3/anat/sub-0027215_ses-3_run-1_T1w.nii.gz,sub-0027215,ses-3,n_nonzero,6504119.0,"('SWU_1', nan, nan)",False,False,True,False,False
/run/media/falconnier/Elements/BIDS_datasets_selection/CORR/SWU_1/sub-0027218/ses-2/anat/sub-0027218_ses-2_run-1_T1w.nii.gz,sub-0027218,ses-2,n_nonzero,7826238.0,"('SWU_1', nan, nan)",False,True,True,False,False
/run/media/falconnier/Elements/BIDS_datasets_selection/CORR/SWU_1/sub-0027218/ses-3/anat/sub-0027218_ses-3_run-1_T1w.nii.gz,sub-0027218,ses-3,n_nonzero,8296588.0,"('SWU_1', nan, nan)",False,True,True,True,False
/run/media/falconnier/Elements/BIDS_datasets_selection/CORR/SWU_1/sub-0027222/ses-2/anat/sub-0027222_ses-2_run-2_T1w.nii.gz,sub-0027222,ses-2,n_nonzero,7802434.0,"('SWU_1', nan, nan)",False,True,True,False,False
/run/media/falconnier/Elements/BIDS_datasets_selection/CORR/SWU_1/sub-0027222/ses-3/anat/sub-0027222_ses-3_run-1_T1w.nii.gz,sub-0027222,ses-3,n_nonzero,7038736.0,"('SWU_1', nan, nan)",False,True,True,False,False
/run/media/falconnier/Elements/BIDS_datasets_selection/CORR/SWU_1/sub-0027222/ses-2/anat/sub-0027222_ses-2_run-1_T1w.nii.gz,sub-0027222,ses-2,n_nonzero,7414071.0,"('SWU_1', nan, nan)",False,True,True,False,False
/run/media/falconnier/Elements/BIDS_datasets_selection/CORR/SWU_1/sub-0027222/ses-1/anat/sub-0027222_ses-1_run-1_T1w.nii.gz,sub-0027222,ses-1,n_nonzero,7871791.0,"('SWU_1', nan, nan)",False,True,True,True,False
/run/media/falconnier/Elements/BIDS_datasets_selection/CORR/SWU_1/sub-0027222/ses-1/anat/sub-0027222_ses-1_run-2_T1w.nii.gz,sub-0027222,ses-1,n_nonzero,7870281.0,"('SWU_1', nan, nan)",False,True,True,False,False
/run/media/falconnier/Elements/BIDS_datasets_selection/CORR/SWU_1/sub-0027222/ses-3/anat/sub-0027222_ses-3_run-2_T1w.nii.gz,sub-0027222,ses-3,n_nonzero,7228817.0,"('SWU_1', nan, nan)",False,True,True,False,False
/run/media/falconnier/Elements/BIDS_datasets_selection/CORR/SWU_1/sub-0027210/ses-2/anat/sub-0027210_ses-2_run-1_T1w.nii.gz,sub-0027210,ses-2,kurtosis,0.2396292400140733,"('SWU_1', nan, nan)",False,False,False,True,False
/run/media/falconnier/Elements/BIDS_datasets_selection/CORR/SWU_1/sub-0027211/ses-2/anat/sub-0027211_ses-2_run-1_T1w.nii.gz,sub-0027211,ses-2,kurtosis,0.2830160397139236,"('SWU_1', nan, nan)",False,False,False,True,False
/run/media/falconnier/Elements/BIDS_datasets_selection/CORR/SWU_1/sub-0027221/ses-2/anat/sub-0027221_ses-2_run-2_T1w.nii.gz,sub-0027221,ses-2,kurtosis,-0.843821723801653,"('SWU_1', nan, nan)",False,False,False,True,False
/run/media/falconnier/Elements/BIDS_datasets_selection/CORR/SWU_1/sub-0027221/ses-3/anat/sub-0027221_ses-3_run-2_T1w.nii.gz,sub-0027221,ses-3,kurtosis,-0.8363271916499531,"('SWU_1', nan, nan)",False,False,False,True,False
/run/media/falconnier/Elements/BIDS_datasets_selection/CORR/SWU_1/sub-0027210/ses-2/anat/sub-0027210_ses-2_run-1_T1w.nii.gz,sub-0027210,ses-2,skewness,0.967182672804067,"('SWU_1', nan, nan)",False,False,False,True,False
/run/media/falconnier/Elements/BIDS_datasets_selection/CORR/SWU_1/sub-0027211/ses-2/anat/sub-0027211_ses-2_run-1_T1w.nii.gz,sub-0027211,ses-2,skewness,0.9532890933550204,"('SWU_1', nan, nan)",False,False,False,True,False
/run/media/falconnier/Elements/BIDS_datasets_selection/CORR/SWU_1/sub-0027221/ses-2/anat/sub-0027221_ses-2_run-1_T1w.nii.gz,sub-0027221,ses-2,skewness,0.4652086793566924,"('SWU_1', nan, nan)",False,False,False,True,False
/run/media/falconnier/Elements/BIDS_datasets_selection/CORR/SWU_1/sub-0027221/ses-1/anat/sub-0027221_ses-1_run-2_T1w.nii.gz,sub-0027221,ses-1,skewness,0.4674254544805034,"('SWU_1', nan, nan)",False,False,False,True,False
/run/media/falconnier/Elements/BIDS_datasets_selection/CORR/SWU_2/sub-0027177/ses-1/anat/sub-0027177_ses-1_run-1_T1w.nii.gz,sub-0027177,ses-1,file_size_mb,6.135110855102539,"('SWU_2', nan, nan)",False,False,False,True,False
/run/media/falconnier/Elements/BIDS_datasets_selection/CORR/SWU_2/sub-0027179/ses-1/anat/sub-0027179_ses-1_run-1_T1w.nii.gz,sub-0027179,ses-1,file_size_mb,11.04907512664795,"('SWU_2', nan, nan)",False,True,True,True,False
/run/media/falconnier/Elements/BIDS_datasets_selection/CORR/SWU_2/sub-0027185/ses-1/anat/sub-0027185_ses-1_run-1_T1w.nii.gz,sub-0027185,ses-1,file_size_mb,10.164423942565918,"('SWU_2', nan, nan)",False,True,True,False,False
/run/media/falconnier/Elements/BIDS_datasets_selection/CORR/SWU_2/sub-0027195/ses-1/anat/sub-0027195_ses-1_run-1_T1w.nii.gz,sub-0027195,ses-1,file_size_mb,9.180131912231444,"('SWU_2', nan, nan)",False,False,True,False,False
/run/media/falconnier/Elements/BIDS_datasets_selection/CORR/SWU_2/sub-0027199/ses-1/anat/sub-0027199_ses-1_run-1_T1w.nii.gz,sub-0027199,ses-1,file_size_mb,9.411701202392578,"('SWU_2', nan, nan)",False,True,True,False,False
/run/media/falconnier/Elements/BIDS_datasets_selection/CORR/SWU_2/sub-0027200/ses-1/anat/sub-0027200_ses-1_run-1_T1w.nii.gz,sub-0027200,ses-1,file_size_mb,10.585025787353516,"('SWU_2', nan, nan)",False,True,True,False,False
/run/media/falconnier/Elements/BIDS_datasets_selection/CORR/SWU_2/sub-0027183/ses-1/anat/sub-0027183_ses-1_run-1_T1w.nii.gz,sub-0027183,ses-1,max,1621.0,"('SWU_2', nan, nan)",False,False,False,True,False
/run/media/falconnier/Elements/BIDS_datasets_selection/CORR/SWU_2/sub-0027188/ses-1/anat/sub-0027188_ses-1_run-1_T1w.nii.gz,sub-0027188,ses-1,max,943.0,"('SWU_2', nan, nan)",False,False,False,True,False
/run/media/falconnier/Elements/BIDS_datasets_selection/CORR/SWU_2/sub-0027183/ses-1/anat/sub-0027183_ses-1_run-1_T1w.nii.gz,sub-0027183,ses-1,median,197.0,"('SWU_2', nan, nan)",False,False,False,True,False
/run/media/falconnier/Elements/BIDS_datasets_selection/CORR/SWU_2/sub-0027185/ses-1/anat/sub-0027185_ses-1_run-1_T1w.nii.gz,sub-0027185,ses-1,median,28.0,"('SWU_2', nan, nan)",False,True,True,True,False
/run/media/falconnier/Elements/BIDS_datasets_selection/CORR/SWU_2/sub-0027183/ses-1/anat/sub-0027183_ses-1_run-1_T1w.nii.gz,sub-0027183,ses-1,mean,193.9834323009273,"('SWU_2', nan, nan)",False,False,False,True,False
/run/media/falconnier/Elements/BIDS_datasets_selection/CORR/SWU_2/sub-0027185/ses-1/anat/sub-0027185_ses-1_run-1_T1w.nii.gz,sub-0027185,ses-1,mean,152.95655579755876,"('SWU_2', nan, nan)",False,False,False,True,False
/run/media/falconnier/Elements/BIDS_datasets_selection/CORR/SWU_2/sub-0027188/ses-1/anat/sub-0027188_ses-1_run-1_T1w.nii.gz,sub-0027188,ses-1,std,151.6682555050162,"('SWU_2', nan, nan)",False,False,False,True,False
/run/media/falconnier/Elements/BIDS_datasets_selection/CORR/SWU_2/sub-0027191/ses-1/anat/sub-0027191_ses-1_run-1_T1w.nii.gz,sub-0027191,ses-1,std,187.63875905022897,"('SWU_2', nan, nan)",False,False,False,True,False
/run/media/falconnier/Elements/BIDS_datasets_selection/CORR/SWU_2/sub-0027183/ses-1/anat/sub-0027183_ses-1_run-1_T1w.nii.gz,sub-0027183,ses-1,mad,183.0,"('SWU_2', nan, nan)",False,False,False,True,False
/run/media/falconnier/Elements/BIDS_datasets_selection/CORR/SWU_2/sub-0027185/ses-1/anat/sub-0027185_ses-1_run-1_T1w.nii.gz,sub-0027185,ses-1,mad,27.0,"('SWU_2', nan, nan)",False,True,True,True,False
/run/media/falconnier/Elements/BIDS_datasets_selection/CORR/SWU_2/sub-0027183/ses-1/anat/sub-0027183_ses-1_run-1_T1w.nii.gz,sub-0027183,ses-1,entropy,1.2980202867832606,"('SWU_2', nan, nan)",False,False,False,True,False
/run/media/falconnier/Elements/BIDS_datasets_selection/CORR/SWU_2/sub-0027188/ses-1/anat/sub-0027188_ses-1_run-1_T1w.nii.gz,sub-0027188,ses-1,entropy,2.1528159919069827,"('SWU_2', nan, nan)",False,False,False,True,False
/run/media/falconnier/Elements/BIDS_datasets_selection/CORR/SWU_2/sub-0027177/ses-1/anat/sub-0027177_ses-1_run-1_T1w.nii.gz,sub-0027177,ses-1,efc,0.3858,"('SWU_2', nan, nan)",False,False,False,True,False
/run/media/falconnier/Elements/BIDS_datasets_selection/CORR/SWU_2/sub-0027179/ses-1/anat/sub-0027179_ses-1_run-1_T1w.nii.gz,sub-0027179,ses-1,efc,0.5424,"('SWU_2', nan, nan)",False,True,True,True,False
/run/media/falconnier/Elements/BIDS_datasets_selection/CORR/SWU_2/sub-0027200/ses-1/anat/sub-0027200_ses-1_run-1_T1w.nii.gz,sub-0027200,ses-1,efc,0.5326,"('SWU_2', nan, nan)",False,True,True,False,False
/run/media/falconnier/Elements/BIDS_datasets_selection/CORR/SWU_2/sub-0027179/ses-1/anat/sub-0027179_ses-1_run-1_T1w.nii.gz,sub-0027179,ses-1,nonzero_frac,0.6725439591841265,"('SWU_2', nan, nan)",False,True,True,True,False
/run/media/falconnier/Elements/BIDS_datasets_selection/CORR/SWU_2/sub-0027185/ses-1/anat/sub-0027185_ses-1_run-1_T1w.nii.gz,sub-0027185,ses-1,nonzero_frac,0.624117677861994,"('SWU_2', nan, nan)",False,True,True,False,False
/run/media/falconnier/Elements/BIDS_datasets_selection/CORR/SWU_2/sub-0027192/ses-1/anat/sub-0027192_ses-1_run-1_T1w.nii.gz,sub-0027192,ses-1,nonzero_frac,0.357039364901456,"('SWU_2', nan, nan)",False,False,False,True,False
/run/media/falconnier/Elements/BIDS_datasets_selection/CORR/SWU_2/sub-0027195/ses-1/anat/sub-0027195_ses-1_run-1_T1w.nii.gz,sub-0027195,ses-1,nonzero_frac,0.5603158257224343,"('SWU_2', nan, nan)",False,True,True,False,False
/run/media/falconnier/Elements/BIDS_datasets_selection/CORR/SWU_2/sub-0027199/ses-1/anat/sub-0027199_ses-1_run-1_T1w.nii.gz,sub-0027199,ses-1,nonzero_frac,0.5597190856933594,"('SWU_2', nan, nan)",False,True,True,False,False
/run/media/falconnier/Elements/BIDS_datasets_selection/CORR/SWU_2/sub-0027200/ses-1/anat/sub-0027200_ses-1_run-1_T1w.nii.gz,sub-0027200,ses-1,nonzero_frac,0.6470501639626243,"('SWU_2', nan, nan)",False,True,True,False,False
/run/media/falconnier/Elements/BIDS_datasets_selection/CORR/SWU_2/sub-0027179/ses-1/anat/sub-0027179_ses-1_run-1_T1w.nii.gz,sub-0027179,ses-1,n_nonzero,7757348.0,"('SWU_2', nan, nan)",False,True,True,True,False
/run/media/falconnier/Elements/BIDS_datasets_selection/CORR/SWU_2/sub-0027185/ses-1/anat/sub-0027185_ses-1_run-1_T1w.nii.gz,sub-0027185,ses-1,n_nonzero,7198783.0,"('SWU_2', nan, nan)",False,True,True,False,False
/run/media/falconnier/Elements/BIDS_datasets_selection/CORR/SWU_2/sub-0027192/ses-1/anat/sub-0027192_ses-1_run-1_T1w.nii.gz,sub-0027192,ses-1,n_nonzero,4118212.0,"('SWU_2', nan, nan)",False,False,False,True,False
/run/media/falconnier/Elements/BIDS_datasets_selection/CORR/SWU_2/sub-0027195/ses-1/anat/sub-0027195_ses-1_run-1_T1w.nii.gz,sub-0027195,ses-1,n_nonzero,6462871.0,"('SWU_2', nan, nan)",False,True,True,False,False
/run/media/falconnier/Elements/BIDS_datasets_selection/CORR/SWU_2/sub-0027199/ses-1/anat/sub-0027199_ses-1_run-1_T1w.nii.gz,sub-0027199,ses-1,n_nonzero,6455988.0,"('SWU_2', nan, nan)",False,True,True,False,False
/run/media/falconnier/Elements/BIDS_datasets_selection/CORR/SWU_2/sub-0027200/ses-1/anat/sub-0027200_ses-1_run-1_T1w.nii.gz,sub-0027200,ses-1,n_nonzero,7463294.0,"('SWU_2', nan, nan)",False,True,True,False,False
/run/media/falconnier/Elements/BIDS_datasets_selection/CORR/SWU_2/sub-0027184/ses-1/anat/sub-0027184_ses-1_run-1_T1w.nii.gz,sub-0027184,ses-1,kurtosis,-0.9561795819250314,"('SWU_2', nan, nan)",False,False,False,True,False
/run/media/falconnier/Elements/BIDS_datasets_selection/CORR/SWU_2/sub-0027185/ses-1/anat/sub-0027185_ses-1_run-1_T1w.nii.gz,sub-0027185,ses-1,kurtosis,0.3353881530844016,"('SWU_2', nan, nan)",False,False,False,True,False
/run/media/falconnier/Elements/BIDS_datasets_selection/CORR/SWU_2/sub-0027184/ses-1/anat/sub-0027184_ses-1_run-1_T1w.nii.gz,sub-0027184,ses-1,skewness,0.394140510726467,"('SWU_2', nan, nan)",False,False,False,True,False
/run/media/falconnier/Elements/BIDS_datasets_selection/CORR/SWU_2/sub-0027185/ses-1/anat/sub-0027185_ses-1_run-1_T1w.nii.gz,sub-0027185,ses-1,skewness,1.0270940920845422,"('SWU_2', nan, nan)",False,True,False,True,False
/run/media/falconnier/Elements/BIDS_datasets_selection/CORR/SWU_3/sub-0027155/ses-1/anat/sub-0027155_ses-1_run-1_T1w.nii.gz,sub-0027155,ses-1,file_size_mb,10.462815284729004,"('SWU_3', nan, nan)",False,True,True,False,False
/run/media/falconnier/Elements/BIDS_datasets_selection/CORR/SWU_3/sub-0027171/ses-1/anat/sub-0027171_ses-1_run-1_T1w.nii.gz,sub-0027171,ses-1,file_size_mb,11.106491088867188,"('SWU_3', nan, nan)",False,True,True,False,False
/run/media/falconnier/Elements/BIDS_datasets_selection/CORR/SWU_3/sub-0027171/ses-2/anat/sub-0027171_ses-2_run-1_T1w.nii.gz,sub-0027171,ses-2,file_size_mb,11.106491088867188,"('SWU_3', nan, nan)",False,True,True,False,False
/run/media/falconnier/Elements/BIDS_datasets_selection/CORR/SWU_3/sub-0027175/ses-1/anat/sub-0027175_ses-1_run-1_T1w.nii.gz,sub-0027175,ses-1,file_size_mb,11.190821647644045,"('SWU_3', nan, nan)",False,True,True,False,False
/run/media/falconnier/Elements/BIDS_datasets_selection/CORR/SWU_3/sub-0027175/ses-2/anat/sub-0027175_ses-2_run-1_T1w.nii.gz,sub-0027175,ses-2,file_size_mb,11.190821647644045,"('SWU_3', nan, nan)",False,True,True,False,False
/run/media/falconnier/Elements/BIDS_datasets_selection/CORR/SWU_3/sub-0027160/ses-1/anat/sub-0027160_ses-1_run-1_T1w.nii.gz,sub-0027160,ses-1,max,1610.0,"('SWU_3', nan, nan)",False,False,False,True,False
/run/media/falconnier/Elements/BIDS_datasets_selection/CORR/SWU_3/sub-0027155/ses-2/anat/sub-0027155_ses-2_run-1_T1w.nii.gz,sub-0027155,ses-2,median,190.0,"('SWU_3', nan, nan)",False,False,False,True,False
/run/media/falconnier/Elements/BIDS_datasets_selection/CORR/SWU_3/sub-0027160/ses-2/anat/sub-0027160_ses-2_run-1_T1w.nii.gz,sub-0027160,ses-2,median,75.0,"('SWU_3', nan, nan)",False,False,False,True,False
/run/media/falconnier/Elements/BIDS_datasets_selection/CORR/SWU_3/sub-0027160/ses-2/anat/sub-0027160_ses-2_run-1_T1w.nii.gz,sub-0027160,ses-2,mean,149.47032797520023,"('SWU_3', nan, nan)",False,False,False,True,False
/run/media/falconnier/Elements/BIDS_datasets_selection/CORR/SWU_3/sub-0027153/ses-1/anat/sub-0027153_ses-1_run-1_T1w.nii.gz,sub-0027153,ses-1,mad,174.0,"('SWU_3', nan, nan)",False,False,False,True,False
/run/media/falconnier/Elements/BIDS_datasets_selection/CORR/SWU_3/sub-0027160/ses-2/anat/sub-0027160_ses-2_run-1_T1w.nii.gz,sub-0027160,ses-2,mad,73.22805106639862,"('SWU_3', nan, nan)",False,False,False,True,False
/run/media/falconnier/Elements/BIDS_datasets_selection/CORR/SWU_3/sub-0027160/ses-1/anat/sub-0027160_ses-1_run-1_T1w.nii.gz,sub-0027160,ses-1,entropy,1.2261665355303857,"('SWU_3', nan, nan)",False,False,False,True,False
/run/media/falconnier/Elements/BIDS_datasets_selection/CORR/SWU_3/sub-0027159/ses-1/anat/sub-0027159_ses-1_run-1_T1w.nii.gz,sub-0027159,ses-1,efc,0.3826,"('SWU_3', nan, nan)",False,False,False,True,False
/run/media/falconnier/Elements/BIDS_datasets_selection/CORR/SWU_3/sub-0027171/ses-1/anat/sub-0027171_ses-1_run-1_T1w.nii.gz,sub-0027171,ses-1,efc,0.5497,"('SWU_3', nan, nan)",False,True,False,False,False
/run/media/falconnier/Elements/BIDS_datasets_selection/CORR/SWU_3/sub-0027171/ses-2/anat/sub-0027171_ses-2_run-1_T1w.nii.gz,sub-0027171,ses-2,efc,0.5497,"('SWU_3', nan, nan)",False,True,False,False,False
/run/media/falconnier/Elements/BIDS_datasets_selection/CORR/SWU_3/sub-0027155/ses-1/anat/sub-0027155_ses-1_run-1_T1w.nii.gz,sub-0027155,ses-1,nonzero_frac,0.635618123141202,"('SWU_3', nan, nan)",False,True,True,False,False
/run/media/falconnier/Elements/BIDS_datasets_selection/CORR/SWU_3/sub-0027159/ses-1/anat/sub-0027159_ses-1_run-1_T1w.nii.gz,sub-0027159,ses-1,nonzero_frac,0.3659520582719283,"('SWU_3', nan, nan)",False,False,False,True,False
/run/media/falconnier/Elements/BIDS_datasets_selection/CORR/SWU_3/sub-0027171/ses-1/anat/sub-0027171_ses-1_run-1_T1w.nii.gz,sub-0027171,ses-1,nonzero_frac,0.6723121296275746,"('SWU_3', nan, nan)",False,True,True,False,False
/run/media/falconnier/Elements/BIDS_datasets_selection/CORR/SWU_3/sub-0027171/ses-2/anat/sub-0027171_ses-2_run-1_T1w.nii.gz,sub-0027171,ses-2,nonzero_frac,0.6723121296275746,"('SWU_3', nan, nan)",False,True,True,False,False
/run/media/falconnier/Elements/BIDS_datasets_selection/CORR/SWU_3/sub-0027175/ses-1/anat/sub-0027175_ses-1_run-1_T1w.nii.gz,sub-0027175,ses-1,nonzero_frac,0.6926050186157227,"('SWU_3', nan, nan)",False,True,True,False,False
/run/media/falconnier/Elements/BIDS_datasets_selection/CORR/SWU_3/sub-0027175/ses-2/anat/sub-0027175_ses-2_run-1_T1w.nii.gz,sub-0027175,ses-2,nonzero_frac,0.6926050186157227,"('SWU_3', nan, nan)",False,True,True,False,False
/run/media/falconnier/Elements/BIDS_datasets_selection/CORR/SWU_3/sub-0027155/ses-1/anat/sub-0027155_ses-1_run-1_T1w.nii.gz,sub-0027155,ses-1,n_nonzero,7331433.0,"('SWU_3', nan, nan)",False,True,True,False,False
/run/media/falconnier/Elements/BIDS_datasets_selection/CORR/SWU_3/sub-0027159/ses-1/anat/sub-0027159_ses-1_run-1_T1w.nii.gz,sub-0027159,ses-1,n_nonzero,4221014.0,"('SWU_3', nan, nan)",False,False,False,True,False
/run/media/falconnier/Elements/BIDS_datasets_selection/CORR/SWU_3/sub-0027171/ses-1/anat/sub-0027171_ses-1_run-1_T1w.nii.gz,sub-0027171,ses-1,n_nonzero,7754674.0,"('SWU_3', nan, nan)",False,True,True,False,False
/run/media/falconnier/Elements/BIDS_datasets_selection/CORR/SWU_3/sub-0027171/ses-2/anat/sub-0027171_ses-2_run-1_T1w.nii.gz,sub-0027171,ses-2,n_nonzero,7754674.0,"('SWU_3', nan, nan)",False,True,True,False,False
/run/media/falconnier/Elements/BIDS_datasets_selection/CORR/SWU_3/sub-0027175/ses-1/anat/sub-0027175_ses-1_run-1_T1w.nii.gz,sub-0027175,ses-1,n_nonzero,7988739.0,"('SWU_3', nan, nan)",False,True,True,False,False
/run/media/falconnier/Elements/BIDS_datasets_selection/CORR/SWU_3/sub-0027175/ses-2/anat/sub-0027175_ses-2_run-1_T1w.nii.gz,sub-0027175,ses-2,n_nonzero,7988739.0,"('SWU_3', nan, nan)",False,True,True,False,False
/run/media/falconnier/Elements/BIDS_datasets_selection/CORR/SWU_4/sub-0025629/ses-2/anat/sub-0025629_ses-2_run-1_T1w.nii.gz,sub-0025629,ses-2,file_size_mb,11.035138130187988,"('SWU_4', nan, nan)",False,True,True,False,False
/run/media/falconnier/Elements/BIDS_datasets_selection/CORR/SWU_4/sub-0025632/ses-1/anat/sub-0025632_ses-1_run-1_T1w.nii.gz,sub-0025632,ses-1,file_size_mb,10.020190238952637,"('SWU_4', nan, nan)",False,True,True,False,False
/run/media/falconnier/Elements/BIDS_datasets_selection/CORR/SWU_4/sub-0025635/ses-2/anat/sub-0025635_ses-2_run-1_T1w.nii.gz,sub-0025635,ses-2,file_size_mb,9.750710487365724,"('SWU_4', nan, nan)",False,True,True,False,False
/run/media/falconnier/Elements/BIDS_datasets_selection/CORR/SWU_4/sub-0025637/ses-1/anat/sub-0025637_ses-1_run-1_T1w.nii.gz,sub-0025637,ses-1,file_size_mb,9.965033531188965,"('SWU_4', nan, nan)",False,True,True,False,False
/run/media/falconnier/Elements/BIDS_datasets_selection/CORR/SWU_4/sub-0025639/ses-2/anat/sub-0025639_ses-2_run-1_T1w.nii.gz,sub-0025639,ses-2,file_size_mb,10.461966514587402,"('SWU_4', nan, nan)",False,True,True,False,False
/run/media/falconnier/Elements/BIDS_datasets_selection/CORR/SWU_4/sub-0025645/ses-1/anat/sub-0025645_ses-1_run-1_T1w.nii.gz,sub-0025645,ses-1,file_size_mb,10.147380828857422,"('SWU_4', nan, nan)",False,True,True,False,False
/run/media/falconnier/Elements/BIDS_datasets_selection/CORR/SWU_4/sub-0025645/ses-2/anat/sub-0025645_ses-2_run-1_T1w.nii.gz,sub-0025645,ses-2,file_size_mb,10.898659706115724,"('SWU_4', nan, nan)",False,True,True,False,False
/run/media/falconnier/Elements/BIDS_datasets_selection/CORR/SWU_4/sub-0025647/ses-1/anat/sub-0025647_ses-1_run-1_T1w.nii.gz,sub-0025647,ses-1,file_size_mb,10.30047607421875,"('SWU_4', nan, nan)",False,True,True,False,False
/run/media/falconnier/Elements/BIDS_datasets_selection/CORR/SWU_4/sub-0025651/ses-2/anat/sub-0025651_ses-2_run-1_T1w.nii.gz,sub-0025651,ses-2,file_size_mb,9.646326065063477,"('SWU_4', nan, nan)",False,True,True,False,False
/run/media/falconnier/Elements/BIDS_datasets_selection/CORR/SWU_4/sub-0025658/ses-1/anat/sub-0025658_ses-1_run-1_T1w.nii.gz,sub-0025658,ses-1,file_size_mb,9.627246856689451,"('SWU_4', nan, nan)",False,True,True,False,False
/run/media/falconnier/Elements/BIDS_datasets_selection/CORR/SWU_4/sub-0025666/ses-2/anat/sub-0025666_ses-2_run-1_T1w.nii.gz,sub-0025666,ses-2,file_size_mb,9.961540222167969,"('SWU_4', nan, nan)",False,True,True,False,False
/run/media/falconnier/Elements/BIDS_datasets_selection/CORR/SWU_4/sub-0025669/ses-1/anat/sub-0025669_ses-1_run-1_T1w.nii.gz,sub-0025669,ses-1,file_size_mb,9.428182601928713,"('SWU_4', nan, nan)",False,False,True,False,False
/run/media/falconnier/Elements/BIDS_datasets_selection/CORR/SWU_4/sub-0025670/ses-1/anat/sub-0025670_ses-1_run-1_T1w.nii.gz,sub-0025670,ses-1,file_size_mb,10.44970989227295,"('SWU_4', nan, nan)",False,True,True,False,False
/run/media/falconnier/Elements/BIDS_datasets_selection/CORR/SWU_4/sub-0025671/ses-2/anat/sub-0025671_ses-2_run-1_T1w.nii.gz,sub-0025671,ses-2,file_size_mb,10.368942260742188,"('SWU_4', nan, nan)",False,True,True,False,False
/run/media/falconnier/Elements/BIDS_datasets_selection/CORR/SWU_4/sub-0025675/ses-2/anat/sub-0025675_ses-2_run-1_T1w.nii.gz,sub-0025675,ses-2,file_size_mb,5.797252655029297,"('SWU_4', nan, nan)",False,False,False,True,False
/run/media/falconnier/Elements/BIDS_datasets_selection/CORR/SWU_4/sub-0025675/ses-1/anat/sub-0025675_ses-1_run-1_T1w.nii.gz,sub-0025675,ses-1,file_size_mb,10.295150756835938,"('SWU_4', nan, nan)",False,True,True,False,False
/run/media/falconnier/Elements/BIDS_datasets_selection/CORR/SWU_4/sub-0025680/ses-1/anat/sub-0025680_ses-1_run-1_T1w.nii.gz,sub-0025680,ses-1,file_size_mb,11.07025909423828,"('SWU_4', nan, nan)",False,True,True,False,False
/run/media/falconnier/Elements/BIDS_datasets_selection/CORR/SWU_4/sub-0025679/ses-2/anat/sub-0025679_ses-2_run-1_T1w.nii.gz,sub-0025679,ses-2,file_size_mb,11.45242691040039,"('SWU_4', nan, nan)",False,True,True,True,False
/run/media/falconnier/Elements/BIDS_datasets_selection/CORR/SWU_4/sub-0025682/ses-1/anat/sub-0025682_ses-1_run-1_T1w.nii.gz,sub-0025682,ses-1,file_size_mb,10.792593002319336,"('SWU_4', nan, nan)",False,True,True,False,False
/run/media/falconnier/Elements/BIDS_datasets_selection/CORR/SWU_4/sub-0025685/ses-1/anat/sub-0025685_ses-1_run-1_T1w.nii.gz,sub-0025685,ses-1,file_size_mb,9.995375633239746,"('SWU_4', nan, nan)",False,True,True,False,False
/run/media/falconnier/Elements/BIDS_datasets_selection/CORR/SWU_4/sub-0025689/ses-2/anat/sub-0025689_ses-2_run-1_T1w.nii.gz,sub-0025689,ses-2,file_size_mb,9.79880714416504,"('SWU_4', nan, nan)",False,True,True,False,False
/run/media/falconnier/Elements/BIDS_datasets_selection/CORR/SWU_4/sub-0025692/ses-2/anat/sub-0025692_ses-2_run-1_T1w.nii.gz,sub-0025692,ses-2,file_size_mb,11.96768283843994,"('SWU_4', nan, nan)",False,True,True,True,False
/run/media/falconnier/Elements/BIDS_datasets_selection/CORR/SWU_4/sub-0025699/ses-1/anat/sub-0025699_ses-1_run-1_T1w.nii.gz,sub-0025699,ses-1,file_size_mb,10.04759120941162,"('SWU_4', nan, nan)",False,True,True,False,False
/run/media/falconnier/Elements/BIDS_datasets_selection/CORR/SWU_4/sub-0025701/ses-1/anat/sub-0025701_ses-1_run-1_T1w.nii.gz,sub-0025701,ses-1,file_size_mb,11.35147476196289,"('SWU_4', nan, nan)",False,True,True,False,False
/run/media/falconnier/Elements/BIDS_datasets_selection/CORR/SWU_4/sub-0025702/ses-1/anat/sub-0025702_ses-1_run-1_T1w.nii.gz,sub-0025702,ses-1,file_size_mb,11.044968605041504,"('SWU_4', nan, nan)",False,True,True,False,False
/run/media/falconnier/Elements/BIDS_datasets_selection/CORR/SWU_4/sub-0025704/ses-1/anat/sub-0025704_ses-1_run-1_T1w.nii.gz,sub-0025704,ses-1,file_size_mb,10.88379955291748,"('SWU_4', nan, nan)",False,True,True,False,False
/run/media/falconnier/Elements/BIDS_datasets_selection/CORR/SWU_4/sub-0025704/ses-2/anat/sub-0025704_ses-2_run-1_T1w.nii.gz,sub-0025704,ses-2,file_size_mb,10.801278114318848,"('SWU_4', nan, nan)",False,True,True,False,False
/run/media/falconnier/Elements/BIDS_datasets_selection/CORR/SWU_4/sub-0025708/ses-2/anat/sub-0025708_ses-2_run-1_T1w.nii.gz,sub-0025708,ses-2,file_size_mb,9.871298789978027,"('SWU_4', nan, nan)",False,True,True,False,False
/run/media/falconnier/Elements/BIDS_datasets_selection/CORR/SWU_4/sub-0025713/ses-1/anat/sub-0025713_ses-1_run-1_T1w.nii.gz,sub-0025713,ses-1,file_size_mb,9.87619972229004,"('SWU_4', nan, nan)",False,True,True,False,False
/run/media/falconnier/Elements/BIDS_datasets_selection/CORR/SWU_4/sub-0025716/ses-2/anat/sub-0025716_ses-2_run-1_T1w.nii.gz,sub-0025716,ses-2,file_size_mb,10.235147476196287,"('SWU_4', nan, nan)",False,True,True,False,False
/run/media/falconnier/Elements/BIDS_datasets_selection/CORR/SWU_4/sub-0025718/ses-1/anat/sub-0025718_ses-1_run-1_T1w.nii.gz,sub-0025718,ses-1,file_size_mb,9.6851167678833,"('SWU_4', nan, nan)",False,True,True,False,False
/run/media/falconnier/Elements/BIDS_datasets_selection/CORR/SWU_4/sub-0025725/ses-1/anat/sub-0025725_ses-1_run-1_T1w.nii.gz,sub-0025725,ses-1,file_size_mb,9.844258308410645,"('SWU_4', nan, nan)",False,True,True,False,False
/run/media/falconnier/Elements/BIDS_datasets_selection/CORR/SWU_4/sub-0025725/ses-2/anat/sub-0025725_ses-2_run-1_T1w.nii.gz,sub-0025725,ses-2,file_size_mb,10.147942543029783,"('SWU_4', nan, nan)",False,True,True,False,False
/run/media/falconnier/Elements/BIDS_datasets_selection/CORR/SWU_4/sub-0025727/ses-1/anat/sub-0025727_ses-1_run-1_T1w.nii.gz,sub-0025727,ses-1,file_size_mb,10.21523094177246,"('SWU_4', nan, nan)",False,True,True,False,False
/run/media/falconnier/Elements/BIDS_datasets_selection/CORR/SWU_4/sub-0025729/ses-1/anat/sub-0025729_ses-1_run-1_T1w.nii.gz,sub-0025729,ses-1,file_size_mb,10.091139793395996,"('SWU_4', nan, nan)",False,True,True,False,False
/run/media/falconnier/Elements/BIDS_datasets_selection/CORR/SWU_4/sub-0025737/ses-1/anat/sub-0025737_ses-1_run-1_T1w.nii.gz,sub-0025737,ses-1,file_size_mb,9.79171657562256,"('SWU_4', nan, nan)",False,True,True,False,False
/run/media/falconnier/Elements/BIDS_datasets_selection/CORR/SWU_4/sub-0025739/ses-1/anat/sub-0025739_ses-1_run-1_T1w.nii.gz,sub-0025739,ses-1,file_size_mb,10.10885238647461,"('SWU_4', nan, nan)",False,True,True,False,False
/run/media/falconnier/Elements/BIDS_datasets_selection/CORR/SWU_4/sub-0025752/ses-2/anat/sub-0025752_ses-2_run-1_T1w.nii.gz,sub-0025752,ses-2,file_size_mb,10.46481227874756,"('SWU_4', nan, nan)",False,True,True,False,False
/run/media/falconnier/Elements/BIDS_datasets_selection/CORR/SWU_4/sub-0025755/ses-1/anat/sub-0025755_ses-1_run-1_T1w.nii.gz,sub-0025755,ses-1,file_size_mb,11.273883819580078,"('SWU_4', nan, nan)",False,True,True,False,False
/run/media/falconnier/Elements/BIDS_datasets_selection/CORR/SWU_4/sub-0025754/ses-2/anat/sub-0025754_ses-2_run-1_T1w.nii.gz,sub-0025754,ses-2,file_size_mb,11.926692008972168,"('SWU_4', nan, nan)",False,True,True,True,False
/run/media/falconnier/Elements/BIDS_datasets_selection/CORR/SWU_4/sub-0025756/ses-2/anat/sub-0025756_ses-2_run-1_T1w.nii.gz,sub-0025756,ses-2,file_size_mb,10.46923542022705,"('SWU_4', nan, nan)",False,True,True,False,False
/run/media/falconnier/Elements/BIDS_datasets_selection/CORR/SWU_4/sub-0025756/ses-1/anat/sub-0025756_ses-1_run-1_T1w.nii.gz,sub-0025756,ses-1,file_size_mb,10.43443775177002,"('SWU_4', nan, nan)",False,True,True,False,False
/run/media/falconnier/Elements/BIDS_datasets_selection/CORR/SWU_4/sub-0025757/ses-2/anat/sub-0025757_ses-2_run-1_T1w.nii.gz,sub-0025757,ses-2,file_size_mb,11.30838394165039,"('SWU_4', nan, nan)",False,True,True,False,False
/run/media/falconnier/Elements/BIDS_datasets_selection/CORR/SWU_4/sub-0025764/ses-2/anat/sub-0025764_ses-2_run-1_T1w.nii.gz,sub-0025764,ses-2,file_size_mb,9.861486434936523,"('SWU_4', nan, nan)",False,True,True,False,False
/run/media/falconnier/Elements/BIDS_datasets_selection/CORR/SWU_4/sub-0025770/ses-1/anat/sub-0025770_ses-1_run-1_T1w.nii.gz,sub-0025770,ses-1,file_size_mb,9.644275665283203,"('SWU_4', nan, nan)",False,True,True,False,False
/run/media/falconnier/Elements/BIDS_datasets_selection/CORR/SWU_4/sub-0025775/ses-2/anat/sub-0025775_ses-2_run-1_T1w.nii.gz,sub-0025775,ses-2,file_size_mb,9.77169132232666,"('SWU_4', nan, nan)",False,True,True,False,False
/run/media/falconnier/Elements/BIDS_datasets_selection/CORR/SWU_4/sub-0025777/ses-2/anat/sub-0025777_ses-2_run-1_T1w.nii.gz,sub-0025777,ses-2,file_size_mb,10.991814613342283,"('SWU_4', nan, nan)",False,True,True,False,False
/run/media/falconnier/Elements/BIDS_datasets_selection/CORR/SWU_4/sub-0025785/ses-1/anat/sub-0025785_ses-1_run-1_T1w.nii.gz,sub-0025785,ses-1,file_size_mb,5.634086608886719,"('SWU_4', nan, nan)",False,False,False,True,False
/run/media/falconnier/Elements/BIDS_datasets_selection/CORR/SWU_4/sub-0025785/ses-2/anat/sub-0025785_ses-2_run-1_T1w.nii.gz,sub-0025785,ses-2,file_size_mb,5.5175981521606445,"('SWU_4', nan, nan)",False,False,False,True,False
/run/media/falconnier/Elements/BIDS_datasets_selection/CORR/SWU_4/sub-0025783/ses-2/anat/sub-0025783_ses-2_run-1_T1w.nii.gz,sub-0025783,ses-2,file_size_mb,10.877850532531738,"('SWU_4', nan, nan)",False,True,True,False,False
/run/media/falconnier/Elements/BIDS_datasets_selection/CORR/SWU_4/sub-0025788/ses-2/anat/sub-0025788_ses-2_run-1_T1w.nii.gz,sub-0025788,ses-2,file_size_mb,10.254054069519045,"('SWU_4', nan, nan)",False,True,True,False,False
/run/media/falconnier/Elements/BIDS_datasets_selection/CORR/SWU_4/sub-0025792/ses-1/anat/sub-0025792_ses-1_run-1_T1w.nii.gz,sub-0025792,ses-1,file_size_mb,11.031332969665527,"('SWU_4', nan, nan)",False,True,True,False,False
/run/media/falconnier/Elements/BIDS_datasets_selection/CORR/SWU_4/sub-0025793/ses-2/anat/sub-0025793_ses-2_run-1_T1w.nii.gz,sub-0025793,ses-2,file_size_mb,11.537737846374512,"('SWU_4', nan, nan)",False,True,True,True,False
/run/media/falconnier/Elements/BIDS_datasets_selection/CORR/SWU_4/sub-0025794/ses-2/anat/sub-0025794_ses-2_run-1_T1w.nii.gz,sub-0025794,ses-2,file_size_mb,10.588301658630373,"('SWU_4', nan, nan)",False,True,True,False,False
/run/media/falconnier/Elements/BIDS_datasets_selection/CORR/SWU_4/sub-0025798/ses-1/anat/sub-0025798_ses-1_run-1_T1w.nii.gz,sub-0025798,ses-1,file_size_mb,11.190611839294434,"('SWU_4', nan, nan)",False,True,True,False,False
/run/media/falconnier/Elements/BIDS_datasets_selection/CORR/SWU_4/sub-0025798/ses-2/anat/sub-0025798_ses-2_run-1_T1w.nii.gz,sub-0025798,ses-2,file_size_mb,10.298433303833008,"('SWU_4', nan, nan)",False,True,True,False,False
/run/media/falconnier/Elements/BIDS_datasets_selection/CORR/SWU_4/sub-0025800/ses-2/anat/sub-0025800_ses-2_run-1_T1w.nii.gz,sub-0025800,ses-2,file_size_mb,10.164700508117676,"('SWU_4', nan, nan)",False,True,True,False,False
/run/media/falconnier/Elements/BIDS_datasets_selection/CORR/SWU_4/sub-0025801/ses-1/anat/sub-0025801_ses-1_run-1_T1w.nii.gz,sub-0025801,ses-1,file_size_mb,10.303292274475098,"('SWU_4', nan, nan)",False,True,True,False,False
/run/media/falconnier/Elements/BIDS_datasets_selection/CORR/SWU_4/sub-0025801/ses-2/anat/sub-0025801_ses-2_run-1_T1w.nii.gz,sub-0025801,ses-2,file_size_mb,10.847698211669922,"('SWU_4', nan, nan)",False,True,True,False,False
/run/media/falconnier/Elements/BIDS_datasets_selection/CORR/SWU_4/sub-0025802/ses-1/anat/sub-0025802_ses-1_run-1_T1w.nii.gz,sub-0025802,ses-1,file_size_mb,10.934398651123049,"('SWU_4', nan, nan)",False,True,True,False,False
/run/media/falconnier/Elements/BIDS_datasets_selection/CORR/SWU_4/sub-0025805/ses-1/anat/sub-0025805_ses-1_run-1_T1w.nii.gz,sub-0025805,ses-1,file_size_mb,10.254321098327637,"('SWU_4', nan, nan)",False,True,True,False,False
/run/media/falconnier/Elements/BIDS_datasets_selection/CORR/SWU_4/sub-0025805/ses-2/anat/sub-0025805_ses-2_run-1_T1w.nii.gz,sub-0025805,ses-2,file_size_mb,10.7020263671875,"('SWU_4', nan, nan)",False,True,True,False,False
/run/media/falconnier/Elements/BIDS_datasets_selection/CORR/SWU_4/sub-0025810/ses-2/anat/sub-0025810_ses-2_run-1_T1w.nii.gz,sub-0025810,ses-2,file_size_mb,10.475764274597168,"('SWU_4', nan, nan)",False,True,True,False,False
/run/media/falconnier/Elements/BIDS_datasets_selection/CORR/SWU_4/sub-0025812/ses-1/anat/sub-0025812_ses-1_run-1_T1w.nii.gz,sub-0025812,ses-1,file_size_mb,5.867724418640137,"('SWU_4', nan, nan)",False,False,False,True,False
/run/media/falconnier/Elements/BIDS_datasets_selection/CORR/SWU_4/sub-0025813/ses-1/anat/sub-0025813_ses-1_run-1_T1w.nii.gz,sub-0025813,ses-1,file_size_mb,10.498505592346191,"('SWU_4', nan, nan)",False,True,True,False,False
/run/media/falconnier/Elements/BIDS_datasets_selection/CORR/SWU_4/sub-0025816/ses-1/anat/sub-0025816_ses-1_run-1_T1w.nii.gz,sub-0025816,ses-1,file_size_mb,11.040626525878906,"('SWU_4', nan, nan)",False,True,True,False,False
/run/media/falconnier/Elements/BIDS_datasets_selection/CORR/SWU_4/sub-0025816/ses-2/anat/sub-0025816_ses-2_run-1_T1w.nii.gz,sub-0025816,ses-2,file_size_mb,11.006921768188477,"('SWU_4', nan, nan)",False,True,True,False,False
/run/media/falconnier/Elements/BIDS_datasets_selection/CORR/SWU_4/sub-0025818/ses-2/anat/sub-0025818_ses-2_run-1_T1w.nii.gz,sub-0025818,ses-2,file_size_mb,9.442150115966797,"('SWU_4', nan, nan)",False,False,True,False,False
/run/media/falconnier/Elements/BIDS_datasets_selection/CORR/SWU_4/sub-0025819/ses-1/anat/sub-0025819_ses-1_run-1_T1w.nii.gz,sub-0025819,ses-1,file_size_mb,10.54424285888672,"('SWU_4', nan, nan)",False,True,True,False,False
/run/media/falconnier/Elements/BIDS_datasets_selection/CORR/SWU_4/sub-0025828/ses-1/anat/sub-0025828_ses-1_run-1_T1w.nii.gz,sub-0025828,ses-1,file_size_mb,9.775439262390137,"('SWU_4', nan, nan)",False,True,True,False,False
/run/media/falconnier/Elements/BIDS_datasets_selection/CORR/SWU_4/sub-0025829/ses-1/anat/sub-0025829_ses-1_run-1_T1w.nii.gz,sub-0025829,ses-1,file_size_mb,10.144594192504885,"('SWU_4', nan, nan)",False,True,True,False,False
/run/media/falconnier/Elements/BIDS_datasets_selection/CORR/SWU_4/sub-0025849/ses-1/anat/sub-0025849_ses-1_run-1_T1w.nii.gz,sub-0025849,ses-1,file_size_mb,5.814645767211914,"('SWU_4', nan, nan)",False,False,False,True,False
/run/media/falconnier/Elements/BIDS_datasets_selection/CORR/SWU_4/sub-0025852/ses-2/anat/sub-0025852_ses-2_run-1_T1w.nii.gz,sub-0025852,ses-2,file_size_mb,9.737257957458496,"('SWU_4', nan, nan)",False,True,True,False,False
/run/media/falconnier/Elements/BIDS_datasets_selection/CORR/SWU_4/sub-0025856/ses-2/anat/sub-0025856_ses-2_run-1_T1w.nii.gz,sub-0025856,ses-2,file_size_mb,10.809115409851074,"('SWU_4', nan, nan)",False,True,True,False,False
/run/media/falconnier/Elements/BIDS_datasets_selection/CORR/SWU_4/sub-0025861/ses-2/anat/sub-0025861_ses-2_run-1_T1w.nii.gz,sub-0025861,ses-2,file_size_mb,11.559866905212402,"('SWU_4', nan, nan)",False,True,True,True,False
/run/media/falconnier/Elements/BIDS_datasets_selection/CORR/SWU_4/sub-0025701/ses-2/anat/sub-0025701_ses-2_run-1_T1w.nii.gz,sub-0025701,ses-2,max,1800.0,"('SWU_4', nan, nan)",False,False,False,True,False
/run/media/falconnier/Elements/BIDS_datasets_selection/CORR/SWU_4/sub-0025719/ses-1/anat/sub-0025719_ses-1_run-1_T1w.nii.gz,sub-0025719,ses-1,max,856.0,"('SWU_4', nan, nan)",False,False,False,True,False
/run/media/falconnier/Elements/BIDS_datasets_selection/CORR/SWU_4/sub-0025719/ses-2/anat/sub-0025719_ses-2_run-1_T1w.nii.gz,sub-0025719,ses-2,max,916.0,"('SWU_4', nan, nan)",False,False,False,True,False
/run/media/falconnier/Elements/BIDS_datasets_selection/CORR/SWU_4/sub-0025736/ses-2/anat/sub-0025736_ses-2_run-1_T1w.nii.gz,sub-0025736,ses-2,max,1658.0,"('SWU_4', nan, nan)",False,False,False,True,False
/run/media/falconnier/Elements/BIDS_datasets_selection/CORR/SWU_4/sub-0025762/ses-2/anat/sub-0025762_ses-2_run-1_T1w.nii.gz,sub-0025762,ses-2,max,840.0,"('SWU_4', nan, nan)",False,False,False,True,False
/run/media/falconnier/Elements/BIDS_datasets_selection/CORR/SWU_4/sub-0025772/ses-2/anat/sub-0025772_ses-2_run-1_T1w.nii.gz,sub-0025772,ses-2,max,925.0,"('SWU_4', nan, nan)",False,False,False,True,False
/run/media/falconnier/Elements/BIDS_datasets_selection/CORR/SWU_4/sub-0025782/ses-2/anat/sub-0025782_ses-2_run-1_T1w.nii.gz,sub-0025782,ses-2,max,908.0,"('SWU_4', nan, nan)",False,False,False,True,False
/run/media/falconnier/Elements/BIDS_datasets_selection/CORR/SWU_4/sub-0025794/ses-2/anat/sub-0025794_ses-2_run-1_T1w.nii.gz,sub-0025794,ses-2,max,1667.0,"('SWU_4', nan, nan)",False,False,False,True,False
/run/media/falconnier/Elements/BIDS_datasets_selection/CORR/SWU_4/sub-0025808/ses-2/anat/sub-0025808_ses-2_run-1_T1w.nii.gz,sub-0025808,ses-2,max,1696.0,"('SWU_4', nan, nan)",False,False,False,True,False
/run/media/falconnier/Elements/BIDS_datasets_selection/CORR/SWU_4/sub-0025813/ses-1/anat/sub-0025813_ses-1_run-1_T1w.nii.gz,sub-0025813,ses-1,max,1738.0,"('SWU_4', nan, nan)",False,False,False,True,False
/run/media/falconnier/Elements/BIDS_datasets_selection/CORR/SWU_4/sub-0025632/ses-1/anat/sub-0025632_ses-1_run-1_T1w.nii.gz,sub-0025632,ses-1,median,17.0,"('SWU_4', nan, nan)",False,False,False,True,False
/run/media/falconnier/Elements/BIDS_datasets_selection/CORR/SWU_4/sub-0025645/ses-2/anat/sub-0025645_ses-2_run-1_T1w.nii.gz,sub-0025645,ses-2,median,19.0,"('SWU_4', nan, nan)",False,False,False,True,False
/run/media/falconnier/Elements/BIDS_datasets_selection/CORR/SWU_4/sub-0025685/ses-1/anat/sub-0025685_ses-1_run-1_T1w.nii.gz,sub-0025685,ses-1,median,21.0,"('SWU_4', nan, nan)",False,False,False,True,False
/run/media/falconnier/Elements/BIDS_datasets_selection/CORR/SWU_4/sub-0025701/ses-2/anat/sub-0025701_ses-2_run-1_T1w.nii.gz,sub-0025701,ses-2,median,199.0,"('SWU_4', nan, nan)",False,False,False,True,False
/run/media/falconnier/Elements/BIDS_datasets_selection/CORR/SWU_4/sub-0025717/ses-2/anat/sub-0025717_ses-2_run-1_T1w.nii.gz,sub-0025717,ses-2,median,196.0,"('SWU_4', nan, nan)",False,False,False,True,False
/run/media/falconnier/Elements/BIDS_datasets_selection/CORR/SWU_4/sub-0025756/ses-2/anat/sub-0025756_ses-2_run-1_T1w.nii.gz,sub-0025756,ses-2,median,21.0,"('SWU_4', nan, nan)",False,False,False,True,False
/run/media/falconnier/Elements/BIDS_datasets_selection/CORR/SWU_4/sub-0025756/ses-1/anat/sub-0025756_ses-1_run-1_T1w.nii.gz,sub-0025756,ses-1,median,22.0,"('SWU_4', nan, nan)",False,False,False,True,False
/run/media/falconnier/Elements/BIDS_datasets_selection/CORR/SWU_4/sub-0025790/ses-1/anat/sub-0025790_ses-1_run-1_T1w.nii.gz,sub-0025790,ses-1,median,206.0,"('SWU_4', nan, nan)",False,False,False,True,False
/run/media/falconnier/Elements/BIDS_datasets_selection/CORR/SWU_4/sub-0025790/ses-2/anat/sub-0025790_ses-2_run-1_T1w.nii.gz,sub-0025790,ses-2,median,232.0,"('SWU_4', nan, nan)",False,False,False,True,False
/run/media/falconnier/Elements/BIDS_datasets_selection/CORR/SWU_4/sub-0025834/ses-2/anat/sub-0025834_ses-2_run-1_T1w.nii.gz,sub-0025834,ses-2,median,201.0,"('SWU_4', nan, nan)",False,False,False,True,False
/run/media/falconnier/Elements/BIDS_datasets_selection/CORR/SWU_4/sub-0025632/ses-1/anat/sub-0025632_ses-1_run-1_T1w.nii.gz,sub-0025632,ses-1,mean,120.3660241414886,"('SWU_4', nan, nan)",False,False,False,True,False
/run/media/falconnier/Elements/BIDS_datasets_selection/CORR/SWU_4/sub-0025640/ses-2/anat/sub-0025640_ses-2_run-1_T1w.nii.gz,sub-0025640,ses-2,mean,210.2253648920526,"('SWU_4', nan, nan)",False,False,False,True,False
/run/media/falconnier/Elements/BIDS_datasets_selection/CORR/SWU_4/sub-0025645/ses-2/anat/sub-0025645_ses-2_run-1_T1w.nii.gz,sub-0025645,ses-2,mean,131.62770420760347,"('SWU_4', nan, nan)",False,False,False,True,False
/run/media/falconnier/Elements/BIDS_datasets_selection/CORR/SWU_4/sub-0025689/ses-2/anat/sub-0025689_ses-2_run-1_T1w.nii.gz,sub-0025689,ses-2,mean,126.77425850021304,"('SWU_4', nan, nan)",False,False,False,True,False
/run/media/falconnier/Elements/BIDS_datasets_selection/CORR/SWU_4/sub-0025717/ses-2/anat/sub-0025717_ses-2_run-1_T1w.nii.gz,sub-0025717,ses-2,mean,210.18255615048616,"('SWU_4', nan, nan)",False,False,False,True,False
/run/media/falconnier/Elements/BIDS_datasets_selection/CORR/SWU_4/sub-0025736/ses-2/anat/sub-0025736_ses-2_run-1_T1w.nii.gz,sub-0025736,ses-2,mean,211.89674659932496,"('SWU_4', nan, nan)",False,False,False,True,False
/run/media/falconnier/Elements/BIDS_datasets_selection/CORR/SWU_4/sub-0025749/ses-1/anat/sub-0025749_ses-1_run-1_T1w.nii.gz,sub-0025749,ses-1,mean,132.4193571453945,"('SWU_4', nan, nan)",False,False,False,True,False
/run/media/falconnier/Elements/BIDS_datasets_selection/CORR/SWU_4/sub-0025754/ses-2/anat/sub-0025754_ses-2_run-1_T1w.nii.gz,sub-0025754,ses-2,mean,126.14100283664024,"('SWU_4', nan, nan)",False,False,False,True,False
/run/media/falconnier/Elements/BIDS_datasets_selection/CORR/SWU_4/sub-0025790/ses-2/anat/sub-0025790_ses-2_run-1_T1w.nii.gz,sub-0025790,ses-2,mean,215.83535966670013,"('SWU_4', nan, nan)",False,False,False,True,False
/run/media/falconnier/Elements/BIDS_datasets_selection/CORR/SWU_4/sub-0025834/ses-2/anat/sub-0025834_ses-2_run-1_T1w.nii.gz,sub-0025834,ses-2,mean,210.15959629971456,"('SWU_4', nan, nan)",False,False,False,True,False
/run/media/falconnier/Elements/BIDS_datasets_selection/CORR/SWU_4/sub-0025632/ses-2/anat/sub-0025632_ses-2_run-1_T1w.nii.gz,sub-0025632,ses-2,std,133.77750693088734,"('SWU_4', nan, nan)",False,False,False,True,False
/run/media/falconnier/Elements/BIDS_datasets_selection/CORR/SWU_4/sub-0025640/ses-2/anat/sub-0025640_ses-2_run-1_T1w.nii.gz,sub-0025640,ses-2,std,213.27150556390123,"('SWU_4', nan, nan)",False,False,False,True,False
/run/media/falconnier/Elements/BIDS_datasets_selection/CORR/SWU_4/sub-0025656/ses-2/anat/sub-0025656_ses-2_run-1_T1w.nii.gz,sub-0025656,ses-2,std,216.0321215889564,"('SWU_4', nan, nan)",False,False,False,True,False
/run/media/falconnier/Elements/BIDS_datasets_selection/CORR/SWU_4/sub-0025661/ses-2/anat/sub-0025661_ses-2_run-1_T1w.nii.gz,sub-0025661,ses-2,std,210.6874216035256,"('SWU_4', nan, nan)",False,False,False,True,False
/run/media/falconnier/Elements/BIDS_datasets_selection/CORR/SWU_4/sub-0025669/ses-2/anat/sub-0025669_ses-2_run-1_T1w.nii.gz,sub-0025669,ses-2,std,135.42825453427076,"('SWU_4', nan, nan)",False,False,False,True,False
/run/media/falconnier/Elements/BIDS_datasets_selection/CORR/SWU_4/sub-0025690/ses-2/anat/sub-0025690_ses-2_run-1_T1w.nii.gz,sub-0025690,ses-2,std,134.69887678125403,"('SWU_4', nan, nan)",False,False,False,True,False
/run/media/falconnier/Elements/BIDS_datasets_selection/CORR/SWU_4/sub-0025736/ses-2/anat/sub-0025736_ses-2_run-1_T1w.nii.gz,sub-0025736,ses-2,std,228.02614259784687,"('SWU_4', nan, nan)",False,False,False,True,False
/run/media/falconnier/Elements/BIDS_datasets_selection/CORR/SWU_4/sub-0025741/ses-2/anat/sub-0025741_ses-2_run-1_T1w.nii.gz,sub-0025741,ses-2,std,209.574950736546,"('SWU_4', nan, nan)",False,False,False,True,False
/run/media/falconnier/Elements/BIDS_datasets_selection/CORR/SWU_4/sub-0025749/ses-1/anat/sub-0025749_ses-1_run-1_T1w.nii.gz,sub-0025749,ses-1,std,132.5981758079748,"('SWU_4', nan, nan)",False,False,False,True,False
/run/media/falconnier/Elements/BIDS_datasets_selection/CORR/SWU_4/sub-0025762/ses-2/anat/sub-0025762_ses-2_run-1_T1w.nii.gz,sub-0025762,ses-2,std,133.6866484974642,"('SWU_4', nan, nan)",False,False,False,True,False
/run/media/falconnier/Elements/BIDS_datasets_selection/CORR/SWU_4/sub-0025632/ses-1/anat/sub-0025632_ses-1_run-1_T1w.nii.gz,sub-0025632,ses-1,mad,16.0,"('SWU_4', nan, nan)",False,False,False,True,False
/run/media/falconnier/Elements/BIDS_datasets_selection/CORR/SWU_4/sub-0025645/ses-2/anat/sub-0025645_ses-2_run-1_T1w.nii.gz,sub-0025645,ses-2,mad,18.0,"('SWU_4', nan, nan)",False,False,False,True,False
/run/media/falconnier/Elements/BIDS_datasets_selection/CORR/SWU_4/sub-0025685/ses-1/anat/sub-0025685_ses-1_run-1_T1w.nii.gz,sub-0025685,ses-1,mad,20.0,"('SWU_4', nan, nan)",False,False,False,True,False
/run/media/falconnier/Elements/BIDS_datasets_selection/CORR/SWU_4/sub-0025701/ses-2/anat/sub-0025701_ses-2_run-1_T1w.nii.gz,sub-0025701,ses-2,mad,186.0,"('SWU_4', nan, nan)",False,False,False,True,False
/run/media/falconnier/Elements/BIDS_datasets_selection/CORR/SWU_4/sub-0025717/ses-2/anat/sub-0025717_ses-2_run-1_T1w.nii.gz,sub-0025717,ses-2,mad,182.0,"('SWU_4', nan, nan)",False,False,False,True,False
/run/media/falconnier/Elements/BIDS_datasets_selection/CORR/SWU_4/sub-0025756/ses-2/anat/sub-0025756_ses-2_run-1_T1w.nii.gz,sub-0025756,ses-2,mad,20.0,"('SWU_4', nan, nan)",False,False,False,True,False
/run/media/falconnier/Elements/BIDS_datasets_selection/CORR/SWU_4/sub-0025790/ses-2/anat/sub-0025790_ses-2_run-1_T1w.nii.gz,sub-0025790,ses-2,mad,195.0,"('SWU_4', nan, nan)",False,False,False,True,False
/run/media/falconnier/Elements/BIDS_datasets_selection/CORR/SWU_4/sub-0025831/ses-1/anat/sub-0025831_ses-1_run-1_T1w.nii.gz,sub-0025831,ses-1,mad,180.0,"('SWU_4', nan, nan)",False,False,False,True,False
/run/media/falconnier/Elements/BIDS_datasets_selection/CORR/SWU_4/sub-0025834/ses-2/anat/sub-0025834_ses-2_run-1_T1w.nii.gz,sub-0025834,ses-2,mad,187.92062520980835,"('SWU_4', nan, nan)",False,False,False,True,False
/run/media/falconnier/Elements/BIDS_datasets_selection/CORR/SWU_4/sub-0025633/ses-1/anat/sub-0025633_ses-1_run-1_T1w.nii.gz,sub-0025633,ses-1,entropy,1.2438784292896488,"('SWU_4', nan, nan)",False,False,False,True,False
/run/media/falconnier/Elements/BIDS_datasets_selection/CORR/SWU_4/sub-0025701/ses-2/anat/sub-0025701_ses-2_run-1_T1w.nii.gz,sub-0025701,ses-2,entropy,1.1556771430182224,"('SWU_4', nan, nan)",False,False,False,True,False
/run/media/falconnier/Elements/BIDS_datasets_selection/CORR/SWU_4/sub-0025719/ses-1/anat/sub-0025719_ses-1_run-1_T1w.nii.gz,sub-0025719,ses-1,entropy,2.423726488598982,"('SWU_4', nan, nan)",False,False,False,True,False
/run/media/falconnier/Elements/BIDS_datasets_selection/CORR/SWU_4/sub-0025719/ses-2/anat/sub-0025719_ses-2_run-1_T1w.nii.gz,sub-0025719,ses-2,entropy,2.2944899642540983,"('SWU_4', nan, nan)",False,False,False,True,False
/run/media/falconnier/Elements/BIDS_datasets_selection/CORR/SWU_4/sub-0025721/ses-2/anat/sub-0025721_ses-2_run-1_T1w.nii.gz,sub-0025721,ses-2,entropy,2.2246185870554886,"('SWU_4', nan, nan)",False,False,False,True,False
/run/media/falconnier/Elements/BIDS_datasets_selection/CORR/SWU_4/sub-0025762/ses-2/anat/sub-0025762_ses-2_run-1_T1w.nii.gz,sub-0025762,ses-2,entropy,2.454433170656558,"('SWU_4', nan, nan)",False,False,False,True,False
/run/media/falconnier/Elements/BIDS_datasets_selection/CORR/SWU_4/sub-0025782/ses-2/anat/sub-0025782_ses-2_run-1_T1w.nii.gz,sub-0025782,ses-2,entropy,2.1757278618944995,"('SWU_4', nan, nan)",False,False,False,True,False
/run/media/falconnier/Elements/BIDS_datasets_selection/CORR/SWU_4/sub-0025794/ses-2/anat/sub-0025794_ses-2_run-1_T1w.nii.gz,sub-0025794,ses-2,entropy,1.1747602788984437,"('SWU_4', nan, nan)",False,False,False,True,False
/run/media/falconnier/Elements/BIDS_datasets_selection/CORR/SWU_4/sub-0025808/ses-2/anat/sub-0025808_ses-2_run-1_T1w.nii.gz,sub-0025808,ses-2,entropy,1.2059683397443623,"('SWU_4', nan, nan)",False,False,False,True,False
/run/media/falconnier/Elements/BIDS_datasets_selection/CORR/SWU_4/sub-0025813/ses-1/anat/sub-0025813_ses-1_run-1_T1w.nii.gz,sub-0025813,ses-1,entropy,1.192338646237214,"('SWU_4', nan, nan)",False,False,False,True,False
/run/media/falconnier/Elements/BIDS_datasets_selection/CORR/SWU_4/sub-0025675/ses-2/anat/sub-0025675_ses-2_run-1_T1w.nii.gz,sub-0025675,ses-2,efc,0.3654,"('SWU_4', nan, nan)",False,False,False,True,False
/run/media/falconnier/Elements/BIDS_datasets_selection/CORR/SWU_4/sub-0025680/ses-1/anat/sub-0025680_ses-1_run-1_T1w.nii.gz,sub-0025680,ses-1,efc,0.554,"('SWU_4', nan, nan)",False,False,True,True,False
/run/media/falconnier/Elements/BIDS_datasets_selection/CORR/SWU_4/sub-0025692/ses-2/anat/sub-0025692_ses-2_run-1_T1w.nii.gz,sub-0025692,ses-2,efc,0.5463,"('SWU_4', nan, nan)",False,False,True,True,False
/run/media/falconnier/Elements/BIDS_datasets_selection/CORR/SWU_4/sub-0025701/ses-1/anat/sub-0025701_ses-1_run-1_T1w.nii.gz,sub-0025701,ses-1,efc,0.5544,"('SWU_4', nan, nan)",False,False,True,True,False
/run/media/falconnier/Elements/BIDS_datasets_selection/CORR/SWU_4/sub-0025757/ses-2/anat/sub-0025757_ses-2_run-1_T1w.nii.gz,sub-0025757,ses-2,efc,0.5447,"('SWU_4', nan, nan)",False,False,True,True,False
/run/media/falconnier/Elements/BIDS_datasets_selection/CORR/SWU_4/sub-0025785/ses-1/anat/sub-0025785_ses-1_run-1_T1w.nii.gz,sub-0025785,ses-1,efc,0.3581,"('SWU_4', nan, nan)",False,False,False,True,False
/run/media/falconnier/Elements/BIDS_datasets_selection/CORR/SWU_4/sub-0025785/ses-2/anat/sub-0025785_ses-2_run-1_T1w.nii.gz,sub-0025785,ses-2,efc,0.3539,"('SWU_4', nan, nan)",False,False,False,True,False
/run/media/falconnier/Elements/BIDS_datasets_selection/CORR/SWU_4/sub-0025802/ses-1/anat/sub-0025802_ses-1_run-1_T1w.nii.gz,sub-0025802,ses-1,efc,0.545,"('SWU_4', nan, nan)",False,False,True,True,False
/run/media/falconnier/Elements/BIDS_datasets_selection/CORR/SWU_4/sub-0025812/ses-1/anat/sub-0025812_ses-1_run-1_T1w.nii.gz,sub-0025812,ses-1,efc,0.3661,"('SWU_4', nan, nan)",False,False,False,True,False
/run/media/falconnier/Elements/BIDS_datasets_selection/CORR/SWU_4/sub-0025849/ses-1/anat/sub-0025849_ses-1_run-1_T1w.nii.gz,sub-0025849,ses-1,efc,0.3666,"('SWU_4', nan, nan)",False,False,False,True,False
/run/media/falconnier/Elements/BIDS_datasets_selection/CORR/SWU_4/sub-0025629/ses-2/anat/sub-0025629_ses-2_run-1_T1w.nii.gz,sub-0025629,ses-2,nonzero_frac,0.684023076837713,"('SWU_4', nan, nan)",False,True,True,False,False
/run/media/falconnier/Elements/BIDS_datasets_selection/CORR/SWU_4/sub-0025632/ses-1/anat/sub-0025632_ses-1_run-1_T1w.nii.gz,sub-0025632,ses-1,nonzero_frac,0.6775820472023704,"('SWU_4', nan, nan)",False,True,True,False,False
/run/media/falconnier/Elements/BIDS_datasets_selection/CORR/SWU_4/sub-0025635/ses-2/anat/sub-0025635_ses-2_run-1_T1w.nii.gz,sub-0025635,ses-2,nonzero_frac,0.6232385635375977,"('SWU_4', nan, nan)",False,True,True,False,False
/run/media/falconnier/Elements/BIDS_datasets_selection/CORR/SWU_4/sub-0025637/ses-1/anat/sub-0025637_ses-1_run-1_T1w.nii.gz,sub-0025637,ses-1,nonzero_frac,0.5994603417136453,"('SWU_4', nan, nan)",False,True,True,False,False
/run/media/falconnier/Elements/BIDS_datasets_selection/CORR/SWU_4/sub-0025639/ses-2/anat/sub-0025639_ses-2_run-1_T1w.nii.gz,sub-0025639,ses-2,nonzero_frac,0.645609508861195,"('SWU_4', nan, nan)",False,True,True,False,False
/run/media/falconnier/Elements/BIDS_datasets_selection/CORR/SWU_4/sub-0025645/ses-1/anat/sub-0025645_ses-1_run-1_T1w.nii.gz,sub-0025645,ses-1,nonzero_frac,0.6416187286376953,"('SWU_4', nan, nan)",False,True,True,False,False
/run/media/falconnier/Elements/BIDS_datasets_selection/CORR/SWU_4/sub-0025645/ses-2/anat/sub-0025645_ses-2_run-1_T1w.nii.gz,sub-0025645,ses-2,nonzero_frac,0.6922470439564098,"('SWU_4', nan, nan)",False,True,True,False,False
/run/media/falconnier/Elements/BIDS_datasets_selection/CORR/SWU_4/sub-0025647/ses-1/anat/sub-0025647_ses-1_run-1_T1w.nii.gz,sub-0025647,ses-1,nonzero_frac,0.6261714588512074,"('SWU_4', nan, nan)",False,True,True,False,False
/run/media/falconnier/Elements/BIDS_datasets_selection/CORR/SWU_4/sub-0025651/ses-2/anat/sub-0025651_ses-2_run-1_T1w.nii.gz,sub-0025651,ses-2,nonzero_frac,0.5975912267511542,"('SWU_4', nan, nan)",False,True,True,False,False
/run/media/falconnier/Elements/BIDS_datasets_selection/CORR/SWU_4/sub-0025658/ses-1/anat/sub-0025658_ses-1_run-1_T1w.nii.gz,sub-0025658,ses-1,nonzero_frac,0.597852186723189,"('SWU_4', nan, nan)",False,True,True,False,False
/run/media/falconnier/Elements/BIDS_datasets_selection/CORR/SWU_4/sub-0025666/ses-2/anat/sub-0025666_ses-2_run-1_T1w.nii.gz,sub-0025666,ses-2,nonzero_frac,0.6142889369617809,"('SWU_4', nan, nan)",False,True,True,False,False
/run/media/falconnier/Elements/BIDS_datasets_selection/CORR/SWU_4/sub-0025670/ses-1/anat/sub-0025670_ses-1_run-1_T1w.nii.gz,sub-0025670,ses-1,nonzero_frac,0.615044420415705,"('SWU_4', nan, nan)",False,True,True,False,False
/run/media/falconnier/Elements/BIDS_datasets_selection/CORR/SWU_4/sub-0025671/ses-2/anat/sub-0025671_ses-2_run-1_T1w.nii.gz,sub-0025671,ses-2,nonzero_frac,0.6370235789905895,"('SWU_4', nan, nan)",False,True,True,False,False
/run/media/falconnier/Elements/BIDS_datasets_selection/CORR/SWU_4/sub-0025675/ses-2/anat/sub-0025675_ses-2_run-1_T1w.nii.gz,sub-0025675,ses-2,nonzero_frac,0.3384498249400746,"('SWU_4', nan, nan)",False,False,False,True,False
/run/media/falconnier/Elements/BIDS_datasets_selection/CORR/SWU_4/sub-0025675/ses-1/anat/sub-0025675_ses-1_run-1_T1w.nii.gz,sub-0025675,ses-1,nonzero_frac,0.6368039738048207,"('SWU_4', nan, nan)",False,True,True,False,False
/run/media/falconnier/Elements/BIDS_datasets_selection/CORR/SWU_4/sub-0025680/ses-1/anat/sub-0025680_ses-1_run-1_T1w.nii.gz,sub-0025680,ses-1,nonzero_frac,0.6918825669722124,"('SWU_4', nan, nan)",False,True,True,False,False
/run/media/falconnier/Elements/BIDS_datasets_selection/CORR/SWU_4/sub-0025679/ses-2/anat/sub-0025679_ses-2_run-1_T1w.nii.gz,sub-0025679,ses-2,nonzero_frac,0.7221650210293856,"('SWU_4', nan, nan)",False,True,True,True,False
/run/media/falconnier/Elements/BIDS_datasets_selection/CORR/SWU_4/sub-0025682/ses-1/anat/sub-0025682_ses-1_run-1_T1w.nii.gz,sub-0025682,ses-1,nonzero_frac,0.6607443202625621,"('SWU_4', nan, nan)",False,True,True,False,False
/run/media/falconnier/Elements/BIDS_datasets_selection/CORR/SWU_4/sub-0025685/ses-1/anat/sub-0025685_ses-1_run-1_T1w.nii.gz,sub-0025685,ses-1,nonzero_frac,0.6441622647372159,"('SWU_4', nan, nan)",False,True,True,False,False
/run/media/falconnier/Elements/BIDS_datasets_selection/CORR/SWU_4/sub-0025689/ses-2/anat/sub-0025689_ses-2_run-1_T1w.nii.gz,sub-0025689,ses-2,nonzero_frac,0.6127239574085582,"('SWU_4', nan, nan)",False,True,True,False,False
/run/media/falconnier/Elements/BIDS_datasets_selection/CORR/SWU_4/sub-0025692/ses-2/anat/sub-0025692_ses-2_run-1_T1w.nii.gz,sub-0025692,ses-2,nonzero_frac,0.7242650118741122,"('SWU_4', nan, nan)",False,True,True,True,False
/run/media/falconnier/Elements/BIDS_datasets_selection/CORR/SWU_4/sub-0025699/ses-1/anat/sub-0025699_ses-1_run-1_T1w.nii.gz,sub-0025699,ses-1,nonzero_frac,0.617087104103782,"('SWU_4', nan, nan)",False,True,True,False,False
/run/media/falconnier/Elements/BIDS_datasets_selection/CORR/SWU_4/sub-0025701/ses-1/anat/sub-0025701_ses-1_run-1_T1w.nii.gz,sub-0025701,ses-1,nonzero_frac,0.6917727210304954,"('SWU_4', nan, nan)",False,True,True,False,False
/run/media/falconnier/Elements/BIDS_datasets_selection/CORR/SWU_4/sub-0025702/ses-1/anat/sub-0025702_ses-1_run-1_T1w.nii.gz,sub-0025702,ses-1,nonzero_frac,0.6748007861050692,"('SWU_4', nan, nan)",False,True,True,False,False
/run/media/falconnier/Elements/BIDS_datasets_selection/CORR/SWU_4/sub-0025704/ses-1/anat/sub-0025704_ses-1_run-1_T1w.nii.gz,sub-0025704,ses-1,nonzero_frac,0.6898085854270242,"('SWU_4', nan, nan)",False,True,True,False,False
/run/media/falconnier/Elements/BIDS_datasets_selection/CORR/SWU_4/sub-0025704/ses-2/anat/sub-0025704_ses-2_run-1_T1w.nii.gz,sub-0025704,ses-2,nonzero_frac,0.6648669676347212,"('SWU_4', nan, nan)",False,True,True,False,False
/run/media/falconnier/Elements/BIDS_datasets_selection/CORR/SWU_4/sub-0025708/ses-2/anat/sub-0025708_ses-2_run-1_T1w.nii.gz,sub-0025708,ses-2,nonzero_frac,0.5829655907370828,"('SWU_4', nan, nan)",False,True,True,False,False
/run/media/falconnier/Elements/BIDS_datasets_selection/CORR/SWU_4/sub-0025713/ses-1/anat/sub-0025713_ses-1_run-1_T1w.nii.gz,sub-0025713,ses-1,nonzero_frac,0.589470083063299,"('SWU_4', nan, nan)",False,True,True,False,False
/run/media/falconnier/Elements/BIDS_datasets_selection/CORR/SWU_4/sub-0025716/ses-2/anat/sub-0025716_ses-2_run-1_T1w.nii.gz,sub-0025716,ses-2,nonzero_frac,0.6359020579944957,"('SWU_4', nan, nan)",False,True,True,False,False
/run/media/falconnier/Elements/BIDS_datasets_selection/CORR/SWU_4/sub-0025718/ses-1/anat/sub-0025718_ses-1_run-1_T1w.nii.gz,sub-0025718,ses-1,nonzero_frac,0.5930459282614968,"('SWU_4', nan, nan)",False,True,True,False,False
/run/media/falconnier/Elements/BIDS_datasets_selection/CORR/SWU_4/sub-0025725/ses-1/anat/sub-0025725_ses-1_run-1_T1w.nii.gz,sub-0025725,ses-1,nonzero_frac,0.5880556973544034,"('SWU_4', nan, nan)",False,True,True,False,False
/run/media/falconnier/Elements/BIDS_datasets_selection/CORR/SWU_4/sub-0025725/ses-2/anat/sub-0025725_ses-2_run-1_T1w.nii.gz,sub-0025725,ses-2,nonzero_frac,0.6125925237482245,"('SWU_4', nan, nan)",False,True,True,False,False
/run/media/falconnier/Elements/BIDS_datasets_selection/CORR/SWU_4/sub-0025727/ses-1/anat/sub-0025727_ses-1_run-1_T1w.nii.gz,sub-0025727,ses-1,nonzero_frac,0.6130254918878729,"('SWU_4', nan, nan)",False,True,True,False,False
/run/media/falconnier/Elements/BIDS_datasets_selection/CORR/SWU_4/sub-0025729/ses-1/anat/sub-0025729_ses-1_run-1_T1w.nii.gz,sub-0025729,ses-1,nonzero_frac,0.6144629391756925,"('SWU_4', nan, nan)",False,True,True,False,False
/run/media/falconnier/Elements/BIDS_datasets_selection/CORR/SWU_4/sub-0025737/ses-1/anat/sub-0025737_ses-1_run-1_T1w.nii.gz,sub-0025737,ses-1,nonzero_frac,0.6154388080943715,"('SWU_4', nan, nan)",False,True,True,False,False
/run/media/falconnier/Elements/BIDS_datasets_selection/CORR/SWU_4/sub-0025739/ses-1/anat/sub-0025739_ses-1_run-1_T1w.nii.gz,sub-0025739,ses-1,nonzero_frac,0.6008568677035245,"('SWU_4', nan, nan)",False,True,True,False,False
/run/media/falconnier/Elements/BIDS_datasets_selection/CORR/SWU_4/sub-0025752/ses-2/anat/sub-0025752_ses-2_run-1_T1w.nii.gz,sub-0025752,ses-2,nonzero_frac,0.622478571805087,"('SWU_4', nan, nan)",False,True,True,False,False
/run/media/falconnier/Elements/BIDS_datasets_selection/CORR/SWU_4/sub-0025755/ses-1/anat/sub-0025755_ses-1_run-1_T1w.nii.gz,sub-0025755,ses-1,nonzero_frac,0.7172732786698774,"('SWU_4', nan, nan)",False,True,True,True,False
/run/media/falconnier/Elements/BIDS_datasets_selection/CORR/SWU_4/sub-0025754/ses-2/anat/sub-0025754_ses-2_run-1_T1w.nii.gz,sub-0025754,ses-2,nonzero_frac,0.7434352527965199,"('SWU_4', nan, nan)",False,True,True,True,False
/run/media/falconnier/Elements/BIDS_datasets_selection/CORR/SWU_4/sub-0025756/ses-2/anat/sub-0025756_ses-2_run-1_T1w.nii.gz,sub-0025756,ses-2,nonzero_frac,0.6560482545332476,"('SWU_4', nan, nan)",False,True,True,False,False
/run/media/falconnier/Elements/BIDS_datasets_selection/CORR/SWU_4/sub-0025756/ses-1/anat/sub-0025756_ses-1_run-1_T1w.nii.gz,sub-0025756,ses-1,nonzero_frac,0.6563005447387695,"('SWU_4', nan, nan)",False,True,True,False,False
/run/media/falconnier/Elements/BIDS_datasets_selection/CORR/SWU_4/sub-0025757/ses-2/anat/sub-0025757_ses-2_run-1_T1w.nii.gz,sub-0025757,ses-2,nonzero_frac,0.7369583303278143,"('SWU_4', nan, nan)",False,True,True,True,False
/run/media/falconnier/Elements/BIDS_datasets_selection/CORR/SWU_4/sub-0025764/ses-2/anat/sub-0025764_ses-2_run-1_T1w.nii.gz,sub-0025764,ses-2,nonzero_frac,0.623800971291282,"('SWU_4', nan, nan)",False,True,True,False,False
/run/media/falconnier/Elements/BIDS_datasets_selection/CORR/SWU_4/sub-0025770/ses-1/anat/sub-0025770_ses-1_run-1_T1w.nii.gz,sub-0025770,ses-1,nonzero_frac,0.5883848016912286,"('SWU_4', nan, nan)",False,True,True,False,False
/run/media/falconnier/Elements/BIDS_datasets_selection/CORR/SWU_4/sub-0025775/ses-2/anat/sub-0025775_ses-2_run-1_T1w.nii.gz,sub-0025775,ses-2,nonzero_frac,0.5963073210282759,"('SWU_4', nan, nan)",False,True,True,False,False
/run/media/falconnier/Elements/BIDS_datasets_selection/CORR/SWU_4/sub-0025777/ses-2/anat/sub-0025777_ses-2_run-1_T1w.nii.gz,sub-0025777,ses-2,nonzero_frac,0.6858645352450284,"('SWU_4', nan, nan)",False,True,True,False,False
/run/media/falconnier/Elements/BIDS_datasets_selection/CORR/SWU_4/sub-0025785/ses-1/anat/sub-0025785_ses-1_run-1_T1w.nii.gz,sub-0025785,ses-1,nonzero_frac,0.3277145732532848,"('SWU_4', nan, nan)",False,False,False,True,False
/run/media/falconnier/Elements/BIDS_datasets_selection/CORR/SWU_4/sub-0025785/ses-2/anat/sub-0025785_ses-2_run-1_T1w.nii.gz,sub-0025785,ses-2,nonzero_frac,0.3255279714410955,"('SWU_4', nan, nan)",False,False,False,True,False
/run/media/falconnier/Elements/BIDS_datasets_selection/CORR/SWU_4/sub-0025783/ses-2/anat/sub-0025783_ses-2_run-1_T1w.nii.gz,sub-0025783,ses-2,nonzero_frac,0.6402651179920543,"('SWU_4', nan, nan)",False,True,True,False,False
/run/media/falconnier/Elements/BIDS_datasets_selection/CORR/SWU_4/sub-0025788/ses-2/anat/sub-0025788_ses-2_run-1_T1w.nii.gz,sub-0025788,ses-2,nonzero_frac,0.6141446720470082,"('SWU_4', nan, nan)",False,True,True,False,False
/run/media/falconnier/Elements/BIDS_datasets_selection/CORR/SWU_4/sub-0025792/ses-1/anat/sub-0025792_ses-1_run-1_T1w.nii.gz,sub-0025792,ses-1,nonzero_frac,0.677876819263805,"('SWU_4', nan, nan)",False,True,True,False,False
/run/media/falconnier/Elements/BIDS_datasets_selection/CORR/SWU_4/sub-0025793/ses-2/anat/sub-0025793_ses-2_run-1_T1w.nii.gz,sub-0025793,ses-2,nonzero_frac,0.6915652535178445,"('SWU_4', nan, nan)",False,True,True,False,False
/run/media/falconnier/Elements/BIDS_datasets_selection/CORR/SWU_4/sub-0025794/ses-2/anat/sub-0025794_ses-2_run-1_T1w.nii.gz,sub-0025794,ses-2,nonzero_frac,0.6517991152676669,"('SWU_4', nan, nan)",False,True,True,False,False
/run/media/falconnier/Elements/BIDS_datasets_selection/CORR/SWU_4/sub-0025798/ses-1/anat/sub-0025798_ses-1_run-1_T1w.nii.gz,sub-0025798,ses-1,nonzero_frac,0.6953135403719816,"('SWU_4', nan, nan)",False,True,True,False,False
/run/media/falconnier/Elements/BIDS_datasets_selection/CORR/SWU_4/sub-0025798/ses-2/anat/sub-0025798_ses-2_run-1_T1w.nii.gz,sub-0025798,ses-2,nonzero_frac,0.6463273655284535,"('SWU_4', nan, nan)",False,True,True,False,False
/run/media/falconnier/Elements/BIDS_datasets_selection/CORR/SWU_4/sub-0025800/ses-2/anat/sub-0025800_ses-2_run-1_T1w.nii.gz,sub-0025800,ses-2,nonzero_frac,0.6397762298583984,"('SWU_4', nan, nan)",False,True,True,False,False
/run/media/falconnier/Elements/BIDS_datasets_selection/CORR/SWU_4/sub-0025801/ses-1/anat/sub-0025801_ses-1_run-1_T1w.nii.gz,sub-0025801,ses-1,nonzero_frac,0.6387660286643289,"('SWU_4', nan, nan)",False,True,True,False,False
/run/media/falconnier/Elements/BIDS_datasets_selection/CORR/SWU_4/sub-0025801/ses-2/anat/sub-0025801_ses-2_run-1_T1w.nii.gz,sub-0025801,ses-2,nonzero_frac,0.6667210839011453,"('SWU_4', nan, nan)",False,True,True,False,False
/run/media/falconnier/Elements/BIDS_datasets_selection/CORR/SWU_4/sub-0025802/ses-1/anat/sub-0025802_ses-1_run-1_T1w.nii.gz,sub-0025802,ses-1,nonzero_frac,0.6557507081465288,"('SWU_4', nan, nan)",False,True,True,False,False
/run/media/falconnier/Elements/BIDS_datasets_selection/CORR/SWU_4/sub-0025805/ses-1/anat/sub-0025805_ses-1_run-1_T1w.nii.gz,sub-0025805,ses-1,nonzero_frac,0.6199487339366566,"('SWU_4', nan, nan)",False,True,True,False,False
/run/media/falconnier/Elements/BIDS_datasets_selection/CORR/SWU_4/sub-0025805/ses-2/anat/sub-0025805_ses-2_run-1_T1w.nii.gz,sub-0025805,ses-2,nonzero_frac,0.6534534801136364,"('SWU_4', nan, nan)",False,True,True,False,False
/run/media/falconnier/Elements/BIDS_datasets_selection/CORR/SWU_4/sub-0025810/ses-1/anat/sub-0025810_ses-1_run-1_T1w.nii.gz,sub-0025810,ses-1,nonzero_frac,0.579790635542436,"('SWU_4', nan, nan)",False,True,True,False,False
/run/media/falconnier/Elements/BIDS_datasets_selection/CORR/SWU_4/sub-0025810/ses-2/anat/sub-0025810_ses-2_run-1_T1w.nii.gz,sub-0025810,ses-2,nonzero_frac,0.6480396444147284,"('SWU_4', nan, nan)",False,True,True,False,False
/run/media/falconnier/Elements/BIDS_datasets_selection/CORR/SWU_4/sub-0025812/ses-1/anat/sub-0025812_ses-1_run-1_T1w.nii.gz,sub-0025812,ses-1,nonzero_frac,0.3374185562133789,"('SWU_4', nan, nan)",False,False,False,True,False
/run/media/falconnier/Elements/BIDS_datasets_selection/CORR/SWU_4/sub-0025813/ses-1/anat/sub-0025813_ses-1_run-1_T1w.nii.gz,sub-0025813,ses-1,nonzero_frac,0.6297053423794833,"('SWU_4', nan, nan)",False,True,True,False,False
/run/media/falconnier/Elements/BIDS_datasets_selection/CORR/SWU_4/sub-0025816/ses-1/anat/sub-0025816_ses-1_run-1_T1w.nii.gz,sub-0025816,ses-1,nonzero_frac,0.6727142333984375,"('SWU_4', nan, nan)",False,True,True,False,False
/run/media/falconnier/Elements/BIDS_datasets_selection/CORR/SWU_4/sub-0025816/ses-2/anat/sub-0025816_ses-2_run-1_T1w.nii.gz,sub-0025816,ses-2,nonzero_frac,0.6977180134166371,"('SWU_4', nan, nan)",False,True,True,False,False
/run/media/falconnier/Elements/BIDS_datasets_selection/CORR/SWU_4/sub-0025819/ses-1/anat/sub-0025819_ses-1_run-1_T1w.nii.gz,sub-0025819,ses-1,nonzero_frac,0.6253570209849965,"('SWU_4', nan, nan)",False,True,True,False,False
/run/media/falconnier/Elements/BIDS_datasets_selection/CORR/SWU_4/sub-0025828/ses-1/anat/sub-0025828_ses-1_run-1_T1w.nii.gz,sub-0025828,ses-1,nonzero_frac,0.6000683524391868,"('SWU_4', nan, nan)",False,True,True,False,False
/run/media/falconnier/Elements/BIDS_datasets_selection/CORR/SWU_4/sub-0025829/ses-1/anat/sub-0025829_ses-1_run-1_T1w.nii.gz,sub-0025829,ses-1,nonzero_frac,0.621432130986994,"('SWU_4', nan, nan)",False,True,True,False,False
/run/media/falconnier/Elements/BIDS_datasets_selection/CORR/SWU_4/sub-0025849/ses-1/anat/sub-0025849_ses-1_run-1_T1w.nii.gz,sub-0025849,ses-1,nonzero_frac,0.3429696343161843,"('SWU_4', nan, nan)",False,False,False,True,False
/run/media/falconnier/Elements/BIDS_datasets_selection/CORR/SWU_4/sub-0025852/ses-2/anat/sub-0025852_ses-2_run-1_T1w.nii.gz,sub-0025852,ses-2,nonzero_frac,0.5827274322509766,"('SWU_4', nan, nan)",False,True,True,False,False
/run/media/falconnier/Elements/BIDS_datasets_selection/CORR/SWU_4/sub-0025856/ses-2/anat/sub-0025856_ses-2_run-1_T1w.nii.gz,sub-0025856,ses-2,nonzero_frac,0.6762845299460671,"('SWU_4', nan, nan)",False,True,True,False,False
/run/media/falconnier/Elements/BIDS_datasets_selection/CORR/SWU_4/sub-0025861/ses-2/anat/sub-0025861_ses-2_run-1_T1w.nii.gz,sub-0025861,ses-2,nonzero_frac,0.6980846578424628,"('SWU_4', nan, nan)",False,True,True,False,False
/run/media/falconnier/Elements/BIDS_datasets_selection/CORR/SWU_4/sub-0025629/ses-2/anat/sub-0025629_ses-2_run-1_T1w.nii.gz,sub-0025629,ses-2,n_nonzero,7889752.0,"('SWU_4', nan, nan)",False,True,True,False,False
/run/media/falconnier/Elements/BIDS_datasets_selection/CORR/SWU_4/sub-0025632/ses-1/anat/sub-0025632_ses-1_run-1_T1w.nii.gz,sub-0025632,ses-1,n_nonzero,7815459.0,"('SWU_4', nan, nan)",False,True,True,False,False
/run/media/falconnier/Elements/BIDS_datasets_selection/CORR/SWU_4/sub-0025635/ses-2/anat/sub-0025635_ses-2_run-1_T1w.nii.gz,sub-0025635,ses-2,n_nonzero,7188643.0,"('SWU_4', nan, nan)",False,True,True,False,False
/run/media/falconnier/Elements/BIDS_datasets_selection/CORR/SWU_4/sub-0025637/ses-1/anat/sub-0025637_ses-1_run-1_T1w.nii.gz,sub-0025637,ses-1,n_nonzero,6914377.0,"('SWU_4', nan, nan)",False,True,True,False,False
/run/media/falconnier/Elements/BIDS_datasets_selection/CORR/SWU_4/sub-0025639/ses-2/anat/sub-0025639_ses-2_run-1_T1w.nii.gz,sub-0025639,ses-2,n_nonzero,7446677.0,"('SWU_4', nan, nan)",False,True,True,False,False
/run/media/falconnier/Elements/BIDS_datasets_selection/CORR/SWU_4/sub-0025645/ses-1/anat/sub-0025645_ses-1_run-1_T1w.nii.gz,sub-0025645,ses-1,n_nonzero,7400646.0,"('SWU_4', nan, nan)",False,True,True,False,False
/run/media/falconnier/Elements/BIDS_datasets_selection/CORR/SWU_4/sub-0025645/ses-2/anat/sub-0025645_ses-2_run-1_T1w.nii.gz,sub-0025645,ses-2,n_nonzero,7984610.0,"('SWU_4', nan, nan)",False,True,True,False,False
/run/media/falconnier/Elements/BIDS_datasets_selection/CORR/SWU_4/sub-0025647/ses-1/anat/sub-0025647_ses-1_run-1_T1w.nii.gz,sub-0025647,ses-1,n_nonzero,7222472.0,"('SWU_4', nan, nan)",False,True,True,False,False
/run/media/falconnier/Elements/BIDS_datasets_selection/CORR/SWU_4/sub-0025651/ses-2/anat/sub-0025651_ses-2_run-1_T1w.nii.gz,sub-0025651,ses-2,n_nonzero,6892818.0,"('SWU_4', nan, nan)",False,True,True,False,False
/run/media/falconnier/Elements/BIDS_datasets_selection/CORR/SWU_4/sub-0025658/ses-1/anat/sub-0025658_ses-1_run-1_T1w.nii.gz,sub-0025658,ses-1,n_nonzero,6895828.0,"('SWU_4', nan, nan)",False,True,True,False,False
/run/media/falconnier/Elements/BIDS_datasets_selection/CORR/SWU_4/sub-0025666/ses-2/anat/sub-0025666_ses-2_run-1_T1w.nii.gz,sub-0025666,ses-2,n_nonzero,7085415.0,"('SWU_4', nan, nan)",False,True,True,False,False
/run/media/falconnier/Elements/BIDS_datasets_selection/CORR/SWU_4/sub-0025670/ses-1/anat/sub-0025670_ses-1_run-1_T1w.nii.gz,sub-0025670,ses-1,n_nonzero,7094129.0,"('SWU_4', nan, nan)",False,True,True,False,False
/run/media/falconnier/Elements/BIDS_datasets_selection/CORR/SWU_4/sub-0025671/ses-2/anat/sub-0025671_ses-2_run-1_T1w.nii.gz,sub-0025671,ses-2,n_nonzero,7347644.0,"('SWU_4', nan, nan)",False,True,True,False,False
/run/media/falconnier/Elements/BIDS_datasets_selection/CORR/SWU_4/sub-0025675/ses-2/anat/sub-0025675_ses-2_run-1_T1w.nii.gz,sub-0025675,ses-2,n_nonzero,3903794.0,"('SWU_4', nan, nan)",False,False,False,True,False
/run/media/falconnier/Elements/BIDS_datasets_selection/CORR/SWU_4/sub-0025675/ses-1/anat/sub-0025675_ses-1_run-1_T1w.nii.gz,sub-0025675,ses-1,n_nonzero,7345111.0,"('SWU_4', nan, nan)",False,True,True,False,False
/run/media/falconnier/Elements/BIDS_datasets_selection/CORR/SWU_4/sub-0025680/ses-1/anat/sub-0025680_ses-1_run-1_T1w.nii.gz,sub-0025680,ses-1,n_nonzero,7980406.0,"('SWU_4', nan, nan)",False,True,True,False,False
/run/media/falconnier/Elements/BIDS_datasets_selection/CORR/SWU_4/sub-0025679/ses-2/anat/sub-0025679_ses-2_run-1_T1w.nii.gz,sub-0025679,ses-2,n_nonzero,8329694.0,"('SWU_4', nan, nan)",False,True,True,True,False
/run/media/falconnier/Elements/BIDS_datasets_selection/CORR/SWU_4/sub-0025682/ses-1/anat/sub-0025682_ses-1_run-1_T1w.nii.gz,sub-0025682,ses-1,n_nonzero,7621247.0,"('SWU_4', nan, nan)",False,True,True,False,False
/run/media/falconnier/Elements/BIDS_datasets_selection/CORR/SWU_4/sub-0025685/ses-1/anat/sub-0025685_ses-1_run-1_T1w.nii.gz,sub-0025685,ses-1,n_nonzero,7429984.0,"('SWU_4', nan, nan)",False,True,True,False,False
/run/media/falconnier/Elements/BIDS_datasets_selection/CORR/SWU_4/sub-0025689/ses-2/anat/sub-0025689_ses-2_run-1_T1w.nii.gz,sub-0025689,ses-2,n_nonzero,7067364.0,"('SWU_4', nan, nan)",False,True,True,False,False
/run/media/falconnier/Elements/BIDS_datasets_selection/CORR/SWU_4/sub-0025692/ses-2/anat/sub-0025692_ses-2_run-1_T1w.nii.gz,sub-0025692,ses-2,n_nonzero,8353916.0,"('SWU_4', nan, nan)",False,True,True,True,False
/run/media/falconnier/Elements/BIDS_datasets_selection/CORR/SWU_4/sub-0025699/ses-1/anat/sub-0025699_ses-1_run-1_T1w.nii.gz,sub-0025699,ses-1,n_nonzero,7117690.0,"('SWU_4', nan, nan)",False,True,True,False,False
/run/media/falconnier/Elements/BIDS_datasets_selection/CORR/SWU_4/sub-0025701/ses-1/anat/sub-0025701_ses-1_run-1_T1w.nii.gz,sub-0025701,ses-1,n_nonzero,7979139.0,"('SWU_4', nan, nan)",False,True,True,False,False
/run/media/falconnier/Elements/BIDS_datasets_selection/CORR/SWU_4/sub-0025702/ses-1/anat/sub-0025702_ses-1_run-1_T1w.nii.gz,sub-0025702,ses-1,n_nonzero,7783379.0,"('SWU_4', nan, nan)",False,True,True,False,False
/run/media/falconnier/Elements/BIDS_datasets_selection/CORR/SWU_4/sub-0025704/ses-1/anat/sub-0025704_ses-1_run-1_T1w.nii.gz,sub-0025704,ses-1,n_nonzero,7956484.0,"('SWU_4', nan, nan)",False,True,True,False,False
/run/media/falconnier/Elements/BIDS_datasets_selection/CORR/SWU_4/sub-0025704/ses-2/anat/sub-0025704_ses-2_run-1_T1w.nii.gz,sub-0025704,ses-2,n_nonzero,7668799.0,"('SWU_4', nan, nan)",False,True,True,False,False
/run/media/falconnier/Elements/BIDS_datasets_selection/CORR/SWU_4/sub-0025708/ses-2/anat/sub-0025708_ses-2_run-1_T1w.nii.gz,sub-0025708,ses-2,n_nonzero,6724121.0,"('SWU_4', nan, nan)",False,True,True,False,False
/run/media/falconnier/Elements/BIDS_datasets_selection/CORR/SWU_4/sub-0025713/ses-1/anat/sub-0025713_ses-1_run-1_T1w.nii.gz,sub-0025713,ses-1,n_nonzero,6799146.0,"('SWU_4', nan, nan)",False,True,True,False,False
/run/media/falconnier/Elements/BIDS_datasets_selection/CORR/SWU_4/sub-0025716/ses-2/anat/sub-0025716_ses-2_run-1_T1w.nii.gz,sub-0025716,ses-2,n_nonzero,7334708.0,"('SWU_4', nan, nan)",False,True,True,False,False
/run/media/falconnier/Elements/BIDS_datasets_selection/CORR/SWU_4/sub-0025718/ses-1/anat/sub-0025718_ses-1_run-1_T1w.nii.gz,sub-0025718,ses-1,n_nonzero,6840391.0,"('SWU_4', nan, nan)",False,True,True,False,False
/run/media/falconnier/Elements/BIDS_datasets_selection/CORR/SWU_4/sub-0025725/ses-1/anat/sub-0025725_ses-1_run-1_T1w.nii.gz,sub-0025725,ses-1,n_nonzero,6782832.0,"('SWU_4', nan, nan)",False,True,True,False,False
/run/media/falconnier/Elements/BIDS_datasets_selection/CORR/SWU_4/sub-0025725/ses-2/anat/sub-0025725_ses-2_run-1_T1w.nii.gz,sub-0025725,ses-2,n_nonzero,7065848.0,"('SWU_4', nan, nan)",False,True,True,False,False
/run/media/falconnier/Elements/BIDS_datasets_selection/CORR/SWU_4/sub-0025727/ses-1/anat/sub-0025727_ses-1_run-1_T1w.nii.gz,sub-0025727,ses-1,n_nonzero,7070842.0,"('SWU_4', nan, nan)",False,True,True,False,False
/run/media/falconnier/Elements/BIDS_datasets_selection/CORR/SWU_4/sub-0025729/ses-1/anat/sub-0025729_ses-1_run-1_T1w.nii.gz,sub-0025729,ses-1,n_nonzero,7087422.0,"('SWU_4', nan, nan)",False,True,True,False,False
/run/media/falconnier/Elements/BIDS_datasets_selection/CORR/SWU_4/sub-0025737/ses-1/anat/sub-0025737_ses-1_run-1_T1w.nii.gz,sub-0025737,ses-1,n_nonzero,7098678.0,"('SWU_4', nan, nan)",False,True,True,False,False
/run/media/falconnier/Elements/BIDS_datasets_selection/CORR/SWU_4/sub-0025739/ses-1/anat/sub-0025739_ses-1_run-1_T1w.nii.gz,sub-0025739,ses-1,n_nonzero,6930485.0,"('SWU_4', nan, nan)",False,True,True,False,False
/run/media/falconnier/Elements/BIDS_datasets_selection/CORR/SWU_4/sub-0025752/ses-2/anat/sub-0025752_ses-2_run-1_T1w.nii.gz,sub-0025752,ses-2,n_nonzero,7179877.0,"('SWU_4', nan, nan)",False,True,True,False,False
/run/media/falconnier/Elements/BIDS_datasets_selection/CORR/SWU_4/sub-0025755/ses-1/anat/sub-0025755_ses-1_run-1_T1w.nii.gz,sub-0025755,ses-1,n_nonzero,8273271.0,"('SWU_4', nan, nan)",False,True,True,True,False
/run/media/falconnier/Elements/BIDS_datasets_selection/CORR/SWU_4/sub-0025754/ses-2/anat/sub-0025754_ses-2_run-1_T1w.nii.gz,sub-0025754,ses-2,n_nonzero,8575032.0,"('SWU_4', nan, nan)",False,True,True,True,False
/run/media/falconnier/Elements/BIDS_datasets_selection/CORR/SWU_4/sub-0025756/ses-2/anat/sub-0025756_ses-2_run-1_T1w.nii.gz,sub-0025756,ses-2,n_nonzero,7567081.0,"('SWU_4', nan, nan)",False,True,True,False,False
/run/media/falconnier/Elements/BIDS_datasets_selection/CORR/SWU_4/sub-0025756/ses-1/anat/sub-0025756_ses-1_run-1_T1w.nii.gz,sub-0025756,ses-1,n_nonzero,7569991.0,"('SWU_4', nan, nan)",False,True,True,False,False
/run/media/falconnier/Elements/BIDS_datasets_selection/CORR/SWU_4/sub-0025757/ses-2/anat/sub-0025757_ses-2_run-1_T1w.nii.gz,sub-0025757,ses-2,n_nonzero,8500325.0,"('SWU_4', nan, nan)",False,True,True,True,False
/run/media/falconnier/Elements/BIDS_datasets_selection/CORR/SWU_4/sub-0025764/ses-2/anat/sub-0025764_ses-2_run-1_T1w.nii.gz,sub-0025764,ses-2,n_nonzero,7195130.0,"('SWU_4', nan, nan)",False,True,True,False,False
/run/media/falconnier/Elements/BIDS_datasets_selection/CORR/SWU_4/sub-0025770/ses-1/anat/sub-0025770_ses-1_run-1_T1w.nii.gz,sub-0025770,ses-1,n_nonzero,6786628.0,"('SWU_4', nan, nan)",False,True,True,False,False
/run/media/falconnier/Elements/BIDS_datasets_selection/CORR/SWU_4/sub-0025775/ses-2/anat/sub-0025775_ses-2_run-1_T1w.nii.gz,sub-0025775,ses-2,n_nonzero,6878009.0,"('SWU_4', nan, nan)",False,True,True,False,False
/run/media/falconnier/Elements/BIDS_datasets_selection/CORR/SWU_4/sub-0025777/ses-2/anat/sub-0025777_ses-2_run-1_T1w.nii.gz,sub-0025777,ses-2,n_nonzero,7910992.0,"('SWU_4', nan, nan)",False,True,True,False,False
/run/media/falconnier/Elements/BIDS_datasets_selection/CORR/SWU_4/sub-0025785/ses-1/anat/sub-0025785_ses-1_run-1_T1w.nii.gz,sub-0025785,ses-1,n_nonzero,3779970.0,"('SWU_4', nan, nan)",False,False,False,True,False
/run/media/falconnier/Elements/BIDS_datasets_selection/CORR/SWU_4/sub-0025785/ses-2/anat/sub-0025785_ses-2_run-1_T1w.nii.gz,sub-0025785,ses-2,n_nonzero,3754749.0,"('SWU_4', nan, nan)",False,False,False,True,False
/run/media/falconnier/Elements/BIDS_datasets_selection/CORR/SWU_4/sub-0025783/ses-2/anat/sub-0025783_ses-2_run-1_T1w.nii.gz,sub-0025783,ses-2,n_nonzero,7385033.0,"('SWU_4', nan, nan)",False,True,True,False,False
/run/media/falconnier/Elements/BIDS_datasets_selection/CORR/SWU_4/sub-0025788/ses-2/anat/sub-0025788_ses-2_run-1_T1w.nii.gz,sub-0025788,ses-2,n_nonzero,7083751.0,"('SWU_4', nan, nan)",False,True,True,False,False
/run/media/falconnier/Elements/BIDS_datasets_selection/CORR/SWU_4/sub-0025792/ses-1/anat/sub-0025792_ses-1_run-1_T1w.nii.gz,sub-0025792,ses-1,n_nonzero,7818859.0,"('SWU_4', nan, nan)",False,True,True,False,False
/run/media/falconnier/Elements/BIDS_datasets_selection/CORR/SWU_4/sub-0025793/ses-2/anat/sub-0025793_ses-2_run-1_T1w.nii.gz,sub-0025793,ses-2,n_nonzero,7976746.0,"('SWU_4', nan, nan)",False,True,True,False,False
/run/media/falconnier/Elements/BIDS_datasets_selection/CORR/SWU_4/sub-0025794/ses-2/anat/sub-0025794_ses-2_run-1_T1w.nii.gz,sub-0025794,ses-2,n_nonzero,7518070.0,"('SWU_4', nan, nan)",False,True,True,False,False
/run/media/falconnier/Elements/BIDS_datasets_selection/CORR/SWU_4/sub-0025798/ses-1/anat/sub-0025798_ses-1_run-1_T1w.nii.gz,sub-0025798,ses-1,n_nonzero,8019980.0,"('SWU_4', nan, nan)",False,True,True,False,False
/run/media/falconnier/Elements/BIDS_datasets_selection/CORR/SWU_4/sub-0025798/ses-2/anat/sub-0025798_ses-2_run-1_T1w.nii.gz,sub-0025798,ses-2,n_nonzero,7454957.0,"('SWU_4', nan, nan)",False,True,True,False,False
/run/media/falconnier/Elements/BIDS_datasets_selection/CORR/SWU_4/sub-0025800/ses-2/anat/sub-0025800_ses-2_run-1_T1w.nii.gz,sub-0025800,ses-2,n_nonzero,7379394.0,"('SWU_4', nan, nan)",False,True,True,False,False
/run/media/falconnier/Elements/BIDS_datasets_selection/CORR/SWU_4/sub-0025801/ses-1/anat/sub-0025801_ses-1_run-1_T1w.nii.gz,sub-0025801,ses-1,n_nonzero,7367742.0,"('SWU_4', nan, nan)",False,True,True,False,False
/run/media/falconnier/Elements/BIDS_datasets_selection/CORR/SWU_4/sub-0025801/ses-2/anat/sub-0025801_ses-2_run-1_T1w.nii.gz,sub-0025801,ses-2,n_nonzero,7690185.0,"('SWU_4', nan, nan)",False,True,True,False,False
/run/media/falconnier/Elements/BIDS_datasets_selection/CORR/SWU_4/sub-0025802/ses-1/anat/sub-0025802_ses-1_run-1_T1w.nii.gz,sub-0025802,ses-1,n_nonzero,7563649.0,"('SWU_4', nan, nan)",False,True,True,False,False
/run/media/falconnier/Elements/BIDS_datasets_selection/CORR/SWU_4/sub-0025805/ses-1/anat/sub-0025805_ses-1_run-1_T1w.nii.gz,sub-0025805,ses-1,n_nonzero,7150697.0,"('SWU_4', nan, nan)",False,True,True,False,False
/run/media/falconnier/Elements/BIDS_datasets_selection/CORR/SWU_4/sub-0025805/ses-2/anat/sub-0025805_ses-2_run-1_T1w.nii.gz,sub-0025805,ses-2,n_nonzero,7537152.0,"('SWU_4', nan, nan)",False,True,True,False,False
/run/media/falconnier/Elements/BIDS_datasets_selection/CORR/SWU_4/sub-0025810/ses-1/anat/sub-0025810_ses-1_run-1_T1w.nii.gz,sub-0025810,ses-1,n_nonzero,6687500.0,"('SWU_4', nan, nan)",False,True,True,False,False
/run/media/falconnier/Elements/BIDS_datasets_selection/CORR/SWU_4/sub-0025810/ses-2/anat/sub-0025810_ses-2_run-1_T1w.nii.gz,sub-0025810,ses-2,n_nonzero,7474707.0,"('SWU_4', nan, nan)",False,True,True,False,False
/run/media/falconnier/Elements/BIDS_datasets_selection/CORR/SWU_4/sub-0025812/ses-1/anat/sub-0025812_ses-1_run-1_T1w.nii.gz,sub-0025812,ses-1,n_nonzero,3891899.0,"('SWU_4', nan, nan)",False,False,False,True,False
/run/media/falconnier/Elements/BIDS_datasets_selection/CORR/SWU_4/sub-0025813/ses-1/anat/sub-0025813_ses-1_run-1_T1w.nii.gz,sub-0025813,ses-1,n_nonzero,7263233.0,"('SWU_4', nan, nan)",False,True,True,False,False
/run/media/falconnier/Elements/BIDS_datasets_selection/CORR/SWU_4/sub-0025816/ses-1/anat/sub-0025816_ses-1_run-1_T1w.nii.gz,sub-0025816,ses-1,n_nonzero,7759312.0,"('SWU_4', nan, nan)",False,True,True,False,False
/run/media/falconnier/Elements/BIDS_datasets_selection/CORR/SWU_4/sub-0025816/ses-2/anat/sub-0025816_ses-2_run-1_T1w.nii.gz,sub-0025816,ses-2,n_nonzero,8047714.0,"('SWU_4', nan, nan)",False,True,True,False,False
/run/media/falconnier/Elements/BIDS_datasets_selection/CORR/SWU_4/sub-0025819/ses-1/anat/sub-0025819_ses-1_run-1_T1w.nii.gz,sub-0025819,ses-1,n_nonzero,7213078.0,"('SWU_4', nan, nan)",False,True,True,False,False
/run/media/falconnier/Elements/BIDS_datasets_selection/CORR/SWU_4/sub-0025828/ses-1/anat/sub-0025828_ses-1_run-1_T1w.nii.gz,sub-0025828,ses-1,n_nonzero,6921390.0,"('SWU_4', nan, nan)",False,True,True,False,False
/run/media/falconnier/Elements/BIDS_datasets_selection/CORR/SWU_4/sub-0025829/ses-1/anat/sub-0025829_ses-1_run-1_T1w.nii.gz,sub-0025829,ses-1,n_nonzero,7167807.0,"('SWU_4', nan, nan)",False,True,True,False,False
/run/media/falconnier/Elements/BIDS_datasets_selection/CORR/SWU_4/sub-0025849/ses-1/anat/sub-0025849_ses-1_run-1_T1w.nii.gz,sub-0025849,ses-1,n_nonzero,3955927.0,"('SWU_4', nan, nan)",False,False,False,True,False
/run/media/falconnier/Elements/BIDS_datasets_selection/CORR/SWU_4/sub-0025852/ses-2/anat/sub-0025852_ses-2_run-1_T1w.nii.gz,sub-0025852,ses-2,n_nonzero,6721374.0,"('SWU_4', nan, nan)",False,True,True,False,False
/run/media/falconnier/Elements/BIDS_datasets_selection/CORR/SWU_4/sub-0025856/ses-2/anat/sub-0025856_ses-2_run-1_T1w.nii.gz,sub-0025856,ses-2,n_nonzero,7800493.0,"('SWU_4', nan, nan)",False,True,True,False,False
/run/media/falconnier/Elements/BIDS_datasets_selection/CORR/SWU_4/sub-0025861/ses-2/anat/sub-0025861_ses-2_run-1_T1w.nii.gz,sub-0025861,ses-2,n_nonzero,8051943.0,"('SWU_4', nan, nan)",False,True,True,False,False
/run/media/falconnier/Elements/BIDS_datasets_selection/CORR/SWU_4/sub-0025629/ses-2/anat/sub-0025629_ses-2_run-1_T1w.nii.gz,sub-0025629,ses-2,kurtosis,0.888403305678763,"('SWU_4', nan, nan)",False,True,True,False,False
/run/media/falconnier/Elements/BIDS_datasets_selection/CORR/SWU_4/sub-0025675/ses-1/anat/sub-0025675_ses-1_run-1_T1w.nii.gz,sub-0025675,ses-1,kurtosis,0.8059894532890173,"('SWU_4', nan, nan)",False,True,True,False,False
/run/media/falconnier/Elements/BIDS_datasets_selection/CORR/SWU_4/sub-0025679/ses-2/anat/sub-0025679_ses-2_run-1_T1w.nii.gz,sub-0025679,ses-2,kurtosis,0.942180053676262,"('SWU_4', nan, nan)",False,True,True,True,False
/run/media/falconnier/Elements/BIDS_datasets_selection/CORR/SWU_4/sub-0025685/ses-1/anat/sub-0025685_ses-1_run-1_T1w.nii.gz,sub-0025685,ses-1,kurtosis,1.134435568907823,"('SWU_4', nan, nan)",False,True,True,True,False
/run/media/falconnier/Elements/BIDS_datasets_selection/CORR/SWU_4/sub-0025712/ses-2/anat/sub-0025712_ses-2_run-1_T1w.nii.gz,sub-0025712,ses-2,kurtosis,-1.0469471829899482,"('SWU_4', nan, nan)",False,False,False,True,False
/run/media/falconnier/Elements/BIDS_datasets_selection/CORR/SWU_4/sub-0025715/ses-2/anat/sub-0025715_ses-2_run-1_T1w.nii.gz,sub-0025715,ses-2,kurtosis,-1.176397171647476,"('SWU_4', nan, nan)",False,False,False,True,False
/run/media/falconnier/Elements/BIDS_datasets_selection/CORR/SWU_4/sub-0025715/ses-1/anat/sub-0025715_ses-1_run-1_T1w.nii.gz,sub-0025715,ses-1,kurtosis,-1.1336207389137674,"('SWU_4', nan, nan)",False,False,False,True,False
/run/media/falconnier/Elements/BIDS_datasets_selection/CORR/SWU_4/sub-0025754/ses-2/anat/sub-0025754_ses-2_run-1_T1w.nii.gz,sub-0025754,ses-2,kurtosis,0.9682315688237456,"('SWU_4', nan, nan)",False,True,True,True,False
/run/media/falconnier/Elements/BIDS_datasets_selection/CORR/SWU_4/sub-0025773/ses-2/anat/sub-0025773_ses-2_run-1_T1w.nii.gz,sub-0025773,ses-2,kurtosis,-1.0247010849333635,"('SWU_4', nan, nan)",False,False,False,True,False
/run/media/falconnier/Elements/BIDS_datasets_selection/CORR/SWU_4/sub-0025775/ses-2/anat/sub-0025775_ses-2_run-1_T1w.nii.gz,sub-0025775,ses-2,kurtosis,0.7731588541021286,"('SWU_4', nan, nan)",False,True,True,False,False
/run/media/falconnier/Elements/BIDS_datasets_selection/CORR/SWU_4/sub-0025780/ses-1/anat/sub-0025780_ses-1_run-1_T1w.nii.gz,sub-0025780,ses-1,kurtosis,-1.003160584303482,"('SWU_4', nan, nan)",False,False,False,True,False
/run/media/falconnier/Elements/BIDS_datasets_selection/CORR/SWU_4/sub-0025794/ses-2/anat/sub-0025794_ses-2_run-1_T1w.nii.gz,sub-0025794,ses-2,kurtosis,1.2367973674836392,"('SWU_4', nan, nan)",False,True,True,True,False
/run/media/falconnier/Elements/BIDS_datasets_selection/CORR/SWU_4/sub-0025861/ses-2/anat/sub-0025861_ses-2_run-1_T1w.nii.gz,sub-0025861,ses-2,kurtosis,1.0623956543130184,"('SWU_4', nan, nan)",False,True,True,True,False
/run/media/falconnier/Elements/BIDS_datasets_selection/CORR/SWU_4/sub-0025635/ses-1/anat/sub-0025635_ses-1_run-1_T1w.nii.gz,sub-0025635,ses-1,skewness,0.4370736270232877,"('SWU_4', nan, nan)",False,False,False,True,False
/run/media/falconnier/Elements/BIDS_datasets_selection/CORR/SWU_4/sub-0025675/ses-1/anat/sub-0025675_ses-1_run-1_T1w.nii.gz,sub-0025675,ses-1,skewness,1.195503334991759,"('SWU_4', nan, nan)",False,False,False,True,False
/run/media/falconnier/Elements/BIDS_datasets_selection/CORR/SWU_4/sub-0025680/ses-2/anat/sub-0025680_ses-2_run-1_T1w.nii.gz,sub-0025680,ses-2,skewness,0.4456937363222064,"('SWU_4', nan, nan)",False,False,False,True,False
/run/media/falconnier/Elements/BIDS_datasets_selection/CORR/SWU_4/sub-0025679/ses-2/anat/sub-0025679_ses-2_run-1_T1w.nii.gz,sub-0025679,ses-2,skewness,1.2257901482659963,"('SWU_4', nan, nan)",False,False,True,True,False
/run/media/falconnier/Elements/BIDS_datasets_selection/CORR/SWU_4/sub-0025685/ses-1/anat/sub-0025685_ses-1_run-1_T1w.nii.gz,sub-0025685,ses-1,skewness,1.2564542700383388,"('SWU_4', nan, nan)",False,True,True,True,False
/run/media/falconnier/Elements/BIDS_datasets_selection/CORR/SWU_4/sub-0025701/ses-2/anat/sub-0025701_ses-2_run-1_T1w.nii.gz,sub-0025701,ses-2,skewness,0.39948434365296,"('SWU_4', nan, nan)",False,False,False,True,False
/run/media/falconnier/Elements/BIDS_datasets_selection/CORR/SWU_4/sub-0025790/ses-1/anat/sub-0025790_ses-1_run-1_T1w.nii.gz,sub-0025790,ses-1,skewness,0.3900296228240285,"('SWU_4', nan, nan)",False,False,False,True,False
/run/media/falconnier/Elements/BIDS_datasets_selection/CORR/SWU_4/sub-0025790/ses-2/anat/sub-0025790_ses-2_run-1_T1w.nii.gz,sub-0025790,ses-2,skewness,0.3665846543908157,"('SWU_4', nan, nan)",False,False,False,True,False
/run/media/falconnier/Elements/BIDS_datasets_selection/CORR/SWU_4/sub-0025794/ses-2/anat/sub-0025794_ses-2_run-1_T1w.nii.gz,sub-0025794,ses-2,skewness,1.300752925046833,"('SWU_4', nan, nan)",False,True,True,True,False
/run/media/falconnier/Elements/BIDS_datasets_selection/CORR/SWU_4/sub-0025861/ses-2/anat/sub-0025861_ses-2_run-1_T1w.nii.gz,sub-0025861,ses-2,skewness,1.2413566137700975,"('SWU_4', nan, nan)",False,True,True,True,False
/run/media/falconnier/Elements/BIDS_datasets_selection/CORR/UM/sub-0026010/ses-1/anat/sub-0026010_ses-1_run-1_T1w.nii.gz,sub-0026010,ses-1,file_size_mb,4.3796234130859375,"('UM', nan, nan)",False,False,False,True,False
/run/media/falconnier/Elements/BIDS_datasets_selection/CORR/UM/sub-0026129/ses-2/anat/sub-0026129_ses-2_run-1_T1w.nii.gz,sub-0026129,ses-2,file_size_mb,4.336007118225098,"('UM', nan, nan)",False,False,False,True,False
/run/media/falconnier/Elements/BIDS_datasets_selection/CORR/UM/sub-0026185/ses-1/anat/sub-0026185_ses-1_run-1_T1w.nii.gz,sub-0026185,ses-1,file_size_mb,6.43952751159668,"('UM', nan, nan)",False,False,False,True,False
/run/media/falconnier/Elements/BIDS_datasets_selection/CORR/UM/sub-0026185/ses-2/anat/sub-0026185_ses-2_run-1_T1w.nii.gz,sub-0026185,ses-2,file_size_mb,6.307905197143555,"('UM', nan, nan)",False,False,False,True,False
/run/media/falconnier/Elements/BIDS_datasets_selection/CORR/UM/sub-0026140/ses-1/anat/sub-0026140_ses-1_run-1_T1w.nii.gz,sub-0026140,ses-1,max,661.0,"('UM', nan, nan)",False,False,False,True,False
/run/media/falconnier/Elements/BIDS_datasets_selection/CORR/UM/sub-0026163/ses-2/anat/sub-0026163_ses-2_run-1_T1w.nii.gz,sub-0026163,ses-2,max,1363.0,"('UM', nan, nan)",False,True,True,True,False
/run/media/falconnier/Elements/BIDS_datasets_selection/CORR/UM/sub-0026168/ses-1/anat/sub-0026168_ses-1_run-1_T1w.nii.gz,sub-0026168,ses-1,max,1362.0,"('UM', nan, nan)",False,True,True,True,False
/run/media/falconnier/Elements/BIDS_datasets_selection/CORR/UM/sub-0026172/ses-1/anat/sub-0026172_ses-1_run-1_T1w.nii.gz,sub-0026172,ses-1,max,669.0,"('UM', nan, nan)",False,False,False,True,False
/run/media/falconnier/Elements/BIDS_datasets_selection/CORR/UM/sub-0026010/ses-1/anat/sub-0026010_ses-1_run-1_T1w.nii.gz,sub-0026010,ses-1,median,49.0,"('UM', nan, nan)",False,False,False,True,False
/run/media/falconnier/Elements/BIDS_datasets_selection/CORR/UM/sub-0026155/ses-1/anat/sub-0026155_ses-1_run-1_T1w.nii.gz,sub-0026155,ses-1,median,49.0,"('UM', nan, nan)",False,False,False,True,False
/run/media/falconnier/Elements/BIDS_datasets_selection/CORR/UM/sub-0026161/ses-1/anat/sub-0026161_ses-1_run-1_T1w.nii.gz,sub-0026161,ses-1,median,144.0,"('UM', nan, nan)",False,False,False,True,False
/run/media/falconnier/Elements/BIDS_datasets_selection/CORR/UM/sub-0026161/ses-2/anat/sub-0026161_ses-2_run-1_T1w.nii.gz,sub-0026161,ses-2,median,134.0,"('UM', nan, nan)",False,False,False,True,False
/run/media/falconnier/Elements/BIDS_datasets_selection/CORR/UM/sub-0026129/ses-2/anat/sub-0026129_ses-2_run-1_T1w.nii.gz,sub-0026129,ses-2,mean,94.79952988843584,"('UM', nan, nan)",False,False,False,True,False
/run/media/falconnier/Elements/BIDS_datasets_selection/CORR/UM/sub-0026136/ses-1/anat/sub-0026136_ses-1_run-1_T1w.nii.gz,sub-0026136,ses-1,mean,98.52641482063952,"('UM', nan, nan)",False,False,False,True,False
/run/media/falconnier/Elements/BIDS_datasets_selection/CORR/UM/sub-0026137/ses-1/anat/sub-0026137_ses-1_run-1_T1w.nii.gz,sub-0026137,ses-1,mean,169.7660903073948,"('UM', nan, nan)",False,False,False,True,False
/run/media/falconnier/Elements/BIDS_datasets_selection/CORR/UM/sub-0026145/ses-2/anat/sub-0026145_ses-2_run-1_T1w.nii.gz,sub-0026145,ses-2,mean,161.78698927220006,"('UM', nan, nan)",False,False,False,True,False
/run/media/falconnier/Elements/BIDS_datasets_selection/CORR/UM/sub-0026129/ses-2/anat/sub-0026129_ses-2_run-1_T1w.nii.gz,sub-0026129,ses-2,std,95.91723562968986,"('UM', nan, nan)",False,False,False,True,False
/run/media/falconnier/Elements/BIDS_datasets_selection/CORR/UM/sub-0026129/ses-1/anat/sub-0026129_ses-1_run-1_T1w.nii.gz,sub-0026129,ses-1,std,100.36411832713137,"('UM', nan, nan)",False,False,False,True,False
/run/media/falconnier/Elements/BIDS_datasets_selection/CORR/UM/sub-0026137/ses-1/anat/sub-0026137_ses-1_run-1_T1w.nii.gz,sub-0026137,ses-1,std,173.8469007523314,"('UM', nan, nan)",False,False,False,True,False
/run/media/falconnier/Elements/BIDS_datasets_selection/CORR/UM/sub-0026168/ses-1/anat/sub-0026168_ses-1_run-1_T1w.nii.gz,sub-0026168,ses-1,std,168.0562898646019,"('UM', nan, nan)",False,False,False,True,False
/run/media/falconnier/Elements/BIDS_datasets_selection/CORR/UM/sub-0026145/ses-2/anat/sub-0026145_ses-2_run-1_T1w.nii.gz,sub-0026145,ses-2,mad,114.0,"('UM', nan, nan)",False,False,False,True,False
/run/media/falconnier/Elements/BIDS_datasets_selection/CORR/UM/sub-0026161/ses-1/anat/sub-0026161_ses-1_run-1_T1w.nii.gz,sub-0026161,ses-1,mad,120.0,"('UM', nan, nan)",False,False,False,True,False
/run/media/falconnier/Elements/BIDS_datasets_selection/CORR/UM/sub-0026140/ses-1/anat/sub-0026140_ses-1_run-1_T1w.nii.gz,sub-0026140,ses-1,entropy,3.025327845079643,"('UM', nan, nan)",False,False,False,True,False
/run/media/falconnier/Elements/BIDS_datasets_selection/CORR/UM/sub-0026163/ses-2/anat/sub-0026163_ses-2_run-1_T1w.nii.gz,sub-0026163,ses-2,entropy,1.506535944563307,"('UM', nan, nan)",False,False,False,True,False
/run/media/falconnier/Elements/BIDS_datasets_selection/CORR/UM/sub-0026168/ses-1/anat/sub-0026168_ses-1_run-1_T1w.nii.gz,sub-0026168,ses-1,entropy,1.5186597857651667,"('UM', nan, nan)",False,False,False,True,False
/run/media/falconnier/Elements/BIDS_datasets_selection/CORR/UM/sub-0026172/ses-1/anat/sub-0026172_ses-1_run-1_T1w.nii.gz,sub-0026172,ses-1,entropy,2.9968132046909206,"('UM', nan, nan)",False,False,False,True,False
/run/media/falconnier/Elements/BIDS_datasets_selection/CORR/UM/sub-0026010/ses-1/anat/sub-0026010_ses-1_run-1_T1w.nii.gz,sub-0026010,ses-1,efc,0.3701,"('UM', nan, nan)",False,False,False,True,False
/run/media/falconnier/Elements/BIDS_datasets_selection/CORR/UM/sub-0026010/ses-2/anat/sub-0026010_ses-2_run-1_T1w.nii.gz,sub-0026010,ses-2,efc,0.3716,"('UM', nan, nan)",False,False,False,True,False
/run/media/falconnier/Elements/BIDS_datasets_selection/CORR/UM/sub-0026185/ses-1/anat/sub-0026185_ses-1_run-1_T1w.nii.gz,sub-0026185,ses-1,efc,0.4764,"('UM', nan, nan)",False,False,False,True,False
/run/media/falconnier/Elements/BIDS_datasets_selection/CORR/UM/sub-0026185/ses-2/anat/sub-0026185_ses-2_run-1_T1w.nii.gz,sub-0026185,ses-2,efc,0.4744,"('UM', nan, nan)",False,False,False,True,False
/run/media/falconnier/Elements/BIDS_datasets_selection/CORR/UM/sub-0026010/ses-1/anat/sub-0026010_ses-1_run-1_T1w.nii.gz,sub-0026010,ses-1,nonzero_frac,0.3550191243489583,"('UM', nan, nan)",False,False,False,True,False
/run/media/falconnier/Elements/BIDS_datasets_selection/CORR/UM/sub-0026165/ses-1/anat/sub-0026165_ses-1_run-1_T1w.nii.gz,sub-0026165,ses-1,nonzero_frac,0.5029230291193182,"('UM', nan, nan)",False,False,False,True,False
/run/media/falconnier/Elements/BIDS_datasets_selection/CORR/UM/sub-0026181/ses-2/anat/sub-0026181_ses-2_run-1_T1w.nii.gz,sub-0026181,ses-2,nonzero_frac,0.3561562278053977,"('UM', nan, nan)",False,False,False,True,False
/run/media/falconnier/Elements/BIDS_datasets_selection/CORR/UM/sub-0026185/ses-1/anat/sub-0026185_ses-1_run-1_T1w.nii.gz,sub-0026185,ses-1,nonzero_frac,0.5008518103397254,"('UM', nan, nan)",False,False,False,True,False
/run/media/falconnier/Elements/BIDS_datasets_selection/CORR/UM/sub-0026010/ses-1/anat/sub-0026010_ses-1_run-1_T1w.nii.gz,sub-0026010,ses-1,n_nonzero,3838978.0,"('UM', nan, nan)",False,False,False,True,False
/run/media/falconnier/Elements/BIDS_datasets_selection/CORR/UM/sub-0026165/ses-1/anat/sub-0026165_ses-1_run-1_T1w.nii.gz,sub-0026165,ses-1,n_nonzero,5438328.0,"('UM', nan, nan)",False,False,False,True,False
/run/media/falconnier/Elements/BIDS_datasets_selection/CORR/UM/sub-0026181/ses-2/anat/sub-0026181_ses-2_run-1_T1w.nii.gz,sub-0026181,ses-2,n_nonzero,3851274.0,"('UM', nan, nan)",False,False,False,True,False
/run/media/falconnier/Elements/BIDS_datasets_selection/CORR/UM/sub-0026185/ses-1/anat/sub-0026185_ses-1_run-1_T1w.nii.gz,sub-0026185,ses-1,n_nonzero,5415931.0,"('UM', nan, nan)",False,False,False,True,False
/run/media/falconnier/Elements/BIDS_datasets_selection/CORR/UM/sub-0026129/ses-2/anat/sub-0026129_ses-2_run-1_T1w.nii.gz,sub-0026129,ses-2,kurtosis,0.8974017136190722,"('UM', nan, nan)",False,False,False,True,False
/run/media/falconnier/Elements/BIDS_datasets_selection/CORR/UM/sub-0026136/ses-2/anat/sub-0026136_ses-2_run-1_T1w.nii.gz,sub-0026136,ses-2,kurtosis,0.8622864390838498,"('UM', nan, nan)",False,False,False,True,False
/run/media/falconnier/Elements/BIDS_datasets_selection/CORR/UM/sub-0026176/ses-2/anat/sub-0026176_ses-2_run-1_T1w.nii.gz,sub-0026176,ses-2,kurtosis,-0.4702357848276524,"('UM', nan, nan)",False,False,False,True,False
/run/media/falconnier/Elements/BIDS_datasets_selection/CORR/UM/sub-0026176/ses-1/anat/sub-0026176_ses-1_run-1_T1w.nii.gz,sub-0026176,ses-1,kurtosis,-0.5591785582700832,"('UM', nan, nan)",False,False,False,True,False
/run/media/falconnier/Elements/BIDS_datasets_selection/CORR/UM/sub-0026136/ses-1/anat/sub-0026136_ses-1_run-1_T1w.nii.gz,sub-0026136,ses-1,skewness,1.1940696778211104,"('UM', nan, nan)",False,False,False,True,False
/run/media/falconnier/Elements/BIDS_datasets_selection/CORR/UM/sub-0026136/ses-2/anat/sub-0026136_ses-2_run-1_T1w.nii.gz,sub-0026136,ses-2,skewness,1.206961941678802,"('UM', nan, nan)",False,False,False,True,False
/run/media/falconnier/Elements/BIDS_datasets_selection/CORR/UM/sub-0026161/ses-1/anat/sub-0026161_ses-1_run-1_T1w.nii.gz,sub-0026161,ses-1,skewness,0.709620064087886,"('UM', nan, nan)",False,False,False,True,False
/run/media/falconnier/Elements/BIDS_datasets_selection/CORR/UM/sub-0026161/ses-2/anat/sub-0026161_ses-2_run-1_T1w.nii.gz,sub-0026161,ses-2,skewness,0.6968723032666949,"('UM', nan, nan)",False,False,False,True,False
/run/media/falconnier/Elements/BIDS_datasets_selection/CORR/UPSM_1/sub-0025266/ses-1/anat/sub-0025266_ses-1_run-1_T1w.nii.gz,sub-0025266,ses-1,file_size_mb,8.950488090515137,"('UPSM_1', nan, nan)",False,False,False,True,False
/run/media/falconnier/Elements/BIDS_datasets_selection/CORR/UPSM_1/sub-0025283/ses-2/anat/sub-0025283_ses-2_run-1_T1w.nii.gz,sub-0025283,ses-2,file_size_mb,8.948488235473633,"('UPSM_1', nan, nan)",False,False,False,True,False
/run/media/falconnier/Elements/BIDS_datasets_selection/CORR/UPSM_1/sub-0025283/ses-1/anat/sub-0025283_ses-1_run-1_T1w.nii.gz,sub-0025283,ses-1,file_size_mb,8.99107837677002,"('UPSM_1', nan, nan)",False,False,False,True,False
/run/media/falconnier/Elements/BIDS_datasets_selection/CORR/UPSM_1/sub-0025300/ses-1/anat/sub-0025300_ses-1_run-1_T1w.nii.gz,sub-0025300,ses-1,file_size_mb,6.324256896972656,"('UPSM_1', nan, nan)",False,False,False,True,False
/run/media/falconnier/Elements/BIDS_datasets_selection/CORR/UPSM_1/sub-0025300/ses-2/anat/sub-0025300_ses-2_run-1_T1w.nii.gz,sub-0025300,ses-2,file_size_mb,6.279233932495117,"('UPSM_1', nan, nan)",False,False,False,True,False
/run/media/falconnier/Elements/BIDS_datasets_selection/CORR/UPSM_1/sub-0025332/ses-1/anat/sub-0025332_ses-1_run-1_T1w.nii.gz,sub-0025332,ses-1,file_size_mb,6.444169998168945,"('UPSM_1', nan, nan)",False,False,False,True,False
/run/media/falconnier/Elements/BIDS_datasets_selection/CORR/UPSM_1/sub-0025240/ses-1/anat/sub-0025240_ses-1_run-1_T1w.nii.gz,sub-0025240,ses-1,max,1483.0,"('UPSM_1', nan, nan)",False,False,False,True,False
/run/media/falconnier/Elements/BIDS_datasets_selection/CORR/UPSM_1/sub-0025243/ses-2/anat/sub-0025243_ses-2_run-1_T1w.nii.gz,sub-0025243,ses-2,max,1545.0,"('UPSM_1', nan, nan)",False,False,False,True,False
/run/media/falconnier/Elements/BIDS_datasets_selection/CORR/UPSM_1/sub-0025258/ses-1/anat/sub-0025258_ses-1_run-1_T1w.nii.gz,sub-0025258,ses-1,max,678.0,"('UPSM_1', nan, nan)",False,False,False,True,False
/run/media/falconnier/Elements/BIDS_datasets_selection/CORR/UPSM_1/sub-0025258/ses-2/anat/sub-0025258_ses-2_run-1_T1w.nii.gz,sub-0025258,ses-2,max,692.0,"('UPSM_1', nan, nan)",False,False,False,True,False
/run/media/falconnier/Elements/BIDS_datasets_selection/CORR/UPSM_1/sub-0025321/ses-2/anat/sub-0025321_ses-2_run-1_T1w.nii.gz,sub-0025321,ses-2,max,748.0,"('UPSM_1', nan, nan)",False,False,False,True,False
/run/media/falconnier/Elements/BIDS_datasets_selection/CORR/UPSM_1/sub-0025328/ses-2/anat/sub-0025328_ses-2_run-1_T1w.nii.gz,sub-0025328,ses-2,max,1458.0,"('UPSM_1', nan, nan)",False,False,False,True,False
/run/media/falconnier/Elements/BIDS_datasets_selection/CORR/UPSM_1/sub-0025246/ses-2/anat/sub-0025246_ses-2_run-1_T1w.nii.gz,sub-0025246,ses-2,median,110.0,"('UPSM_1', nan, nan)",False,False,False,True,False
/run/media/falconnier/Elements/BIDS_datasets_selection/CORR/UPSM_1/sub-0025260/ses-1/anat/sub-0025260_ses-1_run-1_T1w.nii.gz,sub-0025260,ses-1,median,29.723602294921875,"('UPSM_1', nan, nan)",False,False,False,True,False
/run/media/falconnier/Elements/BIDS_datasets_selection/CORR/UPSM_1/sub-0025266/ses-2/anat/sub-0025266_ses-2_run-1_T1w.nii.gz,sub-0025266,ses-2,median,107.0,"('UPSM_1', nan, nan)",False,False,False,True,False
/run/media/falconnier/Elements/BIDS_datasets_selection/CORR/UPSM_1/sub-0025271/ses-2/anat/sub-0025271_ses-2_run-1_T1w.nii.gz,sub-0025271,ses-2,median,106.0,"('UPSM_1', nan, nan)",False,False,False,True,False
/run/media/falconnier/Elements/BIDS_datasets_selection/CORR/UPSM_1/sub-0025321/ses-1/anat/sub-0025321_ses-1_run-1_T1w.nii.gz,sub-0025321,ses-1,median,28.0,"('UPSM_1', nan, nan)",False,False,False,True,False
/run/media/falconnier/Elements/BIDS_datasets_selection/CORR/UPSM_1/sub-0025321/ses-2/anat/sub-0025321_ses-2_run-1_T1w.nii.gz,sub-0025321,ses-2,median,29.0,"('UPSM_1', nan, nan)",False,False,False,True,False
/run/media/falconnier/Elements/BIDS_datasets_selection/CORR/UPSM_1/sub-0025282/ses-1/anat/sub-0025282_ses-1_run-1_T1w.nii.gz,sub-0025282,ses-1,mean,117.05390757794866,"('UPSM_1', nan, nan)",False,False,False,True,False
/run/media/falconnier/Elements/BIDS_datasets_selection/CORR/UPSM_1/sub-0025294/ses-2/anat/sub-0025294_ses-2_run-1_T1w.nii.gz,sub-0025294,ses-2,mean,158.25160693846425,"('UPSM_1', nan, nan)",False,False,False,True,False
/run/media/falconnier/Elements/BIDS_datasets_selection/CORR/UPSM_1/sub-0025305/ses-2/anat/sub-0025305_ses-2_run-1_T1w.nii.gz,sub-0025305,ses-2,mean,116.5075146257666,"('UPSM_1', nan, nan)",False,False,False,True,False
/run/media/falconnier/Elements/BIDS_datasets_selection/CORR/UPSM_1/sub-0025310/ses-1/anat/sub-0025310_ses-1_run-1_T1w.nii.gz,sub-0025310,ses-1,mean,158.41316901820676,"('UPSM_1', nan, nan)",False,False,False,True,False
/run/media/falconnier/Elements/BIDS_datasets_selection/CORR/UPSM_1/sub-0025310/ses-2/anat/sub-0025310_ses-2_run-1_T1w.nii.gz,sub-0025310,ses-2,mean,171.89858230224408,"('UPSM_1', nan, nan)",False,False,False,True,False
/run/media/falconnier/Elements/BIDS_datasets_selection/CORR/UPSM_1/sub-0025321/ses-2/anat/sub-0025321_ses-2_run-1_T1w.nii.gz,sub-0025321,ses-2,mean,115.3907360121922,"('UPSM_1', nan, nan)",False,False,False,True,False
/run/media/falconnier/Elements/BIDS_datasets_selection/CORR/UPSM_1/sub-0025238/ses-2/anat/sub-0025238_ses-2_run-1_T1w.nii.gz,sub-0025238,ses-2,std,164.29242266310095,"('UPSM_1', nan, nan)",False,False,False,True,False
/run/media/falconnier/Elements/BIDS_datasets_selection/CORR/UPSM_1/sub-0025258/ses-2/anat/sub-0025258_ses-2_run-1_T1w.nii.gz,sub-0025258,ses-2,std,129.9966461385385,"('UPSM_1', nan, nan)",False,False,False,True,False
/run/media/falconnier/Elements/BIDS_datasets_selection/CORR/UPSM_1/sub-0025270/ses-1/anat/sub-0025270_ses-1_run-1_T1w.nii.gz,sub-0025270,ses-1,std,167.4025868998055,"('UPSM_1', nan, nan)",False,False,False,True,False
/run/media/falconnier/Elements/BIDS_datasets_selection/CORR/UPSM_1/sub-0025271/ses-3/anat/sub-0025271_ses-3_run-1_T1w.nii.gz,sub-0025271,ses-3,std,128.158175657327,"('UPSM_1', nan, nan)",False,False,False,True,False
/run/media/falconnier/Elements/BIDS_datasets_selection/CORR/UPSM_1/sub-0025310/ses-2/anat/sub-0025310_ses-2_run-1_T1w.nii.gz,sub-0025310,ses-2,std,172.902539514329,"('UPSM_1', nan, nan)",False,False,False,True,False
/run/media/falconnier/Elements/BIDS_datasets_selection/CORR/UPSM_1/sub-0025331/ses-2/anat/sub-0025331_ses-2_run-1_T1w.nii.gz,sub-0025331,ses-2,std,130.5346656315185,"('UPSM_1', nan, nan)",False,False,False,True,False
/run/media/falconnier/Elements/BIDS_datasets_selection/CORR/UPSM_1/sub-0025246/ses-2/anat/sub-0025246_ses-2_run-1_T1w.nii.gz,sub-0025246,ses-2,mad,95.0,"('UPSM_1', nan, nan)",False,False,False,True,False
/run/media/falconnier/Elements/BIDS_datasets_selection/CORR/UPSM_1/sub-0025266/ses-2/anat/sub-0025266_ses-2_run-1_T1w.nii.gz,sub-0025266,ses-2,mad,95.0,"('UPSM_1', nan, nan)",False,False,False,True,False
/run/media/falconnier/Elements/BIDS_datasets_selection/CORR/UPSM_1/sub-0025271/ses-2/anat/sub-0025271_ses-2_run-1_T1w.nii.gz,sub-0025271,ses-2,mad,94.0,"('UPSM_1', nan, nan)",False,False,False,True,False
/run/media/falconnier/Elements/BIDS_datasets_selection/CORR/UPSM_1/sub-0025321/ses-1/anat/sub-0025321_ses-1_run-1_T1w.nii.gz,sub-0025321,ses-1,mad,23.0,"('UPSM_1', nan, nan)",False,False,False,True,False
/run/media/falconnier/Elements/BIDS_datasets_selection/CORR/UPSM_1/sub-0025321/ses-2/anat/sub-0025321_ses-2_run-1_T1w.nii.gz,sub-0025321,ses-2,mad,24.0,"('UPSM_1', nan, nan)",False,False,False,True,False
/run/media/falconnier/Elements/BIDS_datasets_selection/CORR/UPSM_1/sub-0025240/ses-1/anat/sub-0025240_ses-1_run-1_T1w.nii.gz,sub-0025240,ses-1,entropy,1.36408356195865,"('UPSM_1', nan, nan)",False,False,False,True,False
/run/media/falconnier/Elements/BIDS_datasets_selection/CORR/UPSM_1/sub-0025242/ses-2/anat/sub-0025242_ses-2_run-1_T1w.nii.gz,sub-0025242,ses-2,entropy,2.7064257492941435,"('UPSM_1', nan, nan)",False,False,False,True,False
/run/media/falconnier/Elements/BIDS_datasets_selection/CORR/UPSM_1/sub-0025243/ses-2/anat/sub-0025243_ses-2_run-1_T1w.nii.gz,sub-0025243,ses-2,entropy,1.334702578941502,"('UPSM_1', nan, nan)",False,False,False,True,False
/run/media/falconnier/Elements/BIDS_datasets_selection/CORR/UPSM_1/sub-0025258/ses-1/anat/sub-0025258_ses-1_run-1_T1w.nii.gz,sub-0025258,ses-1,entropy,3.000430729124684,"('UPSM_1', nan, nan)",False,False,False,True,False
/run/media/falconnier/Elements/BIDS_datasets_selection/CORR/UPSM_1/sub-0025258/ses-2/anat/sub-0025258_ses-2_run-1_T1w.nii.gz,sub-0025258,ses-2,entropy,2.9506222856553084,"('UPSM_1', nan, nan)",False,False,False,True,False
/run/media/falconnier/Elements/BIDS_datasets_selection/CORR/UPSM_1/sub-0025328/ses-2/anat/sub-0025328_ses-2_run-1_T1w.nii.gz,sub-0025328,ses-2,entropy,1.420731160995879,"('UPSM_1', nan, nan)",False,False,False,True,False
/run/media/falconnier/Elements/BIDS_datasets_selection/CORR/UPSM_1/sub-0025266/ses-2/anat/sub-0025266_ses-2_run-1_T1w.nii.gz,sub-0025266,ses-2,efc,0.5373,"('UPSM_1', nan, nan)",False,False,False,True,False
/run/media/falconnier/Elements/BIDS_datasets_selection/CORR/UPSM_1/sub-0025266/ses-1/anat/sub-0025266_ses-1_run-1_T1w.nii.gz,sub-0025266,ses-1,efc,0.5329,"('UPSM_1', nan, nan)",False,False,False,True,False
/run/media/falconnier/Elements/BIDS_datasets_selection/CORR/UPSM_1/sub-0025283/ses-3/anat/sub-0025283_ses-3_run-1_T1w.nii.gz,sub-0025283,ses-3,efc,0.5318,"('UPSM_1', nan, nan)",False,False,False,True,False
/run/media/falconnier/Elements/BIDS_datasets_selection/CORR/UPSM_1/sub-0025300/ses-1/anat/sub-0025300_ses-1_run-1_T1w.nii.gz,sub-0025300,ses-1,efc,0.4125,"('UPSM_1', nan, nan)",False,False,False,True,False
/run/media/falconnier/Elements/BIDS_datasets_selection/CORR/UPSM_1/sub-0025300/ses-2/anat/sub-0025300_ses-2_run-1_T1w.nii.gz,sub-0025300,ses-2,efc,0.4096,"('UPSM_1', nan, nan)",False,False,False,True,False
/run/media/falconnier/Elements/BIDS_datasets_selection/CORR/UPSM_1/sub-0025321/ses-1/anat/sub-0025321_ses-1_run-1_T1w.nii.gz,sub-0025321,ses-1,efc,0.4123,"('UPSM_1', nan, nan)",False,False,False,True,False
/run/media/falconnier/Elements/BIDS_datasets_selection/CORR/UPSM_1/sub-0025264/ses-2/anat/sub-0025264_ses-2_run-1_T1w.nii.gz,sub-0025264,ses-2,nonzero_frac,0.6465287642045454,"('UPSM_1', nan, nan)",False,False,False,True,False
/run/media/falconnier/Elements/BIDS_datasets_selection/CORR/UPSM_1/sub-0025264/ses-3/anat/sub-0025264_ses-3_run-1_T1w.nii.gz,sub-0025264,ses-3,nonzero_frac,0.6410970621175699,"('UPSM_1', nan, nan)",False,False,False,True,False
/run/media/falconnier/Elements/BIDS_datasets_selection/CORR/UPSM_1/sub-0025283/ses-3/anat/sub-0025283_ses-3_run-1_T1w.nii.gz,sub-0025283,ses-3,nonzero_frac,0.6379032801914882,"('UPSM_1', nan, nan)",False,False,False,True,False
/run/media/falconnier/Elements/BIDS_datasets_selection/CORR/UPSM_1/sub-0025300/ses-1/anat/sub-0025300_ses-1_run-1_T1w.nii.gz,sub-0025300,ses-1,nonzero_frac,0.4482801744154283,"('UPSM_1', nan, nan)",False,False,False,True,False
/run/media/falconnier/Elements/BIDS_datasets_selection/CORR/UPSM_1/sub-0025300/ses-2/anat/sub-0025300_ses-2_run-1_T1w.nii.gz,sub-0025300,ses-2,nonzero_frac,0.4436441701608938,"('UPSM_1', nan, nan)",False,False,False,True,False
/run/media/falconnier/Elements/BIDS_datasets_selection/CORR/UPSM_1/sub-0025332/ses-1/anat/sub-0025332_ses-1_run-1_T1w.nii.gz,sub-0025332,ses-1,nonzero_frac,0.4523981267755682,"('UPSM_1', nan, nan)",False,False,False,True,False
/run/media/falconnier/Elements/BIDS_datasets_selection/CORR/UPSM_1/sub-0025264/ses-2/anat/sub-0025264_ses-2_run-1_T1w.nii.gz,sub-0025264,ses-2,n_nonzero,6059040.0,"('UPSM_1', nan, nan)",False,False,False,True,False
/run/media/falconnier/Elements/BIDS_datasets_selection/CORR/UPSM_1/sub-0025264/ses-3/anat/sub-0025264_ses-3_run-1_T1w.nii.gz,sub-0025264,ses-3,n_nonzero,6008136.0,"('UPSM_1', nan, nan)",False,False,False,True,False
/run/media/falconnier/Elements/BIDS_datasets_selection/CORR/UPSM_1/sub-0025283/ses-3/anat/sub-0025283_ses-3_run-1_T1w.nii.gz,sub-0025283,ses-3,n_nonzero,5978205.0,"('UPSM_1', nan, nan)",False,False,False,True,False
/run/media/falconnier/Elements/BIDS_datasets_selection/CORR/UPSM_1/sub-0025300/ses-1/anat/sub-0025300_ses-1_run-1_T1w.nii.gz,sub-0025300,ses-1,n_nonzero,4201124.0,"('UPSM_1', nan, nan)",False,False,False,True,False
/run/media/falconnier/Elements/BIDS_datasets_selection/CORR/UPSM_1/sub-0025300/ses-2/anat/sub-0025300_ses-2_run-1_T1w.nii.gz,sub-0025300,ses-2,n_nonzero,4157677.0,"('UPSM_1', nan, nan)",False,False,False,True,False
/run/media/falconnier/Elements/BIDS_datasets_selection/CORR/UPSM_1/sub-0025332/ses-1/anat/sub-0025332_ses-1_run-1_T1w.nii.gz,sub-0025332,ses-1,n_nonzero,4239716.0,"('UPSM_1', nan, nan)",False,False,False,True,False
/run/media/falconnier/Elements/BIDS_datasets_selection/CORR/UPSM_1/sub-0025246/ses-2/anat/sub-0025246_ses-2_run-1_T1w.nii.gz,sub-0025246,ses-2,kurtosis,-0.8468729785945865,"('UPSM_1', nan, nan)",False,False,False,True,False
/run/media/falconnier/Elements/BIDS_datasets_selection/CORR/UPSM_1/sub-0025255/ses-1/anat/sub-0025255_ses-1_run-1_T1w.nii.gz,sub-0025255,ses-1,kurtosis,-0.9071141039210472,"('UPSM_1', nan, nan)",False,False,False,True,False
/run/media/falconnier/Elements/BIDS_datasets_selection/CORR/UPSM_1/sub-0025255/ses-2/anat/sub-0025255_ses-2_run-1_T1w.nii.gz,sub-0025255,ses-2,kurtosis,-0.8834100819110717,"('UPSM_1', nan, nan)",False,False,False,True,False
/run/media/falconnier/Elements/BIDS_datasets_selection/CORR/UPSM_1/sub-0025303/ses-2/anat/sub-0025303_ses-2_run-1_T1w.nii.gz,sub-0025303,ses-2,kurtosis,-0.0949361560160717,"('UPSM_1', nan, nan)",False,False,False,True,False
/run/media/falconnier/Elements/BIDS_datasets_selection/CORR/UPSM_1/sub-0025328/ses-1/anat/sub-0025328_ses-1_run-1_T1w.nii.gz,sub-0025328,ses-1,kurtosis,-0.0549163664597891,"('UPSM_1', nan, nan)",False,False,False,True,False
/run/media/falconnier/Elements/BIDS_datasets_selection/CORR/UPSM_1/sub-0025332/ses-1/anat/sub-0025332_ses-1_run-1_T1w.nii.gz,sub-0025332,ses-1,kurtosis,0.0878881760114795,"('UPSM_1', nan, nan)",False,False,False,True,False
/run/media/falconnier/Elements/BIDS_datasets_selection/CORR/UPSM_1/sub-0025246/ses-2/anat/sub-0025246_ses-2_run-1_T1w.nii.gz,sub-0025246,ses-2,skewness,0.6444460211021805,"('UPSM_1', nan, nan)",False,False,False,True,False
/run/media/falconnier/Elements/BIDS_datasets_selection/CORR/UPSM_1/sub-0025255/ses-1/anat/sub-0025255_ses-1_run-1_T1w.nii.gz,sub-0025255,ses-1,skewness,0.65893745191988,"('UPSM_1', nan, nan)",False,False,False,True,False
/run/media/falconnier/Elements/BIDS_datasets_selection/CORR/UPSM_1/sub-0025255/ses-2/anat/sub-0025255_ses-2_run-1_T1w.nii.gz,sub-0025255,ses-2,skewness,0.6747778391140513,"('UPSM_1', nan, nan)",False,False,False,True,False
/run/media/falconnier/Elements/BIDS_datasets_selection/CORR/UPSM_1/sub-0025315/ses-1/anat/sub-0025315_ses-1_run-1_T1w.nii.gz,sub-0025315,ses-1,skewness,1.058755831272218,"('UPSM_1', nan, nan)",False,False,False,True,False
/run/media/falconnier/Elements/BIDS_datasets_selection/CORR/UPSM_1/sub-0025328/ses-1/anat/sub-0025328_ses-1_run-1_T1w.nii.gz,sub-0025328,ses-1,skewness,1.0275343863915656,"('UPSM_1', nan, nan)",False,False,False,True,False
/run/media/falconnier/Elements/BIDS_datasets_selection/CORR/UPSM_1/sub-0025332/ses-1/anat/sub-0025332_ses-1_run-1_T1w.nii.gz,sub-0025332,ses-1,skewness,1.0460042203728086,"('UPSM_1', nan, nan)",False,False,False,True,False
/run/media/falconnier/Elements/BIDS_datasets_selection/CORR/UWM/sub-0027264/ses-2/anat/sub-0027264_ses-2_run-1_T1w.nii.gz,sub-0027264,ses-2,file_size_mb,8.955329895019531,"('UWM', nan, nan)",False,False,False,True,False
/run/media/falconnier/Elements/BIDS_datasets_selection/CORR/UWM/sub-0027266/ses-1/anat/sub-0027266_ses-1_run-1_T1w.nii.gz,sub-0027266,ses-1,file_size_mb,6.393588066101074,"('UWM', nan, nan)",False,False,False,True,False
/run/media/falconnier/Elements/BIDS_datasets_selection/CORR/UWM/sub-0027260/ses-2/anat/sub-0027260_ses-2_run-1_T1w.nii.gz,sub-0027260,ses-2,max,26021.0,"('UWM', nan, nan)",False,True,True,False,False
/run/media/falconnier/Elements/BIDS_datasets_selection/CORR/UWM/sub-0027270/ses-2/anat/sub-0027270_ses-2_run-1_T1w.nii.gz,sub-0027270,ses-2,max,27781.0,"('UWM', nan, nan)",False,True,True,True,False
/run/media/falconnier/Elements/BIDS_datasets_selection/CORR/UWM/sub-0027281/ses-2/anat/sub-0027281_ses-2_run-1_T1w.nii.gz,sub-0027281,ses-2,max,7032.0,"('UWM', nan, nan)",False,False,False,True,False
/run/media/falconnier/Elements/BIDS_datasets_selection/CORR/UWM/sub-0027266/ses-1/anat/sub-0027266_ses-1_run-1_T1w.nii.gz,sub-0027266,ses-1,median,1003.0,"('UWM', nan, nan)",False,True,True,False,False
/run/media/falconnier/Elements/BIDS_datasets_selection/CORR/UWM/sub-0027266/ses-2/anat/sub-0027266_ses-2_run-1_T1w.nii.gz,sub-0027266,ses-2,median,1049.0,"('UWM', nan, nan)",False,True,True,True,False
/run/media/falconnier/Elements/BIDS_datasets_selection/CORR/UWM/sub-0027273/ses-2/anat/sub-0027273_ses-2_run-1_T1w.nii.gz,sub-0027273,ses-2,median,318.0,"('UWM', nan, nan)",False,False,False,True,False
/run/media/falconnier/Elements/BIDS_datasets_selection/CORR/UWM/sub-0027266/ses-2/anat/sub-0027266_ses-2_run-1_T1w.nii.gz,sub-0027266,ses-2,mean,1265.7927464439506,"('UWM', nan, nan)",False,True,True,True,False
/run/media/falconnier/Elements/BIDS_datasets_selection/CORR/UWM/sub-0027281/ses-1/anat/sub-0027281_ses-1_run-1_T1w.nii.gz,sub-0027281,ses-1,mean,867.4817332022475,"('UWM', nan, nan)",False,False,False,True,False
/run/media/falconnier/Elements/BIDS_datasets_selection/CORR/UWM/sub-0027270/ses-2/anat/sub-0027270_ses-2_run-1_T1w.nii.gz,sub-0027270,ses-2,std,1272.8061068291406,"('UWM', nan, nan)",False,False,False,True,False
/run/media/falconnier/Elements/BIDS_datasets_selection/CORR/UWM/sub-0027281/ses-1/anat/sub-0027281_ses-1_run-1_T1w.nii.gz,sub-0027281,ses-1,std,799.6677916537501,"('UWM', nan, nan)",False,False,False,True,False
/run/media/falconnier/Elements/BIDS_datasets_selection/CORR/UWM/sub-0027266/ses-1/anat/sub-0027266_ses-1_run-1_T1w.nii.gz,sub-0027266,ses-1,mad,773.0,"('UWM', nan, nan)",False,True,True,False,False
/run/media/falconnier/Elements/BIDS_datasets_selection/CORR/UWM/sub-0027266/ses-2/anat/sub-0027266_ses-2_run-1_T1w.nii.gz,sub-0027266,ses-2,mad,828.0,"('UWM', nan, nan)",False,True,True,True,False
/run/media/falconnier/Elements/BIDS_datasets_selection/CORR/UWM/sub-0027273/ses-2/anat/sub-0027273_ses-2_run-1_T1w.nii.gz,sub-0027273,ses-2,mad,202.0,"('UWM', nan, nan)",False,False,False,True,False
/run/media/falconnier/Elements/BIDS_datasets_selection/CORR/UWM/sub-0027270/ses-2/anat/sub-0027270_ses-2_run-1_T1w.nii.gz,sub-0027270,ses-2,entropy,0.1022841378221408,"('UWM', nan, nan)",False,False,False,True,False
/run/media/falconnier/Elements/BIDS_datasets_selection/CORR/UWM/sub-0027281/ses-2/anat/sub-0027281_ses-2_run-1_T1w.nii.gz,sub-0027281,ses-2,entropy,0.3895743127095805,"('UWM', nan, nan)",False,False,False,True,False
/run/media/falconnier/Elements/BIDS_datasets_selection/CORR/UWM/sub-0027259/ses-1/anat/sub-0027259_ses-1_run-1_T1w.nii.gz,sub-0027259,ses-1,efc,0.5213,"('UWM', nan, nan)",False,False,False,True,False
/run/media/falconnier/Elements/BIDS_datasets_selection/CORR/UWM/sub-0027271/ses-2/anat/sub-0027271_ses-2_run-1_T1w.nii.gz,sub-0027271,ses-2,efc,0.4113,"('UWM', nan, nan)",False,False,False,True,False
/run/media/falconnier/Elements/BIDS_datasets_selection/CORR/UWM/sub-0027264/ses-1/anat/sub-0027264_ses-1_run-1_T1w.nii.gz,sub-0027264,ses-1,nonzero_frac,0.5776444459572817,"('UWM', nan, nan)",False,False,False,True,False
/run/media/falconnier/Elements/BIDS_datasets_selection/CORR/UWM/sub-0027266/ses-1/anat/sub-0027266_ses-1_run-1_T1w.nii.gz,sub-0027266,ses-1,nonzero_frac,0.3959731077536558,"('UWM', nan, nan)",False,False,False,True,False
/run/media/falconnier/Elements/BIDS_datasets_selection/CORR/UWM/sub-0027264/ses-1/anat/sub-0027264_ses-1_run-1_T1w.nii.gz,sub-0027264,ses-1,n_nonzero,5905615.0,"('UWM', nan, nan)",False,False,False,True,False
/run/media/falconnier/Elements/BIDS_datasets_selection/CORR/UWM/sub-0027266/ses-1/anat/sub-0027266_ses-1_run-1_T1w.nii.gz,sub-0027266,ses-1,n_nonzero,4048277.0,"('UWM', nan, nan)",False,False,False,True,False
/run/media/falconnier/Elements/BIDS_datasets_selection/CORR/UWM/sub-0027260/ses-2/anat/sub-0027260_ses-2_run-1_T1w.nii.gz,sub-0027260,ses-2,kurtosis,14.082205113837553,"('UWM', nan, nan)",False,True,True,False,False
/run/media/falconnier/Elements/BIDS_datasets_selection/CORR/UWM/sub-0027264/ses-2/anat/sub-0027264_ses-2_run-1_T1w.nii.gz,sub-0027264,ses-2,kurtosis,10.854379631593243,"('UWM', nan, nan)",False,True,True,False,False
/run/media/falconnier/Elements/BIDS_datasets_selection/CORR/UWM/sub-0027270/ses-1/anat/sub-0027270_ses-1_run-1_T1w.nii.gz,sub-0027270,ses-1,kurtosis,7.976934238525459,"('UWM', nan, nan)",False,False,True,False,False
/run/media/falconnier/Elements/BIDS_datasets_selection/CORR/UWM/sub-0027270/ses-2/anat/sub-0027270_ses-2_run-1_T1w.nii.gz,sub-0027270,ses-2,kurtosis,21.01270700697501,"('UWM', nan, nan)",True,True,True,True,False
/run/media/falconnier/Elements/BIDS_datasets_selection/CORR/UWM/sub-0027281/ses-1/anat/sub-0027281_ses-1_run-1_T1w.nii.gz,sub-0027281,ses-1,kurtosis,0.0959314395624932,"('UWM', nan, nan)",False,False,False,True,False
/run/media/falconnier/Elements/BIDS_datasets_selection/CORR/UWM/sub-0027270/ses-2/anat/sub-0027270_ses-2_run-1_T1w.nii.gz,sub-0027270,ses-2,skewness,2.895246491079549,"('UWM', nan, nan)",False,True,True,True,False
/run/media/falconnier/Elements/BIDS_datasets_selection/CORR/UWM/sub-0027281/ses-2/anat/sub-0027281_ses-2_run-1_T1w.nii.gz,sub-0027281,ses-2,skewness,0.9151191542407764,"('UWM', nan, nan)",False,False,False,True,False
/run/media/falconnier/Elements/BIDS_datasets_selection/CORR/Utah_1/sub-0026024/ses-1/anat/sub-0026024_ses-1_run-1_T1w.nii.gz,sub-0026024,ses-1,file_size_mb,8.452690124511719,"('Utah_1', nan, nan)",False,True,True,False,False
/run/media/falconnier/Elements/BIDS_datasets_selection/CORR/Utah_1/sub-0026026/ses-1/anat/sub-0026026_ses-1_run-1_T1w.nii.gz,sub-0026026,ses-1,file_size_mb,8.619149208068848,"('Utah_1', nan, nan)",False,True,True,False,False
/run/media/falconnier/Elements/BIDS_datasets_selection/CORR/Utah_1/sub-0026035/ses-1/anat/sub-0026035_ses-1_run-1_T1w.nii.gz,sub-0026035,ses-1,file_size_mb,8.042084693908691,"('Utah_1', nan, nan)",False,True,True,True,False
/run/media/falconnier/Elements/BIDS_datasets_selection/CORR/Utah_1/sub-0026034/ses-2/anat/sub-0026034_ses-2_run-1_T1w.nii.gz,sub-0026034,ses-2,file_size_mb,28.66287136077881,"('Utah_1', nan, nan)",False,False,False,True,False
/run/media/falconnier/Elements/BIDS_datasets_selection/CORR/Utah_1/sub-0026026/ses-1/anat/sub-0026026_ses-1_run-1_T1w.nii.gz,sub-0026026,ses-1,max,817.0,"('Utah_1', nan, nan)",False,False,False,True,False
/run/media/falconnier/Elements/BIDS_datasets_selection/CORR/Utah_1/sub-0026039/ses-2/anat/sub-0026039_ses-2_run-1_T1w.nii.gz,sub-0026039,ses-2,max,32377.0,"('Utah_1', nan, nan)",False,False,False,True,False
/run/media/falconnier/Elements/BIDS_datasets_selection/CORR/Utah_1/sub-0026028/ses-1/anat/sub-0026028_ses-1_run-1_T1w.nii.gz,sub-0026028,ses-1,median,34.0,"('Utah_1', nan, nan)",False,False,False,True,False
/run/media/falconnier/Elements/BIDS_datasets_selection/CORR/Utah_1/sub-0026040/ses-2/anat/sub-0026040_ses-2_run-1_T1w.nii.gz,sub-0026040,ses-2,median,166.0,"('Utah_1', nan, nan)",False,False,False,True,False
/run/media/falconnier/Elements/BIDS_datasets_selection/CORR/Utah_1/sub-0026031/ses-1/anat/sub-0026031_ses-1_run-1_T1w.nii.gz,sub-0026031,ses-1,mean,124.49674054930796,"('Utah_1', nan, nan)",False,False,False,True,False
/run/media/falconnier/Elements/BIDS_datasets_selection/CORR/Utah_1/sub-0026040/ses-1/anat/sub-0026040_ses-1_run-1_T1w.nii.gz,sub-0026040,ses-1,mean,198.3869666303367,"('Utah_1', nan, nan)",False,False,True,True,False
/run/media/falconnier/Elements/BIDS_datasets_selection/CORR/Utah_1/sub-0026040/ses-2/anat/sub-0026040_ses-2_run-1_T1w.nii.gz,sub-0026040,ses-2,mean,197.7393936846044,"('Utah_1', nan, nan)",False,False,True,False,False
/run/media/falconnier/Elements/BIDS_datasets_selection/CORR/Utah_1/sub-0026018/ses-2/anat/sub-0026018_ses-2_run-1_T1w.nii.gz,sub-0026018,ses-2,std,132.47887598741923,"('Utah_1', nan, nan)",False,False,False,True,False
/run/media/falconnier/Elements/BIDS_datasets_selection/CORR/Utah_1/sub-0026040/ses-1/anat/sub-0026040_ses-1_run-1_T1w.nii.gz,sub-0026040,ses-1,std,190.92809196293192,"('Utah_1', nan, nan)",False,False,False,True,False
/run/media/falconnier/Elements/BIDS_datasets_selection/CORR/Utah_1/sub-0026028/ses-1/anat/sub-0026028_ses-1_run-1_T1w.nii.gz,sub-0026028,ses-1,mad,18.0,"('Utah_1', nan, nan)",False,False,False,True,False
/run/media/falconnier/Elements/BIDS_datasets_selection/CORR/Utah_1/sub-0026040/ses-2/anat/sub-0026040_ses-2_run-1_T1w.nii.gz,sub-0026040,ses-2,mad,137.0,"('Utah_1', nan, nan)",False,False,False,True,False
/run/media/falconnier/Elements/BIDS_datasets_selection/CORR/Utah_1/sub-0026024/ses-1/anat/sub-0026024_ses-1_run-1_T1w.nii.gz,sub-0026024,ses-1,entropy,2.2342194422806547,"('Utah_1', nan, nan)",False,False,True,False,False
/run/media/falconnier/Elements/BIDS_datasets_selection/CORR/Utah_1/sub-0026026/ses-1/anat/sub-0026026_ses-1_run-1_T1w.nii.gz,sub-0026026,ses-1,entropy,2.5387393820237274,"('Utah_1', nan, nan)",False,False,True,True,False
/run/media/falconnier/Elements/BIDS_datasets_selection/CORR/Utah_1/sub-0026039/ses-2/anat/sub-0026039_ses-2_run-1_T1w.nii.gz,sub-0026039,ses-2,entropy,0.0697143419226262,"('Utah_1', nan, nan)",False,False,False,True,False
/run/media/falconnier/Elements/BIDS_datasets_selection/CORR/Utah_1/sub-0026019/ses-2/anat/sub-0026019_ses-2_run-1_T1w.nii.gz,sub-0026019,ses-2,efc,0.4169,"('Utah_1', nan, nan)",False,False,False,True,False
/run/media/falconnier/Elements/BIDS_datasets_selection/CORR/Utah_1/sub-0026032/ses-1/anat/sub-0026032_ses-1_run-1_T1w.nii.gz,sub-0026032,ses-1,efc,0.4758,"('Utah_1', nan, nan)",False,False,False,True,False
/run/media/falconnier/Elements/BIDS_datasets_selection/CORR/Utah_1/sub-0026019/ses-1/anat/sub-0026019_ses-1_run-1_T1w.nii.gz,sub-0026019,ses-1,nonzero_frac,0.3808738454182943,"('Utah_1', nan, nan)",False,False,False,True,False
/run/media/falconnier/Elements/BIDS_datasets_selection/CORR/Utah_1/sub-0026026/ses-1/anat/sub-0026026_ses-1_run-1_T1w.nii.gz,sub-0026026,ses-1,nonzero_frac,0.5383806228637695,"('Utah_1', nan, nan)",False,False,False,True,False
/run/media/falconnier/Elements/BIDS_datasets_selection/CORR/Utah_1/sub-0026024/ses-1/anat/sub-0026024_ses-1_run-1_T1w.nii.gz,sub-0026024,ses-1,n_nonzero,5577776.0,"('Utah_1', nan, nan)",False,True,True,False,False
/run/media/falconnier/Elements/BIDS_datasets_selection/CORR/Utah_1/sub-0026026/ses-1/anat/sub-0026026_ses-1_run-1_T1w.nii.gz,sub-0026026,ses-1,n_nonzero,5645330.0,"('Utah_1', nan, nan)",False,True,True,False,False
/run/media/falconnier/Elements/BIDS_datasets_selection/CORR/Utah_1/sub-0026035/ses-1/anat/sub-0026035_ses-1_run-1_T1w.nii.gz,sub-0026035,ses-1,n_nonzero,5414687.0,"('Utah_1', nan, nan)",False,True,True,True,False
/run/media/falconnier/Elements/BIDS_datasets_selection/CORR/Utah_1/sub-0026034/ses-2/anat/sub-0026034_ses-2_run-1_T1w.nii.gz,sub-0026034,ses-2,n_nonzero,19969283.0,"('Utah_1', nan, nan)",False,False,False,True,False
/run/media/falconnier/Elements/BIDS_datasets_selection/CORR/Utah_1/sub-0026018/ses-2/anat/sub-0026018_ses-2_run-1_T1w.nii.gz,sub-0026018,ses-2,kurtosis,240.0866912173565,"('Utah_1', nan, nan)",False,False,True,False,False
/run/media/falconnier/Elements/BIDS_datasets_selection/CORR/Utah_1/sub-0026019/ses-1/anat/sub-0026019_ses-1_run-1_T1w.nii.gz,sub-0026019,ses-1,kurtosis,623.7880324719583,"('Utah_1', nan, nan)",False,True,True,False,False
/run/media/falconnier/Elements/BIDS_datasets_selection/CORR/Utah_1/sub-0026020/ses-2/anat/sub-0026020_ses-2_run-1_T1w.nii.gz,sub-0026020,ses-2,kurtosis,105.478562521941,"('Utah_1', nan, nan)",False,False,True,False,False
/run/media/falconnier/Elements/BIDS_datasets_selection/CORR/Utah_1/sub-0026021/ses-1/anat/sub-0026021_ses-1_run-1_T1w.nii.gz,sub-0026021,ses-1,kurtosis,105.2906838015816,"('Utah_1', nan, nan)",False,False,True,False,False
/run/media/falconnier/Elements/BIDS_datasets_selection/CORR/Utah_1/sub-0026023/ses-2/anat/sub-0026023_ses-2_run-1_T1w.nii.gz,sub-0026023,ses-2,kurtosis,171.89626199970596,"('Utah_1', nan, nan)",False,False,True,False,False
/run/media/falconnier/Elements/BIDS_datasets_selection/CORR/Utah_1/sub-0026026/ses-1/anat/sub-0026026_ses-1_run-1_T1w.nii.gz,sub-0026026,ses-1,kurtosis,-0.8247184559395571,"('Utah_1', nan, nan)",False,False,False,True,False
/run/media/falconnier/Elements/BIDS_datasets_selection/CORR/Utah_1/sub-0026024/ses-2/anat/sub-0026024_ses-2_run-1_T1w.nii.gz,sub-0026024,ses-2,kurtosis,30.49790037680512,"('Utah_1', nan, nan)",False,False,True,False,False
/run/media/falconnier/Elements/BIDS_datasets_selection/CORR/Utah_1/sub-0026027/ses-1/anat/sub-0026027_ses-1_run-1_T1w.nii.gz,sub-0026027,ses-1,kurtosis,94.26327610326248,"('Utah_1', nan, nan)",False,False,True,False,False
/run/media/falconnier/Elements/BIDS_datasets_selection/CORR/Utah_1/sub-0026026/ses-2/anat/sub-0026026_ses-2_run-1_T1w.nii.gz,sub-0026026,ses-2,kurtosis,99.53183494570769,"('Utah_1', nan, nan)",False,False,True,False,False
/run/media/falconnier/Elements/BIDS_datasets_selection/CORR/Utah_1/sub-0026027/ses-2/anat/sub-0026027_ses-2_run-1_T1w.nii.gz,sub-0026027,ses-2,kurtosis,146.69109183176587,"('Utah_1', nan, nan)",False,False,True,False,False
/run/media/falconnier/Elements/BIDS_datasets_selection/CORR/Utah_1/sub-0026029/ses-1/anat/sub-0026029_ses-1_run-1_T1w.nii.gz,sub-0026029,ses-1,kurtosis,25.72550892949011,"('Utah_1', nan, nan)",False,False,True,False,False
/run/media/falconnier/Elements/BIDS_datasets_selection/CORR/Utah_1/sub-0026030/ses-1/anat/sub-0026030_ses-1_run-1_T1w.nii.gz,sub-0026030,ses-1,kurtosis,20.18214302098516,"('Utah_1', nan, nan)",False,False,True,False,False
/run/media/falconnier/Elements/BIDS_datasets_selection/CORR/Utah_1/sub-0026032/ses-2/anat/sub-0026032_ses-2_run-1_T1w.nii.gz,sub-0026032,ses-2,kurtosis,170.10187125532389,"('Utah_1', nan, nan)",False,False,True,False,False
/run/media/falconnier/Elements/BIDS_datasets_selection/CORR/Utah_1/sub-0026034/ses-2/anat/sub-0026034_ses-2_run-1_T1w.nii.gz,sub-0026034,ses-2,kurtosis,235.3838466937959,"('Utah_1', nan, nan)",False,False,True,False,False
/run/media/falconnier/Elements/BIDS_datasets_selection/CORR/Utah_1/sub-0026038/ses-2/anat/sub-0026038_ses-2_run-1_T1w.nii.gz,sub-0026038,ses-2,kurtosis,214.34096693538905,"('Utah_1', nan, nan)",False,False,True,False,False
/run/media/falconnier/Elements/BIDS_datasets_selection/CORR/Utah_1/sub-0026039/ses-1/anat/sub-0026039_ses-1_run-1_T1w.nii.gz,sub-0026039,ses-1,kurtosis,34.49547671758651,"('Utah_1', nan, nan)",False,False,True,False,False
/run/media/falconnier/Elements/BIDS_datasets_selection/CORR/Utah_1/sub-0026040/ses-1/anat/sub-0026040_ses-1_run-1_T1w.nii.gz,sub-0026040,ses-1,kurtosis,288.7450578509368,"('Utah_1', nan, nan)",False,False,True,False,False
/run/media/falconnier/Elements/BIDS_datasets_selection/CORR/Utah_1/sub-0026039/ses-2/anat/sub-0026039_ses-2_run-1_T1w.nii.gz,sub-0026039,ses-2,kurtosis,116.1046040706194,"('Utah_1', nan, nan)",False,False,True,False,False
/run/media/falconnier/Elements/BIDS_datasets_selection/CORR/Utah_1/sub-0026040/ses-2/anat/sub-0026040_ses-2_run-1_T1w.nii.gz,sub-0026040,ses-2,kurtosis,116.2294978637576,"('Utah_1', nan, nan)",False,False,True,False,False
/run/media/falconnier/Elements/BIDS_datasets_selection/CORR/Utah_1/sub-0026041/ses-1/anat/sub-0026041_ses-1_run-1_T1w.nii.gz,sub-0026041,ses-1,kurtosis,77.78428509981192,"('Utah_1', nan, nan)",False,False,True,False,False
/run/media/falconnier/Elements/BIDS_datasets_selection/CORR/Utah_1/sub-0026042/ses-1/anat/sub-0026042_ses-1_run-1_T1w.nii.gz,sub-0026042,ses-1,kurtosis,43.31296252090423,"('Utah_1', nan, nan)",False,False,True,False,False
/run/media/falconnier/Elements/BIDS_datasets_selection/CORR/Utah_1/sub-0026042/ses-2/anat/sub-0026042_ses-2_run-1_T1w.nii.gz,sub-0026042,ses-2,kurtosis,46.51352599537901,"('Utah_1', nan, nan)",False,False,True,False,False
/run/media/falconnier/Elements/BIDS_datasets_selection/CORR/Utah_1/sub-0026043/ses-1/anat/sub-0026043_ses-1_run-1_T1w.nii.gz,sub-0026043,ses-1,kurtosis,1509.9279921591517,"('Utah_1', nan, nan)",True,True,True,True,False
/run/media/falconnier/Elements/BIDS_datasets_selection/CORR/Utah_1/sub-0026043/ses-2/anat/sub-0026043_ses-2_run-1_T1w.nii.gz,sub-0026043,ses-2,kurtosis,196.6101676854468,"('Utah_1', nan, nan)",False,False,True,False,False
/run/media/falconnier/Elements/BIDS_datasets_selection/CORR/Utah_1/sub-0026019/ses-1/anat/sub-0026019_ses-1_run-1_T1w.nii.gz,sub-0026019,ses-1,skewness,4.480270469272941,"('Utah_1', nan, nan)",False,True,True,False,False
/run/media/falconnier/Elements/BIDS_datasets_selection/CORR/Utah_1/sub-0026038/ses-1/anat/sub-0026038_ses-1_run-1_T1w.nii.gz,sub-0026038,ses-1,skewness,0.7816944331771682,"('Utah_1', nan, nan)",False,False,False,True,False
/run/media/falconnier/Elements/BIDS_datasets_selection/CORR/Utah_1/sub-0026043/ses-1/anat/sub-0026043_ses-1_run-1_T1w.nii.gz,sub-0026043,ses-1,skewness,9.061517497351716,"('Utah_1', nan, nan)",True,True,True,True,False
/run/media/falconnier/Elements/BIDS_datasets_selection/CORR/Utah_2/sub-0026017/ses-1/anat/sub-0026017_ses-1_run-1_T1w.nii.gz,sub-0026017,ses-1,file_size_mb,8.142563819885254,"('Utah_2', nan, nan)",False,False,False,True,False
/run/media/falconnier/Elements/BIDS_datasets_selection/CORR/Utah_2/sub-0026017/ses-10/anat/sub-0026017_ses-10_run-1_T1w.nii.gz,sub-0026017,ses-10,file_size_mb,7.968782424926758,"('Utah_2', nan, nan)",False,False,False,True,False
/run/media/falconnier/Elements/BIDS_datasets_selection/CORR/Utah_2/sub-0026017/ses-10/anat/sub-0026017_ses-10_run-1_T1w.nii.gz,sub-0026017,ses-10,max,1026.0,"('Utah_2', nan, nan)",False,False,False,True,False
/run/media/falconnier/Elements/BIDS_datasets_selection/CORR/Utah_2/sub-0026017/ses-2/anat/sub-0026017_ses-2_run-1_T1w.nii.gz,sub-0026017,ses-2,max,1239.0,"('Utah_2', nan, nan)",False,False,False,True,False
/run/media/falconnier/Elements/BIDS_datasets_selection/CORR/Utah_2/sub-0026017/ses-5/anat/sub-0026017_ses-5_run-1_T1w.nii.gz,sub-0026017,ses-5,median,52.0,"('Utah_2', nan, nan)",False,False,False,True,False
/run/media/falconnier/Elements/BIDS_datasets_selection/CORR/Utah_2/sub-0026017/ses-6/anat/sub-0026017_ses-6_run-1_T1w.nii.gz,sub-0026017,ses-6,median,45.0,"('Utah_2', nan, nan)",False,False,False,True,False
/run/media/falconnier/Elements/BIDS_datasets_selection/CORR/Utah_2/sub-0026017/ses-1/anat/sub-0026017_ses-1_run-1_T1w.nii.gz,sub-0026017,ses-1,mean,167.91701127183984,"('Utah_2', nan, nan)",False,True,False,True,False
/run/media/falconnier/Elements/BIDS_datasets_selection/CORR/Utah_2/sub-0026017/ses-10/anat/sub-0026017_ses-10_run-1_T1w.nii.gz,sub-0026017,ses-10,mean,148.34430461670337,"('Utah_2', nan, nan)",False,False,False,True,False
/run/media/falconnier/Elements/BIDS_datasets_selection/CORR/Utah_2/sub-0026017/ses-1/anat/sub-0026017_ses-1_run-1_T1w.nii.gz,sub-0026017,ses-1,std,186.0851916856926,"('Utah_2', nan, nan)",False,True,False,True,False
/run/media/falconnier/Elements/BIDS_datasets_selection/CORR/Utah_2/sub-0026017/ses-10/anat/sub-0026017_ses-10_run-1_T1w.nii.gz,sub-0026017,ses-10,std,163.20184878875796,"('Utah_2', nan, nan)",False,False,False,True,False
/run/media/falconnier/Elements/BIDS_datasets_selection/CORR/Utah_2/sub-0026017/ses-5/anat/sub-0026017_ses-5_run-1_T1w.nii.gz,sub-0026017,ses-5,mad,49.0,"('Utah_2', nan, nan)",False,False,False,True,False
/run/media/falconnier/Elements/BIDS_datasets_selection/CORR/Utah_2/sub-0026017/ses-6/anat/sub-0026017_ses-6_run-1_T1w.nii.gz,sub-0026017,ses-6,mad,42.82822370529175,"('Utah_2', nan, nan)",False,False,False,True,False
/run/media/falconnier/Elements/BIDS_datasets_selection/CORR/Utah_2/sub-0026017/ses-10/anat/sub-0026017_ses-10_run-1_T1w.nii.gz,sub-0026017,ses-10,entropy,1.9518003480086572,"('Utah_2', nan, nan)",False,False,False,True,False
/run/media/falconnier/Elements/BIDS_datasets_selection/CORR/Utah_2/sub-0026017/ses-2/anat/sub-0026017_ses-2_run-1_T1w.nii.gz,sub-0026017,ses-2,entropy,1.634286540260051,"('Utah_2', nan, nan)",False,False,False,True,False
/run/media/falconnier/Elements/BIDS_datasets_selection/CORR/Utah_2/sub-0026017/ses-5/anat/sub-0026017_ses-5_run-1_T1w.nii.gz,sub-0026017,ses-5,efc,0.372,"('Utah_2', nan, nan)",False,False,False,True,False
/run/media/falconnier/Elements/BIDS_datasets_selection/CORR/Utah_2/sub-0026017/ses-6/anat/sub-0026017_ses-6_run-1_T1w.nii.gz,sub-0026017,ses-6,efc,0.3697,"('Utah_2', nan, nan)",False,False,False,True,False
/run/media/falconnier/Elements/BIDS_datasets_selection/CORR/Utah_2/sub-0026017/ses-1/anat/sub-0026017_ses-1_run-1_T1w.nii.gz,sub-0026017,ses-1,nonzero_frac,0.3701801300048828,"('Utah_2', nan, nan)",False,False,False,True,False
/run/media/falconnier/Elements/BIDS_datasets_selection/CORR/Utah_2/sub-0026017/ses-6/anat/sub-0026017_ses-6_run-1_T1w.nii.gz,sub-0026017,ses-6,nonzero_frac,0.3682720320565359,"('Utah_2', nan, nan)",False,False,False,True,False
/run/media/falconnier/Elements/BIDS_datasets_selection/CORR/Utah_2/sub-0026017/ses-1/anat/sub-0026017_ses-1_run-1_T1w.nii.gz,sub-0026017,ses-1,n_nonzero,5434268.0,"('Utah_2', nan, nan)",False,False,False,True,False
/run/media/falconnier/Elements/BIDS_datasets_selection/CORR/Utah_2/sub-0026017/ses-6/anat/sub-0026017_ses-6_run-1_T1w.nii.gz,sub-0026017,ses-6,n_nonzero,5406257.0,"('Utah_2', nan, nan)",False,False,False,True,False
/run/media/falconnier/Elements/BIDS_datasets_selection/CORR/Utah_2/sub-0026017/ses-6/anat/sub-0026017_ses-6_run-1_T1w.nii.gz,sub-0026017,ses-6,kurtosis,-0.985059075297002,"('Utah_2', nan, nan)",False,False,False,True,False
/run/media/falconnier/Elements/BIDS_datasets_selection/CORR/Utah_2/sub-0026017/ses-8/anat/sub-0026017_ses-8_run-1_T1w.nii.gz,sub-0026017,ses-8,kurtosis,-1.03118224036363,"('Utah_2', nan, nan)",False,False,False,True,False
/run/media/falconnier/Elements/BIDS_datasets_selection/CORR/Utah_2/sub-0026017/ses-5/anat/sub-0026017_ses-5_run-1_T1w.nii.gz,sub-0026017,ses-5,skewness,0.6986535613031905,"('Utah_2', nan, nan)",False,False,False,True,False
/run/media/falconnier/Elements/BIDS_datasets_selection/CORR/Utah_2/sub-0026017/ses-6/anat/sub-0026017_ses-6_run-1_T1w.nii.gz,sub-0026017,ses-6,skewness,0.7250678952781309,"('Utah_2', nan, nan)",False,False,False,True,False
/run/media/falconnier/Elements/BIDS_datasets_selection/CORR/XHCUMS/sub-0025985/ses-1/anat/sub-0025985_ses-1_run-1_T1w.nii.gz,sub-0025985,ses-1,file_size_mb,12.182601928710938,"('XHCUMS', nan, nan)",False,True,True,True,False
/run/media/falconnier/Elements/BIDS_datasets_selection/CORR/XHCUMS/sub-0025985/ses-3/anat/sub-0025985_ses-3_run-1_T1w.nii.gz,sub-0025985,ses-3,file_size_mb,6.007719993591309,"('XHCUMS', nan, nan)",False,False,False,True,False
/run/media/falconnier/Elements/BIDS_datasets_selection/CORR/XHCUMS/sub-0025986/ses-1/anat/sub-0025986_ses-1_run-1_T1w.nii.gz,sub-0025986,ses-1,file_size_mb,6.340014457702637,"('XHCUMS', nan, nan)",False,False,False,True,False
/run/media/falconnier/Elements/BIDS_datasets_selection/CORR/XHCUMS/sub-0025986/ses-2/anat/sub-0025986_ses-2_run-1_T1w.nii.gz,sub-0025986,ses-2,file_size_mb,10.714370727539062,"('XHCUMS', nan, nan)",False,True,True,False,False
/run/media/falconnier/Elements/BIDS_datasets_selection/CORR/XHCUMS/sub-0025986/ses-3/anat/sub-0025986_ses-3_run-1_T1w.nii.gz,sub-0025986,ses-3,file_size_mb,10.600546836853027,"('XHCUMS', nan, nan)",False,True,True,False,False
/run/media/falconnier/Elements/BIDS_datasets_selection/CORR/XHCUMS/sub-0025986/ses-5/anat/sub-0025986_ses-5_run-1_T1w.nii.gz,sub-0025986,ses-5,file_size_mb,11.292216300964355,"('XHCUMS', nan, nan)",False,True,True,False,False
/run/media/falconnier/Elements/BIDS_datasets_selection/CORR/XHCUMS/sub-0025998/ses-2/anat/sub-0025998_ses-2_run-1_T1w.nii.gz,sub-0025998,ses-2,file_size_mb,11.734639167785645,"('XHCUMS', nan, nan)",False,True,True,False,False
/run/media/falconnier/Elements/BIDS_datasets_selection/CORR/XHCUMS/sub-0025998/ses-3/anat/sub-0025998_ses-3_run-1_T1w.nii.gz,sub-0025998,ses-3,file_size_mb,10.83574104309082,"('XHCUMS', nan, nan)",False,True,True,False,False
/run/media/falconnier/Elements/BIDS_datasets_selection/CORR/XHCUMS/sub-0026000/ses-1/anat/sub-0026000_ses-1_run-1_T1w.nii.gz,sub-0026000,ses-1,file_size_mb,11.38827896118164,"('XHCUMS', nan, nan)",False,True,True,False,False
/run/media/falconnier/Elements/BIDS_datasets_selection/CORR/XHCUMS/sub-0026000/ses-5/anat/sub-0026000_ses-5_run-1_T1w.nii.gz,sub-0026000,ses-5,file_size_mb,11.774456024169922,"('XHCUMS', nan, nan)",False,True,True,True,False
/run/media/falconnier/Elements/BIDS_datasets_selection/CORR/XHCUMS/sub-0025982/ses-1/anat/sub-0025982_ses-1_run-1_T1w.nii.gz,sub-0025982,ses-1,max,2255.0,"('XHCUMS', nan, nan)",False,False,False,True,False
/run/media/falconnier/Elements/BIDS_datasets_selection/CORR/XHCUMS/sub-0025982/ses-4/anat/sub-0025982_ses-4_run-1_T1w.nii.gz,sub-0025982,ses-4,max,2391.0,"('XHCUMS', nan, nan)",False,True,True,True,False
/run/media/falconnier/Elements/BIDS_datasets_selection/CORR/XHCUMS/sub-0025986/ses-1/anat/sub-0025986_ses-1_run-1_T1w.nii.gz,sub-0025986,ses-1,max,1113.0,"('XHCUMS', nan, nan)",False,False,False,True,False
/run/media/falconnier/Elements/BIDS_datasets_selection/CORR/XHCUMS/sub-0025988/ses-1/anat/sub-0025988_ses-1_run-1_T1w.nii.gz,sub-0025988,ses-1,max,1124.9901123046875,"('XHCUMS', nan, nan)",False,False,False,True,False
/run/media/falconnier/Elements/BIDS_datasets_selection/CORR/XHCUMS/sub-0025985/ses-1/anat/sub-0025985_ses-1_run-1_T1w.nii.gz,sub-0025985,ses-1,median,24.0,"('XHCUMS', nan, nan)",False,False,False,True,False
/run/media/falconnier/Elements/BIDS_datasets_selection/CORR/XHCUMS/sub-0026000/ses-2/anat/sub-0026000_ses-2_run-1_T1w.nii.gz,sub-0026000,ses-2,median,230.0,"('XHCUMS', nan, nan)",False,False,False,True,False
/run/media/falconnier/Elements/BIDS_datasets_selection/CORR/XHCUMS/sub-0026000/ses-3/anat/sub-0026000_ses-3_run-1_T1w.nii.gz,sub-0026000,ses-3,median,204.0,"('XHCUMS', nan, nan)",False,False,False,True,False
/run/media/falconnier/Elements/BIDS_datasets_selection/CORR/XHCUMS/sub-0025985/ses-1/anat/sub-0025985_ses-1_run-1_T1w.nii.gz,sub-0025985,ses-1,mean,155.3986658742837,"('XHCUMS', nan, nan)",False,False,False,True,False
/run/media/falconnier/Elements/BIDS_datasets_selection/CORR/XHCUMS/sub-0025991/ses-3/anat/sub-0025991_ses-3_run-1_T1w.nii.gz,sub-0025991,ses-3,mean,164.41016943135597,"('XHCUMS', nan, nan)",False,False,False,True,False
/run/media/falconnier/Elements/BIDS_datasets_selection/CORR/XHCUMS/sub-0025996/ses-1/anat/sub-0025996_ses-1_run-1_T1w.nii.gz,sub-0025996,ses-1,mean,235.27010994706703,"('XHCUMS', nan, nan)",False,False,False,True,False
/run/media/falconnier/Elements/BIDS_datasets_selection/CORR/XHCUMS/sub-0026000/ses-2/anat/sub-0026000_ses-2_run-1_T1w.nii.gz,sub-0026000,ses-2,mean,258.360755694406,"('XHCUMS', nan, nan)",False,True,True,True,False
/run/media/falconnier/Elements/BIDS_datasets_selection/CORR/XHCUMS/sub-0025982/ses-1/anat/sub-0025982_ses-1_run-1_T1w.nii.gz,sub-0025982,ses-1,std,252.91747030328796,"('XHCUMS', nan, nan)",False,False,False,True,False
/run/media/falconnier/Elements/BIDS_datasets_selection/CORR/XHCUMS/sub-0025982/ses-4/anat/sub-0025982_ses-4_run-1_T1w.nii.gz,sub-0025982,ses-4,std,263.1892170828707,"('XHCUMS', nan, nan)",False,False,False,True,False
/run/media/falconnier/Elements/BIDS_datasets_selection/CORR/XHCUMS/sub-0025988/ses-1/anat/sub-0025988_ses-1_run-1_T1w.nii.gz,sub-0025988,ses-1,std,175.1860837268756,"('XHCUMS', nan, nan)",False,False,False,True,False
/run/media/falconnier/Elements/BIDS_datasets_selection/CORR/XHCUMS/sub-0025997/ses-4/anat/sub-0025997_ses-4_run-1_T1w.nii.gz,sub-0025997,ses-4,std,172.29241121994156,"('XHCUMS', nan, nan)",False,False,False,True,False
/run/media/falconnier/Elements/BIDS_datasets_selection/CORR/XHCUMS/sub-0025985/ses-1/anat/sub-0025985_ses-1_run-1_T1w.nii.gz,sub-0025985,ses-1,mad,21.0,"('XHCUMS', nan, nan)",False,True,False,True,False
/run/media/falconnier/Elements/BIDS_datasets_selection/CORR/XHCUMS/sub-0025996/ses-1/anat/sub-0025996_ses-1_run-1_T1w.nii.gz,sub-0025996,ses-1,mad,185.0,"('XHCUMS', nan, nan)",False,False,False,True,False
/run/media/falconnier/Elements/BIDS_datasets_selection/CORR/XHCUMS/sub-0026000/ses-2/anat/sub-0026000_ses-2_run-1_T1w.nii.gz,sub-0026000,ses-2,mad,202.0,"('XHCUMS', nan, nan)",False,False,False,True,False
/run/media/falconnier/Elements/BIDS_datasets_selection/CORR/XHCUMS/sub-0025982/ses-1/anat/sub-0025982_ses-1_run-1_T1w.nii.gz,sub-0025982,ses-1,entropy,0.959033616235778,"('XHCUMS', nan, nan)",False,False,False,True,False
/run/media/falconnier/Elements/BIDS_datasets_selection/CORR/XHCUMS/sub-0025982/ses-4/anat/sub-0025982_ses-4_run-1_T1w.nii.gz,sub-0025982,ses-4,entropy,0.9166489309279424,"('XHCUMS', nan, nan)",False,False,False,True,False
/run/media/falconnier/Elements/BIDS_datasets_selection/CORR/XHCUMS/sub-0025986/ses-1/anat/sub-0025986_ses-1_run-1_T1w.nii.gz,sub-0025986,ses-1,entropy,1.923061182324084,"('XHCUMS', nan, nan)",False,False,False,True,False
/run/media/falconnier/Elements/BIDS_datasets_selection/CORR/XHCUMS/sub-0025988/ses-1/anat/sub-0025988_ses-1_run-1_T1w.nii.gz,sub-0025988,ses-1,entropy,1.850022250535013,"('XHCUMS', nan, nan)",False,False,False,True,False
/run/media/falconnier/Elements/BIDS_datasets_selection/CORR/XHCUMS/sub-0025985/ses-3/anat/sub-0025985_ses-3_run-1_T1w.nii.gz,sub-0025985,ses-3,efc,0.3574,"('XHCUMS', nan, nan)",False,False,False,True,False
/run/media/falconnier/Elements/BIDS_datasets_selection/CORR/XHCUMS/sub-0025987/ses-5/anat/sub-0025987_ses-5_run-1_T1w.nii.gz,sub-0025987,ses-5,efc,0.3645,"('XHCUMS', nan, nan)",False,False,False,True,False
/run/media/falconnier/Elements/BIDS_datasets_selection/CORR/XHCUMS/sub-0025998/ses-2/anat/sub-0025998_ses-2_run-1_T1w.nii.gz,sub-0025998,ses-2,efc,0.5187,"('XHCUMS', nan, nan)",False,False,False,True,False
/run/media/falconnier/Elements/BIDS_datasets_selection/CORR/XHCUMS/sub-0026000/ses-5/anat/sub-0026000_ses-5_run-1_T1w.nii.gz,sub-0026000,ses-5,efc,0.5175,"('XHCUMS', nan, nan)",False,False,False,True,False
/run/media/falconnier/Elements/BIDS_datasets_selection/CORR/XHCUMS/sub-0025985/ses-1/anat/sub-0025985_ses-1_run-1_T1w.nii.gz,sub-0025985,ses-1,nonzero_frac,0.7545601237903942,"('XHCUMS', nan, nan)",False,True,True,True,False
/run/media/falconnier/Elements/BIDS_datasets_selection/CORR/XHCUMS/sub-0025985/ses-3/anat/sub-0025985_ses-3_run-1_T1w.nii.gz,sub-0025985,ses-3,nonzero_frac,0.3371362686157226,"('XHCUMS', nan, nan)",False,False,False,True,False
/run/media/falconnier/Elements/BIDS_datasets_selection/CORR/XHCUMS/sub-0025986/ses-2/anat/sub-0025986_ses-2_run-1_T1w.nii.gz,sub-0025986,ses-2,nonzero_frac,0.644847956570712,"('XHCUMS', nan, nan)",False,True,True,False,False
/run/media/falconnier/Elements/BIDS_datasets_selection/CORR/XHCUMS/sub-0025986/ses-3/anat/sub-0025986_ses-3_run-1_T1w.nii.gz,sub-0025986,ses-3,nonzero_frac,0.6399855180220171,"('XHCUMS', nan, nan)",False,True,True,False,False
/run/media/falconnier/Elements/BIDS_datasets_selection/CORR/XHCUMS/sub-0025986/ses-5/anat/sub-0025986_ses-5_run-1_T1w.nii.gz,sub-0025986,ses-5,nonzero_frac,0.668391921303489,"('XHCUMS', nan, nan)",False,True,True,False,False
/run/media/falconnier/Elements/BIDS_datasets_selection/CORR/XHCUMS/sub-0025998/ses-2/anat/sub-0025998_ses-2_run-1_T1w.nii.gz,sub-0025998,ses-2,nonzero_frac,0.6910775791515004,"('XHCUMS', nan, nan)",False,True,True,True,False
/run/media/falconnier/Elements/BIDS_datasets_selection/CORR/XHCUMS/sub-0025998/ses-3/anat/sub-0025998_ses-3_run-1_T1w.nii.gz,sub-0025998,ses-3,nonzero_frac,0.6483980525623668,"('XHCUMS', nan, nan)",False,True,True,False,False
/run/media/falconnier/Elements/BIDS_datasets_selection/CORR/XHCUMS/sub-0026000/ses-2/anat/sub-0026000_ses-2_run-1_T1w.nii.gz,sub-0026000,ses-2,nonzero_frac,0.3396478132768111,"('XHCUMS', nan, nan)",False,False,False,True,False
/run/media/falconnier/Elements/BIDS_datasets_selection/CORR/XHCUMS/sub-0026000/ses-1/anat/sub-0026000_ses-1_run-1_T1w.nii.gz,sub-0026000,ses-1,nonzero_frac,0.6456415869972922,"('XHCUMS', nan, nan)",False,True,True,False,False
/run/media/falconnier/Elements/BIDS_datasets_selection/CORR/XHCUMS/sub-0026000/ses-5/anat/sub-0026000_ses-5_run-1_T1w.nii.gz,sub-0026000,ses-5,nonzero_frac,0.6829976168545809,"('XHCUMS', nan, nan)",False,True,True,False,False
/run/media/falconnier/Elements/BIDS_datasets_selection/CORR/XHCUMS/sub-0025985/ses-1/anat/sub-0025985_ses-1_run-1_T1w.nii.gz,sub-0025985,ses-1,n_nonzero,8703350.0,"('XHCUMS', nan, nan)",False,True,True,True,False
/run/media/falconnier/Elements/BIDS_datasets_selection/CORR/XHCUMS/sub-0025985/ses-3/anat/sub-0025985_ses-3_run-1_T1w.nii.gz,sub-0025985,ses-3,n_nonzero,3888643.0,"('XHCUMS', nan, nan)",False,False,False,True,False
/run/media/falconnier/Elements/BIDS_datasets_selection/CORR/XHCUMS/sub-0025986/ses-2/anat/sub-0025986_ses-2_run-1_T1w.nii.gz,sub-0025986,ses-2,n_nonzero,7437893.0,"('XHCUMS', nan, nan)",False,True,True,False,False
/run/media/falconnier/Elements/BIDS_datasets_selection/CORR/XHCUMS/sub-0025986/ses-3/anat/sub-0025986_ses-3_run-1_T1w.nii.gz,sub-0025986,ses-3,n_nonzero,7381808.0,"('XHCUMS', nan, nan)",False,True,True,False,False
/run/media/falconnier/Elements/BIDS_datasets_selection/CORR/XHCUMS/sub-0025986/ses-5/anat/sub-0025986_ses-5_run-1_T1w.nii.gz,sub-0025986,ses-5,n_nonzero,7709457.0,"('XHCUMS', nan, nan)",False,True,True,False,False
/run/media/falconnier/Elements/BIDS_datasets_selection/CORR/XHCUMS/sub-0025998/ses-2/anat/sub-0025998_ses-2_run-1_T1w.nii.gz,sub-0025998,ses-2,n_nonzero,7971121.0,"('XHCUMS', nan, nan)",False,True,True,True,False
/run/media/falconnier/Elements/BIDS_datasets_selection/CORR/XHCUMS/sub-0025998/ses-3/anat/sub-0025998_ses-3_run-1_T1w.nii.gz,sub-0025998,ses-3,n_nonzero,7478841.0,"('XHCUMS', nan, nan)",False,True,True,False,False
/run/media/falconnier/Elements/BIDS_datasets_selection/CORR/XHCUMS/sub-0026000/ses-2/anat/sub-0026000_ses-2_run-1_T1w.nii.gz,sub-0026000,ses-2,n_nonzero,3917612.0,"('XHCUMS', nan, nan)",False,False,False,True,False
/run/media/falconnier/Elements/BIDS_datasets_selection/CORR/XHCUMS/sub-0026000/ses-1/anat/sub-0026000_ses-1_run-1_T1w.nii.gz,sub-0026000,ses-1,n_nonzero,7447047.0,"('XHCUMS', nan, nan)",False,True,True,False,False
/run/media/falconnier/Elements/BIDS_datasets_selection/CORR/XHCUMS/sub-0026000/ses-5/anat/sub-0026000_ses-5_run-1_T1w.nii.gz,sub-0026000,ses-5,n_nonzero,7877924.0,"('XHCUMS', nan, nan)",False,True,True,False,False
/run/media/falconnier/Elements/BIDS_datasets_selection/CORR/XHCUMS/sub-0025982/ses-4/anat/sub-0025982_ses-4_run-1_T1w.nii.gz,sub-0025982,ses-4,kurtosis,3.463436288645912,"('XHCUMS', nan, nan)",False,False,False,True,False
/run/media/falconnier/Elements/BIDS_datasets_selection/CORR/XHCUMS/sub-0025995/ses-3/anat/sub-0025995_ses-3_run-1_T1w.nii.gz,sub-0025995,ses-3,kurtosis,3.463195959863433,"('XHCUMS', nan, nan)",False,False,False,True,False
/run/media/falconnier/Elements/BIDS_datasets_selection/CORR/XHCUMS/sub-0026002/ses-2/anat/sub-0026002_ses-2_run-1_T1w.nii.gz,sub-0026002,ses-2,kurtosis,-0.2523974050990265,"('XHCUMS', nan, nan)",False,False,False,True,False
/run/media/falconnier/Elements/BIDS_datasets_selection/CORR/XHCUMS/sub-0026002/ses-3/anat/sub-0026002_ses-3_run-1_T1w.nii.gz,sub-0026002,ses-3,kurtosis,-0.2225788901822802,"('XHCUMS', nan, nan)",False,False,False,True,False
/run/media/falconnier/Elements/BIDS_datasets_selection/CORR/XHCUMS/sub-0025984/ses-3/anat/sub-0025984_ses-3_run-1_T1w.nii.gz,sub-0025984,ses-3,skewness,1.592939775630503,"('XHCUMS', nan, nan)",False,False,False,True,False
/run/media/falconnier/Elements/BIDS_datasets_selection/CORR/XHCUMS/sub-0025987/ses-5/anat/sub-0025987_ses-5_run-1_T1w.nii.gz,sub-0025987,ses-5,skewness,1.6386865764497551,"('XHCUMS', nan, nan)",False,False,False,True,False
/run/media/falconnier/Elements/BIDS_datasets_selection/CORR/XHCUMS/sub-0025997/ses-3/anat/sub-0025997_ses-3_run-1_T1w.nii.gz,sub-0025997,ses-3,skewness,0.707307304318425,"('XHCUMS', nan, nan)",False,False,False,True,False
/run/media/falconnier/Elements/BIDS_datasets_selection/CORR/XHCUMS/sub-0025997/ses-4/anat/sub-0025997_ses-4_run-1_T1w.nii.gz,sub-0025997,ses-4,skewness,0.6965711692266777,"('XHCUMS', nan, nan)",False,False,False,True,False
