path,subject,session,metric,value,group,z_sigma,iqr,mad,threshold_rule
/run/media/falconnier/Elements1/BIDS_datasets_selection/NIMH/sub-ON08710/ses-01/anat/sub-ON08710_ses-01_acq-forMEGCoregistration_T1w.nii.gz,sub-ON08710,ses-01,file_size_mb,3.176424980163574,"('NIMH', np.float64(nan), np.float64(nan))",False,False,True,True
/run/media/falconnier/Elements1/BIDS_datasets_selection/NIMH/sub-ON09540/ses-01/anat/sub-ON09540_ses-01_acq-forMEGCoregistration_T1w.nii.gz,sub-ON09540,ses-01,file_size_mb,3.2447805404663086,"('NIMH', np.float64(nan), np.float64(nan))",False,False,True,True
/run/media/falconnier/Elements1/BIDS_datasets_selection/NIMH/sub-ON09760/ses-01/anat/sub-ON09760_ses-01_acq-forMEGCoregistration_T1w.nii.gz,sub-ON09760,ses-01,file_size_mb,3.5755786895751958,"('NIMH', np.float64(nan), np.float64(nan))",False,False,False,True
/run/media/falconnier/Elements1/BIDS_datasets_selection/NIMH/sub-ON09766/ses-01/anat/sub-ON09766_ses-01_acq-forMEGCoregistration_T1w.nii.gz,sub-ON09766,ses-01,file_size_mb,3.7784929275512695,"('NIMH', np.float64(nan), np.float64(nan))",False,False,False,True
/run/media/falconnier/Elements1/BIDS_datasets_selection/NIMH/sub-ON33221/ses-01/anat/sub-ON33221_ses-01_acq-forMEGCoregistration_T1w.nii.gz,sub-ON33221,ses-01,file_size_mb,3.7142019271850586,"('NIMH', np.float64(nan), np.float64(nan))",False,False,False,True
/run/media/falconnier/Elements1/BIDS_datasets_selection/NIMH/sub-ON51111/ses-01/anat/sub-ON51111_ses-01_acq-forMEGCoregistration_T1w.nii.gz,sub-ON51111,ses-01,file_size_mb,3.289435386657715,"('NIMH', np.float64(nan), np.float64(nan))",False,False,True,True
/run/media/falconnier/Elements1/BIDS_datasets_selection/NIMH/sub-ON52220/ses-01/anat/sub-ON52220_ses-01_acq-forMEGCoregistration_T1w.nii.gz,sub-ON52220,ses-01,file_size_mb,3.1883058547973637,"('NIMH', np.float64(nan), np.float64(nan))",False,False,True,True
/run/media/falconnier/Elements1/BIDS_datasets_selection/NIMH/sub-ON62200/ses-01/anat/sub-ON62200_ses-01_acq-forMEGCoregistration_T1w.nii.gz,sub-ON62200,ses-01,file_size_mb,3.476569175720215,"('NIMH', np.float64(nan), np.float64(nan))",False,False,False,True
/run/media/falconnier/Elements1/BIDS_datasets_selection/NIMH/sub-ON75100/ses-01/anat/sub-ON75100_ses-01_acq-forMEGCoregistration_T1w.nii.gz,sub-ON75100,ses-01,file_size_mb,3.986395835876465,"('NIMH', np.float64(nan), np.float64(nan))",False,False,False,True
/run/media/falconnier/Elements1/BIDS_datasets_selection/NIMH/sub-ON76144/ses-01/anat/sub-ON76144_ses-01_acq-forMEGCoregistration_T1w.nii.gz,sub-ON76144,ses-01,file_size_mb,3.504185676574707,"('NIMH', np.float64(nan), np.float64(nan))",False,False,False,True
/run/media/falconnier/Elements1/BIDS_datasets_selection/NIMH/sub-ON76320/ses-01/anat/sub-ON76320_ses-01_acq-forMEGCoregistration_T1w.nii.gz,sub-ON76320,ses-01,file_size_mb,3.754982948303223,"('NIMH', np.float64(nan), np.float64(nan))",False,False,False,True
/run/media/falconnier/Elements1/BIDS_datasets_selection/NIMH/sub-ON76525/ses-01/anat/sub-ON76525_ses-01_acq-forMEGCoregistration_T1w.nii.gz,sub-ON76525,ses-01,file_size_mb,3.567030906677246,"('NIMH', np.float64(nan), np.float64(nan))",False,False,False,True
/run/media/falconnier/Elements1/BIDS_datasets_selection/NIMH/sub-ON76625/ses-01/anat/sub-ON76625_ses-01_acq-forMEGCoregistration_T1w.nii.gz,sub-ON76625,ses-01,file_size_mb,3.666604042053223,"('NIMH', np.float64(nan), np.float64(nan))",False,False,False,True
/run/media/falconnier/Elements1/BIDS_datasets_selection/NIMH/sub-ON77753/ses-01/anat/sub-ON77753_ses-01_acq-forMEGCoregistration_T1w.nii.gz,sub-ON77753,ses-01,file_size_mb,3.825984001159668,"('NIMH', np.float64(nan), np.float64(nan))",False,False,False,True
/run/media/falconnier/Elements1/BIDS_datasets_selection/NIMH/sub-ON83320/ses-01/anat/sub-ON83320_ses-01_acq-forMEGCoregistration_T1w.nii.gz,sub-ON83320,ses-01,file_size_mb,3.359813690185547,"('NIMH', np.float64(nan), np.float64(nan))",False,False,True,True
/run/media/falconnier/Elements1/BIDS_datasets_selection/NIMH/sub-ON85010/ses-01/anat/sub-ON85010_ses-01_acq-forMEGCoregistration_T1w.nii.gz,sub-ON85010,ses-01,file_size_mb,3.601447105407715,"('NIMH', np.float64(nan), np.float64(nan))",False,False,False,True
/run/media/falconnier/Elements1/BIDS_datasets_selection/NIMH/sub-ON85301/ses-01/anat/sub-ON85301_ses-01_acq-forMEGCoregistration_T1w.nii.gz,sub-ON85301,ses-01,file_size_mb,3.588348388671875,"('NIMH', np.float64(nan), np.float64(nan))",False,False,False,True
/run/media/falconnier/Elements1/BIDS_datasets_selection/NIMH/sub-ON85400/ses-01/anat/sub-ON85400_ses-01_acq-forMEGCoregistration_T1w.nii.gz,sub-ON85400,ses-01,file_size_mb,3.404853820800781,"('NIMH', np.float64(nan), np.float64(nan))",False,False,True,True
/run/media/falconnier/Elements1/BIDS_datasets_selection/NIMH/sub-ON85514/ses-01/anat/sub-ON85514_ses-01_acq-forMEGCoregistration_T1w.nii.gz,sub-ON85514,ses-01,file_size_mb,3.594091415405273,"('NIMH', np.float64(nan), np.float64(nan))",False,False,False,True
/run/media/falconnier/Elements1/BIDS_datasets_selection/NIMH/sub-ON87304/ses-01/anat/sub-ON87304_ses-01_acq-forMEGCoregistration_T1w.nii.gz,sub-ON87304,ses-01,file_size_mb,3.1798582077026367,"('NIMH', np.float64(nan), np.float64(nan))",False,False,True,True
/run/media/falconnier/Elements1/BIDS_datasets_selection/NIMH/sub-ON87550/ses-01/anat/sub-ON87550_ses-01_acq-forMEGCoregistration_T1w.nii.gz,sub-ON87550,ses-01,file_size_mb,3.736567497253418,"('NIMH', np.float64(nan), np.float64(nan))",False,False,False,True
/run/media/falconnier/Elements1/BIDS_datasets_selection/NIMH/sub-ON87631/ses-01/anat/sub-ON87631_ses-01_acq-forMEGCoregistration_T1w.nii.gz,sub-ON87631,ses-01,file_size_mb,3.0598344802856445,"('NIMH', np.float64(nan), np.float64(nan))",False,False,True,True
/run/media/falconnier/Elements1/BIDS_datasets_selection/NIMH/sub-ON87642/ses-01/anat/sub-ON87642_ses-01_acq-forMEGCoregistration_T1w.nii.gz,sub-ON87642,ses-01,file_size_mb,3.344344139099121,"('NIMH', np.float64(nan), np.float64(nan))",False,False,True,True
/run/media/falconnier/Elements1/BIDS_datasets_selection/NIMH/sub-ON87655/ses-01/anat/sub-ON87655_ses-01_acq-forMEGCoregistration_T1w.nii.gz,sub-ON87655,ses-01,file_size_mb,3.815061569213867,"('NIMH', np.float64(nan), np.float64(nan))",False,False,False,True
/run/media/falconnier/Elements1/BIDS_datasets_selection/NIMH/sub-ON87743/ses-01/anat/sub-ON87743_ses-01_acq-forMEGCoregistration_T1w.nii.gz,sub-ON87743,ses-01,file_size_mb,3.289830207824707,"('NIMH', np.float64(nan), np.float64(nan))",False,False,True,True
/run/media/falconnier/Elements1/BIDS_datasets_selection/NIMH/sub-ON87777/ses-01/anat/sub-ON87777_ses-01_acq-forMEGCoregistration_T1w.nii.gz,sub-ON87777,ses-01,file_size_mb,3.8370981216430655,"('NIMH', np.float64(nan), np.float64(nan))",False,False,False,True
/run/media/falconnier/Elements1/BIDS_datasets_selection/NIMH/sub-ON88762/ses-01/anat/sub-ON88762_ses-01_acq-forMEGCoregistration_T1w.nii.gz,sub-ON88762,ses-01,file_size_mb,3.1614131927490234,"('NIMH', np.float64(nan), np.float64(nan))",False,False,True,True
/run/media/falconnier/Elements1/BIDS_datasets_selection/NIMH/sub-ON92220/ses-01/anat/sub-ON92220_ses-01_acq-forMEGCoregistration_T1w.nii.gz,sub-ON92220,ses-01,file_size_mb,3.4002609252929688,"('NIMH', np.float64(nan), np.float64(nan))",False,False,True,True
/run/media/falconnier/Elements1/BIDS_datasets_selection/NIMH/sub-ON93222/ses-01/anat/sub-ON93222_ses-01_acq-forMEGCoregistration_T1w.nii.gz,sub-ON93222,ses-01,file_size_mb,3.2628650665283203,"('NIMH', np.float64(nan), np.float64(nan))",False,False,True,True
/run/media/falconnier/Elements1/BIDS_datasets_selection/NIMH/sub-ON94110/ses-01/anat/sub-ON94110_ses-01_acq-forMEGCoregistration_T1w.nii.gz,sub-ON94110,ses-01,file_size_mb,3.371055603027344,"('NIMH', np.float64(nan), np.float64(nan))",False,False,True,True
/run/media/falconnier/Elements1/BIDS_datasets_selection/NIMH/sub-ON95520/ses-01/anat/sub-ON95520_ses-01_acq-forMEGCoregistration_T1w.nii.gz,sub-ON95520,ses-01,file_size_mb,3.52993106842041,"('NIMH', np.float64(nan), np.float64(nan))",False,False,False,True
/run/media/falconnier/Elements1/BIDS_datasets_selection/NIMH/sub-ON96252/ses-01/anat/sub-ON96252_ses-01_acq-forMEGCoregistration_T1w.nii.gz,sub-ON96252,ses-01,file_size_mb,3.109159469604492,"('NIMH', np.float64(nan), np.float64(nan))",False,False,True,True
/run/media/falconnier/Elements1/BIDS_datasets_selection/NIMH/sub-ON96353/ses-01/anat/sub-ON96353_ses-01_acq-forMEGCoregistration_T1w.nii.gz,sub-ON96353,ses-01,file_size_mb,2.9082469940185547,"('NIMH', np.float64(nan), np.float64(nan))",False,False,True,True
/run/media/falconnier/Elements1/BIDS_datasets_selection/NIMH/sub-ON96510/ses-01/anat/sub-ON96510_ses-01_acq-forMEGCoregistration_T1w.nii.gz,sub-ON96510,ses-01,file_size_mb,3.107118606567383,"('NIMH', np.float64(nan), np.float64(nan))",False,False,True,True
/run/media/falconnier/Elements1/BIDS_datasets_selection/NIMH/sub-ON96555/ses-01/anat/sub-ON96555_ses-01_acq-forMEGCoregistration_T1w.nii.gz,sub-ON96555,ses-01,file_size_mb,3.399996757507324,"('NIMH', np.float64(nan), np.float64(nan))",False,False,True,True
/run/media/falconnier/Elements1/BIDS_datasets_selection/NIMH/sub-ON97503/ses-01/anat/sub-ON97503_ses-01_acq-forMEGCoregistration_T1w.nii.gz,sub-ON97503,ses-01,file_size_mb,3.696791648864746,"('NIMH', np.float64(nan), np.float64(nan))",False,False,False,True
/run/media/falconnier/Elements1/BIDS_datasets_selection/NIMH/sub-ON97654/ses-01/anat/sub-ON97654_ses-01_acq-forMEGCoregistration_T1w.nii.gz,sub-ON97654,ses-01,file_size_mb,3.2615232467651367,"('NIMH', np.float64(nan), np.float64(nan))",False,False,True,True
/run/media/falconnier/Elements1/BIDS_datasets_selection/NIMH/sub-ON97765/ses-01/anat/sub-ON97765_ses-01_acq-forMEGCoregistration_T1w.nii.gz,sub-ON97765,ses-01,file_size_mb,3.461720466613769,"('NIMH', np.float64(nan), np.float64(nan))",False,False,False,True
/run/media/falconnier/Elements1/BIDS_datasets_selection/NIMH/sub-ON98130/ses-01/anat/sub-ON98130_ses-01_acq-forMEGCoregistration_T1w.nii.gz,sub-ON98130,ses-01,file_size_mb,3.7905702590942383,"('NIMH', np.float64(nan), np.float64(nan))",False,False,False,True
/run/media/falconnier/Elements1/BIDS_datasets_selection/NIMH/sub-ON98362/ses-01/anat/sub-ON98362_ses-01_acq-forMEGCoregistration_T1w.nii.gz,sub-ON98362,ses-01,file_size_mb,3.452000617980957,"('NIMH', np.float64(nan), np.float64(nan))",False,False,False,True
/run/media/falconnier/Elements1/BIDS_datasets_selection/NIMH/sub-ON98664/ses-01/anat/sub-ON98664_ses-01_acq-forMEGCoregistration_T1w.nii.gz,sub-ON98664,ses-01,file_size_mb,3.6364316940307617,"('NIMH', np.float64(nan), np.float64(nan))",False,False,False,True
/run/media/falconnier/Elements1/BIDS_datasets_selection/NIMH/sub-ON98745/ses-01/anat/sub-ON98745_ses-01_acq-forMEGCoregistration_T1w.nii.gz,sub-ON98745,ses-01,file_size_mb,3.500269889831543,"('NIMH', np.float64(nan), np.float64(nan))",False,False,False,True
/run/media/falconnier/Elements1/BIDS_datasets_selection/NIMH/sub-ON98826/ses-01/anat/sub-ON98826_ses-01_acq-forMEGCoregistration_T1w.nii.gz,sub-ON98826,ses-01,file_size_mb,3.307915687561035,"('NIMH', np.float64(nan), np.float64(nan))",False,False,True,True
/run/media/falconnier/Elements1/BIDS_datasets_selection/NIMH/sub-ON99547/ses-01/anat/sub-ON99547_ses-01_acq-forMEGCoregistration_T1w.nii.gz,sub-ON99547,ses-01,file_size_mb,3.93147087097168,"('NIMH', np.float64(nan), np.float64(nan))",False,False,False,True
/run/media/falconnier/Elements1/BIDS_datasets_selection/NIMH/sub-ON99633/ses-01/anat/sub-ON99633_ses-01_acq-forMEGCoregistration_T1w.nii.gz,sub-ON99633,ses-01,file_size_mb,3.1727066040039062,"('NIMH', np.float64(nan), np.float64(nan))",False,False,True,True
/run/media/falconnier/Elements1/BIDS_datasets_selection/NIMH/sub-ON99881/ses-01/anat/sub-ON99881_ses-01_acq-forMEGCoregistration_T1w.nii.gz,sub-ON99881,ses-01,file_size_mb,3.796846389770508,"('NIMH', np.float64(nan), np.float64(nan))",False,False,False,True
/run/media/falconnier/Elements1/BIDS_datasets_selection/NIMH/sub-ON99943/ses-01/anat/sub-ON99943_ses-01_acq-forMEGCoregistration_T1w.nii.gz,sub-ON99943,ses-01,file_size_mb,3.39874267578125,"('NIMH', np.float64(nan), np.float64(nan))",False,False,True,True
/run/media/falconnier/Elements1/BIDS_datasets_selection/NIMH/sub-ON98130/ses-01/anat/sub-ON98130_ses-01_acq-MPRAGE_T1w.nii.gz,sub-ON98130,ses-01,max,9833.0,"('NIMH', np.float64(nan), np.float64(nan))",True,True,True,False
/run/media/falconnier/Elements1/BIDS_datasets_selection/NIMH/sub-ON05311/ses-01/anat/sub-ON05311_ses-01_acq-FSPGR_rec-SCIC_T1w.nii.gz,sub-ON05311,ses-01,median,41.0,"('NIMH', np.float64(nan), np.float64(nan))",False,True,True,False
/run/media/falconnier/Elements1/BIDS_datasets_selection/NIMH/sub-ON08392/ses-01/anat/sub-ON08392_ses-01_acq-FSPGR_rec-SCIC_T1w.nii.gz,sub-ON08392,ses-01,median,33.0,"('NIMH', np.float64(nan), np.float64(nan))",False,True,True,False
/run/media/falconnier/Elements1/BIDS_datasets_selection/NIMH/sub-ON10965/ses-01/anat/sub-ON10965_ses-01_acq-FSPGR_rec-SCIC_T1w.nii.gz,sub-ON10965,ses-01,median,100.0,"('NIMH', np.float64(nan), np.float64(nan))",False,True,True,False
/run/media/falconnier/Elements1/BIDS_datasets_selection/NIMH/sub-ON13986/ses-01/anat/sub-ON13986_ses-01_acq-FSPGR_rec-SCIC_T1w.nii.gz,sub-ON13986,ses-01,median,41.0,"('NIMH', np.float64(nan), np.float64(nan))",False,True,True,False
/run/media/falconnier/Elements1/BIDS_datasets_selection/NIMH/sub-ON23483/ses-01/anat/sub-ON23483_ses-01_acq-FSPGR_rec-SCIC_T1w.nii.gz,sub-ON23483,ses-01,median,19.0,"('NIMH', np.float64(nan), np.float64(nan))",False,True,True,False
/run/media/falconnier/Elements1/BIDS_datasets_selection/NIMH/sub-ON23897/ses-01/anat/sub-ON23897_ses-01_acq-FSPGR_rec-SCIC_T1w.nii.gz,sub-ON23897,ses-01,median,102.0,"('NIMH', np.float64(nan), np.float64(nan))",False,True,True,False
/run/media/falconnier/Elements1/BIDS_datasets_selection/NIMH/sub-ON25658/ses-01/anat/sub-ON25658_ses-01_acq-FSPGR_rec-SCIC_T1w.nii.gz,sub-ON25658,ses-01,median,37.0,"('NIMH', np.float64(nan), np.float64(nan))",False,True,True,False
/run/media/falconnier/Elements1/BIDS_datasets_selection/NIMH/sub-ON28693/ses-01/anat/sub-ON28693_ses-01_acq-FSPGR_rec-SCIC_T1w.nii.gz,sub-ON28693,ses-01,median,198.0,"('NIMH', np.float64(nan), np.float64(nan))",True,True,True,False
/run/media/falconnier/Elements1/BIDS_datasets_selection/NIMH/sub-ON26854/ses-01/anat/sub-ON26854_ses-01_acq-FSPGR_rec-SCIC_T1w.nii.gz,sub-ON26854,ses-01,median,42.0,"('NIMH', np.float64(nan), np.float64(nan))",False,True,True,False
/run/media/falconnier/Elements1/BIDS_datasets_selection/NIMH/sub-ON30535/ses-01/anat/sub-ON30535_ses-01_acq-FSPGR_rec-SCIC_T1w.nii.gz,sub-ON30535,ses-01,median,34.0,"('NIMH', np.float64(nan), np.float64(nan))",False,True,True,False
/run/media/falconnier/Elements1/BIDS_datasets_selection/NIMH/sub-ON31551/ses-01/anat/sub-ON31551_ses-01_acq-FSPGR_rec-SCIC_T1w.nii.gz,sub-ON31551,ses-01,median,258.0,"('NIMH', np.float64(nan), np.float64(nan))",True,True,True,False
/run/media/falconnier/Elements1/BIDS_datasets_selection/NIMH/sub-ON33827/ses-01/anat/sub-ON33827_ses-01_acq-FSPGR_rec-SCIC_T1w.nii.gz,sub-ON33827,ses-01,median,44.0,"('NIMH', np.float64(nan), np.float64(nan))",False,False,True,False
/run/media/falconnier/Elements1/BIDS_datasets_selection/NIMH/sub-ON35920/ses-01/anat/sub-ON35920_ses-01_acq-FSPGR_rec-SCIC_T1w.nii.gz,sub-ON35920,ses-01,median,19.0,"('NIMH', np.float64(nan), np.float64(nan))",False,True,True,False
/run/media/falconnier/Elements1/BIDS_datasets_selection/NIMH/sub-ON37194/ses-01/anat/sub-ON37194_ses-01_acq-FSPGR_rec-SCIC_T1w.nii.gz,sub-ON37194,ses-01,median,105.0,"('NIMH', np.float64(nan), np.float64(nan))",False,True,True,False
/run/media/falconnier/Elements1/BIDS_datasets_selection/NIMH/sub-ON40397/ses-01/anat/sub-ON40397_ses-01_acq-FSPGR_rec-SCIC_T1w.nii.gz,sub-ON40397,ses-01,median,43.0,"('NIMH', np.float64(nan), np.float64(nan))",False,True,True,False
/run/media/falconnier/Elements1/BIDS_datasets_selection/NIMH/sub-ON41606/ses-01/anat/sub-ON41606_ses-01_acq-FSPGR_rec-SCIC_T1w.nii.gz,sub-ON41606,ses-01,median,42.0,"('NIMH', np.float64(nan), np.float64(nan))",False,True,True,False
/run/media/falconnier/Elements1/BIDS_datasets_selection/NIMH/sub-ON43001/ses-01/anat/sub-ON43001_ses-01_acq-FSPGR_rec-SCIC_T1w.nii.gz,sub-ON43001,ses-01,median,35.0,"('NIMH', np.float64(nan), np.float64(nan))",False,True,True,False
/run/media/falconnier/Elements1/BIDS_datasets_selection/NIMH/sub-ON40757/ses-01/anat/sub-ON40757_ses-01_acq-FSPGR_rec-SCIC_T1w.nii.gz,sub-ON40757,ses-01,median,28.0,"('NIMH', np.float64(nan), np.float64(nan))",False,True,True,False
/run/media/falconnier/Elements1/BIDS_datasets_selection/NIMH/sub-ON43210/ses-01/anat/sub-ON43210_ses-01_acq-MPRAGE_T1w.nii.gz,sub-ON43210,ses-01,median,90.0,"('NIMH', np.float64(nan), np.float64(nan))",False,False,True,False
/run/media/falconnier/Elements1/BIDS_datasets_selection/NIMH/sub-ON48555/ses-01/anat/sub-ON48555_ses-01_acq-FSPGR_rec-SCIC_T1w.nii.gz,sub-ON48555,ses-01,median,36.0,"('NIMH', np.float64(nan), np.float64(nan))",False,True,True,False
/run/media/falconnier/Elements1/BIDS_datasets_selection/NIMH/sub-ON48984/ses-01/anat/sub-ON48984_ses-01_acq-FSPGR_rec-SCIC_T1w.nii.gz,sub-ON48984,ses-01,median,33.0,"('NIMH', np.float64(nan), np.float64(nan))",False,True,True,False
/run/media/falconnier/Elements1/BIDS_datasets_selection/NIMH/sub-ON50015/ses-01/anat/sub-ON50015_ses-01_acq-FSPGR_rec-SCIC_T1w.nii.gz,sub-ON50015,ses-01,median,24.0,"('NIMH', np.float64(nan), np.float64(nan))",False,True,True,False
/run/media/falconnier/Elements1/BIDS_datasets_selection/NIMH/sub-ON50636/ses-01/anat/sub-ON50636_ses-01_acq-FSPGR_rec-SCIC_T1w.nii.gz,sub-ON50636,ses-01,median,109.0,"('NIMH', np.float64(nan), np.float64(nan))",False,True,True,False
/run/media/falconnier/Elements1/BIDS_datasets_selection/NIMH/sub-ON56044/ses-01/anat/sub-ON56044_ses-01_acq-FSPGR_rec-SCIC_T1w.nii.gz,sub-ON56044,ses-01,median,28.0,"('NIMH', np.float64(nan), np.float64(nan))",False,True,True,False
/run/media/falconnier/Elements1/BIDS_datasets_selection/NIMH/sub-ON53213/ses-01/anat/sub-ON53213_ses-01_acq-MPRAGE_T1w.nii.gz,sub-ON53213,ses-01,median,87.0,"('NIMH', np.float64(nan), np.float64(nan))",False,False,True,False
/run/media/falconnier/Elements1/BIDS_datasets_selection/NIMH/sub-ON59735/ses-01/anat/sub-ON59735_ses-01_acq-FSPGR_rec-SCIC_T1w.nii.gz,sub-ON59735,ses-01,median,164.0,"('NIMH', np.float64(nan), np.float64(nan))",True,True,True,False
/run/media/falconnier/Elements1/BIDS_datasets_selection/NIMH/sub-ON62592/ses-01/anat/sub-ON62592_ses-01_acq-FSPGR_rec-SCIC_T1w.nii.gz,sub-ON62592,ses-01,median,27.0,"('NIMH', np.float64(nan), np.float64(nan))",False,True,True,False
/run/media/falconnier/Elements1/BIDS_datasets_selection/NIMH/sub-ON62623/ses-01/anat/sub-ON62623_ses-01_acq-FSPGR_rec-SCIC_T1w.nii.gz,sub-ON62623,ses-01,median,24.0,"('NIMH', np.float64(nan), np.float64(nan))",False,True,True,False
/run/media/falconnier/Elements1/BIDS_datasets_selection/NIMH/sub-ON62955/ses-01/anat/sub-ON62955_ses-01_acq-FSPGR_rec-SCIC_run-01_T1w.nii.gz,sub-ON62955,ses-01,median,44.0,"('NIMH', np.float64(nan), np.float64(nan))",False,False,True,False
/run/media/falconnier/Elements1/BIDS_datasets_selection/NIMH/sub-ON62955/ses-01/anat/sub-ON62955_ses-01_acq-FSPGR_rec-SCIC_run-02_T1w.nii.gz,sub-ON62955,ses-01,median,43.0,"('NIMH', np.float64(nan), np.float64(nan))",False,True,True,False
/run/media/falconnier/Elements1/BIDS_datasets_selection/NIMH/sub-ON65553/ses-01/anat/sub-ON65553_ses-01_acq-FSPGR_rec-SCIC_T1w.nii.gz,sub-ON65553,ses-01,median,114.0,"('NIMH', np.float64(nan), np.float64(nan))",False,True,True,False
/run/media/falconnier/Elements1/BIDS_datasets_selection/NIMH/sub-ON65697/ses-01/anat/sub-ON65697_ses-01_acq-FSPGR_rec-SCIC_T1w.nii.gz,sub-ON65697,ses-01,median,100.0,"('NIMH', np.float64(nan), np.float64(nan))",False,True,True,False
/run/media/falconnier/Elements1/BIDS_datasets_selection/NIMH/sub-ON67121/ses-01/anat/sub-ON67121_ses-01_acq-FSPGR_rec-SCIC_T1w.nii.gz,sub-ON67121,ses-01,median,28.0,"('NIMH', np.float64(nan), np.float64(nan))",False,True,True,False
/run/media/falconnier/Elements1/BIDS_datasets_selection/NIMH/sub-ON66557/ses-01/anat/sub-ON66557_ses-01_acq-FSPGR_rec-SCIC_T1w.nii.gz,sub-ON66557,ses-01,median,26.0,"('NIMH', np.float64(nan), np.float64(nan))",False,True,True,False
/run/media/falconnier/Elements1/BIDS_datasets_selection/NIMH/sub-ON67563/ses-01/anat/sub-ON67563_ses-01_acq-FSPGR_rec-SCIC_T1w.nii.gz,sub-ON67563,ses-01,median,22.0,"('NIMH', np.float64(nan), np.float64(nan))",False,True,True,False
/run/media/falconnier/Elements1/BIDS_datasets_selection/NIMH/sub-ON69092/ses-01/anat/sub-ON69092_ses-01_acq-SagittalMPRAGE_rec-SCIC_T1w.nii.gz,sub-ON69092,ses-01,median,210.0,"('NIMH', np.float64(nan), np.float64(nan))",True,True,True,False
/run/media/falconnier/Elements1/BIDS_datasets_selection/NIMH/sub-ON72409/ses-01/anat/sub-ON72409_ses-01_acq-FSPGR_rec-SCIC_T1w.nii.gz,sub-ON72409,ses-01,median,40.0,"('NIMH', np.float64(nan), np.float64(nan))",False,True,True,False
/run/media/falconnier/Elements1/BIDS_datasets_selection/NIMH/sub-ON74065/ses-01/anat/sub-ON74065_ses-01_acq-FSPGR_rec-SCIC_T1w.nii.gz,sub-ON74065,ses-01,median,39.0,"('NIMH', np.float64(nan), np.float64(nan))",False,True,True,False
/run/media/falconnier/Elements1/BIDS_datasets_selection/NIMH/sub-ON80356/ses-01/anat/sub-ON80356_ses-01_acq-FSPGR_rec-SCIC_T1w.nii.gz,sub-ON80356,ses-01,median,17.0,"('NIMH', np.float64(nan), np.float64(nan))",False,True,True,False
/run/media/falconnier/Elements1/BIDS_datasets_selection/NIMH/sub-ON78603/ses-01/anat/sub-ON78603_ses-01_acq-FSPGR_rec-SCIC_T1w.nii.gz,sub-ON78603,ses-01,median,93.0,"('NIMH', np.float64(nan), np.float64(nan))",False,True,True,False
/run/media/falconnier/Elements1/BIDS_datasets_selection/NIMH/sub-ON82798/ses-01/anat/sub-ON82798_ses-01_acq-FSPGR_rec-SCIC_T1w.nii.gz,sub-ON82798,ses-01,median,112.0,"('NIMH', np.float64(nan), np.float64(nan))",False,True,True,False
/run/media/falconnier/Elements1/BIDS_datasets_selection/NIMH/sub-ON80038/ses-01/anat/sub-ON80038_ses-01_acq-MPRAGE_T1w.nii.gz,sub-ON80038,ses-01,median,92.0,"('NIMH', np.float64(nan), np.float64(nan))",False,False,True,False
/run/media/falconnier/Elements1/BIDS_datasets_selection/NIMH/sub-ON82948/ses-01/anat/sub-ON82948_ses-01_acq-SagittalMPRAGE_rec-SCIC_T1w.nii.gz,sub-ON82948,ses-01,median,320.0,"('NIMH', np.float64(nan), np.float64(nan))",True,True,True,False
/run/media/falconnier/Elements1/BIDS_datasets_selection/NIMH/sub-ON84651/ses-01/anat/sub-ON84651_ses-01_acq-FSPGR_rec-SCIC_T1w.nii.gz,sub-ON84651,ses-01,median,34.0,"('NIMH', np.float64(nan), np.float64(nan))",False,True,True,False
/run/media/falconnier/Elements1/BIDS_datasets_selection/NIMH/sub-ON87054/ses-01/anat/sub-ON87054_ses-01_acq-FSPGR_rec-SCIC_T1w.nii.gz,sub-ON87054,ses-01,median,87.0,"('NIMH', np.float64(nan), np.float64(nan))",False,False,True,False
/run/media/falconnier/Elements1/BIDS_datasets_selection/NIMH/sub-ON86779/ses-01/anat/sub-ON86779_ses-01_acq-FSPGR_rec-SCIC_T1w.nii.gz,sub-ON86779,ses-01,median,37.0,"('NIMH', np.float64(nan), np.float64(nan))",False,True,True,False
/run/media/falconnier/Elements1/BIDS_datasets_selection/NIMH/sub-ON87538/ses-01/anat/sub-ON87538_ses-01_acq-SagittalMPRAGE_rec-SCIC_T1w.nii.gz,sub-ON87538,ses-01,median,211.0,"('NIMH', np.float64(nan), np.float64(nan))",True,True,True,False
/run/media/falconnier/Elements1/BIDS_datasets_selection/NIMH/sub-ON92067/ses-01/anat/sub-ON92067_ses-01_acq-FSPGR_rec-SCIC_T1w.nii.gz,sub-ON92067,ses-01,median,43.0,"('NIMH', np.float64(nan), np.float64(nan))",False,True,True,False
/run/media/falconnier/Elements1/BIDS_datasets_selection/NIMH/sub-ON93016/ses-01/anat/sub-ON93016_ses-01_acq-FSPGR_rec-SCIC_T1w.nii.gz,sub-ON93016,ses-01,median,92.0,"('NIMH', np.float64(nan), np.float64(nan))",False,False,True,False
/run/media/falconnier/Elements1/BIDS_datasets_selection/NIMH/sub-ON98018/ses-01/anat/sub-ON98018_ses-01_acq-FSPGR_rec-SCIC_T1w.nii.gz,sub-ON98018,ses-01,median,108.0,"('NIMH', np.float64(nan), np.float64(nan))",False,True,True,False
/run/media/falconnier/Elements1/BIDS_datasets_selection/NIMH/sub-ON98806/ses-01/anat/sub-ON98806_ses-01_acq-SagittalMPRAGE_rec-SCIC_T1w.nii.gz,sub-ON98806,ses-01,median,237.0,"('NIMH', np.float64(nan), np.float64(nan))",True,True,True,False
/run/media/falconnier/Elements1/BIDS_datasets_selection/NIMH/sub-ON99871/ses-01/anat/sub-ON99871_ses-01_acq-FSPGR_rec-SCIC_T1w.nii.gz,sub-ON99871,ses-01,median,135.0,"('NIMH', np.float64(nan), np.float64(nan))",False,True,True,False
/run/media/falconnier/Elements1/BIDS_datasets_selection/NIMH/sub-ON08710/ses-01/anat/sub-ON08710_ses-01_acq-forMEGCoregistration_T1w.nii.gz,sub-ON08710,ses-01,mean,62.89769869042429,"('NIMH', np.float64(nan), np.float64(nan))",False,True,True,False
/run/media/falconnier/Elements1/BIDS_datasets_selection/NIMH/sub-ON09540/ses-01/anat/sub-ON09540_ses-01_acq-forMEGCoregistration_T1w.nii.gz,sub-ON09540,ses-01,mean,60.742596679565246,"('NIMH', np.float64(nan), np.float64(nan))",False,True,True,False
/run/media/falconnier/Elements1/BIDS_datasets_selection/NIMH/sub-ON09760/ses-01/anat/sub-ON09760_ses-01_acq-forMEGCoregistration_T1w.nii.gz,sub-ON09760,ses-01,mean,62.05195463821325,"('NIMH', np.float64(nan), np.float64(nan))",False,True,True,False
/run/media/falconnier/Elements1/BIDS_datasets_selection/NIMH/sub-ON09766/ses-01/anat/sub-ON09766_ses-01_acq-forMEGCoregistration_T1w.nii.gz,sub-ON09766,ses-01,mean,57.69452285980491,"('NIMH', np.float64(nan), np.float64(nan))",False,True,True,False
/run/media/falconnier/Elements1/BIDS_datasets_selection/NIMH/sub-ON33221/ses-01/anat/sub-ON33221_ses-01_acq-forMEGCoregistration_T1w.nii.gz,sub-ON33221,ses-01,mean,66.0707719167864,"('NIMH', np.float64(nan), np.float64(nan))",False,True,True,False
/run/media/falconnier/Elements1/BIDS_datasets_selection/NIMH/sub-ON43210/ses-01/anat/sub-ON43210_ses-01_acq-forMEGCoregistration_T1w.nii.gz,sub-ON43210,ses-01,mean,53.90588131748633,"('NIMH', np.float64(nan), np.float64(nan))",False,True,True,False
/run/media/falconnier/Elements1/BIDS_datasets_selection/NIMH/sub-ON51111/ses-01/anat/sub-ON51111_ses-01_acq-forMEGCoregistration_T1w.nii.gz,sub-ON51111,ses-01,mean,58.632895463872586,"('NIMH', np.float64(nan), np.float64(nan))",False,True,True,False
/run/media/falconnier/Elements1/BIDS_datasets_selection/NIMH/sub-ON52220/ses-01/anat/sub-ON52220_ses-01_acq-forMEGCoregistration_T1w.nii.gz,sub-ON52220,ses-01,mean,64.44828712381569,"('NIMH', np.float64(nan), np.float64(nan))",False,True,True,False
/run/media/falconnier/Elements1/BIDS_datasets_selection/NIMH/sub-ON62200/ses-01/anat/sub-ON62200_ses-01_acq-forMEGCoregistration_T1w.nii.gz,sub-ON62200,ses-01,mean,60.01386602323553,"('NIMH', np.float64(nan), np.float64(nan))",False,True,True,False
/run/media/falconnier/Elements1/BIDS_datasets_selection/NIMH/sub-ON73200/ses-01/anat/sub-ON73200_ses-01_acq-forMEGCoregistration_T1w.nii.gz,sub-ON73200,ses-01,mean,65.77343763158805,"('NIMH', np.float64(nan), np.float64(nan))",False,True,True,False
/run/media/falconnier/Elements1/BIDS_datasets_selection/NIMH/sub-ON75100/ses-01/anat/sub-ON75100_ses-01_acq-forMEGCoregistration_T1w.nii.gz,sub-ON75100,ses-01,mean,62.20981347119478,"('NIMH', np.float64(nan), np.float64(nan))",False,True,True,False
/run/media/falconnier/Elements1/BIDS_datasets_selection/NIMH/sub-ON76144/ses-01/anat/sub-ON76144_ses-01_acq-forMEGCoregistration_T1w.nii.gz,sub-ON76144,ses-01,mean,53.730119574414495,"('NIMH', np.float64(nan), np.float64(nan))",False,True,True,False
/run/media/falconnier/Elements1/BIDS_datasets_selection/NIMH/sub-ON76320/ses-01/anat/sub-ON76320_ses-01_acq-forMEGCoregistration_T1w.nii.gz,sub-ON76320,ses-01,mean,62.182520558660464,"('NIMH', np.float64(nan), np.float64(nan))",False,True,True,False
/run/media/falconnier/Elements1/BIDS_datasets_selection/NIMH/sub-ON76525/ses-01/anat/sub-ON76525_ses-01_acq-forMEGCoregistration_T1w.nii.gz,sub-ON76525,ses-01,mean,62.29476026749784,"('NIMH', np.float64(nan), np.float64(nan))",False,True,True,False
/run/media/falconnier/Elements1/BIDS_datasets_selection/NIMH/sub-ON76625/ses-01/anat/sub-ON76625_ses-01_acq-forMEGCoregistration_T1w.nii.gz,sub-ON76625,ses-01,mean,63.1200002127672,"('NIMH', np.float64(nan), np.float64(nan))",False,True,True,False
/run/media/falconnier/Elements1/BIDS_datasets_selection/NIMH/sub-ON77753/ses-01/anat/sub-ON77753_ses-01_acq-forMEGCoregistration_T1w.nii.gz,sub-ON77753,ses-01,mean,62.5740175417605,"('NIMH', np.float64(nan), np.float64(nan))",False,True,True,False
/run/media/falconnier/Elements1/BIDS_datasets_selection/NIMH/sub-ON82948/ses-01/anat/sub-ON82948_ses-01_acq-SagittalMPRAGE_rec-SCIC_T1w.nii.gz,sub-ON82948,ses-01,mean,384.75902728761247,"('NIMH', np.float64(nan), np.float64(nan))",False,True,True,False
/run/media/falconnier/Elements1/BIDS_datasets_selection/NIMH/sub-ON83320/ses-01/anat/sub-ON83320_ses-01_acq-forMEGCoregistration_T1w.nii.gz,sub-ON83320,ses-01,mean,61.91424708368895,"('NIMH', np.float64(nan), np.float64(nan))",False,True,True,False
/run/media/falconnier/Elements1/BIDS_datasets_selection/NIMH/sub-ON84201/ses-01/anat/sub-ON84201_ses-01_acq-forMEGCoregistration_T1w.nii.gz,sub-ON84201,ses-01,mean,62.03091270270335,"('NIMH', np.float64(nan), np.float64(nan))",False,True,True,False
/run/media/falconnier/Elements1/BIDS_datasets_selection/NIMH/sub-ON85010/ses-01/anat/sub-ON85010_ses-01_acq-forMEGCoregistration_T1w.nii.gz,sub-ON85010,ses-01,mean,60.06775077347727,"('NIMH', np.float64(nan), np.float64(nan))",False,True,True,False
/run/media/falconnier/Elements1/BIDS_datasets_selection/NIMH/sub-ON85301/ses-01/anat/sub-ON85301_ses-01_acq-forMEGCoregistration_T1w.nii.gz,sub-ON85301,ses-01,mean,60.10973769227415,"('NIMH', np.float64(nan), np.float64(nan))",False,True,True,False
/run/media/falconnier/Elements1/BIDS_datasets_selection/NIMH/sub-ON85400/ses-01/anat/sub-ON85400_ses-01_acq-forMEGCoregistration_T1w.nii.gz,sub-ON85400,ses-01,mean,60.95843689135752,"('NIMH', np.float64(nan), np.float64(nan))",False,True,True,False
/run/media/falconnier/Elements1/BIDS_datasets_selection/NIMH/sub-ON85514/ses-01/anat/sub-ON85514_ses-01_acq-forMEGCoregistration_T1w.nii.gz,sub-ON85514,ses-01,mean,58.96564568621034,"('NIMH', np.float64(nan), np.float64(nan))",False,True,True,False
/run/media/falconnier/Elements1/BIDS_datasets_selection/NIMH/sub-ON87304/ses-01/anat/sub-ON87304_ses-01_acq-forMEGCoregistration_T1w.nii.gz,sub-ON87304,ses-01,mean,64.29852225261376,"('NIMH', np.float64(nan), np.float64(nan))",False,True,True,False
/run/media/falconnier/Elements1/BIDS_datasets_selection/NIMH/sub-ON87550/ses-01/anat/sub-ON87550_ses-01_acq-forMEGCoregistration_T1w.nii.gz,sub-ON87550,ses-01,mean,67.47403412546497,"('NIMH', np.float64(nan), np.float64(nan))",False,True,True,False
/run/media/falconnier/Elements1/BIDS_datasets_selection/NIMH/sub-ON87616/ses-01/anat/sub-ON87616_ses-01_acq-forMEGCoregistration_T1w.nii.gz,sub-ON87616,ses-01,mean,64.91051976054737,"('NIMH', np.float64(nan), np.float64(nan))",False,True,True,False
/run/media/falconnier/Elements1/BIDS_datasets_selection/NIMH/sub-ON87631/ses-01/anat/sub-ON87631_ses-01_acq-forMEGCoregistration_T1w.nii.gz,sub-ON87631,ses-01,mean,63.64986603910103,"('NIMH', np.float64(nan), np.float64(nan))",False,True,True,False
/run/media/falconnier/Elements1/BIDS_datasets_selection/NIMH/sub-ON87642/ses-01/anat/sub-ON87642_ses-01_acq-forMEGCoregistration_T1w.nii.gz,sub-ON87642,ses-01,mean,59.04164251139143,"('NIMH', np.float64(nan), np.float64(nan))",False,True,True,False
/run/media/falconnier/Elements1/BIDS_datasets_selection/NIMH/sub-ON87655/ses-01/anat/sub-ON87655_ses-01_acq-forMEGCoregistration_T1w.nii.gz,sub-ON87655,ses-01,mean,60.19673305376877,"('NIMH', np.float64(nan), np.float64(nan))",False,True,True,False
/run/media/falconnier/Elements1/BIDS_datasets_selection/NIMH/sub-ON87743/ses-01/anat/sub-ON87743_ses-01_acq-forMEGCoregistration_T1w.nii.gz,sub-ON87743,ses-01,mean,65.00939083613703,"('NIMH', np.float64(nan), np.float64(nan))",False,True,True,False
/run/media/falconnier/Elements1/BIDS_datasets_selection/NIMH/sub-ON87777/ses-01/anat/sub-ON87777_ses-01_acq-forMEGCoregistration_T1w.nii.gz,sub-ON87777,ses-01,mean,63.35347928463951,"('NIMH', np.float64(nan), np.float64(nan))",False,True,True,False
/run/media/falconnier/Elements1/BIDS_datasets_selection/NIMH/sub-ON88753/ses-01/anat/sub-ON88753_ses-01_acq-forMEGCoregistration_T1w.nii.gz,sub-ON88753,ses-01,mean,59.130296320214654,"('NIMH', np.float64(nan), np.float64(nan))",False,True,True,False
/run/media/falconnier/Elements1/BIDS_datasets_selection/NIMH/sub-ON88700/ses-01/anat/sub-ON88700_ses-01_acq-forMEGCoregistration_T1w.nii.gz,sub-ON88700,ses-01,mean,65.04901220586385,"('NIMH', np.float64(nan), np.float64(nan))",False,True,True,False
/run/media/falconnier/Elements1/BIDS_datasets_selection/NIMH/sub-ON88762/ses-01/anat/sub-ON88762_ses-01_acq-forMEGCoregistration_T1w.nii.gz,sub-ON88762,ses-01,mean,60.312326465295286,"('NIMH', np.float64(nan), np.float64(nan))",False,True,True,False
/run/media/falconnier/Elements1/BIDS_datasets_selection/NIMH/sub-ON92220/ses-01/anat/sub-ON92220_ses-01_acq-forMEGCoregistration_T1w.nii.gz,sub-ON92220,ses-01,mean,64.31053676239736,"('NIMH', np.float64(nan), np.float64(nan))",False,True,True,False
/run/media/falconnier/Elements1/BIDS_datasets_selection/NIMH/sub-ON93222/ses-01/anat/sub-ON93222_ses-01_acq-forMEGCoregistration_T1w.nii.gz,sub-ON93222,ses-01,mean,69.7852724045215,"('NIMH', np.float64(nan), np.float64(nan))",False,True,True,False
/run/media/falconnier/Elements1/BIDS_datasets_selection/NIMH/sub-ON94131/ses-01/anat/sub-ON94131_ses-01_acq-forMEGCoregistration_T1w.nii.gz,sub-ON94131,ses-01,mean,61.02312212496157,"('NIMH', np.float64(nan), np.float64(nan))",False,True,True,False
/run/media/falconnier/Elements1/BIDS_datasets_selection/NIMH/sub-ON94110/ses-01/anat/sub-ON94110_ses-01_acq-forMEGCoregistration_T1w.nii.gz,sub-ON94110,ses-01,mean,62.43558143638234,"('NIMH', np.float64(nan), np.float64(nan))",False,True,True,False
/run/media/falconnier/Elements1/BIDS_datasets_selection/NIMH/sub-ON95520/ses-01/anat/sub-ON95520_ses-01_acq-forMEGCoregistration_T1w.nii.gz,sub-ON95520,ses-01,mean,61.33237737444336,"('NIMH', np.float64(nan), np.float64(nan))",False,True,True,False
/run/media/falconnier/Elements1/BIDS_datasets_selection/NIMH/sub-ON96252/ses-01/anat/sub-ON96252_ses-01_acq-forMEGCoregistration_T1w.nii.gz,sub-ON96252,ses-01,mean,66.34760082309425,"('NIMH', np.float64(nan), np.float64(nan))",False,True,True,False
/run/media/falconnier/Elements1/BIDS_datasets_selection/NIMH/sub-ON96353/ses-01/anat/sub-ON96353_ses-01_acq-forMEGCoregistration_T1w.nii.gz,sub-ON96353,ses-01,mean,61.78032065789054,"('NIMH', np.float64(nan), np.float64(nan))",False,True,True,False
/run/media/falconnier/Elements1/BIDS_datasets_selection/NIMH/sub-ON96510/ses-01/anat/sub-ON96510_ses-01_acq-forMEGCoregistration_T1w.nii.gz,sub-ON96510,ses-01,mean,60.611576541177,"('NIMH', np.float64(nan), np.float64(nan))",False,True,True,False
/run/media/falconnier/Elements1/BIDS_datasets_selection/NIMH/sub-ON96555/ses-01/anat/sub-ON96555_ses-01_acq-forMEGCoregistration_T1w.nii.gz,sub-ON96555,ses-01,mean,59.84850129935784,"('NIMH', np.float64(nan), np.float64(nan))",False,True,True,False
/run/media/falconnier/Elements1/BIDS_datasets_selection/NIMH/sub-ON97503/ses-01/anat/sub-ON97503_ses-01_acq-forMEGCoregistration_T1w.nii.gz,sub-ON97503,ses-01,mean,64.41882270670284,"('NIMH', np.float64(nan), np.float64(nan))",False,True,True,False
/run/media/falconnier/Elements1/BIDS_datasets_selection/NIMH/sub-ON97654/ses-01/anat/sub-ON97654_ses-01_acq-forMEGCoregistration_T1w.nii.gz,sub-ON97654,ses-01,mean,59.90747203004259,"('NIMH', np.float64(nan), np.float64(nan))",False,True,True,False
/run/media/falconnier/Elements1/BIDS_datasets_selection/NIMH/sub-ON97765/ses-01/anat/sub-ON97765_ses-01_acq-forMEGCoregistration_T1w.nii.gz,sub-ON97765,ses-01,mean,65.14804279203261,"('NIMH', np.float64(nan), np.float64(nan))",False,True,True,False
/run/media/falconnier/Elements1/BIDS_datasets_selection/NIMH/sub-ON98130/ses-01/anat/sub-ON98130_ses-01_acq-forMEGCoregistration_T1w.nii.gz,sub-ON98130,ses-01,mean,66.18128670664012,"('NIMH', np.float64(nan), np.float64(nan))",False,True,True,False
/run/media/falconnier/Elements1/BIDS_datasets_selection/NIMH/sub-ON98362/ses-01/anat/sub-ON98362_ses-01_acq-forMEGCoregistration_T1w.nii.gz,sub-ON98362,ses-01,mean,59.24277874541677,"('NIMH', np.float64(nan), np.float64(nan))",False,True,True,False
/run/media/falconnier/Elements1/BIDS_datasets_selection/NIMH/sub-ON98502/ses-01/anat/sub-ON98502_ses-01_acq-forMEGCoregistration_T1w.nii.gz,sub-ON98502,ses-01,mean,58.58784804275143,"('NIMH', np.float64(nan), np.float64(nan))",False,True,True,False
/run/media/falconnier/Elements1/BIDS_datasets_selection/NIMH/sub-ON98602/ses-01/anat/sub-ON98602_ses-01_acq-forMEGCoregistration_T1w.nii.gz,sub-ON98602,ses-01,mean,62.62058667989082,"('NIMH', np.float64(nan), np.float64(nan))",False,True,True,False
/run/media/falconnier/Elements1/BIDS_datasets_selection/NIMH/sub-ON98664/ses-01/anat/sub-ON98664_ses-01_acq-forMEGCoregistration_T1w.nii.gz,sub-ON98664,ses-01,mean,58.81279484418935,"('NIMH', np.float64(nan), np.float64(nan))",False,True,True,False
/run/media/falconnier/Elements1/BIDS_datasets_selection/NIMH/sub-ON98745/ses-01/anat/sub-ON98745_ses-01_acq-forMEGCoregistration_T1w.nii.gz,sub-ON98745,ses-01,mean,57.0550639699218,"('NIMH', np.float64(nan), np.float64(nan))",False,True,True,False
/run/media/falconnier/Elements1/BIDS_datasets_selection/NIMH/sub-ON98826/ses-01/anat/sub-ON98826_ses-01_acq-forMEGCoregistration_T1w.nii.gz,sub-ON98826,ses-01,mean,59.556225306426455,"('NIMH', np.float64(nan), np.float64(nan))",False,True,True,False
/run/media/falconnier/Elements1/BIDS_datasets_selection/NIMH/sub-ON99547/ses-01/anat/sub-ON99547_ses-01_acq-forMEGCoregistration_T1w.nii.gz,sub-ON99547,ses-01,mean,59.388666776618216,"('NIMH', np.float64(nan), np.float64(nan))",False,True,True,False
/run/media/falconnier/Elements1/BIDS_datasets_selection/NIMH/sub-ON99633/ses-01/anat/sub-ON99633_ses-01_acq-forMEGCoregistration_T1w.nii.gz,sub-ON99633,ses-01,mean,59.0756233894902,"('NIMH', np.float64(nan), np.float64(nan))",False,True,True,False
/run/media/falconnier/Elements1/BIDS_datasets_selection/NIMH/sub-ON99881/ses-01/anat/sub-ON99881_ses-01_acq-forMEGCoregistration_T1w.nii.gz,sub-ON99881,ses-01,mean,59.37520752603194,"('NIMH', np.float64(nan), np.float64(nan))",False,True,True,False
/run/media/falconnier/Elements1/BIDS_datasets_selection/NIMH/sub-ON99943/ses-01/anat/sub-ON99943_ses-01_acq-forMEGCoregistration_T1w.nii.gz,sub-ON99943,ses-01,mean,58.2996690222971,"('NIMH', np.float64(nan), np.float64(nan))",False,True,True,False
/run/media/falconnier/Elements1/BIDS_datasets_selection/NIMH/sub-ON08710/ses-01/anat/sub-ON08710_ses-01_acq-forMEGCoregistration_T1w.nii.gz,sub-ON08710,ses-01,std,42.79415529180281,"('NIMH', np.float64(nan), np.float64(nan))",False,True,True,False
/run/media/falconnier/Elements1/BIDS_datasets_selection/NIMH/sub-ON09540/ses-01/anat/sub-ON09540_ses-01_acq-forMEGCoregistration_T1w.nii.gz,sub-ON09540,ses-01,std,42.22067794881932,"('NIMH', np.float64(nan), np.float64(nan))",False,True,True,False
/run/media/falconnier/Elements1/BIDS_datasets_selection/NIMH/sub-ON09760/ses-01/anat/sub-ON09760_ses-01_acq-forMEGCoregistration_T1w.nii.gz,sub-ON09760,ses-01,std,40.02869476274952,"('NIMH', np.float64(nan), np.float64(nan))",False,True,True,False
/run/media/falconnier/Elements1/BIDS_datasets_selection/NIMH/sub-ON09766/ses-01/anat/sub-ON09766_ses-01_acq-forMEGCoregistration_T1w.nii.gz,sub-ON09766,ses-01,std,41.69183934333843,"('NIMH', np.float64(nan), np.float64(nan))",False,True,True,False
/run/media/falconnier/Elements1/BIDS_datasets_selection/NIMH/sub-ON12688/ses-01/anat/sub-ON12688_ses-01_acq-MPRAGE_T1w.nii.gz,sub-ON12688,ses-01,std,591.911923879738,"('NIMH', np.float64(nan), np.float64(nan))",False,True,True,False
/run/media/falconnier/Elements1/BIDS_datasets_selection/NIMH/sub-ON33221/ses-01/anat/sub-ON33221_ses-01_acq-forMEGCoregistration_T1w.nii.gz,sub-ON33221,ses-01,std,48.89229023745823,"('NIMH', np.float64(nan), np.float64(nan))",False,True,True,False
/run/media/falconnier/Elements1/BIDS_datasets_selection/NIMH/sub-ON43210/ses-01/anat/sub-ON43210_ses-01_acq-forMEGCoregistration_T1w.nii.gz,sub-ON43210,ses-01,std,37.193407884232165,"('NIMH', np.float64(nan), np.float64(nan))",False,True,True,False
/run/media/falconnier/Elements1/BIDS_datasets_selection/NIMH/sub-ON51111/ses-01/anat/sub-ON51111_ses-01_acq-forMEGCoregistration_T1w.nii.gz,sub-ON51111,ses-01,std,41.76870421401024,"('NIMH', np.float64(nan), np.float64(nan))",False,True,True,False
/run/media/falconnier/Elements1/BIDS_datasets_selection/NIMH/sub-ON52220/ses-01/anat/sub-ON52220_ses-01_acq-forMEGCoregistration_T1w.nii.gz,sub-ON52220,ses-01,std,40.65278797652794,"('NIMH', np.float64(nan), np.float64(nan))",False,True,True,False
/run/media/falconnier/Elements1/BIDS_datasets_selection/NIMH/sub-ON62200/ses-01/anat/sub-ON62200_ses-01_acq-forMEGCoregistration_T1w.nii.gz,sub-ON62200,ses-01,std,40.02270153772653,"('NIMH', np.float64(nan), np.float64(nan))",False,True,True,False
/run/media/falconnier/Elements1/BIDS_datasets_selection/NIMH/sub-ON66452/ses-01/anat/sub-ON66452_ses-01_acq-MPRAGE_T1w.nii.gz,sub-ON66452,ses-01,std,557.8703997522746,"('NIMH', np.float64(nan), np.float64(nan))",False,True,False,False
/run/media/falconnier/Elements1/BIDS_datasets_selection/NIMH/sub-ON73200/ses-01/anat/sub-ON73200_ses-01_acq-forMEGCoregistration_T1w.nii.gz,sub-ON73200,ses-01,std,39.973776641819065,"('NIMH', np.float64(nan), np.float64(nan))",False,True,True,False
/run/media/falconnier/Elements1/BIDS_datasets_selection/NIMH/sub-ON75100/ses-01/anat/sub-ON75100_ses-01_acq-forMEGCoregistration_T1w.nii.gz,sub-ON75100,ses-01,std,40.203758589949445,"('NIMH', np.float64(nan), np.float64(nan))",False,True,True,False
/run/media/falconnier/Elements1/BIDS_datasets_selection/NIMH/sub-ON76144/ses-01/anat/sub-ON76144_ses-01_acq-forMEGCoregistration_T1w.nii.gz,sub-ON76144,ses-01,std,41.40465381773429,"('NIMH', np.float64(nan), np.float64(nan))",False,True,True,False
/run/media/falconnier/Elements1/BIDS_datasets_selection/NIMH/sub-ON76320/ses-01/anat/sub-ON76320_ses-01_acq-forMEGCoregistration_T1w.nii.gz,sub-ON76320,ses-01,std,41.02088645546176,"('NIMH', np.float64(nan), np.float64(nan))",False,True,True,False
/run/media/falconnier/Elements1/BIDS_datasets_selection/NIMH/sub-ON76525/ses-01/anat/sub-ON76525_ses-01_acq-forMEGCoregistration_T1w.nii.gz,sub-ON76525,ses-01,std,40.20491296635757,"('NIMH', np.float64(nan), np.float64(nan))",False,True,True,False
/run/media/falconnier/Elements1/BIDS_datasets_selection/NIMH/sub-ON76625/ses-01/anat/sub-ON76625_ses-01_acq-forMEGCoregistration_T1w.nii.gz,sub-ON76625,ses-01,std,38.69630853649244,"('NIMH', np.float64(nan), np.float64(nan))",False,True,True,False
/run/media/falconnier/Elements1/BIDS_datasets_selection/NIMH/sub-ON77753/ses-01/anat/sub-ON77753_ses-01_acq-forMEGCoregistration_T1w.nii.gz,sub-ON77753,ses-01,std,41.25328972348891,"('NIMH', np.float64(nan), np.float64(nan))",False,True,True,False
/run/media/falconnier/Elements1/BIDS_datasets_selection/NIMH/sub-ON83320/ses-01/anat/sub-ON83320_ses-01_acq-forMEGCoregistration_T1w.nii.gz,sub-ON83320,ses-01,std,44.52419951019696,"('NIMH', np.float64(nan), np.float64(nan))",False,True,True,False
/run/media/falconnier/Elements1/BIDS_datasets_selection/NIMH/sub-ON84201/ses-01/anat/sub-ON84201_ses-01_acq-forMEGCoregistration_T1w.nii.gz,sub-ON84201,ses-01,std,41.87738993312083,"('NIMH', np.float64(nan), np.float64(nan))",False,True,True,False
/run/media/falconnier/Elements1/BIDS_datasets_selection/NIMH/sub-ON85010/ses-01/anat/sub-ON85010_ses-01_acq-forMEGCoregistration_T1w.nii.gz,sub-ON85010,ses-01,std,36.52060050151661,"('NIMH', np.float64(nan), np.float64(nan))",False,True,True,False
/run/media/falconnier/Elements1/BIDS_datasets_selection/NIMH/sub-ON85301/ses-01/anat/sub-ON85301_ses-01_acq-forMEGCoregistration_T1w.nii.gz,sub-ON85301,ses-01,std,36.8515285266723,"('NIMH', np.float64(nan), np.float64(nan))",False,True,True,False
/run/media/falconnier/Elements1/BIDS_datasets_selection/NIMH/sub-ON85400/ses-01/anat/sub-ON85400_ses-01_acq-forMEGCoregistration_T1w.nii.gz,sub-ON85400,ses-01,std,36.17157699666005,"('NIMH', np.float64(nan), np.float64(nan))",False,True,True,False
/run/media/falconnier/Elements1/BIDS_datasets_selection/NIMH/sub-ON85514/ses-01/anat/sub-ON85514_ses-01_acq-forMEGCoregistration_T1w.nii.gz,sub-ON85514,ses-01,std,42.51543619575449,"('NIMH', np.float64(nan), np.float64(nan))",False,True,True,False
/run/media/falconnier/Elements1/BIDS_datasets_selection/NIMH/sub-ON87304/ses-01/anat/sub-ON87304_ses-01_acq-forMEGCoregistration_T1w.nii.gz,sub-ON87304,ses-01,std,41.23550602639749,"('NIMH', np.float64(nan), np.float64(nan))",False,True,True,False
/run/media/falconnier/Elements1/BIDS_datasets_selection/NIMH/sub-ON87550/ses-01/anat/sub-ON87550_ses-01_acq-forMEGCoregistration_T1w.nii.gz,sub-ON87550,ses-01,std,39.87686252104084,"('NIMH', np.float64(nan), np.float64(nan))",False,True,True,False
/run/media/falconnier/Elements1/BIDS_datasets_selection/NIMH/sub-ON87616/ses-01/anat/sub-ON87616_ses-01_acq-forMEGCoregistration_T1w.nii.gz,sub-ON87616,ses-01,std,49.62768617560493,"('NIMH', np.float64(nan), np.float64(nan))",False,True,True,False
/run/media/falconnier/Elements1/BIDS_datasets_selection/NIMH/sub-ON87631/ses-01/anat/sub-ON87631_ses-01_acq-forMEGCoregistration_T1w.nii.gz,sub-ON87631,ses-01,std,40.51091659113917,"('NIMH', np.float64(nan), np.float64(nan))",False,True,True,False
/run/media/falconnier/Elements1/BIDS_datasets_selection/NIMH/sub-ON87642/ses-01/anat/sub-ON87642_ses-01_acq-forMEGCoregistration_T1w.nii.gz,sub-ON87642,ses-01,std,35.57687642611624,"('NIMH', np.float64(nan), np.float64(nan))",False,True,True,False
/run/media/falconnier/Elements1/BIDS_datasets_selection/NIMH/sub-ON87655/ses-01/anat/sub-ON87655_ses-01_acq-forMEGCoregistration_T1w.nii.gz,sub-ON87655,ses-01,std,38.3799345400869,"('NIMH', np.float64(nan), np.float64(nan))",False,True,True,False
/run/media/falconnier/Elements1/BIDS_datasets_selection/NIMH/sub-ON87743/ses-01/anat/sub-ON87743_ses-01_acq-forMEGCoregistration_T1w.nii.gz,sub-ON87743,ses-01,std,42.35373159978902,"('NIMH', np.float64(nan), np.float64(nan))",False,True,True,False
/run/media/falconnier/Elements1/BIDS_datasets_selection/NIMH/sub-ON87777/ses-01/anat/sub-ON87777_ses-01_acq-forMEGCoregistration_T1w.nii.gz,sub-ON87777,ses-01,std,38.78983774584133,"('NIMH', np.float64(nan), np.float64(nan))",False,True,True,False
/run/media/falconnier/Elements1/BIDS_datasets_selection/NIMH/sub-ON88753/ses-01/anat/sub-ON88753_ses-01_acq-forMEGCoregistration_T1w.nii.gz,sub-ON88753,ses-01,std,41.69625587835422,"('NIMH', np.float64(nan), np.float64(nan))",False,True,True,False
/run/media/falconnier/Elements1/BIDS_datasets_selection/NIMH/sub-ON88700/ses-01/anat/sub-ON88700_ses-01_acq-forMEGCoregistration_T1w.nii.gz,sub-ON88700,ses-01,std,40.242376113894,"('NIMH', np.float64(nan), np.float64(nan))",False,True,True,False
/run/media/falconnier/Elements1/BIDS_datasets_selection/NIMH/sub-ON88762/ses-01/anat/sub-ON88762_ses-01_acq-forMEGCoregistration_T1w.nii.gz,sub-ON88762,ses-01,std,37.84166148110352,"('NIMH', np.float64(nan), np.float64(nan))",False,True,True,False
/run/media/falconnier/Elements1/BIDS_datasets_selection/NIMH/sub-ON92220/ses-01/anat/sub-ON92220_ses-01_acq-forMEGCoregistration_T1w.nii.gz,sub-ON92220,ses-01,std,44.18945643156048,"('NIMH', np.float64(nan), np.float64(nan))",False,True,True,False
/run/media/falconnier/Elements1/BIDS_datasets_selection/NIMH/sub-ON93222/ses-01/anat/sub-ON93222_ses-01_acq-forMEGCoregistration_T1w.nii.gz,sub-ON93222,ses-01,std,44.19269310946512,"('NIMH', np.float64(nan), np.float64(nan))",False,True,True,False
/run/media/falconnier/Elements1/BIDS_datasets_selection/NIMH/sub-ON94131/ses-01/anat/sub-ON94131_ses-01_acq-forMEGCoregistration_T1w.nii.gz,sub-ON94131,ses-01,std,42.861266188501816,"('NIMH', np.float64(nan), np.float64(nan))",False,True,True,False
/run/media/falconnier/Elements1/BIDS_datasets_selection/NIMH/sub-ON94110/ses-01/anat/sub-ON94110_ses-01_acq-forMEGCoregistration_T1w.nii.gz,sub-ON94110,ses-01,std,41.388351543779486,"('NIMH', np.float64(nan), np.float64(nan))",False,True,True,False
/run/media/falconnier/Elements1/BIDS_datasets_selection/NIMH/sub-ON95520/ses-01/anat/sub-ON95520_ses-01_acq-forMEGCoregistration_T1w.nii.gz,sub-ON95520,ses-01,std,34.9575144778928,"('NIMH', np.float64(nan), np.float64(nan))",False,True,True,False
/run/media/falconnier/Elements1/BIDS_datasets_selection/NIMH/sub-ON96252/ses-01/anat/sub-ON96252_ses-01_acq-forMEGCoregistration_T1w.nii.gz,sub-ON96252,ses-01,std,43.02661627799159,"('NIMH', np.float64(nan), np.float64(nan))",False,True,True,False
/run/media/falconnier/Elements1/BIDS_datasets_selection/NIMH/sub-ON96353/ses-01/anat/sub-ON96353_ses-01_acq-forMEGCoregistration_T1w.nii.gz,sub-ON96353,ses-01,std,39.91641203269458,"('NIMH', np.float64(nan), np.float64(nan))",False,True,True,False
/run/media/falconnier/Elements1/BIDS_datasets_selection/NIMH/sub-ON96510/ses-01/anat/sub-ON96510_ses-01_acq-forMEGCoregistration_T1w.nii.gz,sub-ON96510,ses-01,std,40.18495763438792,"('NIMH', np.float64(nan), np.float64(nan))",False,True,True,False
/run/media/falconnier/Elements1/BIDS_datasets_selection/NIMH/sub-ON96555/ses-01/anat/sub-ON96555_ses-01_acq-forMEGCoregistration_T1w.nii.gz,sub-ON96555,ses-01,std,39.35679500546235,"('NIMH', np.float64(nan), np.float64(nan))",False,True,True,False
/run/media/falconnier/Elements1/BIDS_datasets_selection/NIMH/sub-ON97503/ses-01/anat/sub-ON97503_ses-01_acq-forMEGCoregistration_T1w.nii.gz,sub-ON97503,ses-01,std,47.28212038488705,"('NIMH', np.float64(nan), np.float64(nan))",False,True,True,False
/run/media/falconnier/Elements1/BIDS_datasets_selection/NIMH/sub-ON97654/ses-01/anat/sub-ON97654_ses-01_acq-forMEGCoregistration_T1w.nii.gz,sub-ON97654,ses-01,std,36.97348571015699,"('NIMH', np.float64(nan), np.float64(nan))",False,True,True,False
/run/media/falconnier/Elements1/BIDS_datasets_selection/NIMH/sub-ON97765/ses-01/anat/sub-ON97765_ses-01_acq-forMEGCoregistration_T1w.nii.gz,sub-ON97765,ses-01,std,42.36676054531228,"('NIMH', np.float64(nan), np.float64(nan))",False,True,True,False
/run/media/falconnier/Elements1/BIDS_datasets_selection/NIMH/sub-ON98130/ses-01/anat/sub-ON98130_ses-01_acq-forMEGCoregistration_T1w.nii.gz,sub-ON98130,ses-01,std,44.62414041552373,"('NIMH', np.float64(nan), np.float64(nan))",False,True,True,False
/run/media/falconnier/Elements1/BIDS_datasets_selection/NIMH/sub-ON98362/ses-01/anat/sub-ON98362_ses-01_acq-forMEGCoregistration_T1w.nii.gz,sub-ON98362,ses-01,std,34.84173355312508,"('NIMH', np.float64(nan), np.float64(nan))",False,True,True,False
/run/media/falconnier/Elements1/BIDS_datasets_selection/NIMH/sub-ON98502/ses-01/anat/sub-ON98502_ses-01_acq-forMEGCoregistration_T1w.nii.gz,sub-ON98502,ses-01,std,41.56726364568862,"('NIMH', np.float64(nan), np.float64(nan))",False,True,True,False
/run/media/falconnier/Elements1/BIDS_datasets_selection/NIMH/sub-ON98602/ses-01/anat/sub-ON98602_ses-01_acq-MPRAGE_T1w.nii.gz,sub-ON98602,ses-01,std,567.7326932689273,"('NIMH', np.float64(nan), np.float64(nan))",False,True,True,False
/run/media/falconnier/Elements1/BIDS_datasets_selection/NIMH/sub-ON98602/ses-01/anat/sub-ON98602_ses-01_acq-forMEGCoregistration_T1w.nii.gz,sub-ON98602,ses-01,std,48.33402451713578,"('NIMH', np.float64(nan), np.float64(nan))",False,True,True,False
/run/media/falconnier/Elements1/BIDS_datasets_selection/NIMH/sub-ON98664/ses-01/anat/sub-ON98664_ses-01_acq-forMEGCoregistration_T1w.nii.gz,sub-ON98664,ses-01,std,35.36552854107119,"('NIMH', np.float64(nan), np.float64(nan))",False,True,True,False
/run/media/falconnier/Elements1/BIDS_datasets_selection/NIMH/sub-ON98745/ses-01/anat/sub-ON98745_ses-01_acq-forMEGCoregistration_T1w.nii.gz,sub-ON98745,ses-01,std,43.14133820736772,"('NIMH', np.float64(nan), np.float64(nan))",False,True,True,False
/run/media/falconnier/Elements1/BIDS_datasets_selection/NIMH/sub-ON98826/ses-01/anat/sub-ON98826_ses-01_acq-forMEGCoregistration_T1w.nii.gz,sub-ON98826,ses-01,std,39.64178116862186,"('NIMH', np.float64(nan), np.float64(nan))",False,True,True,False
/run/media/falconnier/Elements1/BIDS_datasets_selection/NIMH/sub-ON99547/ses-01/anat/sub-ON99547_ses-01_acq-forMEGCoregistration_T1w.nii.gz,sub-ON99547,ses-01,std,42.62333676044781,"('NIMH', np.float64(nan), np.float64(nan))",False,True,True,False
/run/media/falconnier/Elements1/BIDS_datasets_selection/NIMH/sub-ON99633/ses-01/anat/sub-ON99633_ses-01_acq-forMEGCoregistration_T1w.nii.gz,sub-ON99633,ses-01,std,41.45687535439579,"('NIMH', np.float64(nan), np.float64(nan))",False,True,True,False
/run/media/falconnier/Elements1/BIDS_datasets_selection/NIMH/sub-ON99881/ses-01/anat/sub-ON99881_ses-01_acq-forMEGCoregistration_T1w.nii.gz,sub-ON99881,ses-01,std,35.383642804409824,"('NIMH', np.float64(nan), np.float64(nan))",False,True,True,False
/run/media/falconnier/Elements1/BIDS_datasets_selection/NIMH/sub-ON99943/ses-01/anat/sub-ON99943_ses-01_acq-forMEGCoregistration_T1w.nii.gz,sub-ON99943,ses-01,std,42.61950547144807,"('NIMH', np.float64(nan), np.float64(nan))",False,True,True,False
/run/media/falconnier/Elements1/BIDS_datasets_selection/NIMH/sub-ON01016/ses-01/anat/sub-ON01016_ses-01_acq-FSPGR_rec-SCIC_T1w.nii.gz,sub-ON01016,ses-01,mad,65.0,"('NIMH', np.float64(nan), np.float64(nan))",False,True,True,False
/run/media/falconnier/Elements1/BIDS_datasets_selection/NIMH/sub-ON05258/ses-01/anat/sub-ON05258_ses-01_acq-FSPGR_rec-SCIC_T1w.nii.gz,sub-ON05258,ses-01,mad,53.0,"('NIMH', np.float64(nan), np.float64(nan))",False,True,True,False
/run/media/falconnier/Elements1/BIDS_datasets_selection/NIMH/sub-ON06910/ses-01/anat/sub-ON06910_ses-01_acq-FSPGR_rec-SCIC_T1w.nii.gz,sub-ON06910,ses-01,mad,67.0,"('NIMH', np.float64(nan), np.float64(nan))",False,True,True,False
/run/media/falconnier/Elements1/BIDS_datasets_selection/NIMH/sub-ON10965/ses-01/anat/sub-ON10965_ses-01_acq-FSPGR_rec-SCIC_T1w.nii.gz,sub-ON10965,ses-01,mad,99.0,"('NIMH', np.float64(nan), np.float64(nan))",False,True,True,False
/run/media/falconnier/Elements1/BIDS_datasets_selection/NIMH/sub-ON12666/ses-01/anat/sub-ON12666_ses-01_acq-FSPGR_rec-SCIC_T1w.nii.gz,sub-ON12666,ses-01,mad,78.0,"('NIMH', np.float64(nan), np.float64(nan))",False,True,True,False
/run/media/falconnier/Elements1/BIDS_datasets_selection/NIMH/sub-ON17159/ses-01/anat/sub-ON17159_ses-01_acq-FSPGR_rec-SCIC_T1w.nii.gz,sub-ON17159,ses-01,mad,73.0,"('NIMH', np.float64(nan), np.float64(nan))",False,True,True,False
/run/media/falconnier/Elements1/BIDS_datasets_selection/NIMH/sub-ON22662/ses-01/anat/sub-ON22662_ses-01_acq-FSPGR_rec-SCIC_T1w.nii.gz,sub-ON22662,ses-01,mad,76.0,"('NIMH', np.float64(nan), np.float64(nan))",False,True,True,False
/run/media/falconnier/Elements1/BIDS_datasets_selection/NIMH/sub-ON23897/ses-01/anat/sub-ON23897_ses-01_acq-FSPGR_rec-SCIC_T1w.nii.gz,sub-ON23897,ses-01,mad,101.0,"('NIMH', np.float64(nan), np.float64(nan))",False,True,True,False
/run/media/falconnier/Elements1/BIDS_datasets_selection/NIMH/sub-ON28693/ses-01/anat/sub-ON28693_ses-01_acq-FSPGR_rec-SCIC_T1w.nii.gz,sub-ON28693,ses-01,mad,196.0,"('NIMH', np.float64(nan), np.float64(nan))",True,True,True,False
/run/media/falconnier/Elements1/BIDS_datasets_selection/NIMH/sub-ON31551/ses-01/anat/sub-ON31551_ses-01_acq-FSPGR_rec-SCIC_T1w.nii.gz,sub-ON31551,ses-01,mad,255.0,"('NIMH', np.float64(nan), np.float64(nan))",True,True,True,False
/run/media/falconnier/Elements1/BIDS_datasets_selection/NIMH/sub-ON37194/ses-01/anat/sub-ON37194_ses-01_acq-FSPGR_rec-SCIC_T1w.nii.gz,sub-ON37194,ses-01,mad,104.0,"('NIMH', np.float64(nan), np.float64(nan))",False,True,True,False
/run/media/falconnier/Elements1/BIDS_datasets_selection/NIMH/sub-ON48190/ses-01/anat/sub-ON48190_ses-01_acq-FSPGR_rec-SCIC_T1w.nii.gz,sub-ON48190,ses-01,mad,72.0,"('NIMH', np.float64(nan), np.float64(nan))",False,True,True,False
/run/media/falconnier/Elements1/BIDS_datasets_selection/NIMH/sub-ON50636/ses-01/anat/sub-ON50636_ses-01_acq-FSPGR_rec-SCIC_T1w.nii.gz,sub-ON50636,ses-01,mad,108.0,"('NIMH', np.float64(nan), np.float64(nan))",False,True,True,False
/run/media/falconnier/Elements1/BIDS_datasets_selection/NIMH/sub-ON55820/ses-01/anat/sub-ON55820_ses-01_acq-FSPGR_rec-SCIC_T1w.nii.gz,sub-ON55820,ses-01,mad,55.0,"('NIMH', np.float64(nan), np.float64(nan))",False,True,True,False
/run/media/falconnier/Elements1/BIDS_datasets_selection/NIMH/sub-ON59735/ses-01/anat/sub-ON59735_ses-01_acq-FSPGR_rec-SCIC_T1w.nii.gz,sub-ON59735,ses-01,mad,163.0,"('NIMH', np.float64(nan), np.float64(nan))",True,True,True,False
/run/media/falconnier/Elements1/BIDS_datasets_selection/NIMH/sub-ON63335/ses-01/anat/sub-ON63335_ses-01_acq-FSPGR_rec-SCIC_T1w.nii.gz,sub-ON63335,ses-01,mad,73.0,"('NIMH', np.float64(nan), np.float64(nan))",False,True,True,False
/run/media/falconnier/Elements1/BIDS_datasets_selection/NIMH/sub-ON65553/ses-01/anat/sub-ON65553_ses-01_acq-FSPGR_rec-SCIC_T1w.nii.gz,sub-ON65553,ses-01,mad,113.0,"('NIMH', np.float64(nan), np.float64(nan))",False,True,True,False
/run/media/falconnier/Elements1/BIDS_datasets_selection/NIMH/sub-ON65697/ses-01/anat/sub-ON65697_ses-01_acq-FSPGR_rec-SCIC_T1w.nii.gz,sub-ON65697,ses-01,mad,99.0,"('NIMH', np.float64(nan), np.float64(nan))",False,True,True,False
/run/media/falconnier/Elements1/BIDS_datasets_selection/NIMH/sub-ON69092/ses-01/anat/sub-ON69092_ses-01_acq-SagittalMPRAGE_rec-SCIC_T1w.nii.gz,sub-ON69092,ses-01,mad,208.0,"('NIMH', np.float64(nan), np.float64(nan))",True,True,True,False
/run/media/falconnier/Elements1/BIDS_datasets_selection/NIMH/sub-ON75450/ses-01/anat/sub-ON75450_ses-01_acq-FSPGR_rec-SCIC_T1w.nii.gz,sub-ON75450,ses-01,mad,85.0,"('NIMH', np.float64(nan), np.float64(nan))",False,True,True,False
/run/media/falconnier/Elements1/BIDS_datasets_selection/NIMH/sub-ON76510/ses-01/anat/sub-ON76510_ses-01_acq-FSPGR_rec-SCIC_T1w.nii.gz,sub-ON76510,ses-01,mad,54.0,"('NIMH', np.float64(nan), np.float64(nan))",False,True,True,False
/run/media/falconnier/Elements1/BIDS_datasets_selection/NIMH/sub-ON78603/ses-01/anat/sub-ON78603_ses-01_acq-FSPGR_rec-SCIC_T1w.nii.gz,sub-ON78603,ses-01,mad,92.0,"('NIMH', np.float64(nan), np.float64(nan))",False,True,True,False
/run/media/falconnier/Elements1/BIDS_datasets_selection/NIMH/sub-ON82386/ses-01/anat/sub-ON82386_ses-01_acq-FSPGR_rec-SCIC_T1w.nii.gz,sub-ON82386,ses-01,mad,52.0,"('NIMH', np.float64(nan), np.float64(nan))",False,True,True,False
/run/media/falconnier/Elements1/BIDS_datasets_selection/NIMH/sub-ON82798/ses-01/anat/sub-ON82798_ses-01_acq-FSPGR_rec-SCIC_T1w.nii.gz,sub-ON82798,ses-01,mad,111.0,"('NIMH', np.float64(nan), np.float64(nan))",False,True,True,False
/run/media/falconnier/Elements1/BIDS_datasets_selection/NIMH/sub-ON82948/ses-01/anat/sub-ON82948_ses-01_acq-SagittalMPRAGE_rec-SCIC_T1w.nii.gz,sub-ON82948,ses-01,mad,309.0,"('NIMH', np.float64(nan), np.float64(nan))",True,True,True,False
/run/media/falconnier/Elements1/BIDS_datasets_selection/NIMH/sub-ON84478/ses-01/anat/sub-ON84478_ses-01_acq-FSPGR_rec-SCIC_T1w.nii.gz,sub-ON84478,ses-01,mad,69.0,"('NIMH', np.float64(nan), np.float64(nan))",False,True,True,False
/run/media/falconnier/Elements1/BIDS_datasets_selection/NIMH/sub-ON87054/ses-01/anat/sub-ON87054_ses-01_acq-FSPGR_rec-SCIC_T1w.nii.gz,sub-ON87054,ses-01,mad,86.0,"('NIMH', np.float64(nan), np.float64(nan))",False,True,True,False
/run/media/falconnier/Elements1/BIDS_datasets_selection/NIMH/sub-ON87313/ses-01/anat/sub-ON87313_ses-01_acq-FSPGR_rec-SCIC_T1w.nii.gz,sub-ON87313,ses-01,mad,52.0,"('NIMH', np.float64(nan), np.float64(nan))",False,True,True,False
/run/media/falconnier/Elements1/BIDS_datasets_selection/NIMH/sub-ON87538/ses-01/anat/sub-ON87538_ses-01_acq-SagittalMPRAGE_rec-SCIC_T1w.nii.gz,sub-ON87538,ses-01,mad,209.0,"('NIMH', np.float64(nan), np.float64(nan))",True,True,True,False
/run/media/falconnier/Elements1/BIDS_datasets_selection/NIMH/sub-ON93016/ses-01/anat/sub-ON93016_ses-01_acq-FSPGR_rec-SCIC_T1w.nii.gz,sub-ON93016,ses-01,mad,91.0,"('NIMH', np.float64(nan), np.float64(nan))",False,True,True,False
/run/media/falconnier/Elements1/BIDS_datasets_selection/NIMH/sub-ON94663/ses-01/anat/sub-ON94663_ses-01_acq-FSPGR_rec-SCIC_T1w.nii.gz,sub-ON94663,ses-01,mad,69.0,"('NIMH', np.float64(nan), np.float64(nan))",False,True,True,False
/run/media/falconnier/Elements1/BIDS_datasets_selection/NIMH/sub-ON96522/ses-01/anat/sub-ON96522_ses-01_acq-FSPGR_rec-SCIC_T1w.nii.gz,sub-ON96522,ses-01,mad,52.0,"('NIMH', np.float64(nan), np.float64(nan))",False,True,True,False
/run/media/falconnier/Elements1/BIDS_datasets_selection/NIMH/sub-ON98018/ses-01/anat/sub-ON98018_ses-01_acq-FSPGR_rec-SCIC_T1w.nii.gz,sub-ON98018,ses-01,mad,107.0,"('NIMH', np.float64(nan), np.float64(nan))",False,True,True,False
/run/media/falconnier/Elements1/BIDS_datasets_selection/NIMH/sub-ON98806/ses-01/anat/sub-ON98806_ses-01_acq-SagittalMPRAGE_rec-SCIC_T1w.nii.gz,sub-ON98806,ses-01,mad,234.0,"('NIMH', np.float64(nan), np.float64(nan))",True,True,True,False
/run/media/falconnier/Elements1/BIDS_datasets_selection/NIMH/sub-ON99299/ses-01/anat/sub-ON99299_ses-01_acq-FSPGR_rec-SCIC_T1w.nii.gz,sub-ON99299,ses-01,mad,53.0,"('NIMH', np.float64(nan), np.float64(nan))",False,True,True,False
/run/media/falconnier/Elements1/BIDS_datasets_selection/NIMH/sub-ON99871/ses-01/anat/sub-ON99871_ses-01_acq-FSPGR_rec-SCIC_T1w.nii.gz,sub-ON99871,ses-01,mad,134.0,"('NIMH', np.float64(nan), np.float64(nan))",False,True,True,False
/run/media/falconnier/Elements1/BIDS_datasets_selection/NIMH/sub-ON06910/ses-01/anat/sub-ON06910_ses-01_acq-FSPGR_rec-SCIC_T1w.nii.gz,sub-ON06910,ses-01,entropy,0.9031599828517272,"('NIMH', np.float64(nan), np.float64(nan))",False,False,True,False
/run/media/falconnier/Elements1/BIDS_datasets_selection/NIMH/sub-ON08710/ses-01/anat/sub-ON08710_ses-01_acq-forMEGCoregistration_T1w.nii.gz,sub-ON08710,ses-01,entropy,7.463650377799784,"('NIMH', np.float64(nan), np.float64(nan))",False,True,True,False
/run/media/falconnier/Elements1/BIDS_datasets_selection/NIMH/sub-ON09540/ses-01/anat/sub-ON09540_ses-01_acq-forMEGCoregistration_T1w.nii.gz,sub-ON09540,ses-01,entropy,7.305676385470199,"('NIMH', np.float64(nan), np.float64(nan))",False,True,True,False
/run/media/falconnier/Elements1/BIDS_datasets_selection/NIMH/sub-ON09760/ses-01/anat/sub-ON09760_ses-01_acq-forMEGCoregistration_T1w.nii.gz,sub-ON09760,ses-01,entropy,7.467260790498402,"('NIMH', np.float64(nan), np.float64(nan))",False,True,True,False
/run/media/falconnier/Elements1/BIDS_datasets_selection/NIMH/sub-ON09766/ses-01/anat/sub-ON09766_ses-01_acq-forMEGCoregistration_T1w.nii.gz,sub-ON09766,ses-01,entropy,7.564696830065144,"('NIMH', np.float64(nan), np.float64(nan))",False,True,True,False
/run/media/falconnier/Elements1/BIDS_datasets_selection/NIMH/sub-ON26854/ses-01/anat/sub-ON26854_ses-01_acq-FSPGR_rec-SCIC_T1w.nii.gz,sub-ON26854,ses-01,entropy,0.9396703670543524,"('NIMH', np.float64(nan), np.float64(nan))",False,False,True,False
/run/media/falconnier/Elements1/BIDS_datasets_selection/NIMH/sub-ON33221/ses-01/anat/sub-ON33221_ses-01_acq-forMEGCoregistration_T1w.nii.gz,sub-ON33221,ses-01,entropy,7.289023324430045,"('NIMH', np.float64(nan), np.float64(nan))",False,True,True,False
/run/media/falconnier/Elements1/BIDS_datasets_selection/NIMH/sub-ON43210/ses-01/anat/sub-ON43210_ses-01_acq-forMEGCoregistration_T1w.nii.gz,sub-ON43210,ses-01,entropy,8.322999032313664,"('NIMH', np.float64(nan), np.float64(nan))",False,True,True,False
/run/media/falconnier/Elements1/BIDS_datasets_selection/NIMH/sub-ON50015/ses-01/anat/sub-ON50015_ses-01_acq-FSPGR_rec-SCIC_T1w.nii.gz,sub-ON50015,ses-01,entropy,1.0082627579826389,"('NIMH', np.float64(nan), np.float64(nan))",False,False,True,False
/run/media/falconnier/Elements1/BIDS_datasets_selection/NIMH/sub-ON51111/ses-01/anat/sub-ON51111_ses-01_acq-forMEGCoregistration_T1w.nii.gz,sub-ON51111,ses-01,entropy,7.326906907690603,"('NIMH', np.float64(nan), np.float64(nan))",False,True,True,False
/run/media/falconnier/Elements1/BIDS_datasets_selection/NIMH/sub-ON52220/ses-01/anat/sub-ON52220_ses-01_acq-forMEGCoregistration_T1w.nii.gz,sub-ON52220,ses-01,entropy,7.289380793990023,"('NIMH', np.float64(nan), np.float64(nan))",False,True,True,False
/run/media/falconnier/Elements1/BIDS_datasets_selection/NIMH/sub-ON55820/ses-01/anat/sub-ON55820_ses-01_acq-FSPGR_rec-SCIC_T1w.nii.gz,sub-ON55820,ses-01,entropy,0.92299261775719,"('NIMH', np.float64(nan), np.float64(nan))",False,False,True,False
/run/media/falconnier/Elements1/BIDS_datasets_selection/NIMH/sub-ON62200/ses-01/anat/sub-ON62200_ses-01_acq-forMEGCoregistration_T1w.nii.gz,sub-ON62200,ses-01,entropy,6.994713963738514,"('NIMH', np.float64(nan), np.float64(nan))",False,True,True,False
/run/media/falconnier/Elements1/BIDS_datasets_selection/NIMH/sub-ON62955/ses-01/anat/sub-ON62955_ses-01_acq-FSPGR_rec-SCIC_run-01_T1w.nii.gz,sub-ON62955,ses-01,entropy,1.0081423246846857,"('NIMH', np.float64(nan), np.float64(nan))",False,False,True,False
/run/media/falconnier/Elements1/BIDS_datasets_selection/NIMH/sub-ON62955/ses-01/anat/sub-ON62955_ses-01_acq-FSPGR_rec-SCIC_run-02_T1w.nii.gz,sub-ON62955,ses-01,entropy,0.9509769263918156,"('NIMH', np.float64(nan), np.float64(nan))",False,False,True,False
/run/media/falconnier/Elements1/BIDS_datasets_selection/NIMH/sub-ON69092/ses-01/anat/sub-ON69092_ses-01_acq-SagittalMPRAGE_rec-SCIC_T1w.nii.gz,sub-ON69092,ses-01,entropy,0.9177657852293624,"('NIMH', np.float64(nan), np.float64(nan))",False,False,True,False
/run/media/falconnier/Elements1/BIDS_datasets_selection/NIMH/sub-ON73200/ses-01/anat/sub-ON73200_ses-01_acq-forMEGCoregistration_T1w.nii.gz,sub-ON73200,ses-01,entropy,7.270343930502127,"('NIMH', np.float64(nan), np.float64(nan))",False,True,True,False
/run/media/falconnier/Elements1/BIDS_datasets_selection/NIMH/sub-ON75100/ses-01/anat/sub-ON75100_ses-01_acq-forMEGCoregistration_T1w.nii.gz,sub-ON75100,ses-01,entropy,7.8108908760321345,"('NIMH', np.float64(nan), np.float64(nan))",False,True,True,False
/run/media/falconnier/Elements1/BIDS_datasets_selection/NIMH/sub-ON76144/ses-01/anat/sub-ON76144_ses-01_acq-forMEGCoregistration_T1w.nii.gz,sub-ON76144,ses-01,entropy,7.789309750860709,"('NIMH', np.float64(nan), np.float64(nan))",False,True,True,False
/run/media/falconnier/Elements1/BIDS_datasets_selection/NIMH/sub-ON76320/ses-01/anat/sub-ON76320_ses-01_acq-forMEGCoregistration_T1w.nii.gz,sub-ON76320,ses-01,entropy,7.159485925258907,"('NIMH', np.float64(nan), np.float64(nan))",False,True,True,False
/run/media/falconnier/Elements1/BIDS_datasets_selection/NIMH/sub-ON76525/ses-01/anat/sub-ON76525_ses-01_acq-forMEGCoregistration_T1w.nii.gz,sub-ON76525,ses-01,entropy,7.985483504426261,"('NIMH', np.float64(nan), np.float64(nan))",False,True,True,False
/run/media/falconnier/Elements1/BIDS_datasets_selection/NIMH/sub-ON76625/ses-01/anat/sub-ON76625_ses-01_acq-forMEGCoregistration_T1w.nii.gz,sub-ON76625,ses-01,entropy,7.7246756018862115,"('NIMH', np.float64(nan), np.float64(nan))",False,True,True,False
/run/media/falconnier/Elements1/BIDS_datasets_selection/NIMH/sub-ON77753/ses-01/anat/sub-ON77753_ses-01_acq-forMEGCoregistration_T1w.nii.gz,sub-ON77753,ses-01,entropy,7.9935680905812445,"('NIMH', np.float64(nan), np.float64(nan))",False,True,True,False
/run/media/falconnier/Elements1/BIDS_datasets_selection/NIMH/sub-ON83320/ses-01/anat/sub-ON83320_ses-01_acq-forMEGCoregistration_T1w.nii.gz,sub-ON83320,ses-01,entropy,7.698288927576096,"('NIMH', np.float64(nan), np.float64(nan))",False,True,True,False
/run/media/falconnier/Elements1/BIDS_datasets_selection/NIMH/sub-ON84201/ses-01/anat/sub-ON84201_ses-01_acq-forMEGCoregistration_T1w.nii.gz,sub-ON84201,ses-01,entropy,7.737687316117928,"('NIMH', np.float64(nan), np.float64(nan))",False,True,True,False
/run/media/falconnier/Elements1/BIDS_datasets_selection/NIMH/sub-ON85010/ses-01/anat/sub-ON85010_ses-01_acq-forMEGCoregistration_T1w.nii.gz,sub-ON85010,ses-01,entropy,8.229046916183057,"('NIMH', np.float64(nan), np.float64(nan))",False,True,True,False
/run/media/falconnier/Elements1/BIDS_datasets_selection/NIMH/sub-ON85301/ses-01/anat/sub-ON85301_ses-01_acq-forMEGCoregistration_T1w.nii.gz,sub-ON85301,ses-01,entropy,8.16020275149832,"('NIMH', np.float64(nan), np.float64(nan))",False,True,True,False
/run/media/falconnier/Elements1/BIDS_datasets_selection/NIMH/sub-ON85400/ses-01/anat/sub-ON85400_ses-01_acq-forMEGCoregistration_T1w.nii.gz,sub-ON85400,ses-01,entropy,8.185487108087258,"('NIMH', np.float64(nan), np.float64(nan))",False,True,True,False
/run/media/falconnier/Elements1/BIDS_datasets_selection/NIMH/sub-ON85514/ses-01/anat/sub-ON85514_ses-01_acq-forMEGCoregistration_T1w.nii.gz,sub-ON85514,ses-01,entropy,7.608795902658507,"('NIMH', np.float64(nan), np.float64(nan))",False,True,True,False
/run/media/falconnier/Elements1/BIDS_datasets_selection/NIMH/sub-ON87054/ses-01/anat/sub-ON87054_ses-01_acq-FSPGR_rec-SCIC_T1w.nii.gz,sub-ON87054,ses-01,entropy,0.940051384694135,"('NIMH', np.float64(nan), np.float64(nan))",False,False,True,False
/run/media/falconnier/Elements1/BIDS_datasets_selection/NIMH/sub-ON87304/ses-01/anat/sub-ON87304_ses-01_acq-forMEGCoregistration_T1w.nii.gz,sub-ON87304,ses-01,entropy,7.758283128328424,"('NIMH', np.float64(nan), np.float64(nan))",False,True,True,False
/run/media/falconnier/Elements1/BIDS_datasets_selection/NIMH/sub-ON87538/ses-01/anat/sub-ON87538_ses-01_acq-SagittalMPRAGE_rec-SCIC_T1w.nii.gz,sub-ON87538,ses-01,entropy,1.0365030703934222,"('NIMH', np.float64(nan), np.float64(nan))",False,False,True,False
/run/media/falconnier/Elements1/BIDS_datasets_selection/NIMH/sub-ON87550/ses-01/anat/sub-ON87550_ses-01_acq-forMEGCoregistration_T1w.nii.gz,sub-ON87550,ses-01,entropy,7.200874495159791,"('NIMH', np.float64(nan), np.float64(nan))",False,True,True,False
/run/media/falconnier/Elements1/BIDS_datasets_selection/NIMH/sub-ON87616/ses-01/anat/sub-ON87616_ses-01_acq-forMEGCoregistration_T1w.nii.gz,sub-ON87616,ses-01,entropy,7.573571027361819,"('NIMH', np.float64(nan), np.float64(nan))",False,True,True,False
/run/media/falconnier/Elements1/BIDS_datasets_selection/NIMH/sub-ON87631/ses-01/anat/sub-ON87631_ses-01_acq-forMEGCoregistration_T1w.nii.gz,sub-ON87631,ses-01,entropy,7.588100963419746,"('NIMH', np.float64(nan), np.float64(nan))",False,True,True,False
/run/media/falconnier/Elements1/BIDS_datasets_selection/NIMH/sub-ON87642/ses-01/anat/sub-ON87642_ses-01_acq-forMEGCoregistration_T1w.nii.gz,sub-ON87642,ses-01,entropy,7.858793439378062,"('NIMH', np.float64(nan), np.float64(nan))",False,True,True,False
/run/media/falconnier/Elements1/BIDS_datasets_selection/NIMH/sub-ON87655/ses-01/anat/sub-ON87655_ses-01_acq-forMEGCoregistration_T1w.nii.gz,sub-ON87655,ses-01,entropy,7.382225120332542,"('NIMH', np.float64(nan), np.float64(nan))",False,True,True,False
/run/media/falconnier/Elements1/BIDS_datasets_selection/NIMH/sub-ON87743/ses-01/anat/sub-ON87743_ses-01_acq-forMEGCoregistration_T1w.nii.gz,sub-ON87743,ses-01,entropy,7.118608881443533,"('NIMH', np.float64(nan), np.float64(nan))",False,True,True,False
/run/media/falconnier/Elements1/BIDS_datasets_selection/NIMH/sub-ON87777/ses-01/anat/sub-ON87777_ses-01_acq-forMEGCoregistration_T1w.nii.gz,sub-ON87777,ses-01,entropy,7.264774537936483,"('NIMH', np.float64(nan), np.float64(nan))",False,True,True,False
/run/media/falconnier/Elements1/BIDS_datasets_selection/NIMH/sub-ON88753/ses-01/anat/sub-ON88753_ses-01_acq-forMEGCoregistration_T1w.nii.gz,sub-ON88753,ses-01,entropy,7.500160755707065,"('NIMH', np.float64(nan), np.float64(nan))",False,True,True,False
/run/media/falconnier/Elements1/BIDS_datasets_selection/NIMH/sub-ON88700/ses-01/anat/sub-ON88700_ses-01_acq-forMEGCoregistration_T1w.nii.gz,sub-ON88700,ses-01,entropy,7.575971545141739,"('NIMH', np.float64(nan), np.float64(nan))",False,True,True,False
/run/media/falconnier/Elements1/BIDS_datasets_selection/NIMH/sub-ON88762/ses-01/anat/sub-ON88762_ses-01_acq-forMEGCoregistration_T1w.nii.gz,sub-ON88762,ses-01,entropy,7.574808116709244,"('NIMH', np.float64(nan), np.float64(nan))",False,True,True,False
/run/media/falconnier/Elements1/BIDS_datasets_selection/NIMH/sub-ON92220/ses-01/anat/sub-ON92220_ses-01_acq-forMEGCoregistration_T1w.nii.gz,sub-ON92220,ses-01,entropy,7.306501055530769,"('NIMH', np.float64(nan), np.float64(nan))",False,True,True,False
/run/media/falconnier/Elements1/BIDS_datasets_selection/NIMH/sub-ON93222/ses-01/anat/sub-ON93222_ses-01_acq-forMEGCoregistration_T1w.nii.gz,sub-ON93222,ses-01,entropy,8.027409694172631,"('NIMH', np.float64(nan), np.float64(nan))",False,True,True,False
/run/media/falconnier/Elements1/BIDS_datasets_selection/NIMH/sub-ON94131/ses-01/anat/sub-ON94131_ses-01_acq-forMEGCoregistration_T1w.nii.gz,sub-ON94131,ses-01,entropy,7.635251878194392,"('NIMH', np.float64(nan), np.float64(nan))",False,True,True,False
/run/media/falconnier/Elements1/BIDS_datasets_selection/NIMH/sub-ON94110/ses-01/anat/sub-ON94110_ses-01_acq-forMEGCoregistration_T1w.nii.gz,sub-ON94110,ses-01,entropy,7.694273342560232,"('NIMH', np.float64(nan), np.float64(nan))",False,True,True,False
/run/media/falconnier/Elements1/BIDS_datasets_selection/NIMH/sub-ON95520/ses-01/anat/sub-ON95520_ses-01_acq-forMEGCoregistration_T1w.nii.gz,sub-ON95520,ses-01,entropy,8.024224257061107,"('NIMH', np.float64(nan), np.float64(nan))",False,True,True,False
/run/media/falconnier/Elements1/BIDS_datasets_selection/NIMH/sub-ON96252/ses-01/anat/sub-ON96252_ses-01_acq-forMEGCoregistration_T1w.nii.gz,sub-ON96252,ses-01,entropy,7.6988257290227216,"('NIMH', np.float64(nan), np.float64(nan))",False,True,True,False
/run/media/falconnier/Elements1/BIDS_datasets_selection/NIMH/sub-ON96353/ses-01/anat/sub-ON96353_ses-01_acq-forMEGCoregistration_T1w.nii.gz,sub-ON96353,ses-01,entropy,7.689296745301877,"('NIMH', np.float64(nan), np.float64(nan))",False,True,True,False
/run/media/falconnier/Elements1/BIDS_datasets_selection/NIMH/sub-ON96510/ses-01/anat/sub-ON96510_ses-01_acq-forMEGCoregistration_T1w.nii.gz,sub-ON96510,ses-01,entropy,7.682121757795014,"('NIMH', np.float64(nan), np.float64(nan))",False,True,True,False
/run/media/falconnier/Elements1/BIDS_datasets_selection/NIMH/sub-ON96555/ses-01/anat/sub-ON96555_ses-01_acq-forMEGCoregistration_T1w.nii.gz,sub-ON96555,ses-01,entropy,8.198300147072503,"('NIMH', np.float64(nan), np.float64(nan))",False,True,True,False
/run/media/falconnier/Elements1/BIDS_datasets_selection/NIMH/sub-ON97503/ses-01/anat/sub-ON97503_ses-01_acq-forMEGCoregistration_T1w.nii.gz,sub-ON97503,ses-01,entropy,7.251445339546666,"('NIMH', np.float64(nan), np.float64(nan))",False,True,True,False
/run/media/falconnier/Elements1/BIDS_datasets_selection/NIMH/sub-ON97654/ses-01/anat/sub-ON97654_ses-01_acq-forMEGCoregistration_T1w.nii.gz,sub-ON97654,ses-01,entropy,7.896577242016347,"('NIMH', np.float64(nan), np.float64(nan))",False,True,True,False
/run/media/falconnier/Elements1/BIDS_datasets_selection/NIMH/sub-ON97765/ses-01/anat/sub-ON97765_ses-01_acq-forMEGCoregistration_T1w.nii.gz,sub-ON97765,ses-01,entropy,7.310670098353035,"('NIMH', np.float64(nan), np.float64(nan))",False,True,True,False
/run/media/falconnier/Elements1/BIDS_datasets_selection/NIMH/sub-ON98130/ses-01/anat/sub-ON98130_ses-01_acq-forMEGCoregistration_T1w.nii.gz,sub-ON98130,ses-01,entropy,7.7005129074233,"('NIMH', np.float64(nan), np.float64(nan))",False,True,True,False
/run/media/falconnier/Elements1/BIDS_datasets_selection/NIMH/sub-ON98362/ses-01/anat/sub-ON98362_ses-01_acq-forMEGCoregistration_T1w.nii.gz,sub-ON98362,ses-01,entropy,8.110355957827839,"('NIMH', np.float64(nan), np.float64(nan))",False,True,True,False
/run/media/falconnier/Elements1/BIDS_datasets_selection/NIMH/sub-ON98502/ses-01/anat/sub-ON98502_ses-01_acq-forMEGCoregistration_T1w.nii.gz,sub-ON98502,ses-01,entropy,7.615119682035647,"('NIMH', np.float64(nan), np.float64(nan))",False,True,True,False
/run/media/falconnier/Elements1/BIDS_datasets_selection/NIMH/sub-ON98602/ses-01/anat/sub-ON98602_ses-01_acq-forMEGCoregistration_T1w.nii.gz,sub-ON98602,ses-01,entropy,7.082692344214264,"('NIMH', np.float64(nan), np.float64(nan))",False,True,True,False
/run/media/falconnier/Elements1/BIDS_datasets_selection/NIMH/sub-ON98664/ses-01/anat/sub-ON98664_ses-01_acq-forMEGCoregistration_T1w.nii.gz,sub-ON98664,ses-01,entropy,8.287534974081398,"('NIMH', np.float64(nan), np.float64(nan))",False,True,True,False
/run/media/falconnier/Elements1/BIDS_datasets_selection/NIMH/sub-ON98745/ses-01/anat/sub-ON98745_ses-01_acq-forMEGCoregistration_T1w.nii.gz,sub-ON98745,ses-01,entropy,7.396168395704967,"('NIMH', np.float64(nan), np.float64(nan))",False,True,True,False
/run/media/falconnier/Elements1/BIDS_datasets_selection/NIMH/sub-ON98806/ses-01/anat/sub-ON98806_ses-01_acq-SagittalMPRAGE_rec-SCIC_T1w.nii.gz,sub-ON98806,ses-01,entropy,0.960786872415992,"('NIMH', np.float64(nan), np.float64(nan))",False,False,True,False
/run/media/falconnier/Elements1/BIDS_datasets_selection/NIMH/sub-ON98826/ses-01/anat/sub-ON98826_ses-01_acq-forMEGCoregistration_T1w.nii.gz,sub-ON98826,ses-01,entropy,7.260707864045277,"('NIMH', np.float64(nan), np.float64(nan))",False,True,True,False
/run/media/falconnier/Elements1/BIDS_datasets_selection/NIMH/sub-ON99547/ses-01/anat/sub-ON99547_ses-01_acq-forMEGCoregistration_T1w.nii.gz,sub-ON99547,ses-01,entropy,7.680254753784654,"('NIMH', np.float64(nan), np.float64(nan))",False,True,True,False
/run/media/falconnier/Elements1/BIDS_datasets_selection/NIMH/sub-ON99633/ses-01/anat/sub-ON99633_ses-01_acq-forMEGCoregistration_T1w.nii.gz,sub-ON99633,ses-01,entropy,7.329227733191144,"('NIMH', np.float64(nan), np.float64(nan))",False,True,True,False
/run/media/falconnier/Elements1/BIDS_datasets_selection/NIMH/sub-ON99881/ses-01/anat/sub-ON99881_ses-01_acq-forMEGCoregistration_T1w.nii.gz,sub-ON99881,ses-01,entropy,7.8830292624621565,"('NIMH', np.float64(nan), np.float64(nan))",False,True,True,False
/run/media/falconnier/Elements1/BIDS_datasets_selection/NIMH/sub-ON99943/ses-01/anat/sub-ON99943_ses-01_acq-forMEGCoregistration_T1w.nii.gz,sub-ON99943,ses-01,entropy,7.682661197613063,"('NIMH', np.float64(nan), np.float64(nan))",False,True,True,False
/run/media/falconnier/Elements1/BIDS_datasets_selection/NIMH/sub-ON54886/ses-01/anat/sub-ON54886_ses-01_acq-MPRAGE_T1w.nii.gz,sub-ON54886,ses-01,kurtosis,22.143512295923667,"('NIMH', np.float64(nan), np.float64(nan))",True,False,False,False
/run/media/falconnier/Elements1/BIDS_datasets_selection/NIMH/sub-ON01016/ses-01/anat/sub-ON01016_ses-01_acq-FSPGR_rec-SCIC_T1w.nii.gz,sub-ON01016,ses-01,p05,1.0,"('NIMH', np.float64(nan), np.float64(nan))",False,False,True,False
/run/media/falconnier/Elements1/BIDS_datasets_selection/NIMH/sub-ON05258/ses-01/anat/sub-ON05258_ses-01_acq-FSPGR_rec-SCIC_T1w.nii.gz,sub-ON05258,ses-01,p05,1.0,"('NIMH', np.float64(nan), np.float64(nan))",False,False,True,False
/run/media/falconnier/Elements1/BIDS_datasets_selection/NIMH/sub-ON05311/ses-01/anat/sub-ON05311_ses-01_acq-FSPGR_rec-SCIC_T1w.nii.gz,sub-ON05311,ses-01,p05,1.0,"('NIMH', np.float64(nan), np.float64(nan))",False,False,True,False
/run/media/falconnier/Elements1/BIDS_datasets_selection/NIMH/sub-ON06910/ses-01/anat/sub-ON06910_ses-01_acq-FSPGR_rec-SCIC_T1w.nii.gz,sub-ON06910,ses-01,p05,1.0,"('NIMH', np.float64(nan), np.float64(nan))",False,False,True,False
/run/media/falconnier/Elements1/BIDS_datasets_selection/NIMH/sub-ON08392/ses-01/anat/sub-ON08392_ses-01_acq-FSPGR_rec-SCIC_T1w.nii.gz,sub-ON08392,ses-01,p05,1.0,"('NIMH', np.float64(nan), np.float64(nan))",False,False,True,False
/run/media/falconnier/Elements1/BIDS_datasets_selection/NIMH/sub-ON08710/ses-01/anat/sub-ON08710_ses-01_acq-forMEGCoregistration_T1w.nii.gz,sub-ON08710,ses-01,p05,2.0,"('NIMH', np.float64(nan), np.float64(nan))",False,False,True,False
/run/media/falconnier/Elements1/BIDS_datasets_selection/NIMH/sub-ON09540/ses-01/anat/sub-ON09540_ses-01_acq-forMEGCoregistration_T1w.nii.gz,sub-ON09540,ses-01,p05,2.0,"('NIMH', np.float64(nan), np.float64(nan))",False,False,True,False
/run/media/falconnier/Elements1/BIDS_datasets_selection/NIMH/sub-ON09760/ses-01/anat/sub-ON09760_ses-01_acq-forMEGCoregistration_T1w.nii.gz,sub-ON09760,ses-01,p05,3.0,"('NIMH', np.float64(nan), np.float64(nan))",False,False,True,False
/run/media/falconnier/Elements1/BIDS_datasets_selection/NIMH/sub-ON09766/ses-01/anat/sub-ON09766_ses-01_acq-forMEGCoregistration_T1w.nii.gz,sub-ON09766,ses-01,p05,3.0,"('NIMH', np.float64(nan), np.float64(nan))",False,False,True,False
/run/media/falconnier/Elements1/BIDS_datasets_selection/NIMH/sub-ON10965/ses-01/anat/sub-ON10965_ses-01_acq-FSPGR_rec-SCIC_T1w.nii.gz,sub-ON10965,ses-01,p05,1.0,"('NIMH', np.float64(nan), np.float64(nan))",False,False,True,False
/run/media/falconnier/Elements1/BIDS_datasets_selection/NIMH/sub-ON12666/ses-01/anat/sub-ON12666_ses-01_acq-FSPGR_rec-SCIC_T1w.nii.gz,sub-ON12666,ses-01,p05,1.0,"('NIMH', np.float64(nan), np.float64(nan))",False,False,True,False
/run/media/falconnier/Elements1/BIDS_datasets_selection/NIMH/sub-ON13986/ses-01/anat/sub-ON13986_ses-01_acq-FSPGR_rec-SCIC_T1w.nii.gz,sub-ON13986,ses-01,p05,1.0,"('NIMH', np.float64(nan), np.float64(nan))",False,False,True,False
/run/media/falconnier/Elements1/BIDS_datasets_selection/NIMH/sub-ON17159/ses-01/anat/sub-ON17159_ses-01_acq-FSPGR_rec-SCIC_T1w.nii.gz,sub-ON17159,ses-01,p05,1.0,"('NIMH', np.float64(nan), np.float64(nan))",False,False,True,False
/run/media/falconnier/Elements1/BIDS_datasets_selection/NIMH/sub-ON22662/ses-01/anat/sub-ON22662_ses-01_acq-FSPGR_rec-SCIC_T1w.nii.gz,sub-ON22662,ses-01,p05,1.0,"('NIMH', np.float64(nan), np.float64(nan))",False,False,True,False
/run/media/falconnier/Elements1/BIDS_datasets_selection/NIMH/sub-ON23483/ses-01/anat/sub-ON23483_ses-01_acq-FSPGR_rec-SCIC_T1w.nii.gz,sub-ON23483,ses-01,p05,1.0,"('NIMH', np.float64(nan), np.float64(nan))",False,False,True,False
/run/media/falconnier/Elements1/BIDS_datasets_selection/NIMH/sub-ON23897/ses-01/anat/sub-ON23897_ses-01_acq-FSPGR_rec-SCIC_T1w.nii.gz,sub-ON23897,ses-01,p05,1.0,"('NIMH', np.float64(nan), np.float64(nan))",False,False,True,False
/run/media/falconnier/Elements1/BIDS_datasets_selection/NIMH/sub-ON25658/ses-01/anat/sub-ON25658_ses-01_acq-FSPGR_rec-SCIC_T1w.nii.gz,sub-ON25658,ses-01,p05,1.0,"('NIMH', np.float64(nan), np.float64(nan))",False,False,True,False
/run/media/falconnier/Elements1/BIDS_datasets_selection/NIMH/sub-ON28693/ses-01/anat/sub-ON28693_ses-01_acq-FSPGR_rec-SCIC_T1w.nii.gz,sub-ON28693,ses-01,p05,1.0,"('NIMH', np.float64(nan), np.float64(nan))",False,False,True,False
/run/media/falconnier/Elements1/BIDS_datasets_selection/NIMH/sub-ON26854/ses-01/anat/sub-ON26854_ses-01_acq-FSPGR_rec-SCIC_T1w.nii.gz,sub-ON26854,ses-01,p05,1.0,"('NIMH', np.float64(nan), np.float64(nan))",False,False,True,False
/run/media/falconnier/Elements1/BIDS_datasets_selection/NIMH/sub-ON30535/ses-01/anat/sub-ON30535_ses-01_acq-FSPGR_rec-SCIC_T1w.nii.gz,sub-ON30535,ses-01,p05,1.0,"('NIMH', np.float64(nan), np.float64(nan))",False,False,True,False
/run/media/falconnier/Elements1/BIDS_datasets_selection/NIMH/sub-ON31551/ses-01/anat/sub-ON31551_ses-01_acq-FSPGR_rec-SCIC_T1w.nii.gz,sub-ON31551,ses-01,p05,1.0,"('NIMH', np.float64(nan), np.float64(nan))",False,False,True,False
/run/media/falconnier/Elements1/BIDS_datasets_selection/NIMH/sub-ON33827/ses-01/anat/sub-ON33827_ses-01_acq-FSPGR_rec-SCIC_T1w.nii.gz,sub-ON33827,ses-01,p05,1.0,"('NIMH', np.float64(nan), np.float64(nan))",False,False,True,False
/run/media/falconnier/Elements1/BIDS_datasets_selection/NIMH/sub-ON33221/ses-01/anat/sub-ON33221_ses-01_acq-forMEGCoregistration_T1w.nii.gz,sub-ON33221,ses-01,p05,4.0,"('NIMH', np.float64(nan), np.float64(nan))",False,False,True,False
/run/media/falconnier/Elements1/BIDS_datasets_selection/NIMH/sub-ON35920/ses-01/anat/sub-ON35920_ses-01_acq-FSPGR_rec-SCIC_T1w.nii.gz,sub-ON35920,ses-01,p05,1.0,"('NIMH', np.float64(nan), np.float64(nan))",False,False,True,False
/run/media/falconnier/Elements1/BIDS_datasets_selection/NIMH/sub-ON37194/ses-01/anat/sub-ON37194_ses-01_acq-FSPGR_rec-SCIC_T1w.nii.gz,sub-ON37194,ses-01,p05,1.0,"('NIMH', np.float64(nan), np.float64(nan))",False,False,True,False
/run/media/falconnier/Elements1/BIDS_datasets_selection/NIMH/sub-ON38044/ses-01/anat/sub-ON38044_ses-01_acq-FSPGR_rec-SCIC_T1w.nii.gz,sub-ON38044,ses-01,p05,1.0,"('NIMH', np.float64(nan), np.float64(nan))",False,False,True,False
/run/media/falconnier/Elements1/BIDS_datasets_selection/NIMH/sub-ON40397/ses-01/anat/sub-ON40397_ses-01_acq-FSPGR_rec-SCIC_T1w.nii.gz,sub-ON40397,ses-01,p05,1.0,"('NIMH', np.float64(nan), np.float64(nan))",False,False,True,False
/run/media/falconnier/Elements1/BIDS_datasets_selection/NIMH/sub-ON41606/ses-01/anat/sub-ON41606_ses-01_acq-FSPGR_rec-SCIC_T1w.nii.gz,sub-ON41606,ses-01,p05,1.0,"('NIMH', np.float64(nan), np.float64(nan))",False,False,True,False
/run/media/falconnier/Elements1/BIDS_datasets_selection/NIMH/sub-ON43001/ses-01/anat/sub-ON43001_ses-01_acq-FSPGR_rec-SCIC_T1w.nii.gz,sub-ON43001,ses-01,p05,1.0,"('NIMH', np.float64(nan), np.float64(nan))",False,False,True,False
/run/media/falconnier/Elements1/BIDS_datasets_selection/NIMH/sub-ON40757/ses-01/anat/sub-ON40757_ses-01_acq-FSPGR_rec-SCIC_T1w.nii.gz,sub-ON40757,ses-01,p05,1.0,"('NIMH', np.float64(nan), np.float64(nan))",False,False,True,False
/run/media/falconnier/Elements1/BIDS_datasets_selection/NIMH/sub-ON43210/ses-01/anat/sub-ON43210_ses-01_acq-forMEGCoregistration_T1w.nii.gz,sub-ON43210,ses-01,p05,2.0,"('NIMH', np.float64(nan), np.float64(nan))",False,False,True,False
/run/media/falconnier/Elements1/BIDS_datasets_selection/NIMH/sub-ON48190/ses-01/anat/sub-ON48190_ses-01_acq-FSPGR_rec-SCIC_T1w.nii.gz,sub-ON48190,ses-01,p05,1.0,"('NIMH', np.float64(nan), np.float64(nan))",False,False,True,False
/run/media/falconnier/Elements1/BIDS_datasets_selection/NIMH/sub-ON48555/ses-01/anat/sub-ON48555_ses-01_acq-FSPGR_rec-SCIC_T1w.nii.gz,sub-ON48555,ses-01,p05,1.0,"('NIMH', np.float64(nan), np.float64(nan))",False,False,True,False
/run/media/falconnier/Elements1/BIDS_datasets_selection/NIMH/sub-ON48984/ses-01/anat/sub-ON48984_ses-01_acq-FSPGR_rec-SCIC_T1w.nii.gz,sub-ON48984,ses-01,p05,1.0,"('NIMH', np.float64(nan), np.float64(nan))",False,False,True,False
/run/media/falconnier/Elements1/BIDS_datasets_selection/NIMH/sub-ON50015/ses-01/anat/sub-ON50015_ses-01_acq-FSPGR_rec-SCIC_T1w.nii.gz,sub-ON50015,ses-01,p05,1.0,"('NIMH', np.float64(nan), np.float64(nan))",False,False,True,False
/run/media/falconnier/Elements1/BIDS_datasets_selection/NIMH/sub-ON50636/ses-01/anat/sub-ON50636_ses-01_acq-FSPGR_rec-SCIC_T1w.nii.gz,sub-ON50636,ses-01,p05,1.0,"('NIMH', np.float64(nan), np.float64(nan))",False,False,True,False
/run/media/falconnier/Elements1/BIDS_datasets_selection/NIMH/sub-ON51111/ses-01/anat/sub-ON51111_ses-01_acq-forMEGCoregistration_T1w.nii.gz,sub-ON51111,ses-01,p05,2.0,"('NIMH', np.float64(nan), np.float64(nan))",False,False,True,False
/run/media/falconnier/Elements1/BIDS_datasets_selection/NIMH/sub-ON52220/ses-01/anat/sub-ON52220_ses-01_acq-forMEGCoregistration_T1w.nii.gz,sub-ON52220,ses-01,p05,2.0,"('NIMH', np.float64(nan), np.float64(nan))",False,False,True,False
/run/media/falconnier/Elements1/BIDS_datasets_selection/NIMH/sub-ON55820/ses-01/anat/sub-ON55820_ses-01_acq-FSPGR_rec-SCIC_T1w.nii.gz,sub-ON55820,ses-01,p05,1.0,"('NIMH', np.float64(nan), np.float64(nan))",False,False,True,False
/run/media/falconnier/Elements1/BIDS_datasets_selection/NIMH/sub-ON56044/ses-01/anat/sub-ON56044_ses-01_acq-FSPGR_rec-SCIC_T1w.nii.gz,sub-ON56044,ses-01,p05,1.0,"('NIMH', np.float64(nan), np.float64(nan))",False,False,True,False
/run/media/falconnier/Elements1/BIDS_datasets_selection/NIMH/sub-ON59735/ses-01/anat/sub-ON59735_ses-01_acq-FSPGR_rec-SCIC_T1w.nii.gz,sub-ON59735,ses-01,p05,1.0,"('NIMH', np.float64(nan), np.float64(nan))",False,False,True,False
/run/media/falconnier/Elements1/BIDS_datasets_selection/NIMH/sub-ON62592/ses-01/anat/sub-ON62592_ses-01_acq-FSPGR_rec-SCIC_T1w.nii.gz,sub-ON62592,ses-01,p05,1.0,"('NIMH', np.float64(nan), np.float64(nan))",False,False,True,False
/run/media/falconnier/Elements1/BIDS_datasets_selection/NIMH/sub-ON62200/ses-01/anat/sub-ON62200_ses-01_acq-forMEGCoregistration_T1w.nii.gz,sub-ON62200,ses-01,p05,2.0,"('NIMH', np.float64(nan), np.float64(nan))",False,False,True,False
/run/media/falconnier/Elements1/BIDS_datasets_selection/NIMH/sub-ON62623/ses-01/anat/sub-ON62623_ses-01_acq-FSPGR_rec-SCIC_T1w.nii.gz,sub-ON62623,ses-01,p05,1.0,"('NIMH', np.float64(nan), np.float64(nan))",False,False,True,False
/run/media/falconnier/Elements1/BIDS_datasets_selection/NIMH/sub-ON62955/ses-01/anat/sub-ON62955_ses-01_acq-FSPGR_rec-SCIC_run-01_T1w.nii.gz,sub-ON62955,ses-01,p05,1.0,"('NIMH', np.float64(nan), np.float64(nan))",False,False,True,False
/run/media/falconnier/Elements1/BIDS_datasets_selection/NIMH/sub-ON62955/ses-01/anat/sub-ON62955_ses-01_acq-FSPGR_rec-SCIC_run-02_T1w.nii.gz,sub-ON62955,ses-01,p05,1.0,"('NIMH', np.float64(nan), np.float64(nan))",False,False,True,False
/run/media/falconnier/Elements1/BIDS_datasets_selection/NIMH/sub-ON63335/ses-01/anat/sub-ON63335_ses-01_acq-FSPGR_rec-SCIC_T1w.nii.gz,sub-ON63335,ses-01,p05,1.0,"('NIMH', np.float64(nan), np.float64(nan))",False,False,True,False
/run/media/falconnier/Elements1/BIDS_datasets_selection/NIMH/sub-ON65553/ses-01/anat/sub-ON65553_ses-01_acq-FSPGR_rec-SCIC_T1w.nii.gz,sub-ON65553,ses-01,p05,1.0,"('NIMH', np.float64(nan), np.float64(nan))",False,False,True,False
/run/media/falconnier/Elements1/BIDS_datasets_selection/NIMH/sub-ON65697/ses-01/anat/sub-ON65697_ses-01_acq-FSPGR_rec-SCIC_T1w.nii.gz,sub-ON65697,ses-01,p05,1.0,"('NIMH', np.float64(nan), np.float64(nan))",False,False,True,False
/run/media/falconnier/Elements1/BIDS_datasets_selection/NIMH/sub-ON67121/ses-01/anat/sub-ON67121_ses-01_acq-FSPGR_rec-SCIC_T1w.nii.gz,sub-ON67121,ses-01,p05,1.0,"('NIMH', np.float64(nan), np.float64(nan))",False,False,True,False
/run/media/falconnier/Elements1/BIDS_datasets_selection/NIMH/sub-ON66557/ses-01/anat/sub-ON66557_ses-01_acq-FSPGR_rec-SCIC_T1w.nii.gz,sub-ON66557,ses-01,p05,1.0,"('NIMH', np.float64(nan), np.float64(nan))",False,False,True,False
/run/media/falconnier/Elements1/BIDS_datasets_selection/NIMH/sub-ON67563/ses-01/anat/sub-ON67563_ses-01_acq-FSPGR_rec-SCIC_T1w.nii.gz,sub-ON67563,ses-01,p05,1.0,"('NIMH', np.float64(nan), np.float64(nan))",False,False,True,False
/run/media/falconnier/Elements1/BIDS_datasets_selection/NIMH/sub-ON69092/ses-01/anat/sub-ON69092_ses-01_acq-SagittalMPRAGE_rec-SCIC_T1w.nii.gz,sub-ON69092,ses-01,p05,1.0,"('NIMH', np.float64(nan), np.float64(nan))",False,False,True,False
/run/media/falconnier/Elements1/BIDS_datasets_selection/NIMH/sub-ON72409/ses-01/anat/sub-ON72409_ses-01_acq-FSPGR_rec-SCIC_T1w.nii.gz,sub-ON72409,ses-01,p05,1.0,"('NIMH', np.float64(nan), np.float64(nan))",False,False,True,False
/run/media/falconnier/Elements1/BIDS_datasets_selection/NIMH/sub-ON73200/ses-01/anat/sub-ON73200_ses-01_acq-forMEGCoregistration_T1w.nii.gz,sub-ON73200,ses-01,p05,5.0,"('NIMH', np.float64(nan), np.float64(nan))",False,False,True,False
/run/media/falconnier/Elements1/BIDS_datasets_selection/NIMH/sub-ON74065/ses-01/anat/sub-ON74065_ses-01_acq-FSPGR_rec-SCIC_T1w.nii.gz,sub-ON74065,ses-01,p05,1.0,"('NIMH', np.float64(nan), np.float64(nan))",False,False,True,False
/run/media/falconnier/Elements1/BIDS_datasets_selection/NIMH/sub-ON75100/ses-01/anat/sub-ON75100_ses-01_acq-forMEGCoregistration_T1w.nii.gz,sub-ON75100,ses-01,p05,3.0,"('NIMH', np.float64(nan), np.float64(nan))",False,False,True,False
/run/media/falconnier/Elements1/BIDS_datasets_selection/NIMH/sub-ON75450/ses-01/anat/sub-ON75450_ses-01_acq-FSPGR_rec-SCIC_T1w.nii.gz,sub-ON75450,ses-01,p05,1.0,"('NIMH', np.float64(nan), np.float64(nan))",False,False,True,False
/run/media/falconnier/Elements1/BIDS_datasets_selection/NIMH/sub-ON76144/ses-01/anat/sub-ON76144_ses-01_acq-forMEGCoregistration_T1w.nii.gz,sub-ON76144,ses-01,p05,1.0,"('NIMH', np.float64(nan), np.float64(nan))",False,False,True,False
/run/media/falconnier/Elements1/BIDS_datasets_selection/NIMH/sub-ON76320/ses-01/anat/sub-ON76320_ses-01_acq-forMEGCoregistration_T1w.nii.gz,sub-ON76320,ses-01,p05,3.0,"('NIMH', np.float64(nan), np.float64(nan))",False,False,True,False
/run/media/falconnier/Elements1/BIDS_datasets_selection/NIMH/sub-ON76510/ses-01/anat/sub-ON76510_ses-01_acq-FSPGR_rec-SCIC_T1w.nii.gz,sub-ON76510,ses-01,p05,1.0,"('NIMH', np.float64(nan), np.float64(nan))",False,False,True,False
/run/media/falconnier/Elements1/BIDS_datasets_selection/NIMH/sub-ON76525/ses-01/anat/sub-ON76525_ses-01_acq-forMEGCoregistration_T1w.nii.gz,sub-ON76525,ses-01,p05,3.0,"('NIMH', np.float64(nan), np.float64(nan))",False,False,True,False
/run/media/falconnier/Elements1/BIDS_datasets_selection/NIMH/sub-ON76625/ses-01/anat/sub-ON76625_ses-01_acq-forMEGCoregistration_T1w.nii.gz,sub-ON76625,ses-01,p05,3.0,"('NIMH', np.float64(nan), np.float64(nan))",False,False,True,False
/run/media/falconnier/Elements1/BIDS_datasets_selection/NIMH/sub-ON80356/ses-01/anat/sub-ON80356_ses-01_acq-FSPGR_rec-SCIC_T1w.nii.gz,sub-ON80356,ses-01,p05,1.0,"('NIMH', np.float64(nan), np.float64(nan))",False,False,True,False
/run/media/falconnier/Elements1/BIDS_datasets_selection/NIMH/sub-ON78603/ses-01/anat/sub-ON78603_ses-01_acq-FSPGR_rec-SCIC_T1w.nii.gz,sub-ON78603,ses-01,p05,1.0,"('NIMH', np.float64(nan), np.float64(nan))",False,False,True,False
/run/media/falconnier/Elements1/BIDS_datasets_selection/NIMH/sub-ON77753/ses-01/anat/sub-ON77753_ses-01_acq-forMEGCoregistration_T1w.nii.gz,sub-ON77753,ses-01,p05,3.0,"('NIMH', np.float64(nan), np.float64(nan))",False,False,True,False
/run/media/falconnier/Elements1/BIDS_datasets_selection/NIMH/sub-ON82386/ses-01/anat/sub-ON82386_ses-01_acq-FSPGR_rec-SCIC_T1w.nii.gz,sub-ON82386,ses-01,p05,1.0,"('NIMH', np.float64(nan), np.float64(nan))",False,False,True,False
/run/media/falconnier/Elements1/BIDS_datasets_selection/NIMH/sub-ON82798/ses-01/anat/sub-ON82798_ses-01_acq-FSPGR_rec-SCIC_T1w.nii.gz,sub-ON82798,ses-01,p05,1.0,"('NIMH', np.float64(nan), np.float64(nan))",False,False,True,False
/run/media/falconnier/Elements1/BIDS_datasets_selection/NIMH/sub-ON82948/ses-01/anat/sub-ON82948_ses-01_acq-SagittalMPRAGE_rec-SCIC_T1w.nii.gz,sub-ON82948,ses-01,p05,1.0,"('NIMH', np.float64(nan), np.float64(nan))",False,False,True,False
/run/media/falconnier/Elements1/BIDS_datasets_selection/NIMH/sub-ON83320/ses-01/anat/sub-ON83320_ses-01_acq-forMEGCoregistration_T1w.nii.gz,sub-ON83320,ses-01,p05,2.0,"('NIMH', np.float64(nan), np.float64(nan))",False,False,True,False
/run/media/falconnier/Elements1/BIDS_datasets_selection/NIMH/sub-ON84201/ses-01/anat/sub-ON84201_ses-01_acq-forMEGCoregistration_T1w.nii.gz,sub-ON84201,ses-01,p05,2.0,"('NIMH', np.float64(nan), np.float64(nan))",False,False,True,False
/run/media/falconnier/Elements1/BIDS_datasets_selection/NIMH/sub-ON84651/ses-01/anat/sub-ON84651_ses-01_acq-FSPGR_rec-SCIC_T1w.nii.gz,sub-ON84651,ses-01,p05,1.0,"('NIMH', np.float64(nan), np.float64(nan))",False,False,True,False
/run/media/falconnier/Elements1/BIDS_datasets_selection/NIMH/sub-ON84478/ses-01/anat/sub-ON84478_ses-01_acq-FSPGR_rec-SCIC_T1w.nii.gz,sub-ON84478,ses-01,p05,1.0,"('NIMH', np.float64(nan), np.float64(nan))",False,False,True,False
/run/media/falconnier/Elements1/BIDS_datasets_selection/NIMH/sub-ON85010/ses-01/anat/sub-ON85010_ses-01_acq-forMEGCoregistration_T1w.nii.gz,sub-ON85010,ses-01,p05,4.0,"('NIMH', np.float64(nan), np.float64(nan))",False,False,True,False
/run/media/falconnier/Elements1/BIDS_datasets_selection/NIMH/sub-ON85301/ses-01/anat/sub-ON85301_ses-01_acq-forMEGCoregistration_T1w.nii.gz,sub-ON85301,ses-01,p05,3.0,"('NIMH', np.float64(nan), np.float64(nan))",False,False,True,False
/run/media/falconnier/Elements1/BIDS_datasets_selection/NIMH/sub-ON85400/ses-01/anat/sub-ON85400_ses-01_acq-forMEGCoregistration_T1w.nii.gz,sub-ON85400,ses-01,p05,4.0,"('NIMH', np.float64(nan), np.float64(nan))",False,False,True,False
/run/media/falconnier/Elements1/BIDS_datasets_selection/NIMH/sub-ON85514/ses-01/anat/sub-ON85514_ses-01_acq-forMEGCoregistration_T1w.nii.gz,sub-ON85514,ses-01,p05,2.0,"('NIMH', np.float64(nan), np.float64(nan))",False,False,True,False
/run/media/falconnier/Elements1/BIDS_datasets_selection/NIMH/sub-ON87054/ses-01/anat/sub-ON87054_ses-01_acq-FSPGR_rec-SCIC_T1w.nii.gz,sub-ON87054,ses-01,p05,1.0,"('NIMH', np.float64(nan), np.float64(nan))",False,False,True,False
/run/media/falconnier/Elements1/BIDS_datasets_selection/NIMH/sub-ON87304/ses-01/anat/sub-ON87304_ses-01_acq-forMEGCoregistration_T1w.nii.gz,sub-ON87304,ses-01,p05,4.0,"('NIMH', np.float64(nan), np.float64(nan))",False,False,True,False
/run/media/falconnier/Elements1/BIDS_datasets_selection/NIMH/sub-ON86779/ses-01/anat/sub-ON86779_ses-01_acq-FSPGR_rec-SCIC_T1w.nii.gz,sub-ON86779,ses-01,p05,1.0,"('NIMH', np.float64(nan), np.float64(nan))",False,False,True,False
/run/media/falconnier/Elements1/BIDS_datasets_selection/NIMH/sub-ON87313/ses-01/anat/sub-ON87313_ses-01_acq-FSPGR_rec-SCIC_T1w.nii.gz,sub-ON87313,ses-01,p05,1.0,"('NIMH', np.float64(nan), np.float64(nan))",False,False,True,False
/run/media/falconnier/Elements1/BIDS_datasets_selection/NIMH/sub-ON87538/ses-01/anat/sub-ON87538_ses-01_acq-SagittalMPRAGE_rec-SCIC_T1w.nii.gz,sub-ON87538,ses-01,p05,1.0,"('NIMH', np.float64(nan), np.float64(nan))",False,False,True,False
/run/media/falconnier/Elements1/BIDS_datasets_selection/NIMH/sub-ON87550/ses-01/anat/sub-ON87550_ses-01_acq-forMEGCoregistration_T1w.nii.gz,sub-ON87550,ses-01,p05,5.0,"('NIMH', np.float64(nan), np.float64(nan))",False,False,True,False
/run/media/falconnier/Elements1/BIDS_datasets_selection/NIMH/sub-ON87616/ses-01/anat/sub-ON87616_ses-01_acq-forMEGCoregistration_T1w.nii.gz,sub-ON87616,ses-01,p05,2.0,"('NIMH', np.float64(nan), np.float64(nan))",False,False,True,False
/run/media/falconnier/Elements1/BIDS_datasets_selection/NIMH/sub-ON87631/ses-01/anat/sub-ON87631_ses-01_acq-forMEGCoregistration_T1w.nii.gz,sub-ON87631,ses-01,p05,4.0,"('NIMH', np.float64(nan), np.float64(nan))",False,False,True,False
/run/media/falconnier/Elements1/BIDS_datasets_selection/NIMH/sub-ON87642/ses-01/anat/sub-ON87642_ses-01_acq-forMEGCoregistration_T1w.nii.gz,sub-ON87642,ses-01,p05,3.0,"('NIMH', np.float64(nan), np.float64(nan))",False,False,True,False
/run/media/falconnier/Elements1/BIDS_datasets_selection/NIMH/sub-ON87655/ses-01/anat/sub-ON87655_ses-01_acq-forMEGCoregistration_T1w.nii.gz,sub-ON87655,ses-01,p05,3.0,"('NIMH', np.float64(nan), np.float64(nan))",False,False,True,False
/run/media/falconnier/Elements1/BIDS_datasets_selection/NIMH/sub-ON87743/ses-01/anat/sub-ON87743_ses-01_acq-forMEGCoregistration_T1w.nii.gz,sub-ON87743,ses-01,p05,3.0,"('NIMH', np.float64(nan), np.float64(nan))",False,False,True,False
/run/media/falconnier/Elements1/BIDS_datasets_selection/NIMH/sub-ON87777/ses-01/anat/sub-ON87777_ses-01_acq-forMEGCoregistration_T1w.nii.gz,sub-ON87777,ses-01,p05,3.0,"('NIMH', np.float64(nan), np.float64(nan))",False,False,True,False
/run/media/falconnier/Elements1/BIDS_datasets_selection/NIMH/sub-ON88753/ses-01/anat/sub-ON88753_ses-01_acq-forMEGCoregistration_T1w.nii.gz,sub-ON88753,ses-01,p05,1.0,"('NIMH', np.float64(nan), np.float64(nan))",False,False,True,False
/run/media/falconnier/Elements1/BIDS_datasets_selection/NIMH/sub-ON88700/ses-01/anat/sub-ON88700_ses-01_acq-forMEGCoregistration_T1w.nii.gz,sub-ON88700,ses-01,p05,4.0,"('NIMH', np.float64(nan), np.float64(nan))",False,False,True,False
/run/media/falconnier/Elements1/BIDS_datasets_selection/NIMH/sub-ON88762/ses-01/anat/sub-ON88762_ses-01_acq-forMEGCoregistration_T1w.nii.gz,sub-ON88762,ses-01,p05,3.0,"('NIMH', np.float64(nan), np.float64(nan))",False,False,True,False
/run/media/falconnier/Elements1/BIDS_datasets_selection/NIMH/sub-ON92067/ses-01/anat/sub-ON92067_ses-01_acq-FSPGR_rec-SCIC_T1w.nii.gz,sub-ON92067,ses-01,p05,1.0,"('NIMH', np.float64(nan), np.float64(nan))",False,False,True,False
/run/media/falconnier/Elements1/BIDS_datasets_selection/NIMH/sub-ON92220/ses-01/anat/sub-ON92220_ses-01_acq-forMEGCoregistration_T1w.nii.gz,sub-ON92220,ses-01,p05,3.0,"('NIMH', np.float64(nan), np.float64(nan))",False,False,True,False
/run/media/falconnier/Elements1/BIDS_datasets_selection/NIMH/sub-ON93016/ses-01/anat/sub-ON93016_ses-01_acq-FSPGR_rec-SCIC_T1w.nii.gz,sub-ON93016,ses-01,p05,1.0,"('NIMH', np.float64(nan), np.float64(nan))",False,False,True,False
/run/media/falconnier/Elements1/BIDS_datasets_selection/NIMH/sub-ON93222/ses-01/anat/sub-ON93222_ses-01_acq-forMEGCoregistration_T1w.nii.gz,sub-ON93222,ses-01,p05,3.0,"('NIMH', np.float64(nan), np.float64(nan))",False,False,True,False
/run/media/falconnier/Elements1/BIDS_datasets_selection/NIMH/sub-ON94663/ses-01/anat/sub-ON94663_ses-01_acq-FSPGR_rec-SCIC_T1w.nii.gz,sub-ON94663,ses-01,p05,1.0,"('NIMH', np.float64(nan), np.float64(nan))",False,False,True,False
/run/media/falconnier/Elements1/BIDS_datasets_selection/NIMH/sub-ON94131/ses-01/anat/sub-ON94131_ses-01_acq-forMEGCoregistration_T1w.nii.gz,sub-ON94131,ses-01,p05,3.0,"('NIMH', np.float64(nan), np.float64(nan))",False,False,True,False
/run/media/falconnier/Elements1/BIDS_datasets_selection/NIMH/sub-ON94110/ses-01/anat/sub-ON94110_ses-01_acq-forMEGCoregistration_T1w.nii.gz,sub-ON94110,ses-01,p05,3.0,"('NIMH', np.float64(nan), np.float64(nan))",False,False,True,False
/run/media/falconnier/Elements1/BIDS_datasets_selection/NIMH/sub-ON95520/ses-01/anat/sub-ON95520_ses-01_acq-forMEGCoregistration_T1w.nii.gz,sub-ON95520,ses-01,p05,3.0,"('NIMH', np.float64(nan), np.float64(nan))",False,False,True,False
/run/media/falconnier/Elements1/BIDS_datasets_selection/NIMH/sub-ON96252/ses-01/anat/sub-ON96252_ses-01_acq-forMEGCoregistration_T1w.nii.gz,sub-ON96252,ses-01,p05,3.0,"('NIMH', np.float64(nan), np.float64(nan))",False,False,True,False
/run/media/falconnier/Elements1/BIDS_datasets_selection/NIMH/sub-ON96353/ses-01/anat/sub-ON96353_ses-01_acq-forMEGCoregistration_T1w.nii.gz,sub-ON96353,ses-01,p05,3.0,"('NIMH', np.float64(nan), np.float64(nan))",False,False,True,False
/run/media/falconnier/Elements1/BIDS_datasets_selection/NIMH/sub-ON96510/ses-01/anat/sub-ON96510_ses-01_acq-forMEGCoregistration_T1w.nii.gz,sub-ON96510,ses-01,p05,2.0,"('NIMH', np.float64(nan), np.float64(nan))",False,False,True,False
/run/media/falconnier/Elements1/BIDS_datasets_selection/NIMH/sub-ON96522/ses-01/anat/sub-ON96522_ses-01_acq-FSPGR_rec-SCIC_T1w.nii.gz,sub-ON96522,ses-01,p05,1.0,"('NIMH', np.float64(nan), np.float64(nan))",False,False,True,False
/run/media/falconnier/Elements1/BIDS_datasets_selection/NIMH/sub-ON96555/ses-01/anat/sub-ON96555_ses-01_acq-forMEGCoregistration_T1w.nii.gz,sub-ON96555,ses-01,p05,2.0,"('NIMH', np.float64(nan), np.float64(nan))",False,False,True,False
/run/media/falconnier/Elements1/BIDS_datasets_selection/NIMH/sub-ON97503/ses-01/anat/sub-ON97503_ses-01_acq-forMEGCoregistration_T1w.nii.gz,sub-ON97503,ses-01,p05,3.0,"('NIMH', np.float64(nan), np.float64(nan))",False,False,True,False
/run/media/falconnier/Elements1/BIDS_datasets_selection/NIMH/sub-ON97654/ses-01/anat/sub-ON97654_ses-01_acq-forMEGCoregistration_T1w.nii.gz,sub-ON97654,ses-01,p05,3.0,"('NIMH', np.float64(nan), np.float64(nan))",False,False,True,False
/run/media/falconnier/Elements1/BIDS_datasets_selection/NIMH/sub-ON98018/ses-01/anat/sub-ON98018_ses-01_acq-FSPGR_rec-SCIC_T1w.nii.gz,sub-ON98018,ses-01,p05,1.0,"('NIMH', np.float64(nan), np.float64(nan))",False,False,True,False
/run/media/falconnier/Elements1/BIDS_datasets_selection/NIMH/sub-ON97765/ses-01/anat/sub-ON97765_ses-01_acq-forMEGCoregistration_T1w.nii.gz,sub-ON97765,ses-01,p05,2.0,"('NIMH', np.float64(nan), np.float64(nan))",False,False,True,False
/run/media/falconnier/Elements1/BIDS_datasets_selection/NIMH/sub-ON98130/ses-01/anat/sub-ON98130_ses-01_acq-forMEGCoregistration_T1w.nii.gz,sub-ON98130,ses-01,p05,4.0,"('NIMH', np.float64(nan), np.float64(nan))",False,False,True,False
/run/media/falconnier/Elements1/BIDS_datasets_selection/NIMH/sub-ON98362/ses-01/anat/sub-ON98362_ses-01_acq-forMEGCoregistration_T1w.nii.gz,sub-ON98362,ses-01,p05,4.0,"('NIMH', np.float64(nan), np.float64(nan))",False,False,True,False
/run/media/falconnier/Elements1/BIDS_datasets_selection/NIMH/sub-ON98502/ses-01/anat/sub-ON98502_ses-01_acq-forMEGCoregistration_T1w.nii.gz,sub-ON98502,ses-01,p05,2.0,"('NIMH', np.float64(nan), np.float64(nan))",False,False,True,False
/run/media/falconnier/Elements1/BIDS_datasets_selection/NIMH/sub-ON98602/ses-01/anat/sub-ON98602_ses-01_acq-forMEGCoregistration_T1w.nii.gz,sub-ON98602,ses-01,p05,1.0,"('NIMH', np.float64(nan), np.float64(nan))",False,False,True,False
/run/media/falconnier/Elements1/BIDS_datasets_selection/NIMH/sub-ON98664/ses-01/anat/sub-ON98664_ses-01_acq-forMEGCoregistration_T1w.nii.gz,sub-ON98664,ses-01,p05,3.0,"('NIMH', np.float64(nan), np.float64(nan))",False,False,True,False
/run/media/falconnier/Elements1/BIDS_datasets_selection/NIMH/sub-ON98745/ses-01/anat/sub-ON98745_ses-01_acq-forMEGCoregistration_T1w.nii.gz,sub-ON98745,ses-01,p05,1.0,"('NIMH', np.float64(nan), np.float64(nan))",False,False,True,False
/run/media/falconnier/Elements1/BIDS_datasets_selection/NIMH/sub-ON98806/ses-01/anat/sub-ON98806_ses-01_acq-SagittalMPRAGE_rec-SCIC_T1w.nii.gz,sub-ON98806,ses-01,p05,1.0,"('NIMH', np.float64(nan), np.float64(nan))",False,False,True,False
/run/media/falconnier/Elements1/BIDS_datasets_selection/NIMH/sub-ON98826/ses-01/anat/sub-ON98826_ses-01_acq-forMEGCoregistration_T1w.nii.gz,sub-ON98826,ses-01,p05,3.0,"('NIMH', np.float64(nan), np.float64(nan))",False,False,True,False
/run/media/falconnier/Elements1/BIDS_datasets_selection/NIMH/sub-ON99299/ses-01/anat/sub-ON99299_ses-01_acq-FSPGR_rec-SCIC_T1w.nii.gz,sub-ON99299,ses-01,p05,1.0,"('NIMH', np.float64(nan), np.float64(nan))",False,False,True,False
/run/media/falconnier/Elements1/BIDS_datasets_selection/NIMH/sub-ON99547/ses-01/anat/sub-ON99547_ses-01_acq-forMEGCoregistration_T1w.nii.gz,sub-ON99547,ses-01,p05,1.0,"('NIMH', np.float64(nan), np.float64(nan))",False,False,True,False
/run/media/falconnier/Elements1/BIDS_datasets_selection/NIMH/sub-ON99633/ses-01/anat/sub-ON99633_ses-01_acq-forMEGCoregistration_T1w.nii.gz,sub-ON99633,ses-01,p05,2.0,"('NIMH', np.float64(nan), np.float64(nan))",False,False,True,False
/run/media/falconnier/Elements1/BIDS_datasets_selection/NIMH/sub-ON99871/ses-01/anat/sub-ON99871_ses-01_acq-FSPGR_rec-SCIC_T1w.nii.gz,sub-ON99871,ses-01,p05,1.0,"('NIMH', np.float64(nan), np.float64(nan))",False,False,True,False
/run/media/falconnier/Elements1/BIDS_datasets_selection/NIMH/sub-ON99881/ses-01/anat/sub-ON99881_ses-01_acq-forMEGCoregistration_T1w.nii.gz,sub-ON99881,ses-01,p05,3.0,"('NIMH', np.float64(nan), np.float64(nan))",False,False,True,False
/run/media/falconnier/Elements1/BIDS_datasets_selection/NIMH/sub-ON99943/ses-01/anat/sub-ON99943_ses-01_acq-forMEGCoregistration_T1w.nii.gz,sub-ON99943,ses-01,p05,2.0,"('NIMH', np.float64(nan), np.float64(nan))",False,False,True,False
/run/media/falconnier/Elements1/BIDS_datasets_selection/NIMH/sub-ON08710/ses-01/anat/sub-ON08710_ses-01_acq-forMEGCoregistration_T1w.nii.gz,sub-ON08710,ses-01,p95,137.0,"('NIMH', np.float64(nan), np.float64(nan))",False,True,True,False
/run/media/falconnier/Elements1/BIDS_datasets_selection/NIMH/sub-ON09540/ses-01/anat/sub-ON09540_ses-01_acq-forMEGCoregistration_T1w.nii.gz,sub-ON09540,ses-01,p95,134.0,"('NIMH', np.float64(nan), np.float64(nan))",False,True,True,False
/run/media/falconnier/Elements1/BIDS_datasets_selection/NIMH/sub-ON09760/ses-01/anat/sub-ON09760_ses-01_acq-forMEGCoregistration_T1w.nii.gz,sub-ON09760,ses-01,p95,123.0,"('NIMH', np.float64(nan), np.float64(nan))",False,True,True,False
/run/media/falconnier/Elements1/BIDS_datasets_selection/NIMH/sub-ON09766/ses-01/anat/sub-ON09766_ses-01_acq-forMEGCoregistration_T1w.nii.gz,sub-ON09766,ses-01,p95,123.0,"('NIMH', np.float64(nan), np.float64(nan))",False,True,True,False
/run/media/falconnier/Elements1/BIDS_datasets_selection/NIMH/sub-ON33221/ses-01/anat/sub-ON33221_ses-01_acq-forMEGCoregistration_T1w.nii.gz,sub-ON33221,ses-01,p95,171.0,"('NIMH', np.float64(nan), np.float64(nan))",False,True,True,False
/run/media/falconnier/Elements1/BIDS_datasets_selection/NIMH/sub-ON43210/ses-01/anat/sub-ON43210_ses-01_acq-forMEGCoregistration_T1w.nii.gz,sub-ON43210,ses-01,p95,110.0,"('NIMH', np.float64(nan), np.float64(nan))",False,True,True,False
/run/media/falconnier/Elements1/BIDS_datasets_selection/NIMH/sub-ON51111/ses-01/anat/sub-ON51111_ses-01_acq-forMEGCoregistration_T1w.nii.gz,sub-ON51111,ses-01,p95,125.0,"('NIMH', np.float64(nan), np.float64(nan))",False,True,True,False
/run/media/falconnier/Elements1/BIDS_datasets_selection/NIMH/sub-ON52220/ses-01/anat/sub-ON52220_ses-01_acq-forMEGCoregistration_T1w.nii.gz,sub-ON52220,ses-01,p95,135.0,"('NIMH', np.float64(nan), np.float64(nan))",False,True,True,False
/run/media/falconnier/Elements1/BIDS_datasets_selection/NIMH/sub-ON62200/ses-01/anat/sub-ON62200_ses-01_acq-forMEGCoregistration_T1w.nii.gz,sub-ON62200,ses-01,p95,118.0,"('NIMH', np.float64(nan), np.float64(nan))",False,True,True,False
/run/media/falconnier/Elements1/BIDS_datasets_selection/NIMH/sub-ON73200/ses-01/anat/sub-ON73200_ses-01_acq-forMEGCoregistration_T1w.nii.gz,sub-ON73200,ses-01,p95,137.0,"('NIMH', np.float64(nan), np.float64(nan))",False,True,True,False
/run/media/falconnier/Elements1/BIDS_datasets_selection/NIMH/sub-ON75100/ses-01/anat/sub-ON75100_ses-01_acq-forMEGCoregistration_T1w.nii.gz,sub-ON75100,ses-01,p95,128.0,"('NIMH', np.float64(nan), np.float64(nan))",False,True,True,False
/run/media/falconnier/Elements1/BIDS_datasets_selection/NIMH/sub-ON76144/ses-01/anat/sub-ON76144_ses-01_acq-forMEGCoregistration_T1w.nii.gz,sub-ON76144,ses-01,p95,114.0,"('NIMH', np.float64(nan), np.float64(nan))",False,True,True,False
/run/media/falconnier/Elements1/BIDS_datasets_selection/NIMH/sub-ON76320/ses-01/anat/sub-ON76320_ses-01_acq-forMEGCoregistration_T1w.nii.gz,sub-ON76320,ses-01,p95,128.0,"('NIMH', np.float64(nan), np.float64(nan))",False,True,True,False
/run/media/falconnier/Elements1/BIDS_datasets_selection/NIMH/sub-ON76525/ses-01/anat/sub-ON76525_ses-01_acq-forMEGCoregistration_T1w.nii.gz,sub-ON76525,ses-01,p95,130.0,"('NIMH', np.float64(nan), np.float64(nan))",False,True,True,False
/run/media/falconnier/Elements1/BIDS_datasets_selection/NIMH/sub-ON76625/ses-01/anat/sub-ON76625_ses-01_acq-forMEGCoregistration_T1w.nii.gz,sub-ON76625,ses-01,p95,121.0,"('NIMH', np.float64(nan), np.float64(nan))",False,True,True,False
/run/media/falconnier/Elements1/BIDS_datasets_selection/NIMH/sub-ON77753/ses-01/anat/sub-ON77753_ses-01_acq-forMEGCoregistration_T1w.nii.gz,sub-ON77753,ses-01,p95,134.0,"('NIMH', np.float64(nan), np.float64(nan))",False,True,True,False
/run/media/falconnier/Elements1/BIDS_datasets_selection/NIMH/sub-ON83320/ses-01/anat/sub-ON83320_ses-01_acq-forMEGCoregistration_T1w.nii.gz,sub-ON83320,ses-01,p95,144.0,"('NIMH', np.float64(nan), np.float64(nan))",False,True,True,False
/run/media/falconnier/Elements1/BIDS_datasets_selection/NIMH/sub-ON84201/ses-01/anat/sub-ON84201_ses-01_acq-forMEGCoregistration_T1w.nii.gz,sub-ON84201,ses-01,p95,138.0,"('NIMH', np.float64(nan), np.float64(nan))",False,True,True,False
/run/media/falconnier/Elements1/BIDS_datasets_selection/NIMH/sub-ON85010/ses-01/anat/sub-ON85010_ses-01_acq-forMEGCoregistration_T1w.nii.gz,sub-ON85010,ses-01,p95,113.0,"('NIMH', np.float64(nan), np.float64(nan))",False,True,True,False
/run/media/falconnier/Elements1/BIDS_datasets_selection/NIMH/sub-ON85301/ses-01/anat/sub-ON85301_ses-01_acq-forMEGCoregistration_T1w.nii.gz,sub-ON85301,ses-01,p95,111.0,"('NIMH', np.float64(nan), np.float64(nan))",False,True,True,False
/run/media/falconnier/Elements1/BIDS_datasets_selection/NIMH/sub-ON85400/ses-01/anat/sub-ON85400_ses-01_acq-forMEGCoregistration_T1w.nii.gz,sub-ON85400,ses-01,p95,113.0,"('NIMH', np.float64(nan), np.float64(nan))",False,True,True,False
/run/media/falconnier/Elements1/BIDS_datasets_selection/NIMH/sub-ON85514/ses-01/anat/sub-ON85514_ses-01_acq-forMEGCoregistration_T1w.nii.gz,sub-ON85514,ses-01,p95,132.0,"('NIMH', np.float64(nan), np.float64(nan))",False,True,True,False
/run/media/falconnier/Elements1/BIDS_datasets_selection/NIMH/sub-ON87304/ses-01/anat/sub-ON87304_ses-01_acq-forMEGCoregistration_T1w.nii.gz,sub-ON87304,ses-01,p95,136.0,"('NIMH', np.float64(nan), np.float64(nan))",False,True,True,False
/run/media/falconnier/Elements1/BIDS_datasets_selection/NIMH/sub-ON87550/ses-01/anat/sub-ON87550_ses-01_acq-forMEGCoregistration_T1w.nii.gz,sub-ON87550,ses-01,p95,138.0,"('NIMH', np.float64(nan), np.float64(nan))",False,True,True,False
/run/media/falconnier/Elements1/BIDS_datasets_selection/NIMH/sub-ON87616/ses-01/anat/sub-ON87616_ses-01_acq-forMEGCoregistration_T1w.nii.gz,sub-ON87616,ses-01,p95,174.0,"('NIMH', np.float64(nan), np.float64(nan))",False,True,True,False
/run/media/falconnier/Elements1/BIDS_datasets_selection/NIMH/sub-ON87631/ses-01/anat/sub-ON87631_ses-01_acq-forMEGCoregistration_T1w.nii.gz,sub-ON87631,ses-01,p95,137.0,"('NIMH', np.float64(nan), np.float64(nan))",False,True,True,False
/run/media/falconnier/Elements1/BIDS_datasets_selection/NIMH/sub-ON87642/ses-01/anat/sub-ON87642_ses-01_acq-forMEGCoregistration_T1w.nii.gz,sub-ON87642,ses-01,p95,110.0,"('NIMH', np.float64(nan), np.float64(nan))",False,True,True,False
/run/media/falconnier/Elements1/BIDS_datasets_selection/NIMH/sub-ON87655/ses-01/anat/sub-ON87655_ses-01_acq-forMEGCoregistration_T1w.nii.gz,sub-ON87655,ses-01,p95,113.0,"('NIMH', np.float64(nan), np.float64(nan))",False,True,True,False
/run/media/falconnier/Elements1/BIDS_datasets_selection/NIMH/sub-ON87743/ses-01/anat/sub-ON87743_ses-01_acq-forMEGCoregistration_T1w.nii.gz,sub-ON87743,ses-01,p95,140.0,"('NIMH', np.float64(nan), np.float64(nan))",False,True,True,False
/run/media/falconnier/Elements1/BIDS_datasets_selection/NIMH/sub-ON87777/ses-01/anat/sub-ON87777_ses-01_acq-forMEGCoregistration_T1w.nii.gz,sub-ON87777,ses-01,p95,124.0,"('NIMH', np.float64(nan), np.float64(nan))",False,True,True,False
/run/media/falconnier/Elements1/BIDS_datasets_selection/NIMH/sub-ON88753/ses-01/anat/sub-ON88753_ses-01_acq-forMEGCoregistration_T1w.nii.gz,sub-ON88753,ses-01,p95,119.0,"('NIMH', np.float64(nan), np.float64(nan))",False,True,True,False
/run/media/falconnier/Elements1/BIDS_datasets_selection/NIMH/sub-ON88700/ses-01/anat/sub-ON88700_ses-01_acq-forMEGCoregistration_T1w.nii.gz,sub-ON88700,ses-01,p95,136.0,"('NIMH', np.float64(nan), np.float64(nan))",False,True,True,False
/run/media/falconnier/Elements1/BIDS_datasets_selection/NIMH/sub-ON88762/ses-01/anat/sub-ON88762_ses-01_acq-forMEGCoregistration_T1w.nii.gz,sub-ON88762,ses-01,p95,115.0,"('NIMH', np.float64(nan), np.float64(nan))",False,True,True,False
/run/media/falconnier/Elements1/BIDS_datasets_selection/NIMH/sub-ON92220/ses-01/anat/sub-ON92220_ses-01_acq-forMEGCoregistration_T1w.nii.gz,sub-ON92220,ses-01,p95,148.0,"('NIMH', np.float64(nan), np.float64(nan))",False,True,True,False
/run/media/falconnier/Elements1/BIDS_datasets_selection/NIMH/sub-ON93222/ses-01/anat/sub-ON93222_ses-01_acq-forMEGCoregistration_T1w.nii.gz,sub-ON93222,ses-01,p95,156.0,"('NIMH', np.float64(nan), np.float64(nan))",False,True,True,False
/run/media/falconnier/Elements1/BIDS_datasets_selection/NIMH/sub-ON94131/ses-01/anat/sub-ON94131_ses-01_acq-forMEGCoregistration_T1w.nii.gz,sub-ON94131,ses-01,p95,141.0,"('NIMH', np.float64(nan), np.float64(nan))",False,True,True,False
/run/media/falconnier/Elements1/BIDS_datasets_selection/NIMH/sub-ON94110/ses-01/anat/sub-ON94110_ses-01_acq-forMEGCoregistration_T1w.nii.gz,sub-ON94110,ses-01,p95,133.0,"('NIMH', np.float64(nan), np.float64(nan))",False,True,True,False
/run/media/falconnier/Elements1/BIDS_datasets_selection/NIMH/sub-ON95520/ses-01/anat/sub-ON95520_ses-01_acq-forMEGCoregistration_T1w.nii.gz,sub-ON95520,ses-01,p95,110.0,"('NIMH', np.float64(nan), np.float64(nan))",False,True,True,False
/run/media/falconnier/Elements1/BIDS_datasets_selection/NIMH/sub-ON96252/ses-01/anat/sub-ON96252_ses-01_acq-forMEGCoregistration_T1w.nii.gz,sub-ON96252,ses-01,p95,150.0,"('NIMH', np.float64(nan), np.float64(nan))",False,True,True,False
/run/media/falconnier/Elements1/BIDS_datasets_selection/NIMH/sub-ON96353/ses-01/anat/sub-ON96353_ses-01_acq-forMEGCoregistration_T1w.nii.gz,sub-ON96353,ses-01,p95,125.0,"('NIMH', np.float64(nan), np.float64(nan))",False,True,True,False
/run/media/falconnier/Elements1/BIDS_datasets_selection/NIMH/sub-ON96510/ses-01/anat/sub-ON96510_ses-01_acq-forMEGCoregistration_T1w.nii.gz,sub-ON96510,ses-01,p95,121.0,"('NIMH', np.float64(nan), np.float64(nan))",False,True,True,False
/run/media/falconnier/Elements1/BIDS_datasets_selection/NIMH/sub-ON96555/ses-01/anat/sub-ON96555_ses-01_acq-forMEGCoregistration_T1w.nii.gz,sub-ON96555,ses-01,p95,120.0,"('NIMH', np.float64(nan), np.float64(nan))",False,True,True,False
/run/media/falconnier/Elements1/BIDS_datasets_selection/NIMH/sub-ON97503/ses-01/anat/sub-ON97503_ses-01_acq-forMEGCoregistration_T1w.nii.gz,sub-ON97503,ses-01,p95,160.0,"('NIMH', np.float64(nan), np.float64(nan))",False,True,True,False
/run/media/falconnier/Elements1/BIDS_datasets_selection/NIMH/sub-ON97654/ses-01/anat/sub-ON97654_ses-01_acq-forMEGCoregistration_T1w.nii.gz,sub-ON97654,ses-01,p95,111.0,"('NIMH', np.float64(nan), np.float64(nan))",False,True,True,False
/run/media/falconnier/Elements1/BIDS_datasets_selection/NIMH/sub-ON97765/ses-01/anat/sub-ON97765_ses-01_acq-forMEGCoregistration_T1w.nii.gz,sub-ON97765,ses-01,p95,144.0,"('NIMH', np.float64(nan), np.float64(nan))",False,True,True,False
/run/media/falconnier/Elements1/BIDS_datasets_selection/NIMH/sub-ON98130/ses-01/anat/sub-ON98130_ses-01_acq-forMEGCoregistration_T1w.nii.gz,sub-ON98130,ses-01,p95,155.0,"('NIMH', np.float64(nan), np.float64(nan))",False,True,True,False
/run/media/falconnier/Elements1/BIDS_datasets_selection/NIMH/sub-ON98362/ses-01/anat/sub-ON98362_ses-01_acq-forMEGCoregistration_T1w.nii.gz,sub-ON98362,ses-01,p95,110.0,"('NIMH', np.float64(nan), np.float64(nan))",False,True,True,False
/run/media/falconnier/Elements1/BIDS_datasets_selection/NIMH/sub-ON98502/ses-01/anat/sub-ON98502_ses-01_acq-forMEGCoregistration_T1w.nii.gz,sub-ON98502,ses-01,p95,130.0,"('NIMH', np.float64(nan), np.float64(nan))",False,True,True,False
/run/media/falconnier/Elements1/BIDS_datasets_selection/NIMH/sub-ON98602/ses-01/anat/sub-ON98602_ses-01_acq-forMEGCoregistration_T1w.nii.gz,sub-ON98602,ses-01,p95,162.0,"('NIMH', np.float64(nan), np.float64(nan))",False,True,True,False
/run/media/falconnier/Elements1/BIDS_datasets_selection/NIMH/sub-ON98664/ses-01/anat/sub-ON98664_ses-01_acq-forMEGCoregistration_T1w.nii.gz,sub-ON98664,ses-01,p95,110.0,"('NIMH', np.float64(nan), np.float64(nan))",False,True,True,False
/run/media/falconnier/Elements1/BIDS_datasets_selection/NIMH/sub-ON98745/ses-01/anat/sub-ON98745_ses-01_acq-forMEGCoregistration_T1w.nii.gz,sub-ON98745,ses-01,p95,128.0,"('NIMH', np.float64(nan), np.float64(nan))",False,True,True,False
/run/media/falconnier/Elements1/BIDS_datasets_selection/NIMH/sub-ON98826/ses-01/anat/sub-ON98826_ses-01_acq-forMEGCoregistration_T1w.nii.gz,sub-ON98826,ses-01,p95,115.0,"('NIMH', np.float64(nan), np.float64(nan))",False,True,True,False
/run/media/falconnier/Elements1/BIDS_datasets_selection/NIMH/sub-ON99547/ses-01/anat/sub-ON99547_ses-01_acq-forMEGCoregistration_T1w.nii.gz,sub-ON99547,ses-01,p95,131.0,"('NIMH', np.float64(nan), np.float64(nan))",False,True,True,False
/run/media/falconnier/Elements1/BIDS_datasets_selection/NIMH/sub-ON99633/ses-01/anat/sub-ON99633_ses-01_acq-forMEGCoregistration_T1w.nii.gz,sub-ON99633,ses-01,p95,129.0,"('NIMH', np.float64(nan), np.float64(nan))",False,True,True,False
/run/media/falconnier/Elements1/BIDS_datasets_selection/NIMH/sub-ON99881/ses-01/anat/sub-ON99881_ses-01_acq-forMEGCoregistration_T1w.nii.gz,sub-ON99881,ses-01,p95,110.0,"('NIMH', np.float64(nan), np.float64(nan))",False,True,True,False
/run/media/falconnier/Elements1/BIDS_datasets_selection/NIMH/sub-ON99943/ses-01/anat/sub-ON99943_ses-01_acq-forMEGCoregistration_T1w.nii.gz,sub-ON99943,ses-01,p95,131.0,"('NIMH', np.float64(nan), np.float64(nan))",False,True,True,False
/run/media/falconnier/Elements1/BIDS_datasets_selection/NIMH/sub-ON08710/ses-01/anat/sub-ON08710_ses-01_acq-forMEGCoregistration_T1w.nii.gz,sub-ON08710,ses-01,p99,187.0,"('NIMH', np.float64(nan), np.float64(nan))",False,True,True,False
/run/media/falconnier/Elements1/BIDS_datasets_selection/NIMH/sub-ON09540/ses-01/anat/sub-ON09540_ses-01_acq-forMEGCoregistration_T1w.nii.gz,sub-ON09540,ses-01,p99,173.0,"('NIMH', np.float64(nan), np.float64(nan))",False,True,True,False
/run/media/falconnier/Elements1/BIDS_datasets_selection/NIMH/sub-ON09760/ses-01/anat/sub-ON09760_ses-01_acq-forMEGCoregistration_T1w.nii.gz,sub-ON09760,ses-01,p99,175.0,"('NIMH', np.float64(nan), np.float64(nan))",False,True,True,False
/run/media/falconnier/Elements1/BIDS_datasets_selection/NIMH/sub-ON09766/ses-01/anat/sub-ON09766_ses-01_acq-forMEGCoregistration_T1w.nii.gz,sub-ON09766,ses-01,p99,179.0,"('NIMH', np.float64(nan), np.float64(nan))",False,True,True,False
/run/media/falconnier/Elements1/BIDS_datasets_selection/NIMH/sub-ON12688/ses-01/anat/sub-ON12688_ses-01_acq-MPRAGE_T1w.nii.gz,sub-ON12688,ses-01,p99,2974.0,"('NIMH', np.float64(nan), np.float64(nan))",False,True,True,False
/run/media/falconnier/Elements1/BIDS_datasets_selection/NIMH/sub-ON33221/ses-01/anat/sub-ON33221_ses-01_acq-forMEGCoregistration_T1w.nii.gz,sub-ON33221,ses-01,p99,215.0,"('NIMH', np.float64(nan), np.float64(nan))",False,True,True,False
/run/media/falconnier/Elements1/BIDS_datasets_selection/NIMH/sub-ON43210/ses-01/anat/sub-ON43210_ses-01_acq-forMEGCoregistration_T1w.nii.gz,sub-ON43210,ses-01,p99,126.0,"('NIMH', np.float64(nan), np.float64(nan))",False,True,True,False
/run/media/falconnier/Elements1/BIDS_datasets_selection/NIMH/sub-ON51111/ses-01/anat/sub-ON51111_ses-01_acq-forMEGCoregistration_T1w.nii.gz,sub-ON51111,ses-01,p99,177.0,"('NIMH', np.float64(nan), np.float64(nan))",False,True,True,False
/run/media/falconnier/Elements1/BIDS_datasets_selection/NIMH/sub-ON52220/ses-01/anat/sub-ON52220_ses-01_acq-forMEGCoregistration_T1w.nii.gz,sub-ON52220,ses-01,p99,178.0,"('NIMH', np.float64(nan), np.float64(nan))",False,True,True,False
/run/media/falconnier/Elements1/BIDS_datasets_selection/NIMH/sub-ON62200/ses-01/anat/sub-ON62200_ses-01_acq-forMEGCoregistration_T1w.nii.gz,sub-ON62200,ses-01,p99,169.0,"('NIMH', np.float64(nan), np.float64(nan))",False,True,True,False
/run/media/falconnier/Elements1/BIDS_datasets_selection/NIMH/sub-ON66452/ses-01/anat/sub-ON66452_ses-01_acq-MPRAGE_T1w.nii.gz,sub-ON66452,ses-01,p99,2735.0,"('NIMH', np.float64(nan), np.float64(nan))",False,True,True,False
/run/media/falconnier/Elements1/BIDS_datasets_selection/NIMH/sub-ON73200/ses-01/anat/sub-ON73200_ses-01_acq-forMEGCoregistration_T1w.nii.gz,sub-ON73200,ses-01,p99,180.0,"('NIMH', np.float64(nan), np.float64(nan))",False,True,True,False
/run/media/falconnier/Elements1/BIDS_datasets_selection/NIMH/sub-ON75100/ses-01/anat/sub-ON75100_ses-01_acq-forMEGCoregistration_T1w.nii.gz,sub-ON75100,ses-01,p99,170.0,"('NIMH', np.float64(nan), np.float64(nan))",False,True,True,False
/run/media/falconnier/Elements1/BIDS_datasets_selection/NIMH/sub-ON76144/ses-01/anat/sub-ON76144_ses-01_acq-forMEGCoregistration_T1w.nii.gz,sub-ON76144,ses-01,p99,165.0,"('NIMH', np.float64(nan), np.float64(nan))",False,True,True,False
/run/media/falconnier/Elements1/BIDS_datasets_selection/NIMH/sub-ON76320/ses-01/anat/sub-ON76320_ses-01_acq-forMEGCoregistration_T1w.nii.gz,sub-ON76320,ses-01,p99,177.0,"('NIMH', np.float64(nan), np.float64(nan))",False,True,True,False
/run/media/falconnier/Elements1/BIDS_datasets_selection/NIMH/sub-ON76525/ses-01/anat/sub-ON76525_ses-01_acq-forMEGCoregistration_T1w.nii.gz,sub-ON76525,ses-01,p99,169.0,"('NIMH', np.float64(nan), np.float64(nan))",False,True,True,False
/run/media/falconnier/Elements1/BIDS_datasets_selection/NIMH/sub-ON76625/ses-01/anat/sub-ON76625_ses-01_acq-forMEGCoregistration_T1w.nii.gz,sub-ON76625,ses-01,p99,167.0,"('NIMH', np.float64(nan), np.float64(nan))",False,True,True,False
/run/media/falconnier/Elements1/BIDS_datasets_selection/NIMH/sub-ON77753/ses-01/anat/sub-ON77753_ses-01_acq-forMEGCoregistration_T1w.nii.gz,sub-ON77753,ses-01,p99,176.0,"('NIMH', np.float64(nan), np.float64(nan))",False,True,True,False
/run/media/falconnier/Elements1/BIDS_datasets_selection/NIMH/sub-ON83320/ses-01/anat/sub-ON83320_ses-01_acq-forMEGCoregistration_T1w.nii.gz,sub-ON83320,ses-01,p99,185.0,"('NIMH', np.float64(nan), np.float64(nan))",False,True,True,False
/run/media/falconnier/Elements1/BIDS_datasets_selection/NIMH/sub-ON84201/ses-01/anat/sub-ON84201_ses-01_acq-forMEGCoregistration_T1w.nii.gz,sub-ON84201,ses-01,p99,177.0,"('NIMH', np.float64(nan), np.float64(nan))",False,True,True,False
/run/media/falconnier/Elements1/BIDS_datasets_selection/NIMH/sub-ON85010/ses-01/anat/sub-ON85010_ses-01_acq-forMEGCoregistration_T1w.nii.gz,sub-ON85010,ses-01,p99,157.0,"('NIMH', np.float64(nan), np.float64(nan))",False,True,True,False
/run/media/falconnier/Elements1/BIDS_datasets_selection/NIMH/sub-ON85301/ses-01/anat/sub-ON85301_ses-01_acq-forMEGCoregistration_T1w.nii.gz,sub-ON85301,ses-01,p99,145.0,"('NIMH', np.float64(nan), np.float64(nan))",False,True,True,False
/run/media/falconnier/Elements1/BIDS_datasets_selection/NIMH/sub-ON85400/ses-01/anat/sub-ON85400_ses-01_acq-forMEGCoregistration_T1w.nii.gz,sub-ON85400,ses-01,p99,151.0,"('NIMH', np.float64(nan), np.float64(nan))",False,True,True,False
/run/media/falconnier/Elements1/BIDS_datasets_selection/NIMH/sub-ON85514/ses-01/anat/sub-ON85514_ses-01_acq-forMEGCoregistration_T1w.nii.gz,sub-ON85514,ses-01,p99,177.0,"('NIMH', np.float64(nan), np.float64(nan))",False,True,True,False
/run/media/falconnier/Elements1/BIDS_datasets_selection/NIMH/sub-ON87304/ses-01/anat/sub-ON87304_ses-01_acq-forMEGCoregistration_T1w.nii.gz,sub-ON87304,ses-01,p99,183.0,"('NIMH', np.float64(nan), np.float64(nan))",False,True,True,False
/run/media/falconnier/Elements1/BIDS_datasets_selection/NIMH/sub-ON87550/ses-01/anat/sub-ON87550_ses-01_acq-forMEGCoregistration_T1w.nii.gz,sub-ON87550,ses-01,p99,189.0,"('NIMH', np.float64(nan), np.float64(nan))",False,True,True,False
/run/media/falconnier/Elements1/BIDS_datasets_selection/NIMH/sub-ON87616/ses-01/anat/sub-ON87616_ses-01_acq-forMEGCoregistration_T1w.nii.gz,sub-ON87616,ses-01,p99,199.0,"('NIMH', np.float64(nan), np.float64(nan))",False,True,True,False
/run/media/falconnier/Elements1/BIDS_datasets_selection/NIMH/sub-ON87631/ses-01/anat/sub-ON87631_ses-01_acq-forMEGCoregistration_T1w.nii.gz,sub-ON87631,ses-01,p99,175.0,"('NIMH', np.float64(nan), np.float64(nan))",False,True,True,False
/run/media/falconnier/Elements1/BIDS_datasets_selection/NIMH/sub-ON87642/ses-01/anat/sub-ON87642_ses-01_acq-forMEGCoregistration_T1w.nii.gz,sub-ON87642,ses-01,p99,135.0,"('NIMH', np.float64(nan), np.float64(nan))",False,True,True,False
/run/media/falconnier/Elements1/BIDS_datasets_selection/NIMH/sub-ON87655/ses-01/anat/sub-ON87655_ses-01_acq-forMEGCoregistration_T1w.nii.gz,sub-ON87655,ses-01,p99,159.0,"('NIMH', np.float64(nan), np.float64(nan))",False,True,True,False
/run/media/falconnier/Elements1/BIDS_datasets_selection/NIMH/sub-ON87743/ses-01/anat/sub-ON87743_ses-01_acq-forMEGCoregistration_T1w.nii.gz,sub-ON87743,ses-01,p99,182.0,"('NIMH', np.float64(nan), np.float64(nan))",False,True,True,False
/run/media/falconnier/Elements1/BIDS_datasets_selection/NIMH/sub-ON87777/ses-01/anat/sub-ON87777_ses-01_acq-forMEGCoregistration_T1w.nii.gz,sub-ON87777,ses-01,p99,163.0,"('NIMH', np.float64(nan), np.float64(nan))",False,True,True,False
/run/media/falconnier/Elements1/BIDS_datasets_selection/NIMH/sub-ON88753/ses-01/anat/sub-ON88753_ses-01_acq-forMEGCoregistration_T1w.nii.gz,sub-ON88753,ses-01,p99,167.0,"('NIMH', np.float64(nan), np.float64(nan))",False,True,True,False
/run/media/falconnier/Elements1/BIDS_datasets_selection/NIMH/sub-ON88700/ses-01/anat/sub-ON88700_ses-01_acq-forMEGCoregistration_T1w.nii.gz,sub-ON88700,ses-01,p99,180.0,"('NIMH', np.float64(nan), np.float64(nan))",False,True,True,False
/run/media/falconnier/Elements1/BIDS_datasets_selection/NIMH/sub-ON88762/ses-01/anat/sub-ON88762_ses-01_acq-forMEGCoregistration_T1w.nii.gz,sub-ON88762,ses-01,p99,160.0,"('NIMH', np.float64(nan), np.float64(nan))",False,True,True,False
/run/media/falconnier/Elements1/BIDS_datasets_selection/NIMH/sub-ON92220/ses-01/anat/sub-ON92220_ses-01_acq-forMEGCoregistration_T1w.nii.gz,sub-ON92220,ses-01,p99,195.0,"('NIMH', np.float64(nan), np.float64(nan))",False,True,True,False
/run/media/falconnier/Elements1/BIDS_datasets_selection/NIMH/sub-ON93222/ses-01/anat/sub-ON93222_ses-01_acq-forMEGCoregistration_T1w.nii.gz,sub-ON93222,ses-01,p99,183.0,"('NIMH', np.float64(nan), np.float64(nan))",False,True,True,False
/run/media/falconnier/Elements1/BIDS_datasets_selection/NIMH/sub-ON94131/ses-01/anat/sub-ON94131_ses-01_acq-forMEGCoregistration_T1w.nii.gz,sub-ON94131,ses-01,p99,190.0,"('NIMH', np.float64(nan), np.float64(nan))",False,True,True,False
/run/media/falconnier/Elements1/BIDS_datasets_selection/NIMH/sub-ON94110/ses-01/anat/sub-ON94110_ses-01_acq-forMEGCoregistration_T1w.nii.gz,sub-ON94110,ses-01,p99,178.0,"('NIMH', np.float64(nan), np.float64(nan))",False,True,True,False
/run/media/falconnier/Elements1/BIDS_datasets_selection/NIMH/sub-ON95520/ses-01/anat/sub-ON95520_ses-01_acq-forMEGCoregistration_T1w.nii.gz,sub-ON95520,ses-01,p99,136.0,"('NIMH', np.float64(nan), np.float64(nan))",False,True,True,False
/run/media/falconnier/Elements1/BIDS_datasets_selection/NIMH/sub-ON96252/ses-01/anat/sub-ON96252_ses-01_acq-forMEGCoregistration_T1w.nii.gz,sub-ON96252,ses-01,p99,181.0,"('NIMH', np.float64(nan), np.float64(nan))",False,True,True,False
/run/media/falconnier/Elements1/BIDS_datasets_selection/NIMH/sub-ON96353/ses-01/anat/sub-ON96353_ses-01_acq-forMEGCoregistration_T1w.nii.gz,sub-ON96353,ses-01,p99,166.0,"('NIMH', np.float64(nan), np.float64(nan))",False,True,True,False
/run/media/falconnier/Elements1/BIDS_datasets_selection/NIMH/sub-ON96510/ses-01/anat/sub-ON96510_ses-01_acq-forMEGCoregistration_T1w.nii.gz,sub-ON96510,ses-01,p99,169.0,"('NIMH', np.float64(nan), np.float64(nan))",False,True,True,False
/run/media/falconnier/Elements1/BIDS_datasets_selection/NIMH/sub-ON96555/ses-01/anat/sub-ON96555_ses-01_acq-forMEGCoregistration_T1w.nii.gz,sub-ON96555,ses-01,p99,163.0,"('NIMH', np.float64(nan), np.float64(nan))",False,True,True,False
/run/media/falconnier/Elements1/BIDS_datasets_selection/NIMH/sub-ON97503/ses-01/anat/sub-ON97503_ses-01_acq-forMEGCoregistration_T1w.nii.gz,sub-ON97503,ses-01,p99,197.0,"('NIMH', np.float64(nan), np.float64(nan))",False,True,True,False
/run/media/falconnier/Elements1/BIDS_datasets_selection/NIMH/sub-ON97654/ses-01/anat/sub-ON97654_ses-01_acq-forMEGCoregistration_T1w.nii.gz,sub-ON97654,ses-01,p99,151.0,"('NIMH', np.float64(nan), np.float64(nan))",False,True,True,False
/run/media/falconnier/Elements1/BIDS_datasets_selection/NIMH/sub-ON97765/ses-01/anat/sub-ON97765_ses-01_acq-forMEGCoregistration_T1w.nii.gz,sub-ON97765,ses-01,p99,179.0,"('NIMH', np.float64(nan), np.float64(nan))",False,True,True,False
/run/media/falconnier/Elements1/BIDS_datasets_selection/NIMH/sub-ON98130/ses-01/anat/sub-ON98130_ses-01_acq-forMEGCoregistration_T1w.nii.gz,sub-ON98130,ses-01,p99,182.0,"('NIMH', np.float64(nan), np.float64(nan))",False,True,True,False
/run/media/falconnier/Elements1/BIDS_datasets_selection/NIMH/sub-ON98362/ses-01/anat/sub-ON98362_ses-01_acq-forMEGCoregistration_T1w.nii.gz,sub-ON98362,ses-01,p99,141.0,"('NIMH', np.float64(nan), np.float64(nan))",False,True,True,False
/run/media/falconnier/Elements1/BIDS_datasets_selection/NIMH/sub-ON98502/ses-01/anat/sub-ON98502_ses-01_acq-forMEGCoregistration_T1w.nii.gz,sub-ON98502,ses-01,p99,175.0,"('NIMH', np.float64(nan), np.float64(nan))",False,True,True,False
/run/media/falconnier/Elements1/BIDS_datasets_selection/NIMH/sub-ON98602/ses-01/anat/sub-ON98602_ses-01_acq-MPRAGE_T1w.nii.gz,sub-ON98602,ses-01,p99,2715.0,"('NIMH', np.float64(nan), np.float64(nan))",False,True,True,False
/run/media/falconnier/Elements1/BIDS_datasets_selection/NIMH/sub-ON98602/ses-01/anat/sub-ON98602_ses-01_acq-forMEGCoregistration_T1w.nii.gz,sub-ON98602,ses-01,p99,191.0,"('NIMH', np.float64(nan), np.float64(nan))",False,True,True,False
/run/media/falconnier/Elements1/BIDS_datasets_selection/NIMH/sub-ON98664/ses-01/anat/sub-ON98664_ses-01_acq-forMEGCoregistration_T1w.nii.gz,sub-ON98664,ses-01,p99,144.0,"('NIMH', np.float64(nan), np.float64(nan))",False,True,True,False
/run/media/falconnier/Elements1/BIDS_datasets_selection/NIMH/sub-ON98745/ses-01/anat/sub-ON98745_ses-01_acq-forMEGCoregistration_T1w.nii.gz,sub-ON98745,ses-01,p99,182.0,"('NIMH', np.float64(nan), np.float64(nan))",False,True,True,False
/run/media/falconnier/Elements1/BIDS_datasets_selection/NIMH/sub-ON98826/ses-01/anat/sub-ON98826_ses-01_acq-forMEGCoregistration_T1w.nii.gz,sub-ON98826,ses-01,p99,162.0,"('NIMH', np.float64(nan), np.float64(nan))",False,True,True,False
/run/media/falconnier/Elements1/BIDS_datasets_selection/NIMH/sub-ON99547/ses-01/anat/sub-ON99547_ses-01_acq-forMEGCoregistration_T1w.nii.gz,sub-ON99547,ses-01,p99,172.0,"('NIMH', np.float64(nan), np.float64(nan))",False,True,True,False
/run/media/falconnier/Elements1/BIDS_datasets_selection/NIMH/sub-ON99633/ses-01/anat/sub-ON99633_ses-01_acq-forMEGCoregistration_T1w.nii.gz,sub-ON99633,ses-01,p99,169.0,"('NIMH', np.float64(nan), np.float64(nan))",False,True,True,False
/run/media/falconnier/Elements1/BIDS_datasets_selection/NIMH/sub-ON99881/ses-01/anat/sub-ON99881_ses-01_acq-forMEGCoregistration_T1w.nii.gz,sub-ON99881,ses-01,p99,147.0,"('NIMH', np.float64(nan), np.float64(nan))",False,True,True,False
/run/media/falconnier/Elements1/BIDS_datasets_selection/NIMH/sub-ON99943/ses-01/anat/sub-ON99943_ses-01_acq-forMEGCoregistration_T1w.nii.gz,sub-ON99943,ses-01,p99,178.0,"('NIMH', np.float64(nan), np.float64(nan))",False,True,True,False
